LABEL,ID,TRACK_ID,QUALITY,POSITION_X,POSITION_Y,POSITION_Z,POSITION_T,FRAME,RADIUS,VISIBILITY,MANUAL_SPOT_COLOR,MEAN_INTENSITY_CH1,MEDIAN_INTENSITY_CH1,MIN_INTENSITY_CH1,MAX_INTENSITY_CH1,TOTAL_INTENSITY_CH1,STD_INTENSITY_CH1,CONTRAST_CH1,SNR_CH1
ID2071,2071,0,0.1763988435268402,2544.7776196400987,423.6255614750402,0.0,0.0,0,15.0,1,,10.141522029372497,8.0,0.0,34.0,7596.0,8.19212797641332,0.5268490975654125,0.8543317165937928
ID2006,2006,0,0.19061139225959778,2544.9640022215954,427.2653506130264,0.0,1.0,1,15.0,1,,11.096128170894525,8.0,0.0,42.0,8311.0,8.606448798704761,0.5350969712013366,0.8988229415370681
ID2011,2011,0,0.1564405858516693,2539.9313985061667,429.0833500236423,0.0,2.0,2,15.0,1,,9.666221628838452,8.0,0.0,33.0,7240.0,7.23835552120437,0.49245004677492865,0.8812704602418242
ID2048,2048,0,0.16890425980091095,2543.2817705139596,425.0689021363493,0.0,3.0,3,15.0,1,,10.473965287049399,9.0,0.0,31.0,7845.0,7.310232218223652,0.5244572979716476,0.9858363379772168
ID2121,2121,0,0.19190658628940582,2543.4424026225947,423.0899694233055,0.0,4.0,4,15.0,1,,11.297730307076101,9.0,0.0,36.0,8462.0,8.475712875348613,0.5462860217991244,0.9418358578773547
ID2097,2097,0,0.18102814257144928,2544.0850397322374,425.48905786175794,0.0,5.0,5,15.0,1,,10.879839786381842,9.0,0.0,35.0,8149.0,7.848769921402343,0.5432074721754945,0.9758707819987659
ID2169,2169,0,0.1754731386899948,2542.215574756095,426.68298822339284,0.0,6.0,6,15.0,1,,11.04539385847797,9.0,0.0,32.0,8273.0,7.287126643448905,0.5305620673545363,1.0508485663049245
ID2146,2146,0,0.1751658171415329,2549.076376127273,424.6474940530529,0.0,7.0,7,15.0,1,,10.543391188251002,8.0,0.0,32.0,7897.0,7.775582219924053,0.530373645516614,0.9398571626020097
ID2192,2192,0,0.16843703389167786,2546.8439586927357,415.9712683608483,0.0,8.0,8,15.0,1,,10.527369826435248,9.0,0.0,31.0,7885.0,7.3795758865569,0.5154126649431945,0.9703818078646702
ID2216,2216,0,0.18128712475299835,2544.5110996982135,413.17264962405045,0.0,9.0,9,15.0,1,,10.708945260347129,9.0,0.0,32.0,8021.0,7.974772226706853,0.5434962566747628,0.9456912772778592
ID2264,2264,0,0.171695739030838,2540.5739423929754,419.64927287576626,0.0,10.0,10,15.0,1,,10.511348464619493,9.0,0.0,33.0,7873.0,7.481452425730147,0.544807268333984,0.9909941700422152
ID2240,2240,0,0.16086316108703613,2540.1805318166657,425.7907028801091,0.0,11.0,11,15.0,1,,10.188251001335113,9.0,0.0,30.0,7631.0,6.8067731886501806,0.5165112851286376,1.0195828464984518
ID2287,2287,0,0.17692357301712036,2546.650430487215,429.87340497284083,0.0,12.0,12,15.0,1,,10.682242990654206,9.0,0.0,38.0,8001.0,7.85483040795078,0.5185438260166426,0.9287819634465289
ID2310,2310,0,0.1784592717885971,2546.4987970057828,427.3068123452476,0.0,13.0,13,15.0,1,,10.678237650200266,8.0,0.0,33.0,7998.0,7.845896716481368,0.5406124020979457,0.9551676515658035
ID2334,2334,0,0.17827580869197845,2542.449110797316,430.1455042677555,0.0,14.0,14,15.0,1,,10.439252336448599,8.0,0.0,40.0,7819.0,8.4050600672672,0.5135156441987957,0.84280156647319
ID2359,2359,0,0.19510109722614288,2540.4884790145334,421.81819806497157,0.0,15.0,15,15.0,1,,11.595460614152202,9.0,0.0,37.0,8685.0,8.509543601604268,0.534667054074986,0.9494694312066171
ID2384,2384,0,0.18365775048732758,2535.0249759330895,428.68590494610817,0.0,16.0,16,15.0,1,,11.506008010680908,9.0,0.0,35.0,8618.0,7.731561035655356,0.533287951042118,1.0352030135308574
ID2409,2409,0,0.17746181786060333,2535.016629608377,432.5553535956355,0.0,17.0,17,15.0,1,,10.455273698264353,8.0,0.0,34.0,7831.0,7.945145464731138,0.5296872008896021,0.9113399214477343
ID2458,2458,0,0.1787259727716446,2523.7937725584716,430.50545827061393,0.0,18.0,18,15.0,1,,10.799732977303071,9.0,0.0,32.0,8089.0,7.782123346418451,0.539449573982214,0.9725910975026325
ID2434,2434,0,0.19478775560855865,2526.501097814681,431.79286265336884,0.0,19.0,19,15.0,1,,11.95460614152203,10.0,0.0,35.0,8954.0,8.059973776911901,0.5578740382902897,1.0622713058100242
ID2484,2484,0,0.17036230862140656,2523.613232189754,427.1207095082366,0.0,20.0,20,15.0,1,,10.489986648865154,9.0,0.0,31.0,7857.0,7.379801065738487,0.5321489214289048,0.9873985444557718
ID2508,2508,0,0.18248412013053894,2518.4638223200454,416.9926125906626,0.0,21.0,21,15.0,1,,10.794392523364486,9.0,0.0,35.0,8085.0,8.275045959175582,0.5305933443585046,0.9043983580068893
ID2530,2530,0,0.1673852801322937,2514.893300431672,415.45188151041555,0.0,22.0,22,15.0,1,,10.45260347129506,9.0,0.0,30.0,7829.0,7.027597187059807,0.5327047930817828,1.0338932491542991
ID2554,2554,0,0.18306401371955872,2508.019329350417,411.84274472374756,0.0,23.0,23,15.0,1,,10.600801068090787,8.0,0.0,35.0,7940.0,8.36912772173259,0.5374234506275883,0.885546960204718
ID2575,2575,0,0.1836656630039215,2503.0151737124497,408.3513499027218,0.0,24.0,24,15.0,1,,10.69425901201602,8.0,0.0,37.0,8010.0,8.302034519165915,0.5313125921958237,0.8938865740321904
ID2598,2598,0,0.19512836635112762,2501.3744122384182,399.71571082993574,0.0,25.0,25,15.0,1,,11.567423230974633,9.0,0.0,38.0,8664.0,8.443888807353925,0.5504828135868329,0.9727492929779871
ID2620,2620,0,0.18496064841747284,2500.859276886062,404.06296385897963,0.0,26.0,26,15.0,1,,10.63150867823765,8.0,0.0,41.0,7963.0,8.510633204038415,0.5442918825020833,0.8805732512839118
ID2640,2640,0,0.19430068135261536,2494.752958362811,407.14052315937903,0.0,27.0,27,15.0,1,,10.990654205607477,7.0,0.0,38.0,8232.0,9.268927345903368,0.5265067705106646,0.8179547658087348
ID2662,2662,0,0.19695132970809937,2487.941462762809,407.11323763503145,0.0,28.0,28,15.0,1,,11.060080106809078,8.0,0.0,38.0,8284.0,9.409312175103322,0.5380556703776763,0.822404632876996
ID2685,2685,0,0.16376525163650513,2481.4497669378807,403.9175596784257,0.0,29.0,29,15.0,1,,10.08411214953271,8.0,0.0,34.0,7553.0,7.614693519713736,0.4810743123327295,0.8603012471074694
ID2709,2709,0,0.19215403497219086,2481.676094326736,404.3608791551823,0.0,30.0,30,15.0,1,,10.851802403204273,8.0,0.0,37.0,8128.0,9.350895040431162,0.5161459119168369,0.7901511623299936
ID2732,2732,0,0.19400031864643097,2481.377145115007,409.4967899603923,0.0,31.0,31,15.0,1,,10.854472630173564,7.0,0.0,42.0,8130.0,9.44241890380489,0.5181640485495044,0.7847006901153118
ID2756,2756,0,0.19624574482440948,2478.570369881124,410.2051803569876,0.0,32.0,32,15.0,1,,11.444592790387183,8.0,0.0,40.0,8572.0,9.198999495178882,0.5087955401788298,0.8390786088773446
ID2780,2780,0,0.18935659527778625,2477.0498739107466,411.58746551190734,0.0,33.0,33,15.0,1,,11.388518024032043,9.0,0.0,37.0,8530.0,8.501646683450382,0.5241620621394522,0.9213583874081274
ID2803,2803,0,0.1889592707157135,2479.210688505052,405.5553098585729,0.0,34.0,34,15.0,1,,10.981308411214954,8.0,0.0,39.0,8225.0,8.82416910070613,0.5167134784488803,0.8479231774383496
ID2826,2826,0,0.20359495282173157,2480.382235370609,402.32453534600234,0.0,35.0,35,15.0,1,,11.042723631508679,7.0,0.0,39.0,8271.0,9.851750899229556,0.549708046848941,0.79519745758949
ID2847,2847,0,0.1660790890455246,2484.0784791862484,399.98377021033934,0.0,36.0,36,15.0,1,,10.516688918558078,9.0,0.0,29.0,7877.0,7.25094880279812,0.5078812582012373,0.9770329902965934
ID2871,2871,0,0.20722460746765137,2491.331387491292,398.521096361178,0.0,37.0,37,15.0,1,,11.767690253671562,9.0,0.0,39.0,8814.0,9.62808240136417,0.5315751723187936,0.848413942055925
ID2895,2895,0,0.18604961037635803,2489.071077365503,399.11800121196336,0.0,38.0,38,15.0,1,,10.815754339118826,8.0,0.0,42.0,8101.0,8.851309919885233,0.5248266012606501,0.8411523109068602
ID2916,2916,0,0.19349949061870575,2486.5151194098507,398.52486437328855,0.0,39.0,39,15.0,1,,11.072096128170895,8.0,0.0,38.0,8293.0,8.891961972066232,0.5383441421698928,0.8715026987056373
ID2941,2941,0,0.19169147312641144,2483.028653774517,395.62165151209615,0.0,40.0,40,15.0,1,,11.020026702269693,8.0,0.0,37.0,8254.0,8.663857836991951,0.5388139350165759,0.8907463135639155
ID2965,2965,0,0.19478808343410492,2476.404312013308,393.54886316442406,0.0,41.0,41,15.0,1,,11.194926568758344,8.0,0.0,37.0,8385.0,9.225164717524349,0.520728676926481,0.8310686026031155
ID2986,2986,0,0.19192643463611603,2476.0988348509145,398.4183314733923,0.0,42.0,42,15.0,1,,10.632843791722296,7.0,0.0,41.0,7964.0,9.466944464306966,0.5165032071453122,0.7650666821834485
ID3009,3009,0,0.16649961471557617,2475.6992742562634,394.9292433120757,0.0,43.0,43,15.0,1,,10.160213618157544,8.0,0.0,32.0,7610.0,7.6149633134025425,0.4953750511294204,0.8839933926764192
ID2072,2072,2,0.2338659167289734,2951.532369512996,623.049580792496,0.0,0.0,0,15.0,1,,13.643524699599466,11.0,0.0,41.0,10219.0,9.529564263202943,0.6034162012519909,1.0775916884999888
ID2010,2010,2,0.17708362638950348,2953.0032849500235,623.6964088958213,0.0,1.0,1,15.0,1,,11.506008010680908,10.0,0.0,31.0,8618.0,6.7680460853018705,0.569071556800099,1.2331488151071974
ID2015,2015,2,0.19464580714702606,2943.267619037847,630.1314201283791,0.0,2.0,2,15.0,1,,11.89452603471295,10.0,0.0,33.0,8909.0,7.764469634960417,0.5877190299990824,1.1341263582804233
ID2050,2050,2,0.21434250473976135,2946.41497321181,627.8602255311532,0.0,3.0,3,15.0,1,,12.833110814419225,10.0,0.0,39.0,9612.0,8.585690966606437,0.5982885801848615,1.1190312237341313
ID2123,2123,2,0.18382246792316437,2954.3737348181426,620.7448018177787,0.0,4.0,4,15.0,1,,12.237650200267023,11.0,0.0,33.0,9166.0,6.9814209385573385,0.5451210327696502,1.236843187588127
ID2099,2099,2,0.232917919754982,2960.7381328464453,613.1852427123549,0.0,5.0,5,15.0,1,,13.412550066755674,11.0,0.0,39.0,10046.0,9.46055150605007,0.6151026257950478,1.0798721854490974
ID2170,2170,2,0.23757411539554596,2955.883547583748,607.9960646274707,0.0,6.0,6,15.0,1,,13.293724966622163,11.0,0.0,41.0,9957.0,10.079323126527967,0.615937090478911,1.005442467203414
ID2147,2147,2,0.2275843322277069,2953.5879040377786,614.1173442747886,0.0,7.0,7,15.0,1,,13.75033377837116,11.0,0.0,43.0,10299.0,9.271910919961128,0.5727848210000905,1.0801801122581483
ID2193,2193,2,0.2281685173511505,2951.4916579653577,610.9288335142401,0.0,8.0,8,15.0,1,,12.961281708945261,10.0,0.0,41.0,9708.0,9.736905176656343,0.592525384843897,0.9905527369933466
ID2217,2217,2,0.2199583500623703,2951.254644390695,612.5956578780302,0.0,9.0,9,15.0,1,,13.483311081441922,11.0,0.0,38.0,10099.0,8.859195756381643,0.5730113065541877,1.1088265065557206
ID2265,2265,2,0.23113112151622772,2956.3393559376627,614.9559735727144,0.0,10.0,10,15.0,1,,12.970627503337784,10.0,0.0,42.0,9715.0,9.853563771079976,0.6050779128910482,0.9924595906788671
ID2241,2241,2,0.22252026200294495,2952.1738880506146,622.0712160479721,0.0,11.0,11,15.0,1,,13.44192256341789,11.0,0.0,39.0,10068.0,9.273093994705171,0.5442728179057169,1.0217845723347443
ID2288,2288,2,0.24194909632205963,2959.32956159416,621.7470708185577,0.0,12.0,12,15.0,1,,13.230974632843791,9.0,0.0,44.0,9910.0,10.921881178960138,0.5795973577209487,0.8890053679749516
ID2311,2311,2,0.19944730401039124,2963.3124498716315,618.07348873197,0.0,13.0,13,15.0,1,,12.409879839786381,10.0,0.0,36.0,9295.0,8.087023910821918,0.5803394611513085,1.1270431984422684
ID2335,2335,2,0.2523942291736603,2961.8191213319283,611.4264731816525,0.0,14.0,14,15.0,1,,13.7543391188251,10.0,0.0,45.0,10302.0,11.002357452649,0.6140772053541209,0.9512236627677413
ID2360,2360,2,0.24239680171012878,2960.8802816728166,611.0123311508053,0.0,15.0,15,15.0,1,,13.599465954606142,10.0,0.0,48.0,10186.0,10.535643587872123,0.5847328417020965,0.952559709073901
ID2385,2385,2,0.21470369398593903,2955.0048884917173,607.9683595967084,0.0,16.0,16,15.0,1,,12.4913217623498,10.0,0.0,41.0,9356.0,9.225139564720797,0.5772365211878132,0.9911112867206475
ID2410,2410,2,0.23004448413848877,2958.7288276972126,605.028882170476,0.0,17.0,17,15.0,1,,13.277703604806408,10.0,0.0,43.0,9945.0,10.035647535534888,0.5662308628157436,0.9566329271270076
ID2459,2459,2,0.17574100196361542,2955.668361461093,612.4328872843494,0.0,18.0,18,15.0,1,,11.220293724966622,10.0,0.0,33.0,8404.0,7.590686273020935,0.5262097307592123,1.0192901706772284
ID2435,2435,2,0.21705369651317596,2953.3592859528526,614.370007455088,0.0,19.0,19,15.0,1,,12.197596795727637,9.0,0.0,42.0,9136.0,10.092536798531981,0.5484224452535766,0.8561102367951432
ID2485,2485,2,0.2332489788532257,2953.2259042998235,618.3769926794497,0.0,20.0,20,15.0,1,,12.444592790387183,8.0,0.0,43.0,9321.0,10.861854375858409,0.5949445743499154,0.8547470739036599
ID2509,2509,2,0.2402520626783371,2954.9218625074204,617.0471383325972,0.0,21.0,21,15.0,1,,12.433911882510014,8.0,0.0,43.0,9313.0,11.237588437975267,0.6103445732297251,0.8387275945275542
ID2532,2532,2,0.2513686716556549,2949.414843984162,613.126356849776,0.0,22.0,22,15.0,1,,13.276368491321762,9.0,0.0,47.0,9944.0,11.496674229763846,0.608591606239763,0.8738104381403847
ID2556,2556,2,0.2491079717874527,2945.7774499452503,613.2769892057507,0.0,23.0,23,15.0,1,,13.092122830440587,8.0,0.0,47.0,9806.0,11.816593264131555,0.5794977195494656,0.8129812095797877
ID2577,2577,2,0.24671867489814758,2942.066309177296,613.2062099869346,0.0,24.0,24,15.0,1,,13.28437917222964,9.0,0.0,47.0,9950.0,11.532587358071234,0.5621733392247275,0.8290591744233605
ID2600,2600,2,0.21120616793632507,2942.6404270420203,607.2983635236121,0.0,25.0,25,15.0,1,,12.004005340453938,9.0,0.0,38.0,8991.0,9.327163193630373,0.5672507799331176,0.9316294467585403
ID2622,2622,2,0.22660072147846222,2940.5503062677067,602.9203779610814,0.0,26.0,26,15.0,1,,12.660881174899867,10.0,0.0,45.0,9483.0,10.095259107211861,0.5729162201924382,0.9136124000605144
ID2642,2642,2,0.25723886489868164,2935.6871730200046,603.3357089726037,0.0,27.0,27,15.0,1,,13.546061415220294,9.0,0.0,48.0,10146.0,11.982923504867083,0.587908301518185,0.8370750982171951
ID2665,2665,2,0.23997347056865692,2930.549059252822,596.2755357365854,0.0,28.0,28,15.0,1,,13.544726301735647,10.0,0.0,46.0,10145.0,10.283660763644777,0.6009283505122842,0.988788224259558
ID2688,2688,2,0.2571180760860443,2931.291305084941,595.3039706904854,0.0,29.0,29,15.0,1,,13.835781041388518,10.0,0.0,47.0,10363.0,11.61450786179851,0.607209708734921,0.9001171232929032
ID2712,2712,2,0.17855720221996307,2927.7648229448187,610.766874857772,0.0,30.0,30,15.0,1,,11.89452603471295,11.0,0.0,37.0,8909.0,7.488553435910689,0.51343163043383,1.0777028159966102
ID2735,2735,2,0.22111372649669647,2923.5300551922023,613.6120206184381,0.0,31.0,31,15.0,1,,12.674232309746328,10.0,0.0,42.0,9493.0,9.506858816151526,0.5854811630829753,0.9846150160773324
ID2758,2758,2,0.22012096643447876,2920.0873904843506,609.3365279853866,0.0,32.0,32,15.0,1,,12.360480640854473,9.0,0.0,40.0,9258.0,10.023413114496615,0.5656061068138987,0.8910073928203585
ID2782,2782,2,0.23333638906478882,2914.8419917549004,608.5771375737805,0.0,33.0,33,15.0,1,,12.216288384512684,8.0,0.0,47.0,9150.0,11.31317445070204,0.567934439933117,0.782267151161968
ID2805,2805,2,0.23178048431873322,2913.539095592226,605.2048943882778,0.0,34.0,34,15.0,1,,12.016021361815755,8.0,0.0,47.0,9000.0,11.234722707290267,0.5799098661421366,0.7851570164781859
ID2828,2828,2,0.22800013422966003,2915.979903229694,601.4477817066288,0.0,35.0,35,15.0,1,,12.020026702269693,8.0,0.0,46.0,9003.0,11.107321596470243,0.5618695215277313,0.7786043147611568
ID2849,2849,2,0.2217281460762024,2918.2002582228984,602.6684370337539,0.0,36.0,36,15.0,1,,11.890520694259012,8.0,0.0,42.0,8906.0,10.728106838244717,0.5581982455994551,0.7940969628979981
ID2873,2873,2,0.20912283658981323,2911.6304547024392,604.8605033436068,0.0,37.0,37,15.0,1,,11.23898531375167,8.0,0.0,41.0,8418.0,9.98757393933253,0.5639436653973285,0.8115433236689498
ID2898,2898,2,0.2184005081653595,2911.1743685834754,603.9276756026183,0.0,38.0,38,15.0,1,,11.644859813084112,8.0,0.0,42.0,8722.0,10.688812477516814,0.5509235554011598,0.7739907168048563
ID2919,2919,2,0.24160344898700714,2916.461961827415,600.4568724159462,0.0,39.0,39,15.0,1,,12.526034712950601,8.0,0.0,47.0,9382.0,11.65644243174428,0.5807410047030346,0.7895858483041995
ID2945,2945,2,0.22366580367088318,2916.871965075783,603.4799876247391,0.0,40.0,40,15.0,1,,12.451268357810413,9.0,0.0,45.0,9326.0,10.217387880488232,0.5648645755509244,0.8797743352489963
ID2968,2968,2,0.23201924562454224,2910.1275459977087,606.4345380808661,0.0,41.0,41,15.0,1,,12.615487316421897,9.0,0.0,46.0,9449.0,10.864950045973977,0.5589954162258952,0.8326638331980051
ID2989,2989,2,0.208085834980011,2904.759756149535,614.0519014387022,0.0,42.0,42,15.0,1,,11.92256341789052,9.0,0.0,40.0,8930.0,9.573910954265802,0.5413949192497677,0.8748034873758728
ID3013,3013,2,0.2573949098587036,2898.547569076133,612.7443977989452,0.0,43.0,43,15.0,1,,14.130841121495328,10.0,0.0,51.0,10584.0,11.315786708710231,0.5982299545597047,0.9348504586145864
ID3036,3036,2,0.2410650998353958,2892.2044591594995,618.3034086254912,0.0,44.0,44,15.0,1,,13.57543391188251,10.0,0.0,41.0,10168.0,10.145531140241925,0.6113294404300952,1.0153128815975845
ID3057,3057,2,0.23532751202583313,2890.9367974831,616.6995641227844,0.0,45.0,45,15.0,1,,13.392523364485982,11.0,0.0,43.0,10031.0,9.991212591669075,0.5861703414925227,0.990713826232527
ID3081,3081,2,0.20518119633197784,2879.427739300226,617.6876106379202,0.0,46.0,46,15.0,1,,12.280373831775702,10.0,0.0,34.0,9198.0,8.469599733526897,0.5746444548907506,1.0582673782118126
ID3103,3103,2,0.2529996931552887,2875.200879789076,618.1150101416274,0.0,47.0,47,15.0,1,,13.822429906542055,10.0,0.0,47.0,10353.0,11.34458946504639,0.5876923347172414,0.9020057079654541
ID3125,3125,2,0.23510336875915527,2871.7052062545417,616.014792061746,0.0,48.0,48,15.0,1,,13.120160213618158,11.0,0.0,42.0,9827.0,9.942426885862137,0.6069071274440931,0.9968003660318923
ID3147,3147,2,0.2116965502500534,2868.915441612671,608.1864091672801,0.0,49.0,49,15.0,1,,12.791722296395193,10.0,0.0,40.0,9581.0,8.785889626082723,0.5613600607471301,1.0469157164747913
ID3169,3169,2,0.22237160801887512,2868.936587700685,594.9691217273522,0.0,50.0,50,15.0,1,,13.062750333778371,11.0,0.0,42.0,9784.0,9.109263277142075,0.5887008918950037,1.0627568725840437
ID3189,3189,2,0.24456946551799774,2869.629648668741,594.3316684718882,0.0,51.0,51,15.0,1,,13.349799732977303,10.0,0.0,44.0,9999.0,10.829028160258353,0.6008891354181275,0.9254401933844814
ID3209,3209,2,0.2258184850215912,2871.9392547647985,589.110339588139,0.0,52.0,52,15.0,1,,12.97196261682243,10.0,0.0,39.0,9716.0,9.755459955864323,0.5822835643248324,0.9786742199210928
ID3230,3230,2,0.24515387415885925,2870.4461368877674,586.7189359368261,0.0,53.0,53,15.0,1,,13.779706275033378,10.0,0.0,44.0,10321.0,10.436505982984045,0.6089947014399014,0.9994791291648858
ID3251,3251,2,0.2287720888853073,2865.200426765183,593.14914392104,0.0,54.0,54,15.0,1,,11.997329773030708,8.0,0.0,41.0,8986.0,10.63027124099602,0.5959141008268616,0.8428385595421507
ID3272,3272,2,0.22522413730621338,2866.905803650099,593.0152923620537,0.0,55.0,55,15.0,1,,12.013351134846461,8.0,0.0,43.0,8998.0,10.536660376192442,0.5785622512813119,0.8357561213106048
ID3291,3291,2,0.23280905187129974,2861.5192340637245,594.370937634718,0.0,56.0,56,15.0,1,,12.759679572763686,9.0,0.0,43.0,9557.0,10.618238164374107,0.5781785703790637,0.8804874106777234
ID3310,3310,2,0.2589675784111023,2861.324100956424,597.8229279248535,0.0,57.0,57,15.0,1,,14.129506008010681,10.0,0.0,45.0,10583.0,11.378775034234131,0.6109965080291389,0.9419017243901309
ID3331,3331,2,0.22030572593212128,2858.4845285445676,598.592856376404,0.0,58.0,58,15.0,1,,12.419225634178906,9.0,0.0,39.0,9302.0,9.879647633770665,0.5594786121125013,0.9019596797700872
ID3352,3352,2,0.2313038408756256,2855.491214945823,597.1182528518922,0.0,59.0,59,15.0,1,,12.604806408544727,8.0,0.0,45.0,9441.0,10.744543615680648,0.5622165947699191,0.8443852066486558
ID3373,3373,2,0.23135483264923096,2853.6326135508075,609.2290010030335,0.0,60.0,60,15.0,1,,12.395193591455273,9.0,0.0,43.0,9284.0,10.780690718853498,0.5898024982833079,0.8531004193626972
ID3394,3394,2,0.23495884239673615,2854.0387353342344,607.922865708592,0.0,61.0,61,15.0,1,,12.911882510013351,10.0,0.0,46.0,9671.0,10.698104700305143,0.5744390928456713,0.8807057674192149
ID3414,3414,2,0.24954363703727722,2844.7407005073037,608.2194024432331,0.0,62.0,62,15.0,1,,13.786381842456608,10.0,0.0,47.0,10326.0,11.137918870136584,0.5850125845067763,0.9137107664877753
ID3435,3435,2,0.23400729894638062,2841.3078316049455,610.390635885589,0.0,63.0,63,15.0,1,,12.194926568758344,8.0,0.0,48.0,9134.0,11.617888010282536,0.5666091496965878,0.7592851813784574
ID3454,3454,2,0.2421502321958542,2833.341508487736,613.8279635922848,0.0,64.0,64,15.0,1,,13.088117489986649,10.0,0.0,46.0,9803.0,10.631666467643988,0.6156873891451169,0.9382287999874876
ID3475,3475,2,0.24219639599323273,2828.1891545199774,617.6471400307379,0.0,65.0,65,15.0,1,,13.033377837116156,9.0,0.0,49.0,9762.0,11.248539153760332,0.5770909844338599,0.8479659186613154
ID3494,3494,2,0.2340952754020691,2826.315774764416,618.2762960846735,0.0,66.0,66,15.0,1,,12.628838451268358,9.0,0.0,44.0,9459.0,10.499733704889842,0.6089348466744191,0.9104319466950894
ID3515,3515,2,0.2226492315530777,2827.5916371019966,614.9388757913475,0.0,67.0,67,15.0,1,,12.583444592790388,10.0,0.0,39.0,9425.0,9.758585600985004,0.5736200117108899,0.9400849173592273
ID3535,3535,2,0.2146948277950287,2839.6646293831136,624.9794059302438,0.0,68.0,68,15.0,1,,11.885180240320427,8.0,0.0,39.0,8902.0,9.95055459588049,0.5542464707266743,0.8518664758840011
ID3557,3557,2,0.25902071595191956,2841.3126183515205,630.4970567827692,0.0,69.0,69,15.0,1,,13.993324432576769,10.0,0.0,50.0,10481.0,11.593549205688046,0.5997642210264141,0.9050218492642331
ID3577,3577,2,0.24140781164169312,2836.5684320704463,625.2095998666836,0.0,70.0,70,15.0,1,,12.683578104138851,9.0,0.0,45.0,9500.0,10.903564153258593,0.6208635068902015,0.8911544689189324
ID3598,3598,2,0.23001274466514587,2836.8926890396865,622.9051531935409,0.0,71.0,71,15.0,1,,12.185580774365821,8.0,0.0,48.0,9127.0,10.789874702055023,0.589803229447646,0.837960598703976
ID3618,3618,2,0.25028520822525024,2836.5538848766896,624.302552799253,0.0,72.0,72,15.0,1,,13.598130841121495,10.0,0.0,42.0,10185.0,11.130247208336687,0.588360557350311,0.9051047783094172
ID3639,3639,2,0.2186504602432251,2837.0662712969397,630.2480918062814,0.0,73.0,73,15.0,1,,12.64886515353805,10.0,0.0,39.0,9474.0,9.383157879161379,0.5895751908578148,0.9999784916192376
ID3658,3658,2,0.2143685519695282,2833.4676630246795,636.3870217779083,0.0,74.0,74,15.0,1,,12.170894526034713,9.0,0.0,44.0,9116.0,9.554524469334776,0.5730227446388736,0.9280690201650322
ID3676,3676,2,0.20762361586093903,2825.4317214505118,641.3638477837308,0.0,75.0,75,15.0,1,,12.146862483311082,9.0,0.0,40.0,9098.0,9.141186480786743,0.549744654025135,0.942741031739512
ID3716,3716,2,0.23418600857257843,2827.7402826088064,641.3920557678252,0.0,76.0,76,15.0,1,,12.62483311081442,9.0,0.0,47.0,9456.0,10.84082562073678,0.5801406868453015,0.8551274580541519
ID3696,3696,2,0.2477843016386032,2828.1937189376163,639.9769738834874,0.0,77.0,77,15.0,1,,13.663551401869158,10.0,0.0,46.0,10234.0,10.971232129050344,0.5985515425271914,0.9326379795038761
ID3731,3731,2,0.2084968537092209,2830.682233256199,644.7370972986133,0.0,78.0,78,15.0,1,,12.413885180240321,10.0,0.0,43.0,9298.0,9.132835482442765,0.5427270247038369,0.9563666993110761
ID3751,3751,2,0.19242019951343536,2830.908563435669,653.014416209569,0.0,79.0,79,15.0,1,,11.818424566088117,9.0,0.0,37.0,8852.0,8.992518112668353,0.46364237894947596,0.8326383535031049
ID3773,3773,2,0.24402578175067902,2822.3982053707973,658.7696309085555,0.0,80.0,80,15.0,1,,14.327102803738319,11.0,0.0,46.0,10731.0,11.1447008949941,0.518739040410545,0.8781844300670663
ID3792,3792,2,0.24738729000091553,2821.9206860390836,657.9655633272293,0.0,81.0,81,15.0,1,,14.323097463284379,11.0,0.0,46.0,10728.0,11.232580715814125,0.530140889192764,0.8835828467388149
ID3810,3810,2,0.25198203325271606,2824.2869717751323,656.599236794968,0.0,82.0,82,15.0,1,,14.627503337783711,11.0,0.0,48.0,10956.0,11.559603354826304,0.5177513186075378,0.8633320503068762
ID3829,3829,2,0.26124268770217896,2820.5348778036855,659.0242910763695,0.0,83.0,83,15.0,1,,15.67022696929239,12.0,0.0,45.0,11737.0,11.37942756644025,0.5257747858114774,0.9490611334165963
ID3868,3868,2,0.27173879742622375,2822.182202566945,664.3531614902612,0.0,84.0,84,15.0,1,,16.22162883845127,12.0,0.0,53.0,12150.0,11.191885525746462,0.5697343472732752,1.0521252361810824
ID3848,3848,2,0.25877317786216736,2823.4803503244702,662.4460468982742,0.0,85.0,85,15.0,1,,15.819759679572764,14.0,0.0,43.0,11849.0,10.42035412815093,0.565239597491118,1.096476053497552
ID3886,3886,2,0.22210045158863068,2827.860551954914,660.2705579263003,0.0,86.0,86,15.0,1,,13.166889185580775,11.0,0.0,41.0,9862.0,9.914213507939978,0.5294913537500733,0.9195318047997622
ID3906,3906,2,0.2462655007839203,2827.1326205123896,665.0709757429024,0.0,87.0,87,15.0,1,,14.492656875834445,11.0,0.0,47.0,10855.0,10.887932387505403,0.5392842505490157,0.932677504019092
ID3925,3925,2,0.23423346877098083,2828.709604940277,668.2533543826214,0.0,88.0,88,15.0,1,,14.578104138851803,12.0,0.0,44.0,10919.0,9.746018034248639,0.544334227259269,1.0544553135828918
ID3946,3946,2,0.2679521143436432,2830.044553385402,667.8828712363955,0.0,89.0,89,15.0,1,,15.337783711615486,12.0,0.0,49.0,11488.0,11.848844159483386,0.5534033572396555,0.9223041597963346
ID3966,3966,2,0.2797289788722992,2825.235647060004,668.9111789978103,0.0,90.0,90,15.0,1,,15.998664886515353,12.0,0.0,49.0,11983.0,11.689441660893438,0.597141810084762,1.0234201673706327
ID3986,3986,2,0.26256608963012695,2826.2040225903734,671.9466909454387,0.0,91.0,91,15.0,1,,15.162883845126835,12.0,0.0,46.0,11357.0,11.253765155493184,0.5655555473054783,0.9734658952832453
ID4024,4024,2,0.2547203004360199,2822.3927636243197,671.1188103924037,0.0,92.0,92,15.0,1,,14.686248331108144,12.0,0.0,49.0,11000.0,10.805974058115563,0.5849086309998043,1.0031381378898905
ID4006,4006,2,0.22411561012268066,2828.755642559747,671.6830501961585,0.0,93.0,93,15.0,1,,13.328437917222963,11.0,0.0,43.0,9983.0,9.76441785152064,0.5357127186676262,0.9523243068944828
ID4043,4043,2,0.1990051567554474,2834.9870061657803,669.6055226100457,0.0,94.0,94,15.0,1,,12.068090787716956,9.0,0.0,38.0,9039.0,9.147157544075192,0.4974168621632589,0.876516688777882
ID4062,4062,2,0.23050719499588013,2836.2255696303228,667.7042792498621,0.0,95.0,95,15.0,1,,13.186915887850468,10.0,0.0,44.0,9877.0,10.800068811408146,0.5233296348513795,0.8389346780750271
ID4100,4100,2,0.2099122554063797,2826.6601439596006,670.9048198294693,0.0,96.0,96,15.0,1,,12.949265687583445,11.0,0.0,41.0,9699.0,9.128763387454436,0.5199729112045912,0.970527973724657
ID4081,4081,2,0.24244911968708038,2826.9296795314553,671.801567209468,0.0,97.0,97,15.0,1,,14.188251001335113,11.0,0.0,44.0,10627.0,10.693872040081713,0.5407490473207941,0.9312959847393223
ID4120,4120,2,0.2514643669128418,2822.450968526754,672.1786739802949,0.0,98.0,98,15.0,1,,14.91588785046729,12.0,0.0,46.0,11172.0,10.664656314085606,0.5494482363288068,0.9919321177957322
ID4138,4138,2,0.26062312722206116,2815.48363079186,668.9922388668771,0.0,99.0,99,15.0,1,,15.479305740987984,12.0,0.0,46.0,11594.0,10.921751908828627,0.5761408943951368,1.036150478671185
ID4157,4157,2,0.26424169540405273,2817.170498312125,673.0460697274948,0.0,100.0,100,15.0,1,,15.51268357810414,12.0,0.0,45.0,11619.0,11.184113632081216,0.5655036291894177,1.0020668066624494
ID4176,4176,2,0.22893556952476501,2820.018822304292,665.0809657027464,0.0,101.0,101,15.0,1,,13.260347129506007,10.0,0.0,43.0,9932.0,10.80541508071326,0.514022501912068,0.8332843695392794
ID4197,4197,2,0.19617138803005219,2824.8407242113494,668.0917786911588,0.0,102.0,102,15.0,1,,13.240320427236314,12.0,0.0,36.0,9917.0,8.217688493442907,0.4766017530813437,1.0400903631081253
ID4215,4215,2,0.20691625773906708,2821.4021493484925,666.9565419546482,0.0,103.0,103,15.0,1,,12.712950600801069,10.0,0.0,40.0,9522.0,9.711843228895132,0.47741097063899246,0.8459910467394968
ID4238,4238,2,0.19552087783813477,2818.786900739909,656.7308143877816,0.0,104.0,104,15.0,1,,11.623497997329773,8.0,0.0,42.0,8706.0,10.09459446834178,0.4370280592310776,0.7003611344532558
ID4256,4256,2,0.19730794429779053,2819.7326649047445,667.3152609441075,0.0,105.0,105,15.0,1,,12.36448598130841,10.0,0.0,40.0,9261.0,9.360679460168493,0.4499594369040233,0.8198156414294879
ID4275,4275,2,0.18576572835445404,2819.2812568423337,667.8165205870357,0.0,106.0,106,15.0,1,,12.31909212283044,10.0,0.0,38.0,9227.0,8.604247255420495,0.45831207313701494,0.8999256764783586
ID4296,4296,2,0.20403383672237396,2814.7568658193627,664.3733876718784,0.0,107.0,107,15.0,1,,12.360480640854473,9.0,0.0,46.0,9258.0,9.668618280179434,0.49235872852466595,0.8435471284483949
ID4315,4315,2,0.2166704684495926,2806.536453586601,667.4761187281784,0.0,108.0,108,15.0,1,,14.552736982643525,12.0,0.0,41.0,10900.0,8.765602353016625,0.4910236552022099,1.093479868684396
ID4334,4334,2,0.21370099484920502,2805.808808793615,671.4288594915889,0.0,109.0,109,15.0,1,,13.037383177570094,10.0,0.0,40.0,9765.0,9.368492627186749,0.529465001215997,0.9634926818927915
ID4375,4375,2,0.20810772478580475,2802.713770875461,677.8553026439967,0.0,110.0,110,15.0,1,,13.267022696929239,11.0,0.0,38.0,9937.0,8.27167348041475,0.539201247954581,1.1237392937619903
ID4354,4354,2,0.1755804717540741,2805.7541998337,674.3594537808384,0.0,111.0,111,15.0,1,,11.874499332443257,10.0,0.0,31.0,8894.0,6.643138365958077,0.540964826943085,1.2550132401115706
ID4394,4394,2,0.22171235084533691,2805.552992662034,668.870715659485,0.0,112.0,112,15.0,1,,13.751668891855807,11.0,0.0,44.0,10300.0,9.802311362120333,0.5107697515227122,0.9486014808310107
ID4414,4414,2,0.19500456750392914,2808.3608056459093,667.2678685453513,0.0,113.0,113,15.0,1,,12.890520694259012,11.0,0.0,39.0,9655.0,8.358368848569018,0.4914426887114548,1.0163545426999012
ID4454,4454,2,0.17276592552661896,2811.9355371912266,667.8159364966729,0.0,114.0,114,15.0,1,,11.682242990654206,10.0,0.0,33.0,8750.0,7.5707336366095745,0.4861643503219032,1.0095655782424482
ID4434,4434,2,0.2063898742198944,2809.067194011055,673.8983195211094,0.0,115.0,115,15.0,1,,12.83177570093458,10.0,0.0,37.0,9611.0,8.592435715314677,0.5390055311673332,1.046052555421306
ID4493,4493,2,0.19877798855304718,2814.035474815816,671.3662119005616,0.0,116.0,116,15.0,1,,12.606141522029372,10.0,0.0,38.0,9442.0,8.649349435289425,0.4967014048129711,0.9673618432850938
ID4475,4475,2,0.16003142297267914,2822.507809960183,675.7015043920526,0.0,117.0,117,15.0,1,,11.348464619492656,10.0,0.0,34.0,8500.0,7.30285003466181,0.41515598764985034,0.9117624746351518
ID4513,4513,2,0.16180041432380676,2830.93937256716,682.8967276466823,0.0,118.0,118,15.0,1,,10.141522029372497,8.0,0.0,32.0,7596.0,7.973300924137597,0.42635851853217505,0.7603984502054779
ID4532,4532,2,0.1538572609424591,2826.1058505229903,684.4417389638298,0.0,119.0,119,15.0,1,,9.861148197596796,7.0,0.0,32.0,7386.0,8.049608836657555,0.38563290577134285,0.6818810182835193
ID4573,4573,2,0.17718000710010529,2823.9468022138817,687.7972242138679,0.0,120.0,120,15.0,1,,11.240320427236314,9.0,0.0,38.0,8419.0,8.403648806689452,0.4507593775781863,0.8311706072511851
ID4553,4553,2,0.191874161362648,2823.0349298812316,690.2879885444189,0.0,121.0,121,15.0,1,,11.218958611481977,8.0,0.0,43.0,8403.0,10.069151995511445,0.4403547243402776,0.6812756134229586
ID4592,4592,2,0.17691156268119812,2825.6577045439662,691.2230762097661,0.0,122.0,122,15.0,1,,10.646194926568759,8.0,0.0,38.0,7974.0,9.126212589239023,0.43507721102820707,0.7073345895175924
ID4614,4614,2,0.16429489850997925,2828.0411346109972,693.2451233216655,0.0,123.0,123,15.0,1,,10.154873164218959,7.0,0.0,37.0,7606.0,8.950251296994166,0.3747408014422078,0.6185565764440462
ID4635,4635,2,0.16274777054786682,2822.278091976388,684.9547895744657,0.0,124.0,124,15.0,1,,11.448598130841122,10.0,0.0,33.0,8575.0,7.411805064595122,0.416948917282781,0.909048333194403
ID4655,4655,2,0.21136386692523956,2818.232693251239,685.6440652528507,0.0,125.0,125,15.0,1,,13.583444592790388,11.0,0.0,42.0,10174.0,8.878414814382351,0.49584010654288707,1.0142872306462563
ID4676,4676,2,0.18800252676010132,2819.730348961581,690.2383012310357,0.0,126.0,126,15.0,1,,12.253671562082777,10.0,0.0,35.0,9178.0,8.036664179078194,0.49232027769887066,1.0060187931572582
ID4695,4695,2,0.16878752410411835,2824.0458248800633,688.3098996970152,0.0,127.0,127,15.0,1,,11.31909212283044,9.0,0.0,36.0,8478.0,7.604419009988205,0.44071282054510424,0.9106548711536967
ID4737,4737,2,0.18108585476875305,2834.3353888738593,692.644511264542,0.0,128.0,128,15.0,1,,10.476635514018692,7.0,0.0,36.0,7847.0,9.488864929434811,0.4370974151825829,0.6716292409867748
ID4716,4716,2,0.19657309353351593,2830.1832133018393,688.3982921666375,0.0,129.0,129,15.0,1,,11.65954606141522,8.0,0.0,43.0,8733.0,9.714107405282533,0.4577745147741691,0.7538240595955258
ID4757,4757,2,0.18221506476402283,2828.5158440058062,689.9378866466343,0.0,130.0,130,15.0,1,,12.004005340453938,11.0,0.0,34.0,8991.0,8.376261018000966,0.4592998345762402,0.9021063278099717
ID4777,4777,2,0.21720734238624573,2831.569742946527,696.1817527605748,0.0,131.0,131,15.0,1,,12.320427236315087,8.0,0.0,45.0,9228.0,10.986567969709823,0.4702204429048498,0.7173197128982749
ID4814,4814,2,0.2418782114982605,2830.170687728588,698.2556067465204,0.0,132.0,132,15.0,1,,13.08411214953271,9.0,0.0,47.0,9800.0,11.929701672636293,0.5185572128755902,0.7490489348822232
ID4795,4795,2,0.1922750622034073,2831.926138970011,702.0596741041339,0.0,133.0,133,15.0,1,,11.35113484646195,8.0,0.0,38.0,8502.0,9.406495333495085,0.46830116344914186,0.769753244359188
ID4835,4835,2,0.23036473989486694,2835.5274545591406,706.2461128967723,0.0,134.0,134,15.0,1,,12.093457943925234,7.0,0.0,48.0,9058.0,11.47978099019261,0.5534938468426852,0.7506718865436783
ID4855,4855,2,0.2280312329530716,2838.6752535933815,710.1731925795635,0.0,135.0,135,15.0,1,,12.643524699599466,9.0,0.0,44.0,9470.0,10.431455739411744,0.5637917875110652,0.8739630158556755
ID4895,4895,2,0.1898094117641449,2841.4452359912875,710.9040506882035,0.0,136.0,136,15.0,1,,11.025367156208278,8.0,0.0,38.0,8258.0,9.02021778612544,0.5217989855957818,0.838208331653876
ID4876,4876,2,0.21992133557796478,2843.101985862008,713.0598942593415,0.0,137.0,137,15.0,1,,12.018691588785046,8.0,0.0,42.0,9002.0,10.479272788644234,0.5539377095731505,0.8176799823428997
ID4917,4917,2,0.23473109304904938,2848.4182361203825,711.4013754792983,0.0,138.0,138,15.0,1,,12.688918558077436,9.0,0.0,45.0,9504.0,10.835085983388527,0.5790440744726267,0.8588940871920776
ID4939,4939,2,0.20162782073020935,2851.979166695766,705.2503908717357,0.0,139.0,139,15.0,1,,11.85981308411215,10.0,0.0,39.0,8883.0,8.97220011097199,0.5600077447192999,0.9490217537278834
ID4958,4958,2,0.2489623725414276,2853.688408696518,696.083890232936,0.0,140.0,140,15.0,1,,12.774365821094793,8.0,0.0,49.0,9568.0,12.205836456984787,0.5776751649011047,0.7664218998441557
ID4980,4980,2,0.19019681215286255,2847.9548591337093,694.1397926037993,0.0,141.0,141,15.0,1,,10.890520694259012,8.0,0.0,37.0,8157.0,9.19958603876636,0.4983762664159659,0.787493216849288
ID5022,5022,2,0.21805168688297272,2845.8094859576627,697.1238565475743,0.0,142.0,142,15.0,1,,12.008010680907876,9.0,0.0,40.0,8994.0,10.43722973878637,0.5324948221528636,0.7995252640377719
ID5000,5000,2,0.2252979874610901,2850.2800420856715,698.0368862967662,0.0,143.0,143,15.0,1,,12.429906542056075,8.0,0.0,48.0,9310.0,10.87935603909893,0.5330167054810848,0.7944903057339715
ID5063,5063,2,0.23315487802028656,2849.9645646206336,693.5774112603256,0.0,144.0,144,15.0,1,,12.611481975967957,8.0,0.0,49.0,9446.0,11.38919774203734,0.5394678845391678,0.7760647328667397
ID5042,5042,2,0.18443672358989716,2842.7650128566074,692.5905355905635,0.0,145.0,145,15.0,1,,12.259012016021362,11.0,0.0,35.0,9182.0,8.25963638063019,0.46095464480176773,0.9365824161437625
ID5104,5104,2,0.2263171672821045,2835.1780338800886,693.3548873249867,0.0,146.0,146,15.0,1,,12.998664886515353,10.0,0.0,45.0,9736.0,10.602882683956341,0.5064539580197774,0.8243068213990415
ID5083,5083,2,0.26652249693870544,2830.9738121297673,690.3831483514482,0.0,147.0,147,15.0,1,,15.492656875834445,12.0,0.0,53.0,11604.0,11.846907221394204,0.5372525783159519,0.9140799627975534
ID5125,5125,2,0.26042744517326355,2832.4884998788634,691.7365386742033,0.0,148.0,148,15.0,1,,15.739652870493993,12.0,0.0,51.0,11789.0,11.394143837212347,0.5209319016782893,0.9462690441517709
ID5147,5147,2,0.16882532835006714,2841.511599101876,695.2421740864481,0.0,149.0,149,15.0,1,,10.869158878504672,9.0,0.0,37.0,8141.0,7.794415384745958,0.4638082757859187,0.8836833684307843
ID5169,5169,2,0.20841249823570251,2846.6291734148876,701.2639872515786,0.0,150.0,150,15.0,1,,11.982643524699599,8.0,0.0,40.0,8975.0,10.176567818996068,0.48845084267651273,0.7728009920827728
ID5191,5191,2,0.20979821681976318,2849.1629608487146,693.0710229721396,0.0,151.0,151,15.0,1,,11.826435246995995,8.0,0.0,41.0,8858.0,10.536886861660816,0.4885313970621373,0.736726035429412
ID5235,5235,2,0.2034001648426056,2852.4442919009016,694.9426891165961,0.0,152.0,152,15.0,1,,11.333778371161548,8.0,0.0,44.0,8489.0,10.024872504237454,0.5089613110813291,0.7626627221192073
ID5213,5213,2,0.2364501655101776,2853.5501635443006,692.5635202851156,0.0,153.0,153,15.0,1,,12.514018691588785,8.0,0.0,48.0,9373.0,11.731345574526133,0.53316048975989,0.7419067225360296
ID5257,5257,2,0.2259412258863449,2855.639363973004,691.732889279413,0.0,154.0,154,15.0,1,,12.085447263017356,8.0,0.0,47.0,9052.0,11.19805484536229,0.5387462413937913,0.7557312503961298
ID5278,5278,2,0.22275899350643158,2853.320581262037,692.7126945860269,0.0,155.0,155,15.0,1,,11.676902536715621,7.0,0.0,46.0,8746.0,11.085219866281598,0.5448338586230377,0.7430116940047571
ID5320,5320,2,0.2187606394290924,2853.564937250716,693.2899108667593,0.0,156.0,156,15.0,1,,11.666221628838452,8.0,0.0,45.0,8738.0,10.84717337975633,0.5319740287384194,0.7469347484449952
ID5298,5298,2,0.22245480120182037,2851.210617313685,697.9247775620269,0.0,157.0,157,15.0,1,,12.241655540720961,8.0,0.0,45.0,9169.0,11.121909553751587,0.49443218107730935,0.7283184479435884
ID5341,5341,2,0.22278380393981934,2847.7693301105637,699.2242792135711,0.0,158.0,158,15.0,1,,12.30173564753004,9.0,0.0,45.0,9214.0,10.99743575749297,0.5125020672968211,0.7580617728864572
ID5362,5362,2,0.2211466282606125,2840.6097865724923,694.728310376074,0.0,159.0,159,15.0,1,,13.2283044058745,11.0,0.0,43.0,9908.0,10.143750212707403,0.49910202154845684,0.8683479207561768
ID5383,5383,2,0.21400442719459534,2854.736559112223,692.1540367120497,0.0,160.0,160,15.0,1,,11.763684913217624,8.0,0.0,42.0,8811.0,10.518837967126508,0.5207442469404595,0.7659032500664817
ID5403,5403,2,0.20731694996356964,2851.832672944977,691.3109803206196,0.0,161.0,161,15.0,1,,11.672897196261681,8.0,0.0,41.0,8743.0,10.051262977887266,0.5014525206212028,0.7757222273962914
ID5423,5423,2,0.21103942394256592,2851.395834432018,692.6703550576992,0.0,162.0,162,15.0,1,,12.068090787716956,9.0,0.0,41.0,9039.0,10.161235409135791,0.49560328374187074,0.787117950296281
ID5444,5444,2,0.22175627946853638,2844.1184915245503,692.0852711925492,0.0,163.0,163,15.0,1,,13.109479305740988,10.0,0.0,46.0,9819.0,10.814492077746333,0.4662410351667954,0.7709290938983867
ID5465,5465,2,0.18363229930400848,2849.0846953598707,687.0689140858822,0.0,164.0,164,15.0,1,,10.651535380507344,7.0,0.0,36.0,7978.0,9.296515557802316,0.4651640379178269,0.7275148974122057
ID5485,5485,2,0.19490091502666473,2851.4027956998193,689.4145622860451,0.0,165.0,165,15.0,1,,11.489986648865154,8.0,0.0,37.0,8606.0,9.312401519406528,0.4893938546495021,0.8108430165987363
ID5507,5507,2,0.19923846423625946,2852.271405375931,685.0469764675639,0.0,166.0,166,15.0,1,,11.116154873164218,7.0,0.0,41.0,8326.0,10.134581986453771,0.4812768552796103,0.7127504232628465
ID5526,5526,2,0.17501813173294067,2849.8943373987563,684.1806703761649,0.0,167.0,167,15.0,1,,10.51935914552737,7.0,0.0,33.0,7879.0,8.740538757455106,0.4335284878204702,0.7279346434202763
ID5549,5549,2,0.171142578125,2840.4786017609426,688.2435094658817,0.0,168.0,168,15.0,1,,11.125500667556743,9.0,0.0,38.0,8333.0,8.51156832614616,0.42863148915736377,0.7843390262760196
ID5571,5571,2,0.20931632816791534,2841.3077007625725,687.9894065985352,0.0,169.0,169,15.0,1,,12.485981308411215,10.0,0.0,46.0,9352.0,10.047421171500236,0.48843352145535496,0.8155941243203598
ID5591,5591,2,0.19328813254833221,2839.027440004023,684.7624828576811,0.0,170.0,170,15.0,1,,11.811748998664887,9.0,0.0,37.0,8847.0,9.227114818443683,0.4582468446570846,0.8045382903054832
ID2012,2012,3,0.20459765195846558,2223.83618234769,772.3759845448101,0.0,1.0,1,15.0,1,,11.72630173564753,9.0,0.0,36.0,8783.0,9.016687726723168,0.5696015267600952,0.9438995169999067
ID2019,2019,3,0.2400444746017456,2222.155947759204,773.7688432208334,0.0,2.0,2,15.0,1,,13.878504672897197,11.0,0.0,41.0,10395.0,9.958063397971134,0.5979558686359953,1.0430428162563425
ID2051,2051,3,0.2240443229675293,2217.2091556769606,776.6395592382137,0.0,3.0,3,15.0,1,,12.950600801068092,10.0,0.0,44.0,9700.0,9.94605585370264,0.5467886160416912,0.9205714789057907
ID2124,2124,3,0.22162029147148132,2208.1210452150694,780.557149370203,0.0,4.0,4,15.0,1,,12.567423230974633,9.0,0.0,43.0,9413.0,9.698382157851224,0.5690855162820296,0.9399567315700368
ID2100,2100,3,0.2594521939754486,2205.7349542138286,778.030510625728,0.0,5.0,5,15.0,1,,14.95460614152203,12.0,0.0,44.0,11201.0,10.2182373795812,0.6278679321108876,1.1289588751321877
ID2171,2171,3,0.219633087515831,2196.509436045888,778.4660860412669,0.0,6.0,6,15.0,1,,12.316421895861149,9.0,0.0,39.0,9225.0,9.61296528749363,0.5888835926102468,0.9497177448378481
ID2148,2148,3,0.24077709019184113,2194.5206957898026,770.7734600592069,0.0,7.0,7,15.0,1,,13.118825100133511,10.0,0.0,45.0,9826.0,10.523746039473137,0.6096531533723455,0.9442893648797502
ID2194,2194,3,0.24951593577861786,2197.847442481484,769.4653016079951,0.0,8.0,8,15.0,1,,13.712950600801069,10.0,0.0,46.0,10271.0,11.001293335438746,0.5903476968578912,0.925407364671667
ID2219,2219,3,0.26680123805999756,2201.831074867299,776.8037726050477,0.0,9.0,9,15.0,1,,14.256341789052069,10.0,0.0,51.0,10678.0,11.761942524396007,0.6205430857122674,0.9282616326533116
ID2267,2267,3,0.23846034705638885,2203.795021214112,777.2797000044625,0.0,10.0,10,15.0,1,,13.969292389853138,11.0,0.0,42.0,10463.0,9.88180779517379,0.5771371096485277,1.034612092879589
ID2242,2242,3,0.24556037783622742,2201.026246108478,788.5643994498142,0.0,11.0,11,15.0,1,,13.108144192256342,9.0,0.0,46.0,9818.0,10.883697291754261,0.6224813983945401,0.9241477342333495
ID2289,2289,3,0.23868192732334137,2194.394425830669,788.474764438841,0.0,12.0,12,15.0,1,,12.98931909212283,9.0,0.0,46.0,9729.0,10.818873051660098,0.588223057193965,0.8893340159786028
ID2312,2312,3,0.21985815465450287,2193.4491938020587,788.0508425871685,0.0,13.0,13,15.0,1,,12.465954606141523,10.0,0.0,37.0,9337.0,9.324969487301988,0.5995928869690929,1.0022016772722897
ID2337,2337,3,0.23257754743099213,2191.6117902629826,787.5161798963778,0.0,14.0,14,15.0,1,,13.012016021361816,10.0,0.0,41.0,9746.0,9.916556394047316,0.5953458390087772,0.9793280136779035
ID2361,2361,3,0.2343933880329132,2188.589090738083,784.8143003990706,0.0,15.0,15,15.0,1,,13.706275033377837,11.0,0.0,40.0,10266.0,9.626263408110669,0.5934242429608628,1.0605363548958624
ID2386,2386,3,0.23233191668987274,2186.271806855337,775.9238979709808,0.0,16.0,16,15.0,1,,13.41789052069426,10.0,0.0,42.0,10050.0,9.70488329220249,0.5879861200963521,1.023868766388386
ID2411,2411,3,0.22678419947624207,2185.4410906104995,769.846699494937,0.0,17.0,17,15.0,1,,13.05607476635514,10.0,0.0,42.0,9779.0,9.71751030342013,0.5765019445951949,0.9826387357388918
ID2460,2460,3,0.22982729971408844,2180.3873460072045,765.2975867767376,0.0,18.0,18,15.0,1,,13.23497997329773,11.0,0.0,39.0,9913.0,9.408200110068655,0.6015946767536154,1.0568129004169795
ID2436,2436,3,0.2526293694972992,2172.9655730889203,764.5423343310773,0.0,19.0,19,15.0,1,,13.656875834445929,10.0,0.0,44.0,10229.0,10.975715603426034,0.6184127878184732,0.9509061833916407
ID2487,2487,3,0.2437678426504135,2173.6837502659096,762.2746902296705,0.0,20.0,20,15.0,1,,13.281708945260347,10.0,0.0,43.0,9948.0,10.61614899742344,0.6024103222121955,0.9406663755594882
ID2510,2510,3,0.25809741020202637,2172.932917005105,769.7367308016501,0.0,21.0,21,15.0,1,,13.910547396528704,10.0,0.0,46.0,10419.0,11.546175992403278,0.5941574960256122,0.8980621607523909
ID2534,2534,3,0.24299868941307068,2171.9237795061376,771.5078313747506,0.0,22.0,22,15.0,1,,13.405874499332443,10.0,0.0,44.0,10041.0,10.607018546673197,0.6036640160472392,0.9515107979438873
ID2557,2557,3,0.24487783014774323,2173.1276971880416,773.3054970434564,0.0,23.0,23,15.0,1,,13.34045393858478,10.0,0.0,46.0,9992.0,10.694855093086275,0.6149782503150903,0.9499894392863911
ID2578,2578,3,0.2495371699333191,2172.53719541657,773.5814958305224,0.0,24.0,24,15.0,1,,14.473965287049399,11.0,0.0,41.0,10841.0,10.022217453135685,0.6079859531300633,1.0921065098211906
ID2601,2601,3,0.18972887098789215,2165.9972072148653,770.2072050168108,0.0,25.0,25,15.0,1,,11.811748998664887,10.0,0.0,33.0,8847.0,7.61212589931142,0.5604375517115315,1.114600097741375
ID2623,2623,3,0.2271319478750229,2157.3560258724697,772.267599303927,0.0,26.0,26,15.0,1,,12.914552736982644,11.0,0.0,45.0,9673.0,9.706972201726419,0.5915305440353167,0.9889806092913087
ID2643,2643,3,0.24595907330513,2158.26910540381,764.7654637021509,0.0,27.0,27,15.0,1,,14.053404539385848,10.0,0.0,43.0,10526.0,10.348852517083893,0.5876907006124353,1.005315233516537
ID2666,2666,3,0.23327602446079254,2160.9746989534483,757.4964230556316,0.0,28.0,28,15.0,1,,13.357810413885181,10.0,0.0,42.0,10005.0,9.662770138531977,0.6033519532725359,1.0404123057062677
ID2690,2690,3,0.23622770607471466,2167.017701515543,758.5284507668031,0.0,29.0,29,15.0,1,,13.042723631508679,10.0,0.0,41.0,9769.0,10.531505626154896,0.5770699005755017,0.9063278032227886
ID2713,2713,3,0.23302100598812103,2165.7673801533783,753.2080829231273,0.0,30.0,30,15.0,1,,13.042723631508679,10.0,0.0,44.0,9769.0,10.28267797651495,0.5738693082413132,0.9249886086940042
ID2736,2736,3,0.20884643495082855,2162.620204970207,741.9406554924607,0.0,31.0,31,15.0,1,,12.272363150867823,10.0,0.0,37.0,9192.0,8.717064670339177,0.5813419417356382,1.0351273717722487
ID2759,2759,3,0.2273140251636505,2163.3958610677096,736.3030101883769,0.0,32.0,32,15.0,1,,12.692923898531376,10.0,0.0,42.0,9507.0,9.922653583589561,0.5920686582177889,0.9514240411327002
ID2783,2783,3,0.23265986144542694,2157.868809911326,738.3258082106036,0.0,33.0,33,15.0,1,,12.76101468624833,10.0,0.0,42.0,9558.0,10.198184646888386,0.6088278187137596,0.9470594765577168
ID2806,2806,3,0.21611613035202026,2158.6429725959824,732.4197714671907,0.0,34.0,34,15.0,1,,11.979973297730307,9.0,0.0,39.0,8973.0,9.681609143848926,0.5764564739342163,0.90494635797814
ID2829,2829,3,0.2244909703731537,2154.6936603958334,731.6213780988023,0.0,35.0,35,15.0,1,,12.226969292389853,9.0,0.0,42.0,9158.0,10.318938977986484,0.5757634818713602,0.8658982410529934
ID2850,2850,3,0.22581341862678528,2154.4609646887634,730.0082762917644,0.0,36.0,36,15.0,1,,13.142857142857142,10.0,0.0,44.0,9844.0,9.771159289352866,0.5675826388673751,0.9740300322166711
ID2875,2875,3,0.22804227471351624,2160.382392329293,725.4351713879859,0.0,37.0,37,15.0,1,,12.871829105473966,10.0,0.0,38.0,9641.0,9.684577269583956,0.6013348105841118,0.9982143135240648
ID2899,2899,3,0.2558760643005371,2166.3149777581807,728.00709856544,0.0,38.0,38,15.0,1,,13.459279038718291,9.0,0.0,48.0,10081.0,11.522473275673534,0.6165354236584947,0.89100243674819
ID2921,2921,3,0.2401234209537506,2163.5219697637726,726.1164518374612,0.0,39.0,39,15.0,1,,13.013351134846461,10.0,0.0,45.0,9747.0,10.672811832782555,0.6061641757841729,0.920323734535149
ID2947,2947,3,0.21167795360088348,2170.93440487125,726.7995429047845,0.0,40.0,40,15.0,1,,11.802403204272363,9.0,0.0,39.0,8840.0,9.37461269604486,0.5825598776722227,0.9268885731947645
ID2969,2969,3,0.2464393973350525,2177.051271533476,725.5281026721973,0.0,41.0,41,15.0,1,,13.392523364485982,10.0,0.0,48.0,10031.0,11.351140613306214,0.5767481906731988,0.8631311775841252
ID2990,2990,3,0.23856288194656372,2175.6297985325314,722.8279466966806,0.0,42.0,42,15.0,1,,12.805073431241656,9.0,0.0,44.0,9591.0,11.05392353704249,0.5833094651068539,0.8535497282592962
ID3014,3014,3,0.19657593965530396,2186.1311480497097,729.6848252335449,0.0,43.0,43,15.0,1,,11.961281708945261,11.0,0.0,33.0,8959.0,8.09286650048043,0.5782033098005698,1.082986297451809
ID3037,3037,3,0.23814591765403748,2188.245040756727,730.3817158293156,0.0,44.0,44,15.0,1,,12.861148197596796,9.0,0.0,47.0,9633.0,10.835643759612395,0.5909419769664519,0.88175010435378
ID3060,3060,3,0.23175989091396332,2181.80889762958,731.3504989207028,0.0,45.0,45,15.0,1,,12.719626168224298,9.0,0.0,46.0,9527.0,11.003956598543521,0.5355048968513739,0.8062462638821483
ID3083,3083,3,0.22315119206905365,2178.4358494062826,728.51277092608,0.0,46.0,46,15.0,1,,12.353805073431241,9.0,0.0,44.0,9253.0,10.166346499297129,0.576088997316872,0.888330709692843
ID3104,3104,3,0.15227974951267242,2173.871924502489,735.0659353549838,0.0,47.0,47,15.0,1,,9.95460614152203,9.0,0.0,30.0,7456.0,6.639137786380083,0.5141585669217297,1.0182821098095056
ID3126,3126,3,0.20376819372177124,2169.4903800016223,736.202443874479,0.0,48.0,48,15.0,1,,11.212283044058745,8.0,0.0,39.0,8398.0,9.896877849661273,0.5354500636121081,0.7901492203476739
ID3148,3148,3,0.19336917996406555,2168.21783617624,737.7517394715433,0.0,49.0,49,15.0,1,,11.022696929238986,8.0,0.0,38.0,8256.0,9.161402858870325,0.5289063915209804,0.8324416478958047
ID3170,3170,3,0.20762553811073303,2166.5433456194114,735.4709637337713,0.0,50.0,50,15.0,1,,11.0,7.0,0.0,39.0,8239.0,9.930237946215046,0.5561700212205003,0.7917964620096728
ID3191,3191,3,0.19464750587940216,2166.3581066974766,736.0987336965534,0.0,51.0,51,15.0,1,,10.823765020026702,7.0,0.0,40.0,8107.0,9.613155047995226,0.5111578094202033,0.7617063645707154
ID3210,3210,3,0.1726316213607788,2172.128626837864,732.3601813014009,0.0,52.0,52,15.0,1,,10.006675567423231,7.0,0.0,34.0,7495.0,8.151881005839849,0.5191087882824927,0.8389411339292943
ID3231,3231,3,0.19820760190486908,2165.80530507192,726.7615589457928,0.0,53.0,53,15.0,1,,10.720961281708945,7.0,0.0,41.0,8030.0,9.914384900320712,0.5206980990757278,0.7405270671285457
ID3253,3253,3,0.19025568664073944,2163.5848455359705,722.4892398256878,0.0,54.0,54,15.0,1,,10.528704939919892,7.0,0.0,36.0,7886.0,9.302739005245794,0.5203331812637942,0.7747058961922679
ID3273,3273,3,0.2178889364004135,2162.575480813438,720.7632528650821,0.0,55.0,55,15.0,1,,11.763684913217624,7.0,0.0,44.0,8811.0,10.589898591519285,0.5360888399193863,0.7753575324192374
ID3292,3292,3,0.1952034831047058,2158.9459929935474,724.6025999207139,0.0,56.0,56,15.0,1,,10.815754339118826,8.0,0.0,39.0,8101.0,9.31895989373638,0.5468324032148097,0.8205977987545987
ID3311,3311,3,0.1830749809741974,2171.841677984392,731.7940732583008,0.0,57.0,57,15.0,1,,11.230974632843791,10.0,0.0,34.0,8412.0,7.819918468306419,0.536712591425095,1.0032157718434278
ID3333,3333,3,0.18627609312534332,2168.6242505687874,734.3321742282302,0.0,58.0,58,15.0,1,,10.822429906542055,8.0,0.0,38.0,8106.0,8.752798114678741,0.5242202401322952,0.850499233596623
ID3353,3353,3,0.19584670662879944,2170.4268655837495,740.6647627263981,0.0,59.0,59,15.0,1,,11.209612817089452,8.0,0.0,39.0,8396.0,9.151874445485568,0.5246389628242139,0.8429543983631586
ID3374,3374,3,0.21127964556217194,2176.174924156971,739.7177603838888,0.0,60.0,60,15.0,1,,11.890520694259012,9.0,0.0,41.0,8906.0,9.880910043344429,0.5384499417227636,0.8423564156008734
ID3395,3395,3,0.1901319921016693,2178.7367165450987,739.6399255374666,0.0,61.0,61,15.0,1,,10.453938584779706,7.0,0.0,41.0,7830.0,9.321763167862631,0.5326483867843643,0.7794889422961482
ID3415,3415,3,0.17902901768684387,2172.403725324369,743.9660422157095,0.0,62.0,62,15.0,1,,10.911882510013351,9.0,0.0,32.0,8173.0,7.9816119092993745,0.5331970641193934,0.9508868470412563
ID3436,3436,3,0.18509623408317566,2169.0271157635034,744.1853604640943,0.0,63.0,63,15.0,1,,9.935914552736982,7.0,0.0,38.0,7442.0,9.261712046094646,0.537525693082266,0.7501073402546621
ID3455,3455,3,0.18646390736103058,2171.158908808502,742.0132475725536,0.0,64.0,64,15.0,1,,10.528704939919892,7.0,0.0,37.0,7886.0,8.907924192960385,0.5252888060926096,0.8140939012292693
ID3476,3476,3,0.21736106276512146,2167.107037684002,742.066576366584,0.0,65.0,65,15.0,1,,12.001335113484647,8.0,0.0,42.0,8989.0,10.246363556380745,0.5585258336977957,0.8394968235909
ID3496,3496,3,0.19325971603393555,2166.1101530644414,738.9049138420469,0.0,66.0,66,15.0,1,,10.870493991989319,8.0,0.0,41.0,8142.0,9.50333729146934,0.5047045327623783,0.767342245166173
ID3516,3516,3,0.16906747221946716,2162.7583846007537,741.8372538528428,0.0,67.0,67,15.0,1,,9.811748998664887,7.0,0.0,34.0,7349.0,8.010893035800185,0.5221749973073514,0.8403244143419614
ID3538,3538,3,0.20364642143249512,2166.5691732454384,741.7316690348365,0.0,68.0,68,15.0,1,,11.427236315086782,8.0,0.0,44.0,8559.0,9.769624729324795,0.5116791702647703,0.7918290510691697
ID3559,3559,3,0.18830686807632446,2169.4534449109156,741.583476751884,0.0,69.0,69,15.0,1,,10.683578104138851,7.0,0.0,38.0,8002.0,8.908627676196975,0.5247466456812342,0.8254445433595713
ID3579,3579,3,0.2075842022895813,2164.2449232272365,743.7498443686053,0.0,70.0,70,15.0,1,,11.436582109479305,8.0,0.0,40.0,8566.0,9.560966604902129,0.5694166782876108,0.8679932876762708
ID3600,3600,3,0.210881769657135,2162.921581381504,750.569248405713,0.0,71.0,71,15.0,1,,11.242990654205608,7.0,0.0,44.0,8421.0,10.412853001054485,0.5532123107891799,0.7691359653597007
ID3619,3619,3,0.19059130549430847,2165.5926764373025,756.1746749177304,0.0,72.0,72,15.0,1,,11.476635514018692,9.0,0.0,34.0,8596.0,8.213953915897045,0.5418709624765361,0.9820648614069727
ID3640,3640,3,0.2209557294845581,2174.9814984110053,759.084995611462,0.0,73.0,73,15.0,1,,12.323097463284379,8.0,0.0,46.0,9230.0,10.22957142647555,0.5525689200948837,0.857487910414143
ID3660,3660,3,0.1956271231174469,2174.6017112548398,753.4538552982684,0.0,74.0,74,15.0,1,,10.809078771695594,7.0,0.0,43.0,8096.0,9.870396663758555,0.5008358317139624,0.7308803300868092
ID3678,3678,3,0.21027572453022003,2175.3821824109277,748.0356788299472,0.0,75.0,75,15.0,1,,11.400534045393858,8.0,0.0,41.0,8539.0,10.342131253218527,0.5303582323595845,0.7640492552536868
ID3717,3717,3,0.18447016179561615,2171.7174137150137,747.0482834651253,0.0,76.0,76,15.0,1,,10.841121495327103,8.0,0.0,35.0,8120.0,8.356054951682644,0.5355465179737766,0.9049761675769546
ID3698,3698,3,0.16012156009674072,2158.9824095096374,748.9460838281295,0.0,77.0,77,15.0,1,,10.138851802403204,9.0,0.0,28.0,7594.0,7.022838926980923,0.4918815072746726,0.9519896517255758
ID3732,3732,3,0.2108621895313263,2153.9074685275564,753.0160935360894,0.0,78.0,78,15.0,1,,11.209612817089452,7.0,0.0,43.0,8396.0,10.516227007100134,0.5437750042708055,0.7509238378964737
ID3753,3753,3,0.19232483208179474,2152.939349568875,757.6697595557335,0.0,79.0,79,15.0,1,,10.730307076101468,7.0,0.0,39.0,8037.0,9.547203445101397,0.5043920216870548,0.7536559912519021
ID3775,3775,3,0.15176373720169067,2154.163205037557,760.6840470748949,0.0,80.0,80,15.0,1,,9.540720961281709,8.0,0.0,31.0,7146.0,6.858384931202583,0.479515915251666,0.9017221090612768
ID3793,3793,3,0.17390118539333344,2157.1723184577363,761.8657932531706,0.0,81.0,81,15.0,1,,10.145527369826436,7.0,0.0,35.0,7599.0,8.367649820886694,0.5003051709994129,0.808642403252304
ID3812,3812,3,0.1231917068362236,2160.7307017930025,768.4047577715506,0.0,82.0,82,15.0,1,,8.44192256341789,7.0,0.0,28.0,6323.0,5.80115280258289,0.45435102985776193,0.9092416655180485
ID3830,3830,3,0.14291881024837494,2158.9357030692586,762.1008327281769,0.0,83.0,83,15.0,1,,9.544726301735647,8.0,0.0,27.0,7149.0,6.392022901757578,0.4848568029148049,0.9751783998862174
ID3869,3869,3,0.15579214692115784,2157.308938893182,762.3483827634076,0.0,84.0,84,15.0,1,,9.492656875834445,7.0,0.0,32.0,7110.0,7.657369454911183,0.4561906278465224,0.7767232482193759
ID3849,3849,3,0.15814289450645447,2158.3044073657957,769.5537768497585,0.0,85.0,85,15.0,1,,9.237650200267023,7.0,0.0,34.0,6919.0,7.91580851319582,0.492195524687818,0.7698536196867078
ID3887,3887,3,0.18333470821380615,2156.1399279741827,769.8057653272818,0.0,86.0,86,15.0,1,,10.643524699599466,8.0,0.0,37.0,7972.0,8.964414280295212,0.48942132019182677,0.7802950775421715
ID3908,3908,3,0.15433534979820251,2156.7239127856205,777.0492434091119,0.0,87.0,87,15.0,1,,9.50200267022697,7.0,0.0,29.0,7117.0,7.59830819510503,0.4513216473270972,0.7777691811397437
ID3926,3926,3,0.17059068381786346,2152.7836050246137,778.714921134585,0.0,88.0,88,15.0,1,,10.51935914552737,8.0,0.0,34.0,7879.0,7.968266715859024,0.47778761711542317,0.8536469298544732
ID3948,3948,3,0.1596498191356659,2151.1518247161916,774.7853541007478,0.0,89.0,89,15.0,1,,10.162883845126835,8.0,0.0,31.0,7612.0,7.566119259982357,0.4571703647376675,0.8428329682755508
ID3968,3968,3,0.17196796834468842,2151.8726512619223,775.5276346806874,0.0,90.0,90,15.0,1,,10.225634178905207,7.0,0.0,36.0,7659.0,8.446027752211679,0.4772369764782068,0.7822609644561886
ID3988,3988,3,0.15495431423187256,2155.91286993148,773.791320790031,0.0,91.0,91,15.0,1,,9.355140186915888,7.0,0.0,30.0,7007.0,7.596925629782025,0.46510642346245984,0.7818538618011673
ID4025,4025,3,0.17878347635269165,2153.2119175973817,763.3200530711907,0.0,92.0,92,15.0,1,,10.333778371161548,8.0,0.0,36.0,7740.0,8.6975744519111,0.5054184854303596,0.7977831531682842
ID4008,4008,3,0.17172880470752716,2147.9676583011747,758.2551794848598,0.0,93.0,93,15.0,1,,10.134846461949266,8.0,0.0,38.0,7591.0,8.30753962265661,0.492980305233039,0.8056570999526294
ID4045,4045,3,0.20526261627674103,2148.2530796981564,755.5600189380245,0.0,94.0,94,15.0,1,,11.283044058744993,8.0,0.0,43.0,8451.0,9.947723966400174,0.5406486092361106,0.7960567840846261
ID4063,4063,3,0.1931653767824173,2155.022896788182,757.7823463208744,0.0,95.0,95,15.0,1,,10.791722296395193,7.0,0.0,41.0,8083.0,9.22081381027982,0.533272031538019,0.814106265547443
ID4102,4102,3,0.15804749727249146,2156.8520212702224,753.4554660278503,0.0,96.0,96,15.0,1,,9.4913217623498,7.0,0.0,31.0,7109.0,7.392111128794538,0.49283121637805694,0.8477654351533396
ID4082,4082,3,0.1923886239528656,2154.761781807686,752.1422529469581,0.0,97.0,97,15.0,1,,11.279038718291055,8.0,0.0,38.0,8448.0,8.713248326594695,0.5309706979938383,0.897895237182356
ID4121,4121,3,0.18737588822841644,2153.5700892828017,754.0013961383071,0.0,98.0,98,15.0,1,,10.953271028037383,8.0,0.0,37.0,8204.0,8.837463134882245,0.5176374439251387,0.8454810252256069
ID4139,4139,3,0.14582344889640808,2152.4128361688777,754.3038088006502,0.0,99.0,99,15.0,1,,9.711615487316422,8.0,0.0,28.0,7274.0,6.5535340657044,0.47999058335783756,0.9612130946276871
ID4158,4158,3,0.13136866688728333,2149.674186348258,756.6788029041032,0.0,100.0,100,15.0,1,,8.650200267022697,7.0,0.0,30.0,6479.0,6.469627979241628,0.42132552680224394,0.7926857775531115
ID4177,4177,3,0.11603035777807236,2150.7499210390465,764.0150574804325,0.0,101.0,101,15.0,1,,8.560747663551401,8.0,0.0,24.0,6412.0,5.225462902160567,0.4489846250306485,1.0152771567669692
ID4198,4198,3,0.11231812834739685,2153.5988800508644,770.1955406795439,0.0,102.0,102,15.0,1,,7.991989319092123,7.0,0.0,24.0,5986.0,5.118378327729216,0.43586004082582347,0.9479544122024138
ID4216,4216,3,0.1496562361717224,2150.379535447854,777.2613211828589,0.0,103.0,103,15.0,1,,9.71562082777036,8.0,0.0,32.0,7277.0,7.248126001238737,0.43972130411443877,0.818792572845312
ID4239,4239,3,0.13153918087482452,2152.07186300087,784.1918596691208,0.0,104.0,104,15.0,1,,8.834445927903872,7.0,0.0,29.0,6617.0,6.124976404522929,0.4574587081816231,0.9054417842609579
ID4257,4257,3,0.17003199458122253,2148.219621190744,786.1743186535089,0.0,105.0,105,15.0,1,,10.12283044058745,8.0,0.0,35.0,7582.0,8.298629130996968,0.4733260407798565,0.7837672914742841
ID4277,4277,3,0.20730151236057281,2155.5285672804134,785.4805293504613,0.0,106.0,106,15.0,1,,11.21762349799733,7.0,0.0,40.0,8402.0,9.973194512451391,0.5546774074237772,0.8025955645226894
ID4297,4297,3,0.20965805649757385,2153.216227803335,789.7457295060872,0.0,107.0,107,15.0,1,,11.500667556742323,8.0,0.0,44.0,8614.0,10.008235223107267,0.5506928952092118,0.8161673509241869
ID4316,4316,3,0.2105311006307602,2150.7673723399826,794.215141226552,0.0,108.0,108,15.0,1,,11.995994659546062,9.0,0.0,39.0,8985.0,9.451606828277145,0.5552960991235124,0.9063003587832786
ID4336,4336,3,0.21031679213047028,2143.7245756327757,788.9877052153465,0.0,109.0,109,15.0,1,,12.136181575433913,10.0,0.0,38.0,9090.0,9.130376921373207,0.5769373814788398,0.9726074357058668
ID4376,4376,3,0.23985210061073303,2145.562406200413,781.4645533869362,0.0,110.0,110,15.0,1,,13.492656875834445,10.0,0.0,43.0,10106.0,10.417180996324452,0.5841588109018899,0.9552333493607597
ID4356,4356,3,0.22606536746025085,2153.1936001182366,786.7811590144785,0.0,111.0,111,15.0,1,,12.702269692923899,9.0,0.0,41.0,9514.0,10.17839578867473,0.5591262046173251,0.895077348165485
ID4395,4395,3,0.21797990798950195,2158.4057985822337,787.863239774774,0.0,112.0,112,15.0,1,,12.025367156208278,8.0,0.0,45.0,9007.0,10.663203135158165,0.5161004861676125,0.7677979340965655
ID4415,4415,3,0.2443663775920868,2159.9560677140107,784.1969325971581,0.0,113.0,113,15.0,1,,13.337783711615486,9.0,0.0,47.0,9990.0,11.47687402246311,0.5565354232561037,0.8310436877626836
ID4456,4456,3,0.2373986542224884,2159.3163262588914,788.5199299712023,0.0,114.0,114,15.0,1,,12.25233644859813,8.0,0.0,46.0,9177.0,11.29202243193081,0.596956469619927,0.811197797076917
ID4435,4435,3,0.23107318580150604,2162.631935826186,786.0653453788743,0.0,115.0,115,15.0,1,,12.013351134846461,8.0,0.0,48.0,8998.0,11.131678220805986,0.5860935659474631,0.7975752585312897
ID4494,4494,3,0.23557813465595245,2164.896730692477,789.3572848945016,0.0,116.0,116,15.0,1,,13.540720961281709,10.0,0.0,44.0,10142.0,10.550110119979369,0.5435984015270778,0.9039796257277355
ID4476,4476,3,0.17923253774642944,2170.661684089467,783.2707578782672,0.0,117.0,117,15.0,1,,10.634178905206943,8.0,0.0,37.0,7965.0,9.042218640422943,0.4544187504233028,0.7348957441052558
ID4514,4514,3,0.20446562767028809,2176.584959012694,778.8797189114186,0.0,118.0,118,15.0,1,,11.822429906542055,8.0,0.0,43.0,8855.0,10.050100644504305,0.47762131109025674,0.7604783994054785
ID4534,4534,3,0.16640640795230865,2166.640279920517,781.2185932714833,0.0,119.0,119,15.0,1,,10.349799732977303,8.0,0.0,40.0,7752.0,8.325461274975877,0.4236064287169424,0.7398202915237996
ID4574,4574,3,0.19247819483280182,2159.5355024725554,778.2314984371699,0.0,120.0,120,15.0,1,,10.847797062750335,7.0,0.0,41.0,8125.0,9.6717965350521,0.48905217601338125,0.7367322409702888
ID4554,4554,3,0.1836787313222885,2161.95101368808,777.650867345565,0.0,121.0,121,15.0,1,,11.06675567423231,8.0,0.0,38.0,8289.0,8.876353720383703,0.46823237970986237,0.7952109704507547
ID4594,4594,3,0.13731294870376587,2164.701749450151,782.2166446568176,0.0,122.0,122,15.0,1,,9.037383177570094,7.0,0.0,30.0,6769.0,6.75971802633009,0.41822317448931573,0.7885107676882095
ID4616,4616,3,0.14714622497558594,2163.6896196187813,786.5834537941075,0.0,123.0,123,15.0,1,,10.675567423230975,9.0,0.0,32.0,7996.0,6.3891371384659195,0.42985423837718145,1.0046347577622952
ID4637,4637,3,0.18377311527729034,2151.113350795036,792.5352285359924,0.0,124.0,124,15.0,1,,10.78237650200267,8.0,0.0,39.0,8076.0,9.404425469365947,0.47312902614391117,0.7364631564362847
ID4656,4656,3,0.19394183158874512,2150.70076816479,786.9587204834128,0.0,125.0,125,15.0,1,,10.560747663551401,7.0,0.0,44.0,7910.0,9.733925868283345,0.5168710720605284,0.7393842317379705
ID4677,4677,3,0.21461519598960876,2156.190257871496,785.9821775389939,0.0,126.0,126,15.0,1,,11.791722296395193,8.0,0.0,39.0,8832.0,10.452432915255242,0.528154467046456,0.7798005757673944
ID4696,4696,3,0.19520269334316254,2158.4383477510196,783.9249008792722,0.0,127.0,127,15.0,1,,11.48731642189586,8.0,0.0,41.0,8604.0,9.667267219298095,0.4690475800582736,0.758797504369625
ID4738,4738,3,0.1382981687784195,2166.088500115971,785.5053744107955,0.0,128.0,128,15.0,1,,10.065420560747663,8.0,0.0,31.0,7539.0,6.681824896480287,0.38231386178903287,0.8332593826206406
ID4717,4717,3,0.16430392861366272,2163.29255718716,793.3478245298879,0.0,129.0,129,15.0,1,,10.655540720961282,8.0,0.0,36.0,7981.0,7.7486525916859765,0.4463260417353968,0.8487217273009071
ID4758,4758,3,0.16456854343414307,2158.876304806887,787.3471480249527,0.0,130.0,130,15.0,1,,10.606141522029372,9.0,0.0,35.0,7944.0,7.729450221972799,0.4579111248809391,0.8619636542134982
ID4778,4778,3,0.2061038762331009,2153.5735280848767,778.0677907145434,0.0,131.0,131,15.0,1,,11.188251001335113,8.0,0.0,42.0,8380.0,10.03686098110492,0.5403025646839769,0.78203335754284
ID4816,4816,3,0.19742532074451447,2153.62149045557,780.6602732458127,0.0,132.0,132,15.0,1,,11.644859813084112,8.0,0.0,43.0,8722.0,9.42813606248204,0.4902953026774972,0.8126879469683551
ID4796,4796,3,0.19718581438064575,2151.532355566992,781.9751623914416,0.0,133.0,133,15.0,1,,11.851802403204273,9.0,0.0,39.0,8877.0,9.358040815081555,0.4808036681384422,0.8224315334622372
ID4836,4836,3,0.19056583940982819,2154.2031191383503,784.3347786222495,0.0,134.0,134,15.0,1,,12.233644859813085,10.0,0.0,37.0,9163.0,8.904883007450504,0.4446594304937617,0.8457065163893643
ID4856,4856,3,0.16576741635799408,2149.5116644237373,784.0356064643562,0.0,135.0,135,15.0,1,,10.903871829105475,9.0,0.0,35.0,8167.0,7.546210471192076,0.4653719288390063,0.917770586622613
ID4896,4896,3,0.15655700862407684,2143.3261725876305,786.9362896943151,0.0,136.0,136,15.0,1,,10.082777036048064,8.0,0.0,32.0,7552.0,7.791129247519755,0.4283802627429081,0.7762388280201264
ID4877,4877,3,0.20709756016731262,2149.9866949028756,777.6244137204372,0.0,137.0,137,15.0,1,,11.403204272363151,8.0,0.0,42.0,8541.0,10.326244555369977,0.49871631408723704,0.7349344984596226
ID4918,4918,3,0.19743630290031433,2158.563867035253,777.9835506913751,0.0,138.0,138,15.0,1,,11.682242990654206,9.0,0.0,39.0,8750.0,8.957443490904547,0.5274565876008851,0.9007203997162536
ID4940,4940,3,0.21382085978984833,2158.7752429203497,782.4757117646445,0.0,139.0,139,15.0,1,,11.899866488651535,8.0,0.0,43.0,8913.0,10.50995771695098,0.5156122882807637,0.7703822306926109
ID4959,4959,3,0.20333299040794373,2156.2994335705234,782.8449821781522,0.0,140.0,140,15.0,1,,12.387182910547397,9.0,0.0,42.0,9278.0,9.739914360982828,0.4681579277478367,0.8110862057392372
ID4981,4981,3,0.2171248346567154,2152.09522553474,786.4120814771333,0.0,141.0,141,15.0,1,,12.626168224299066,9.0,0.0,43.0,9457.0,10.297274385151953,0.5050058839137243,0.8228819233747897
ID5023,5023,3,0.1935608685016632,2158.395937743425,783.3910293809727,0.0,142.0,142,15.0,1,,12.29506008010681,10.0,0.0,36.0,9209.0,8.781040566215927,0.4650797753213625,0.888957192732772
ID5001,5001,3,0.1562981754541397,2152.091611683181,788.6872237455052,0.0,143.0,143,15.0,1,,11.433911882510014,10.0,0.0,30.0,8564.0,6.8202649671527835,0.43002687562186254,1.0082656888487482
ID5064,5064,3,0.16476263105869293,2138.4907576520136,793.9070770287143,0.0,144.0,144,15.0,1,,11.84245660881175,11.0,0.0,31.0,8870.0,7.039366946333559,0.4473548947726858,1.0399569283437495
ID5043,5043,3,0.18509967625141144,2131.5101221643095,799.1192248618755,0.0,145.0,145,15.0,1,,11.037383177570094,8.0,0.0,35.0,8267.0,9.22410766020447,0.45336324487872937,0.7465241945207104
ID5105,5105,3,0.2108297199010849,2138.5882069865575,796.769549342222,0.0,146.0,146,15.0,1,,13.457943925233645,11.0,0.0,42.0,10080.0,9.610455900311102,0.46334500899116493,0.8867934537323267
ID5084,5084,3,0.21345989406108856,2144.3893003677895,798.4241652223147,0.0,147.0,147,15.0,1,,14.100133511348465,12.0,0.0,44.0,10561.0,9.081588737266522,0.47279828250657285,0.9968366819923372
ID5126,5126,3,0.16210946440696716,2145.4495860066854,798.5224759246564,0.0,148.0,148,15.0,1,,11.627503337783711,11.0,0.0,33.0,8709.0,7.391015053272632,0.42472059550670704,0.9379636339279408
ID5148,5148,3,0.11697360128164291,2141.799823310898,798.4499461504582,0.0,149.0,149,15.0,1,,10.618157543391188,10.0,0.0,26.0,7953.0,4.655339217697384,0.41477057644951093,1.3373643734597491
ID2075,2075,4,0.20903103053569794,1227.049298786911,1183.8176084518157,0.0,0.0,0,15.0,1,,11.91588785046729,9.0,0.0,42.0,8925.0,9.617393232385584,0.5481140604079073,0.877338154779027
ID2014,2014,4,0.2001762092113495,1219.8443303136328,1190.725776921207,0.0,1.0,1,15.0,1,,11.58210947930574,9.0,0.0,39.0,8675.0,9.11250244947796,0.540423629815983,0.8918137447871697
ID2021,2021,4,0.18713121116161346,1222.2287901099478,1190.246720795264,0.0,2.0,2,15.0,1,,10.555407209612817,8.0,0.0,36.0,7906.0,8.59711357176215,0.5599877125361281,0.8814742784405022
ID2052,2052,4,0.15250909328460693,1232.7971235570355,1190.1318361287374,0.0,3.0,3,15.0,1,,10.025367156208278,8.0,0.0,32.0,7509.0,6.684097780084661,0.48584954026251287,0.9808767709311288
ID2126,2126,4,0.18073679506778717,1237.1519895729834,1190.8089350711914,0.0,4.0,4,15.0,1,,10.413885180240321,8.0,0.0,37.0,7800.0,8.350581618134761,0.5318352591519792,0.8659466176355085
ID2101,2101,4,0.14112013578414917,1244.2577990700431,1196.3399164018906,0.0,5.0,5,15.0,1,,9.2456608811749,8.0,0.0,25.0,6925.0,6.000534557054597,0.4997318743227642,1.026836844867441
ID2172,2172,4,0.1344752311706543,1248.2762828125537,1195.5491002840615,0.0,6.0,6,15.0,1,,9.628838451268358,9.0,0.0,27.0,7212.0,5.705895380937047,0.45934485106890227,1.062333835325276
ID2149,2149,4,0.13227517902851105,1247.6227030751322,1199.1204443334484,0.0,7.0,7,15.0,1,,8.878504672897197,7.0,0.0,30.0,6650.0,6.1182579313027174,0.4533423222671862,0.9053163957035677
ID2195,2195,4,0.14277535676956177,1259.4366648424168,1198.2336928984585,0.0,8.0,8,15.0,1,,9.456608811748998,8.0,0.0,30.0,7083.0,6.445974553914131,0.4622488158628838,0.927537254299464
ID2220,2220,4,0.177018404006958,1261.4370069867705,1197.7192417722897,0.0,9.0,9,15.0,1,,10.44192256341789,8.0,0.0,39.0,7821.0,8.275884981960372,0.5134103610320448,0.8560594850687457
ID2268,2268,4,0.17876967787742615,1257.737397220533,1199.81017863324,0.0,10.0,10,15.0,1,,10.941255006675567,9.0,0.0,34.0,8195.0,7.935014735377615,0.5045278326591859,0.92477121129688
ID2243,2243,4,0.1540968418121338,1262.0022217629319,1203.3290435229542,0.0,11.0,11,15.0,1,,9.57543391188251,8.0,0.0,28.0,7172.0,6.915937958046155,0.5167936805774821,0.9434699105183063
ID2290,2290,4,0.16316382586956024,1261.8834651054428,1204.2536153790163,0.0,12.0,12,15.0,1,,9.77570093457944,7.0,0.0,32.0,7322.0,7.430274622015579,0.522773443445232,0.9033400395532518
ID2314,2314,4,0.11623004078865051,1266.0270094099183,1201.450622860063,0.0,13.0,13,15.0,1,,8.67022696929239,8.0,0.0,24.0,6494.0,5.049692379762776,0.44146151129371697,1.0516841651642195
ID2339,2339,4,0.10273323208093643,1277.1973043525124,1195.7717059517706,0.0,14.0,14,15.0,1,,7.850467289719626,7.0,0.0,22.0,5880.0,4.905422670147008,0.4156564091584084,0.9397789047456182
ID2364,2364,4,0.12127018719911575,1283.585582319587,1202.4958993336134,0.0,15.0,15,15.0,1,,9.71562082777036,10.0,0.0,24.0,7277.0,4.642921591429744,0.47626451612695,1.3501849045918863
ID2389,2389,4,0.1123676672577858,1274.8639328501245,1201.6133799080585,0.0,16.0,16,15.0,1,,8.432576769025367,8.0,0.0,23.0,6316.0,4.984178863124798,0.432690252495263,1.0219307933786972
ID2414,2414,4,0.1215171292424202,1271.199488093647,1204.570242643074,0.0,17.0,17,15.0,1,,8.732977303070761,8.0,0.0,26.0,6541.0,5.568556137879379,0.4490987717774666,0.9720611894795649
ID2463,2463,4,0.1310597062110901,1267.0164768052512,1200.1818420626678,0.0,18.0,18,15.0,1,,8.778371161548732,7.0,0.0,28.0,6575.0,6.166930265062234,0.44249448132425884,0.8733103273978905
ID2438,2438,4,0.13439960777759552,1265.005431279654,1204.2587395594567,0.0,19.0,19,15.0,1,,9.299065420560748,8.0,0.0,28.0,6965.0,5.937397265735969,0.4636369137386963,0.9922425406552638
ID2489,2489,4,0.14700622856616974,1272.8666069859528,1206.7881010244746,0.0,20.0,20,15.0,1,,9.405874499332443,8.0,0.0,27.0,7045.0,6.466141158906323,0.5053820150896603,0.9766907029518177
ID2512,2512,4,0.13368266820907593,1276.4930398523036,1214.529261836807,0.0,21.0,21,15.0,1,,9.403204272363151,8.0,0.0,26.0,7043.0,5.99935739760124,0.4404995348121573,0.958591256355198
ID2536,2536,4,0.15905490517616272,1276.0986346767827,1212.5120168462388,0.0,22.0,22,15.0,1,,10.535380507343124,9.0,0.0,31.0,7891.0,6.6956678883686305,0.4960278161451255,1.0434044392178468
ID2558,2558,4,0.14979188144207,1274.656763969771,1210.553674200603,0.0,23.0,23,15.0,1,,9.51935914552737,8.0,0.0,31.0,7130.0,6.678139900446308,0.5093437674282729,0.9620663518223895
ID2580,2580,4,0.13023577630519867,1277.8530319671002,1207.8547966514052,0.0,24.0,24,15.0,1,,8.663551401869158,7.0,0.0,30.0,6489.0,6.200657088829377,0.44766431564959613,0.8641175894192479
ID2603,2603,4,0.16735021770000458,1284.002445673618,1214.1854809858983,0.0,25.0,25,15.0,1,,10.116154873164218,8.0,0.0,34.0,7577.0,7.603202122884589,0.5259961705912742,0.9172296136783037
ID2625,2625,4,0.1636468470096588,1279.9769895557538,1211.7736466416952,0.0,26.0,26,15.0,1,,10.515353805073431,8.0,0.0,36.0,7876.0,7.318670124736329,0.481330762884659,0.9337127520146896
ID2645,2645,4,0.17268015444278717,1275.216785567653,1218.010563535291,0.0,27.0,27,15.0,1,,10.688918558077436,8.0,0.0,35.0,8006.0,8.01023059279665,0.47601686292196893,0.8606959592064521
ID2668,2668,4,0.14523175358772278,1268.5088252553667,1221.2855034175323,0.0,28.0,28,15.0,1,,9.4913217623498,7.0,0.0,37.0,7109.0,6.985966987320699,0.4459507291535547,0.838037681992679
ID2692,2692,4,0.15149028599262238,1266.1045717727231,1225.8578259980939,0.0,29.0,29,15.0,1,,9.845126835781041,8.0,0.0,32.0,7374.0,7.099750947743687,0.46058906590247767,0.8745683884651264
ID2715,2715,4,0.15773136913776398,1259.8842423359365,1226.3874422807417,0.0,30.0,30,15.0,1,,10.193591455273697,9.0,0.0,31.0,7635.0,6.983262001418947,0.48349371469228436,0.9514895108951484
ID2738,2738,4,0.1744907945394516,1254.4246186757048,1229.874654469997,0.0,31.0,31,15.0,1,,10.921228304405874,9.0,0.0,33.0,8180.0,7.7637537497039935,0.5053993528522742,0.9445233224332548
ID2760,2760,4,0.19848425686359406,1253.8488906014031,1230.9432660265195,0.0,32.0,32,15.0,1,,11.479305740987984,9.0,0.0,39.0,8598.0,9.205245049196439,0.5292083475230986,0.8631182319899939
ID2785,2785,4,0.22071631252765656,1249.6279177230992,1228.0104336455377,0.0,33.0,33,15.0,1,,12.69158878504673,10.0,0.0,40.0,9506.0,9.44628474412241,0.5858856390454005,0.9927181034629101
ID2808,2808,4,0.22097942233085632,1251.2786299274596,1224.5619542756351,0.0,34.0,34,15.0,1,,12.331108144192257,10.0,0.0,41.0,9236.0,9.736631118363308,0.59081039087484,0.9407042180225595
ID2830,2830,4,0.1779201477766037,1252.3437105676162,1220.3980366616722,0.0,35.0,35,15.0,1,,10.349799732977303,8.0,0.0,34.0,7752.0,7.873528422895905,0.5580350089216745,0.9416223888274684
ID2852,2852,4,0.16746321320533752,1260.097136490104,1222.4526129790775,0.0,36.0,36,15.0,1,,10.841121495327103,9.0,0.0,34.0,8120.0,7.4338520989683925,0.4901202168498614,0.9593378972082737
ID2878,2878,4,0.1253412663936615,1259.6962427275103,1232.291721498486,0.0,37.0,37,15.0,1,,9.18958611481976,8.0,0.0,24.0,6883.0,5.817073199115779,0.44149910728552205,0.9676913761753706
ID2076,2076,5,0.1975371241569519,2346.7534060490307,1245.942312767872,0.0,0.0,0,15.0,1,,11.253671562082777,8.0,0.0,36.0,8429.0,8.80081139939417,0.5544683399400069,0.9122132781053436
ID2016,2016,5,0.19308802485466003,2350.7109520273907,1247.8989268375963,0.0,1.0,1,15.0,1,,11.76502002670227,10.0,0.0,34.0,8812.0,7.974612417844456,0.5615221054805507,1.0610401132639653
ID2023,2023,5,0.17247019708156586,2351.0461415225627,1234.7193495226668,0.0,2.0,2,15.0,1,,11.05607476635514,10.0,0.0,32.0,8281.0,7.191762673179895,0.5464337132769529,1.0864301074291616
ID2053,2053,5,0.22689968347549438,2349.2044076997877,1233.058981907306,0.0,3.0,3,15.0,1,,13.363150867823766,11.0,0.0,38.0,10009.0,9.412219200202626,0.5748331650432638,1.0364637061243196
ID2127,2127,5,0.2269747406244278,2348.329184328615,1232.8428294467078,0.0,4.0,4,15.0,1,,12.759679572763686,9.0,0.0,41.0,9557.0,9.932845524724762,0.5913750551010227,0.9547431209711511
ID2102,2102,5,0.22095024585723877,2348.7695110745753,1233.1079811544041,0.0,5.0,5,15.0,1,,12.656875834445929,10.0,0.0,37.0,9480.0,9.339469540400014,0.5871537951342579,1.0026911128800695
ID2173,2173,5,0.2098904252052307,2351.2577599592764,1233.1554467688895,0.0,6.0,6,15.0,1,,11.833110814419225,9.0,0.0,39.0,8863.0,9.289904448818882,0.5829361197607192,0.938156424504455
ID2150,2150,5,0.21584369242191315,2353.963111234345,1231.6145840603547,0.0,7.0,7,15.0,1,,12.867823765020027,10.0,0.0,35.0,9638.0,9.042525390886984,0.5647705384250883,1.027227732784722
ID2196,2196,5,0.20427244901657104,2355.335275663192,1231.564235709964,0.0,8.0,8,15.0,1,,11.655540720961282,10.0,0.0,36.0,8730.0,8.904959375461535,0.5815727912165808,0.9625989289682352
ID2221,2221,5,0.21621759235858917,2357.4352888081216,1232.6195994064794,0.0,9.0,9,15.0,1,,12.222963951935915,9.0,0.0,39.0,9155.0,9.30612507601939,0.6051396985969872,0.9903311738057852
ID2269,2269,5,0.2190563678741455,2363.6184504081,1229.9601892068645,0.0,10.0,10,15.0,1,,12.837116154873165,10.0,0.0,39.0,9615.0,9.107654429787392,0.5854672769987397,1.0409653321388532
ID2244,2244,5,0.1784907430410385,2369.129364473466,1226.8102976540636,0.0,11.0,11,15.0,1,,11.359145527369826,10.0,0.0,28.0,8508.0,6.859591615385207,0.5695280657454961,1.2017757680246899
ID2291,2291,5,0.22959601879119873,2373.0198768423315,1228.3330769961603,0.0,12.0,12,15.0,1,,13.296395193591454,11.0,0.0,45.0,9959.0,9.467238772876216,0.6011830885167084,1.054645103108547
ID2315,2315,5,0.21252460777759552,2377.114677785168,1232.4979482493834,0.0,13.0,13,15.0,1,,12.40720961281709,10.0,0.0,39.0,9293.0,9.007038325434356,0.5707198870319536,1.0010283287512487
ID2340,2340,5,0.22409532964229584,2380.7014063078996,1237.1643274160422,0.0,14.0,14,15.0,1,,12.823765020026702,10.0,0.0,41.0,9605.0,9.38002891734163,0.5998217490735878,1.0251607785047945
ID2365,2365,5,0.15988634526729584,2383.102626433789,1245.4418042048303,0.0,15.0,15,15.0,1,,10.881174899866489,9.0,0.0,31.0,8150.0,6.622601933664409,0.5182913675651726,1.1217497664823728
ID2390,2390,5,0.19531142711639404,2376.305910476812,1245.1074213124477,0.0,16.0,16,15.0,1,,11.068090787716956,9.0,0.0,35.0,8290.0,8.653268011905352,0.5631993491440631,0.9216591354869637
ID2415,2415,5,0.16538791358470917,2373.2985980293233,1241.5333422944825,0.0,17.0,17,15.0,1,,10.471295060080108,9.0,0.0,29.0,7843.0,7.09585184650363,0.5287145856927957,1.020753166579601
ID2464,2464,5,0.20282262563705444,2377.5432314549807,1235.9975518176439,0.0,18.0,18,15.0,1,,11.30173564753004,8.0,0.0,39.0,8465.0,9.511308196800096,0.5537061477223059,0.8469257692518558
ID2439,2439,5,0.20451344549655914,2386.27789740566,1232.1541078336245,0.0,19.0,19,15.0,1,,11.229639519359145,8.0,0.0,38.0,8411.0,9.769708040199342,0.5329991822270118,0.7992798143321715
ID2490,2490,5,0.22363626956939697,2382.6862243025284,1232.8089585143634,0.0,20.0,20,15.0,1,,12.25233644859813,9.0,0.0,44.0,9177.0,9.993133231359376,0.5899388764917046,0.9098584235888638
ID2513,2513,5,0.17391447722911835,2382.317625114737,1241.7871019605805,0.0,21.0,21,15.0,1,,10.552736982643525,8.0,0.0,32.0,7904.0,7.931454918524059,0.5233599141042551,0.9141978206155706
ID2537,2537,5,0.18212664127349854,2377.1672557720835,1238.2502060228078,0.0,22.0,22,15.0,1,,10.80373831775701,8.0,0.0,37.0,8092.0,8.126354229611254,0.533670095091526,0.9252289655747247
ID2559,2559,5,0.21708261966705322,2378.3856437830204,1237.9178109910363,0.0,23.0,23,15.0,1,,12.357810413885181,9.0,0.0,43.0,9256.0,9.977655973660095,0.5447621599421154,0.8735510880587837
ID2581,2581,5,0.21024665236473083,2378.6309022368278,1238.3021528665759,0.0,24.0,24,15.0,1,,12.63150867823765,10.0,0.0,38.0,9461.0,8.872258663405027,0.5602195365358954,1.0224064104665973
ID2604,2604,5,0.1764555722475052,2370.262033138752,1233.9588828388012,0.0,25.0,25,15.0,1,,10.242990654205608,8.0,0.0,31.0,7672.0,8.077976902054477,0.5349705206339647,0.8838610115619318
ID2626,2626,5,0.2104623019695282,2367.3764821286763,1233.3853783508328,0.0,26.0,26,15.0,1,,11.885180240320427,9.0,0.0,42.0,8902.0,9.68143141822041,0.5377476195000381,0.8585975160603996
ID2646,2646,5,0.21325580775737762,2371.1882615852464,1236.258189682592,0.0,27.0,27,15.0,1,,11.90921228304406,9.0,0.0,40.0,8920.0,9.760215163976746,0.5588777827584971,0.8749000036967222
ID2669,2669,5,0.23011080920696259,2371.006895046889,1239.5962099935064,0.0,28.0,28,15.0,1,,12.511348464619493,9.0,0.0,49.0,9371.0,10.911478620818594,0.547869672680095,0.8116959504622655
ID2693,2693,5,0.21405519545078278,2368.850629382974,1239.064200350641,0.0,29.0,29,15.0,1,,12.036048064085447,9.0,0.0,39.0,9015.0,9.618944841787192,0.5722043342438399,0.9108117582736498
ID2716,2716,5,0.1902705579996109,2371.242247829527,1234.344919150044,0.0,30.0,30,15.0,1,,11.304405874499333,9.0,0.0,35.0,8467.0,8.181807412847599,0.5679927917820659,1.0009842577195882
ID2739,2739,5,0.22292941808700562,2381.436386349767,1233.855360370414,0.0,31.0,31,15.0,1,,12.421895861148197,9.0,0.0,39.0,9304.0,9.852839713077657,0.5812547826201492,0.9268749591532877
ID2761,2761,5,0.17175740003585815,2377.072818409972,1233.4693912778012,0.0,32.0,32,15.0,1,,10.297730307076101,8.0,0.0,31.0,7713.0,7.509406413371097,0.5478428250744956,0.9707223297855688
ID2786,2786,5,0.2071150690317154,2376.307505647595,1234.0757885846504,0.0,33.0,33,15.0,1,,11.612817089452603,8.0,0.0,40.0,8698.0,9.618645339983793,0.5467727055839775,0.8535598856729616
ID2809,2809,5,0.16860345005989075,2376.2756412983786,1241.8768132234488,0.0,34.0,34,15.0,1,,10.415220293724966,9.0,0.0,32.0,7801.0,7.535820563307511,0.5377411506993854,0.9666248209629281
ID2831,2831,5,0.21938081085681915,2375.802045499341,1247.4455379514275,0.0,35.0,35,15.0,1,,12.69826435246996,10.0,0.0,44.0,9511.0,9.910819436519185,0.5477888556273135,0.9069143485098909
ID2853,2853,5,0.20149700343608856,2377.0419174726885,1240.88435489975,0.0,36.0,36,15.0,1,,11.885180240320427,9.0,0.0,40.0,8902.0,8.942188469639904,0.545656021057239,0.9384217191546159
ID2877,2877,5,0.21824860572814941,2370.869887495373,1231.1585677102184,0.0,37.0,37,15.0,1,,12.233644859813085,9.0,0.0,44.0,9163.0,10.164825593402727,0.5364505527337914,0.8404212832189155
ID2901,2901,5,0.20636112987995148,2367.4522591368695,1236.815184244881,0.0,38.0,38,15.0,1,,11.84913217623498,9.0,0.0,41.0,8875.0,9.2808203076438,0.5470176293058144,0.9028928956622498
ID2923,2923,5,0.2322581708431244,2361.9360105133624,1231.437213910113,0.0,39.0,39,15.0,1,,12.858477970627503,10.0,0.0,41.0,9631.0,10.124822482426563,0.6063673045323118,0.9587890450985813
ID2949,2949,5,0.20200669765472412,2365.465904708989,1233.5942254930783,0.0,40.0,40,15.0,1,,11.423230974632844,9.0,0.0,37.0,8556.0,8.812882204784247,0.5870052938959583,0.9588808185043083
ID2971,2971,5,0.21974225342273712,2358.684562458883,1230.822738209275,0.0,41.0,41,15.0,1,,12.48731642189586,10.0,0.0,41.0,9353.0,9.514211822968326,0.5763603707847561,0.9597649811561453
ID2992,2992,5,0.22166897356510162,2362.769652696964,1231.6264210857728,0.0,42.0,42,15.0,1,,12.467289719626168,9.0,0.0,37.0,9338.0,9.700629052190187,0.5874526977175905,0.9512052950362894
ID3016,3016,5,0.2073291540145874,2362.860267182095,1234.1024297182742,0.0,43.0,43,15.0,1,,12.465954606141523,10.0,0.0,36.0,9337.0,8.571840310776011,0.5673680045995376,1.0528714007757094
ID3038,3038,5,0.20122268795967102,2361.2411217387303,1240.9530949126158,0.0,44.0,44,15.0,1,,12.644859813084112,11.0,0.0,35.0,9471.0,8.140603709618793,0.5448095183848992,1.0956129349026715
ID3062,3062,5,0.21305249631404877,2359.70225796665,1244.12163593668,0.0,45.0,45,15.0,1,,13.097463284379172,11.0,0.0,37.0,9810.0,8.348835550769788,0.5716633367799189,1.1412271534028737
ID3085,3085,5,0.1897779256105423,2355.0187549948278,1245.533596851938,0.0,46.0,46,15.0,1,,11.542056074766355,10.0,0.0,33.0,8645.0,7.667028270775624,0.5778847574996712,1.1026865303554974
ID3106,3106,5,0.20655083656311035,2355.781352364645,1243.9692666959438,0.0,47.0,47,15.0,1,,12.363150867823766,10.0,0.0,36.0,9260.0,8.377077758382656,0.5829469402743676,1.0869993574357235
ID3128,3128,5,0.18750829994678497,2360.5519747345325,1249.8826229887145,0.0,48.0,48,15.0,1,,11.583444592790388,10.0,0.0,33.0,8676.0,7.791057769458924,0.5564591972140431,1.0630822857390396
ID3150,3150,5,0.19467787444591522,2365.061165168235,1262.3160560814513,0.0,49.0,49,15.0,1,,11.789052069425901,10.0,0.0,32.0,8830.0,8.038067037155699,0.5591680643276817,1.0519780703690456
ID3171,3171,5,0.21751077473163605,2366.3861629041035,1261.8457578082373,0.0,50.0,50,15.0,1,,12.531375166889186,9.0,0.0,40.0,9386.0,9.389699718676995,0.570659760465487,0.9697776174164663
ID3192,3192,5,0.21094796061515808,2364.112180516039,1256.8655547106832,0.0,51.0,51,15.0,1,,12.200267022696929,9.0,0.0,38.0,9138.0,9.165586061078807,0.5661178341711212,0.962324390815743
ID3212,3212,5,0.21977023780345917,2373.9975358497627,1258.2023270866462,0.0,52.0,52,15.0,1,,12.439252336448599,9.0,0.0,40.0,9317.0,9.713852916206068,0.5678971426919192,0.927651529830475
ID3233,3233,5,0.22357308864593506,2379.006059570464,1253.28274153216,0.0,53.0,53,15.0,1,,12.213618157543392,9.0,0.0,42.0,9148.0,10.094991418074946,0.5928621641100112,0.9006248345537438
ID3254,3254,5,0.22516894340515137,2379.5094986816953,1254.0568430108447,0.0,54.0,54,15.0,1,,12.728971962616823,10.0,0.0,40.0,9534.0,9.936831322029922,0.567838280966101,0.9278949496243339
ID3274,3274,5,0.22445787489414215,2380.7001247121607,1252.10090332559,0.0,55.0,55,15.0,1,,12.428571428571429,9.0,0.0,42.0,9309.0,10.176742159347741,0.5723386689339889,0.8890975855967648
ID3293,3293,5,0.2023804485797882,2376.348015397277,1256.7116616291244,0.0,56.0,56,15.0,1,,11.618157543391188,8.0,0.0,40.0,8702.0,9.265310573492673,0.5310882639866037,0.869908856403403
ID3312,3312,5,0.1963001787662506,2374.0258182714533,1259.956819784101,0.0,57.0,57,15.0,1,,11.542056074766355,9.0,0.0,37.0,8645.0,8.58691994621045,0.5400364121969523,0.9426876456518021
ID3334,3334,5,0.21097663044929504,2376.275804187703,1263.0358352942897,0.0,58.0,58,15.0,1,,12.313751668891856,10.0,0.0,40.0,9223.0,8.996825669985512,0.5685738525388596,0.9922314619093925
ID3354,3354,5,0.21321244537830353,2388.3426619636252,1272.0252171602176,0.0,59.0,59,15.0,1,,12.068090787716956,9.0,0.0,43.0,9039.0,9.491026395771042,0.5691000178760527,0.9223449091371829
ID3375,3375,5,0.22375208139419556,2393.027005171415,1273.5657111842681,0.0,60.0,60,15.0,1,,12.51268357810414,10.0,0.0,43.0,9372.0,9.972363516185181,0.5794354114377004,0.9206308395582833
ID3396,3396,5,0.20622198283672333,2396.375367120458,1262.2284689440623,0.0,61.0,61,15.0,1,,11.777036048064085,9.0,0.0,36.0,8821.0,9.034675107874572,0.5691550285094726,0.9456233436641617
ID3416,3416,5,0.21832457184791565,2401.556198468103,1258.5093196387584,0.0,62.0,62,15.0,1,,12.214953271028037,9.0,0.0,39.0,9149.0,9.852820148100133,0.5677602113101299,0.8979384445586098
ID3437,3437,5,0.17879246175289154,2406.243737475876,1262.0493781415187,0.0,63.0,63,15.0,1,,10.89853137516689,9.0,0.0,34.0,8163.0,7.903350706232901,0.5217176888559892,0.9455580433522676
ID3456,3456,5,0.204408660531044,2402.112781367323,1258.0390848385869,0.0,64.0,64,15.0,1,,11.2456608811749,8.0,0.0,41.0,8423.0,9.54533220176564,0.5596595709223386,0.8455086434479497
ID3477,3477,5,0.23170961439609528,2400.9204494755086,1256.3709256739223,0.0,65.0,65,15.0,1,,12.969292389853138,10.0,0.0,46.0,9714.0,9.958489628206134,0.5941050902599313,0.970731508842448
ID3497,3497,5,0.22167488932609558,2396.521990567485,1255.011396557517,0.0,66.0,66,15.0,1,,12.383177570093459,9.0,0.0,41.0,9275.0,9.987360196084914,0.5683936662721919,0.8986809448291049
ID3518,3518,5,0.2053932398557663,2392.0703004580078,1256.9151086099757,0.0,67.0,67,15.0,1,,12.046728971962617,9.0,0.0,41.0,9023.0,8.87881607993198,0.5766654842694843,0.9924953324953514
ID3539,3539,5,0.21336449682712555,2396.611147764394,1254.7272512522661,0.0,68.0,68,15.0,1,,12.129506008010681,9.0,0.0,36.0,9085.0,9.191110992677107,0.5795070439676219,0.9683720614418712
ID3561,3561,5,0.2129148542881012,2400.4143920132983,1254.061024419207,0.0,69.0,69,15.0,1,,11.911882510013351,9.0,0.0,43.0,8922.0,9.52790611733922,0.5755917650117149,0.9134479327560241
ID3581,3581,5,0.17495203018188477,2408.356611281216,1257.5287505857377,0.0,70.0,70,15.0,1,,10.893190921228305,9.0,0.0,33.0,8159.0,7.41362519967127,0.5318975126102387,1.0203583744599556
ID3602,3602,5,0.21632109582424164,2418.601347325419,1253.2553432170537,0.0,71.0,71,15.0,1,,12.315086782376502,10.0,0.0,41.0,9224.0,9.532497156109129,0.5642182154093007,0.9319884964008379
ID3621,3621,5,0.19296574592590332,2424.05931533106,1252.1309781124178,0.0,72.0,72,15.0,1,,11.359145527369826,9.0,0.0,33.0,8508.0,8.228065140322622,0.5729363120712501,1.005710878214371
ID3642,3642,5,0.22200292348861694,2420.3014191398893,1254.931571067436,0.0,73.0,73,15.0,1,,13.475300400534046,11.0,0.0,37.0,10093.0,8.937303384577532,0.5732290191553382,1.0987481830397419
ID3662,3662,5,0.20807749032974243,2419.294432732919,1258.0775543240964,0.0,74.0,74,15.0,1,,12.065420560747663,9.0,0.0,40.0,9037.0,9.132403552319117,0.5444670509254866,0.9314945565399434
ID3680,3680,5,0.16802996397018433,2412.4016145798296,1264.2304596611532,0.0,75.0,75,15.0,1,,10.566088117489986,9.0,0.0,31.0,7914.0,7.1131025668069015,0.5395629150925411,1.0411895579926393
ID3718,3718,5,0.16624516248703003,2414.5663602756135,1260.8904837206737,0.0,76.0,76,15.0,1,,10.532710280373832,9.0,0.0,29.0,7889.0,6.957515134185548,0.5309696563098469,1.0500720383141335
ID3700,3700,5,0.21303045749664307,2425.1473205121874,1262.114491975166,0.0,77.0,77,15.0,1,,12.596795727636849,10.0,0.0,37.0,9435.0,9.093412458847308,0.5569094975192168,0.9910246311184255
ID3734,3734,5,0.20249426364898682,2431.5449995390804,1251.302892594975,0.0,78.0,78,15.0,1,,11.672897196261681,9.0,0.0,36.0,8743.0,8.948520313040202,0.5664794602663608,0.9434456597818093
ID3754,3754,5,0.170230895280838,2429.8229416151585,1249.581444077352,0.0,79.0,79,15.0,1,,10.307076101468624,9.0,0.0,33.0,7720.0,7.4932565491991046,0.5336579172584148,0.95725872259697
ID3776,3776,5,0.23024888336658478,2429.3273053409357,1256.5773778465937,0.0,80.0,80,15.0,1,,12.696929238985314,9.0,0.0,41.0,9510.0,10.22632932255926,0.5883234464842344,0.9197845924369522
ID3794,3794,5,0.21091991662979126,2421.718697022871,1256.1190431006366,0.0,81.0,81,15.0,1,,12.026702269692924,9.0,0.0,41.0,9008.0,9.168320978509724,0.5781781763925645,0.9611527384133809
ID3813,3813,5,0.13045817613601685,2409.5488574897654,1250.7797372527227,0.0,82.0,82,15.0,1,,9.757009345794392,9.0,0.0,26.0,7308.0,5.4207681072803044,0.46996140775300965,1.1509120855462502
ID3832,3832,5,0.17507924139499664,2399.6705488267444,1245.388742840657,0.0,83.0,83,15.0,1,,11.307076101468624,10.0,0.0,32.0,8469.0,7.231409180709748,0.5357863618448608,1.0909836010644647
ID3871,3871,5,0.19749599695205688,2389.968670791424,1237.222009943974,0.0,84.0,84,15.0,1,,11.763684913217624,10.0,0.0,34.0,8811.0,8.125286685986175,0.5885110468560033,1.0727513406977067
ID3851,3851,5,0.20913463830947876,2383.000557767285,1240.8513803854848,0.0,85.0,85,15.0,1,,12.703604806408546,10.0,0.0,34.0,9515.0,8.371408581619015,0.5822450532733134,1.116838797934942
ID3888,3888,5,0.22624319791793823,2376.0722432405455,1230.59581790359,0.0,86.0,86,15.0,1,,13.267022696929239,10.0,0.0,39.0,9937.0,9.517827029551304,0.5758919826223261,1.0187796144401897
ID3909,3909,5,0.21102993190288544,2368.7215355901967,1228.735782011492,0.0,87.0,87,15.0,1,,11.902536715620828,9.0,0.0,39.0,8915.0,9.503439089037085,0.5620788144544178,0.901328293215856
ID3927,3927,5,0.21197102963924408,2368.1758160158793,1235.5643317321549,0.0,88.0,88,15.0,1,,12.456608811748998,10.0,0.0,39.0,9330.0,9.083675181039208,0.574722867072745,1.0009734740006266
ID3949,3949,5,0.1884777545928955,2372.53812041099,1245.047774548875,0.0,89.0,89,15.0,1,,11.742323097463284,10.0,0.0,33.0,8795.0,7.63499440181781,0.5553630342641677,1.0982987641285766
ID3969,3969,5,0.2242162823677063,2379.8090132375414,1243.3963818745665,0.0,90.0,90,15.0,1,,13.024032042723631,10.0,0.0,42.0,9755.0,9.403290997404012,0.5911246959182473,1.0291305313827956
ID3989,3989,5,0.20074787735939026,2376.6251882905585,1242.1672178494766,0.0,91.0,91,15.0,1,,11.447263017356475,9.0,0.0,35.0,8574.0,8.718347400892815,0.5798253253969643,0.9637970565328158
ID4026,4026,5,0.16309672594070435,2378.0185111447527,1240.7961207146145,0.0,92.0,92,15.0,1,,10.098798397863819,8.0,0.0,32.0,7564.0,7.192231485525738,0.5154902017658892,0.9552198157211091
ID4009,4009,5,0.2382236272096634,2388.741382918154,1231.7319994873494,0.0,93.0,93,15.0,1,,12.945260347129507,9.0,0.0,47.0,9696.0,11.111055562556341,0.5718256269208741,0.8477049419595242
ID4046,4046,5,0.21356023848056793,2380.755279919031,1230.801902244131,0.0,94.0,94,15.0,1,,11.990654205607477,9.0,0.0,39.0,8981.0,9.517991307448323,0.572008819645599,0.9168015045604619
ID4064,4064,5,0.22890836000442505,2377.1865462740457,1236.0670611721175,0.0,95.0,95,15.0,1,,12.69425901201602,9.0,0.0,43.0,9508.0,10.258620042618418,0.575353463418837,0.9038682387764051
ID4103,4103,5,0.19713236391544342,2380.1062134808194,1232.1866775593596,0.0,96.0,96,15.0,1,,10.861148197596796,7.0,0.0,40.0,8135.0,9.574752297975142,0.5275619651836732,0.7835249471772145
ID4083,4083,5,0.2154199481010437,2376.605742436915,1231.226160059874,0.0,97.0,97,15.0,1,,11.890520694259012,9.0,0.0,41.0,8906.0,10.07359434714149,0.551360019256209,0.8390137660269172
ID4122,4122,5,0.21415215730667114,2379.442829362522,1234.83599158809,0.0,98.0,98,15.0,1,,12.265687583444592,9.0,0.0,40.0,9187.0,9.552285624722286,0.5708528355077372,0.9332612992081338
ID4140,4140,5,0.23680521547794342,2379.898178348259,1232.7562959708862,0.0,99.0,99,15.0,1,,13.341789052069426,11.0,0.0,43.0,9993.0,10.287348936043344,0.5876236903039743,0.9600466133710689
ID4159,4159,5,0.2053147405385971,2381.7415935514427,1233.4092231106074,0.0,100.0,100,15.0,1,,11.735647530040053,9.0,0.0,38.0,8790.0,9.104390006711885,0.56440103434268,0.9300919941995136
ID4179,4179,5,0.2035132795572281,2385.462081056745,1238.8994615478996,0.0,101.0,101,15.0,1,,12.285714285714286,10.0,0.0,35.0,9202.0,8.322289600925975,0.5748818006259573,1.0777503643171322
ID4199,4199,5,0.22344623506069183,2382.607135117005,1235.2371427597961,0.0,102.0,102,15.0,1,,13.357810413885181,11.0,0.0,39.0,10005.0,9.263385084335722,0.5587874473525931,1.0338446729555182
ID4217,4217,5,0.19333794713020325,2385.741859502586,1230.7583801277672,0.0,103.0,103,15.0,1,,11.738317757009346,10.0,0.0,36.0,8792.0,7.679292793479515,0.5880491713632757,1.13204665986832
ID4240,4240,5,0.20701788365840912,2392.5510701442413,1232.227470665224,0.0,104.0,104,15.0,1,,12.276368491321762,10.0,0.0,40.0,9195.0,8.704122795516712,0.5690012084543641,1.0229745114160527
ID4258,4258,5,0.20973968505859375,2395.736666249043,1236.8117743587775,0.0,105.0,105,15.0,1,,12.523364485981308,10.0,0.0,40.0,9380.0,8.427009758979445,0.5843972343991557,1.0962802643176388
ID4278,4278,5,0.18489587306976318,2397.3171279020953,1238.193957806864,0.0,106.0,106,15.0,1,,11.339118825100133,9.0,0.0,35.0,8493.0,7.832117461349452,0.5430683222268162,1.0190592252682698
ID4298,4298,5,0.1854976862668991,2390.867889601499,1240.9763942939928,0.0,107.0,107,15.0,1,,11.448598130841122,9.0,0.0,32.0,8575.0,7.637795744471995,0.5571549536739179,1.072650973399184
ID4317,4317,5,0.19684992730617523,2392.0940670173572,1248.9409850746003,0.0,108.0,108,15.0,1,,11.686248331108144,10.0,0.0,31.0,8753.0,8.24420622663171,0.5827349837395815,1.0438044614168864
ID4337,4337,5,0.18331585824489594,2400.9172708387837,1262.392431157138,0.0,109.0,109,15.0,1,,11.164218958611482,10.0,0.0,33.0,8362.0,7.668325109440694,0.5649968951276239,1.0512122302307567
ID4377,4377,5,0.21875956654548645,2399.4720033175136,1272.8859463845683,0.0,110.0,110,15.0,1,,12.566088117489986,10.0,0.0,37.0,9412.0,9.28211858640673,0.578771762779829,0.9925924517119714
ID4357,4357,5,0.2179730385541916,2403.210552180802,1274.5645201000457,0.0,111.0,111,15.0,1,,12.690253671562083,10.0,0.0,37.0,9505.0,9.085168825213074,0.5840065860010815,1.0299782622493368
ID4396,4396,5,0.22945444285869598,2398.8689059490684,1275.5052323575433,0.0,112.0,112,15.0,1,,12.684913217623498,10.0,0.0,42.0,9501.0,10.250579709663738,0.5714705122792983,0.9000293222279849
ID4416,4416,5,0.2043890804052353,2398.3731119818794,1283.034419534956,0.0,113.0,113,15.0,1,,11.897196261682243,9.0,0.0,38.0,8911.0,9.126933471239676,0.5491676528970557,0.9241793600215464
ID4457,4457,5,0.19997350871562958,2395.282204239113,1287.5188059262907,0.0,114.0,114,15.0,1,,11.332443257676903,8.0,0.0,42.0,8488.0,9.194730939179342,0.5392885142992284,0.8636060291903926
ID4436,4436,5,0.18151435256004333,2404.234335573987,1285.0416978162746,0.0,115.0,115,15.0,1,,10.485981308411215,8.0,0.0,36.0,7854.0,8.445729769646674,0.5357856918206222,0.8662881779808405
ID4496,4496,5,0.19976988434791565,2403.639150450842,1285.7578990438358,0.0,116.0,116,15.0,1,,11.477970627503337,9.0,0.0,38.0,8597.0,8.865369031724217,0.5592885003194482,0.9287689761078145
ID4477,4477,5,0.20068220794200897,2400.7327590414625,1283.6120396747824,0.0,117.0,117,15.0,1,,11.574098798397864,9.0,0.0,36.0,8669.0,8.814118590059776,0.5715963287118178,0.9551832905779826
ID4515,4515,5,0.1716812252998352,2391.158775883031,1278.7754434642457,0.0,118.0,118,15.0,1,,10.539385847797062,8.0,0.0,33.0,7894.0,7.430253962945257,0.5305401219933931,0.9833659268590497
ID4536,4536,5,0.20601630210876465,2388.433788055461,1272.4031883975636,0.0,119.0,119,15.0,1,,11.743658210947931,9.0,0.0,41.0,8796.0,9.336174139451789,0.5483645483472653,0.8909649221669105
ID4576,4576,5,0.19638197124004364,2382.2697964280687,1269.338331449789,0.0,120.0,120,15.0,1,,11.456608811748998,9.0,0.0,36.0,8581.0,8.529583606827336,0.5595643080495978,0.963840047210979
ID4556,4556,5,0.21898208558559418,2381.526432552459,1262.6810869098888,0.0,121.0,121,15.0,1,,12.40720961281709,9.0,0.0,39.0,9293.0,9.817642165235666,0.5600371180876967,0.9073582591215116
ID4596,4596,5,0.2259419709444046,2379.6106145060676,1259.00845057845,0.0,122.0,122,15.0,1,,12.67022696929239,10.0,0.0,45.0,9490.0,10.162157576330449,0.5668413797119781,0.9021213878751422
ID4617,4617,5,0.21476490795612335,2375.6251520504024,1255.275443929756,0.0,123.0,123,15.0,1,,11.45260347129506,8.0,0.0,38.0,8578.0,9.563436345631203,0.6139867677989816,0.9111277837055594
ID4639,4639,5,0.15243056416511536,2374.3431942958796,1252.5714772764545,0.0,124.0,124,15.0,1,,10.320427236315087,10.0,0.0,34.0,7730.0,6.529560248322735,0.5140189644986324,1.0732269398062297
ID4658,4658,5,0.18514493107795715,2367.7995927419133,1245.4396635817636,0.0,125.0,125,15.0,1,,11.013351134846461,9.0,0.0,37.0,8249.0,8.35043520021302,0.5460603353543033,0.931653810212387
ID4679,4679,5,0.22013069689273834,2368.127910551646,1247.7888985283187,0.0,126.0,126,15.0,1,,12.356475300400534,9.0,0.0,44.0,9255.0,10.085054138260654,0.5605082653825142,0.8801613931575224
ID4698,4698,5,0.215953528881073,2366.44708132281,1247.1949045758186,0.0,127.0,127,15.0,1,,11.534045393858477,8.0,0.0,44.0,8639.0,10.406213554316649,0.5520813244947772,0.7885105362669009
ID4740,4740,5,0.20760348439216614,2360.219374900203,1256.6295847834133,0.0,128.0,128,15.0,1,,11.83845126835781,9.0,0.0,40.0,8867.0,9.21138076328071,0.5697744269056733,0.9329660812709217
ID4719,4719,5,0.20848093926906586,2363.3462673589397,1259.506213428891,0.0,129.0,129,15.0,1,,12.009345794392523,10.0,0.0,37.0,8995.0,8.838186969225854,0.5906149777752772,1.009079886467327
ID4760,4760,5,0.19637469947338104,2366.6807448345376,1257.2481141369763,0.0,130.0,130,15.0,1,,11.560747663551401,9.0,0.0,37.0,8659.0,8.59738845291436,0.5530742612496444,0.9577244912019842
ID4780,4780,5,0.20022812485694885,2373.615179927148,1252.1637755772963,0.0,131.0,131,15.0,1,,11.727636849132177,9.0,0.0,36.0,8784.0,8.854470902857447,0.5517504910347439,0.9418868352386264
ID4818,4818,5,0.1973579376935959,2375.131078940248,1252.6938388255176,0.0,132.0,132,15.0,1,,11.51935914552737,9.0,0.0,36.0,8628.0,8.389018261765992,0.5735075496505271,1.0009617521665701
ID4798,4798,5,0.1855500191450119,2363.700640719774,1250.0518324125533,0.0,133.0,133,15.0,1,,11.41789052069426,10.0,0.0,31.0,8552.0,7.529460877489525,0.5688637449459024,1.0997020082436182
ID4838,4838,5,0.21400457620620728,2359.301313470252,1246.9853960036596,0.0,134.0,134,15.0,1,,12.221628838451268,10.0,0.0,38.0,9154.0,9.198872984679056,0.587993987026562,0.9838944143066622
ID4858,4858,5,0.19030746817588806,2360.691989829786,1242.5277742123017,0.0,135.0,135,15.0,1,,12.257676902536716,11.0,0.0,32.0,9181.0,7.369476392291238,0.5573893607565207,1.190592122403478
ID4898,4898,5,0.1893845647573471,2349.4034505007717,1239.8481663681375,0.0,136.0,136,15.0,1,,12.19626168224299,10.0,0.0,35.0,9135.0,7.375721620882745,0.5497703818961341,1.1731841721848433
ID4879,4879,5,0.17635323107242584,2345.71529042889,1241.3387677602134,0.0,137.0,137,15.0,1,,11.443257676902537,10.0,0.0,30.0,8571.0,7.051267422318762,0.5385344073096907,1.136105677154342
ID4920,4920,5,0.1963883489370346,2346.947801079299,1248.0172473612386,0.0,138.0,138,15.0,1,,12.63150867823765,11.0,0.0,32.0,9461.0,7.303787786919535,0.5747637120547933,1.2624407850186816
ID4942,4942,5,0.20401740074157715,2344.300262275169,1243.321994819189,0.0,139.0,139,15.0,1,,12.977303070761014,11.0,0.0,34.0,9720.0,7.880169905756268,0.5658858900200221,1.190275832908399
ID4961,4961,5,0.20183682441711426,2341.551659386273,1250.1857891608904,0.0,140.0,140,15.0,1,,12.18291054739653,10.0,0.0,34.0,9125.0,8.269357556974374,0.5719237735598193,1.072052237866092
ID4983,4983,5,0.19249475002288818,2344.785955098755,1242.667906687016,0.0,141.0,141,15.0,1,,11.987983978638184,10.0,0.0,32.0,8979.0,7.7806571364942485,0.5571768100176182,1.1025923542253255
ID5025,5025,5,0.17933063209056854,2348.9464272973714,1246.1004737528413,0.0,142.0,142,15.0,1,,11.411214953271028,10.0,0.0,31.0,8547.0,7.149599460976574,0.5577641891110183,1.1429548666785583
ID5003,5003,5,0.19254259765148163,2355.5467703571203,1245.6789473871006,0.0,143.0,143,15.0,1,,12.186915887850468,10.0,0.0,33.0,9128.0,7.54574567388812,0.5571974787817732,1.1558117274713273
ID5066,5066,5,0.21285796165466309,2359.6868522305663,1242.3775733841917,0.0,144.0,144,15.0,1,,12.706275033377837,10.0,0.0,39.0,9517.0,8.559588277505254,0.5975517645487015,1.1104933595286366
ID5045,5045,5,0.1945141702890396,2358.166616189957,1245.7357578411725,0.0,145.0,145,15.0,1,,11.332443257676903,9.0,0.0,35.0,8488.0,8.26841015284477,0.5748265905813081,1.0005427464535168
ID5107,5107,5,0.19333499670028687,2351.955819763207,1248.1361859464118,0.0,146.0,146,15.0,1,,12.257676902536716,11.0,0.0,35.0,9181.0,7.418836082607704,0.5699924998972029,1.1997035756228107
ID5086,5086,5,0.19327412545681,2350.1929413205,1253.0666324560343,0.0,147.0,147,15.0,1,,11.861148197596796,10.0,0.0,35.0,8884.0,7.902443219682612,0.5543777933804779,1.0706427641351732
ID5128,5128,5,0.20519953966140747,2352.8065399394604,1249.2606477740712,0.0,148.0,148,15.0,1,,13.0,11.0,0.0,36.0,9737.0,8.008351256005957,0.5477865569866869,1.1490277945684724
ID5150,5150,5,0.17731478810310364,2347.846038639148,1249.961025314313,0.0,149.0,149,15.0,1,,11.500667556742323,10.0,0.0,31.0,8614.0,6.7208719579105125,0.5617482601045792,1.2310002156389477
ID5171,5171,5,0.17140258848667145,2341.270273196335,1248.6436481609114,0.0,150.0,150,15.0,1,,11.255006675567424,10.0,0.0,29.0,8430.0,6.582294120517014,0.5541679182651478,1.2193879770447906
ID5194,5194,5,0.18239611387252808,2344.353724818945,1242.1428757682997,0.0,151.0,151,15.0,1,,11.419225634178906,10.0,0.0,34.0,8553.0,7.308917265373128,0.5618803772747177,1.1241123025049935
ID5238,5238,5,0.1668587327003479,2351.8049771924675,1245.2006620965283,0.0,152.0,152,15.0,1,,10.778371161548732,10.0,0.0,28.0,8073.0,6.795839558969354,0.5348132229543785,1.1053164093340866
ID5215,5215,5,0.17466776072978973,2349.3328714679897,1248.1850208209776,0.0,153.0,153,15.0,1,,11.129506008010681,9.0,0.0,33.0,8336.0,6.913371326486926,0.5564796106492462,1.151123235802094
ID5259,5259,5,0.1585572361946106,2350.954330201215,1247.7523163027531,0.0,154.0,154,15.0,1,,10.753004005340454,9.0,0.0,25.0,8054.0,6.028154281266693,0.5386607977081085,1.2489582623402096
ID5280,5280,5,0.18954475224018097,2353.6716355224694,1242.391755659942,0.0,155.0,155,15.0,1,,11.899866488651535,10.0,0.0,33.0,8913.0,7.353878709069946,0.5721797483338595,1.1778389354976417
ID5323,5323,5,0.184244304895401,2355.855814902981,1246.9830249841116,0.0,156.0,156,15.0,1,,11.938584779706275,10.0,0.0,28.0,8942.0,6.883015492685503,0.5707308340920548,1.2604733370422792
ID5301,5301,5,0.19035638868808746,2354.4425415791193,1245.647145299787,0.0,157.0,157,15.0,1,,11.990654205607477,10.0,0.0,32.0,8981.0,7.380141602941257,0.5645036264990088,1.172460827774862
ID5344,5344,5,0.1648266762495041,2355.5594345932864,1236.9713652406201,0.0,158.0,158,15.0,1,,10.847797062750335,9.0,0.0,28.0,8125.0,6.53790356114285,0.5330529868996655,1.1538417602998041
ID5365,5365,5,0.1448625773191452,2367.432331232116,1236.5701892978136,0.0,159.0,159,15.0,1,,10.36181575433912,10.0,0.0,28.0,7761.0,5.2941482086147,0.5128246805674966,1.326936325864429
ID5386,5386,5,0.18931955099105835,2372.2820851876822,1241.855229830273,0.0,160.0,160,15.0,1,,12.576769025367156,11.0,0.0,32.0,9420.0,7.019342620948856,0.5465304052288011,1.26636385095536
ID5406,5406,5,0.2023879885673523,2374.2599399932956,1237.7158587120796,0.0,161.0,161,15.0,1,,12.232309746328438,10.0,0.0,34.0,9162.0,8.174531508280147,0.5857060202963353,1.1054334607758496
ID5426,5426,5,0.19425302743911743,2377.988188604925,1229.9757835428964,0.0,162.0,162,15.0,1,,12.108144192256342,11.0,0.0,33.0,9069.0,7.590826182940068,0.5734189217035648,1.1626424722204376
ID5447,5447,5,0.18606644868850708,2377.2758070538403,1231.6441409309948,0.0,163.0,163,15.0,1,,11.692923898531376,10.0,0.0,35.0,8758.0,7.298026663239586,0.5658688761577455,1.1579987449596076
ID5468,5468,5,0.19797293841838837,2367.3904345381648,1235.7884375622994,0.0,164.0,164,15.0,1,,11.903871829105475,10.0,0.0,33.0,8916.0,8.21755317451999,0.5702189302351198,1.052100281837078
ID5489,5489,5,0.17645570635795593,2368.1087720698465,1239.6341625608768,0.0,165.0,165,15.0,1,,11.08010680907877,9.0,0.0,29.0,8299.0,6.989602054979409,0.5586707495215645,1.136378583405553
ID5509,5509,5,0.22752705216407776,2376.91646090393,1235.9418643503448,0.0,166.0,166,15.0,1,,13.656875834445929,11.0,0.0,39.0,10229.0,9.195210411111638,0.5724617738824733,1.0813992906837666
ID5531,5531,5,0.22534389793872833,2381.0136215852326,1237.6014068655722,0.0,167.0,167,15.0,1,,12.686248331108144,9.0,0.0,42.0,9502.0,9.913480556042902,0.586558710789368,0.9462205717931362
ID5553,5553,5,0.2167167067527771,2381.8372336252446,1240.3407172206967,0.0,168.0,168,15.0,1,,12.483311081441922,9.0,0.0,42.0,9350.0,9.391588097334624,0.5691832847270483,0.9642712457480264
ID5574,5574,5,0.21911342442035675,2387.4160374229427,1245.3933426755275,0.0,169.0,169,15.0,1,,12.890520694259012,10.0,0.0,39.0,9655.0,8.963012431142475,0.5855877752459001,1.0623024187811427
ID5594,5594,5,0.1835445612668991,2384.7709310844884,1245.7251399120098,0.0,170.0,170,15.0,1,,11.464619492656876,10.0,0.0,33.0,8587.0,7.371203583413109,0.5602867807664678,1.1170103102667674
ID2077,2077,6,0.13887840509414673,394.48944373102574,1342.8445260665003,0.0,0.0,0,15.0,1,,13.526034712950601,13.0,0.0,23.0,10131.0,3.334462395856615,0.477511032757885,2.6219677587705306
ID2018,2018,6,0.13722874224185944,393.46890092314896,1344.7104653822933,0.0,1.0,1,15.0,1,,13.743658210947931,14.0,3.0,23.0,10294.0,3.2388810985778007,0.4673402310444689,2.702960385208698
ID2025,2025,6,0.1279994249343872,392.79066878570165,1343.6580644295955,0.0,2.0,2,15.0,1,,13.300400534045394,13.0,3.0,20.0,9962.0,3.0799094281078165,0.4461643855592867,2.6646121783688184
ID2054,2054,6,0.13368549942970276,394.5004362925549,1344.2242614530692,0.0,3.0,3,15.0,1,,12.873164218958612,13.0,2.0,23.0,9642.0,3.4719946417750744,0.4923063637625151,2.4463225438823697
ID2128,2128,6,0.12476228177547455,391.4444494361583,1344.2205188064693,0.0,4.0,4,15.0,1,,12.727636849132177,13.0,5.0,22.0,9533.0,3.036858670488751,0.4624959018406859,2.6507356613698967
ID2103,2103,6,0.1280468851327896,391.54600817242215,1344.6901840818668,0.0,5.0,5,15.0,1,,12.687583444592791,13.0,2.0,24.0,9503.0,3.393311785612668,0.4725108960460456,2.3995977850065535
ID2174,2174,6,0.13236454129219055,392.4124411133063,1344.8412885197,0.0,6.0,6,15.0,1,,12.554072096128172,13.0,1.0,22.0,9403.0,3.3289083981295544,0.4739167549748949,2.4251682652953823
ID2151,2151,6,0.13366249203681946,394.283784100979,1345.6727707064415,0.0,7.0,7,15.0,1,,13.088117489986649,13.0,3.0,22.0,9803.0,3.41751235590381,0.4688923564996423,2.4450079158540743
ID2197,2197,6,0.13076823949813843,394.9814647709548,1343.3668181122544,0.0,8.0,8,15.0,1,,12.874499332443257,13.0,4.0,22.0,9643.0,3.4887525422614685,0.44720496407142757,2.2806925866281906
ID2222,2222,6,0.1530090719461441,394.3544567357159,1342.9680535958557,0.0,9.0,9,15.0,1,,14.559412550066755,15.0,4.0,23.0,10905.0,3.0740865652403087,0.5005587456302114,3.1598015387697242
ID2270,2270,6,0.12617766857147217,395.9371286140995,1344.5070106780993,0.0,10.0,10,15.0,1,,13.053404539385848,13.0,0.0,22.0,9777.0,3.3450945444430755,0.43106290854584284,2.3508630265485206
ID2245,2245,6,0.12486522644758224,394.9471862175033,1346.068341210684,0.0,11.0,11,15.0,1,,12.773030707610147,13.0,4.0,23.0,9567.0,3.1255834151218322,0.4575160698878381,2.5655817597837705
ID2292,2292,6,0.14168861508369446,392.48090820297,1344.7915680672045,0.0,12.0,12,15.0,1,,13.291054739652871,13.0,1.0,24.0,9955.0,3.4386428711234234,0.49523565595980024,2.5603811991555543
ID2316,2316,6,0.1509632021188736,393.79711526747667,1345.50289689342,0.0,13.0,13,15.0,1,,14.675567423230975,15.0,6.0,25.0,10992.0,3.203474651798063,0.47863818342930287,2.965848961331015
ID2341,2341,6,0.13416922092437744,393.43053719772803,1344.2196173324614,0.0,14.0,14,15.0,1,,13.332443257676903,13.0,2.0,23.0,9986.0,3.27039500076273,0.45708404580451123,2.5577081615519806
ID2366,2366,6,0.13864092528820038,392.7907778900581,1344.29730290726,0.0,15.0,15,15.0,1,,13.400534045393858,13.0,3.0,21.0,10037.0,3.079134494160783,0.49649969700852215,2.887791260375256
ID2391,2391,6,0.14023858308792114,394.74270110944536,1345.8075286852434,0.0,16.0,16,15.0,1,,14.287049399198931,14.0,6.0,24.0,10701.0,3.212459945685963,0.4407380932425997,2.72101145417498
ID2416,2416,6,0.14014168083667755,393.3737640932686,1346.7797131347772,0.0,17.0,17,15.0,1,,13.686248331108144,14.0,4.0,23.0,10251.0,3.2648812652556263,0.4615052761674166,2.6474227869674523
ID2465,2465,6,0.1416296660900116,394.6673930178081,1347.9325109847307,0.0,18.0,18,15.0,1,,13.805073431241656,14.0,4.0,25.0,10340.0,3.417777665736622,0.45090382672376317,2.5105576827645604
ID2440,2440,6,0.13287952542304993,394.3902126218502,1348.7057745549457,0.0,19.0,19,15.0,1,,13.506008010680908,13.0,3.0,22.0,10116.0,3.1709794881667426,0.44860492885757164,2.638017354255414
ID2491,2491,6,0.13727061450481415,393.57173227953535,1347.7437151301754,0.0,20.0,20,15.0,1,,13.297730307076101,13.0,3.0,24.0,9960.0,3.5762522845996827,0.4669676208673332,2.3672580823546605
ID2514,2514,6,0.12848952412605286,394.05305209825104,1347.0112346687076,0.0,21.0,21,15.0,1,,12.993324432576769,13.0,3.0,21.0,9732.0,3.0745998005224715,0.48880626010127654,2.7749825504975583
ID2538,2538,6,0.13488008081912994,393.87724533793556,1345.5873572955595,0.0,22.0,22,15.0,1,,13.571428571428571,13.0,1.0,25.0,10165.0,3.303989763532094,0.46963171310538815,2.625220390945998
ID2560,2560,6,0.14473195374011993,394.3654428349419,1345.8268575436207,0.0,23.0,23,15.0,1,,13.961281708945261,14.0,2.0,23.0,10457.0,3.558877799145469,0.4555814011756818,2.4556795766422583
ID2582,2582,6,0.13224758207798004,393.4300699770486,1346.096404740281,0.0,24.0,24,15.0,1,,13.261682242990654,13.0,0.0,24.0,9933.0,3.5371803403075193,0.44650060653126206,2.314594111911585
ID2605,2605,6,0.1323353350162506,391.6333911266015,1349.9528164869093,0.0,25.0,25,15.0,1,,13.23497997329773,13.0,4.0,21.0,9913.0,3.009930872387321,0.4779446982107148,2.843912480457864
ID2627,2627,6,0.12764079868793488,391.9480418962633,1348.6085050431154,0.0,26.0,26,15.0,1,,12.94392523364486,13.0,3.0,23.0,9695.0,3.1067558048173263,0.45799868028869056,2.6175559209439823
ID2647,2647,6,0.12188337743282318,391.74136804740266,1348.8515859264764,0.0,27.0,27,15.0,1,,12.708945260347129,13.0,2.0,21.0,9519.0,2.9746140869448747,0.4390072115962743,2.6068591014325344
ID2670,2670,6,0.13046571612358093,391.82043507489504,1347.1196080914774,0.0,28.0,28,15.0,1,,12.679572763684913,13.0,3.0,22.0,9497.0,3.6700656173162556,0.44642434105635626,2.1326173172568614
ID2694,2694,6,0.1320449858903885,389.02227101724924,1344.276648431606,0.0,29.0,29,15.0,1,,13.296395193591454,13.0,3.0,23.0,9959.0,3.210152733264565,0.46391845705995977,2.6252035291574423
ID2717,2717,6,0.12466070055961609,389.4107393164962,1343.779254057648,0.0,30.0,30,15.0,1,,12.594125500667557,13.0,4.0,22.0,9433.0,3.110404772780983,0.44341231947956306,2.487702543417094
ID2740,2740,6,0.13603925704956055,392.9009850404217,1343.3735232947201,0.0,31.0,31,15.0,1,,13.02136181575434,13.0,3.0,25.0,9753.0,3.4415785402720185,0.4732321391132779,2.430702256814994
ID2762,2762,6,0.12138788402080536,392.6540874878133,1345.7243698807226,0.0,32.0,32,15.0,1,,12.089452603471296,12.0,4.0,23.0,9055.0,3.18397698787456,0.46519462206422324,2.4110492506632606
ID2787,2787,6,0.13257215917110443,393.48412765435677,1348.0377885125215,0.0,33.0,33,15.0,1,,12.626168224299066,13.0,1.0,23.0,9457.0,3.5957727525860426,0.4759770116654923,2.264726252713027
ID2810,2810,6,0.13157445192337036,395.0536280455511,1349.2800104947012,0.0,34.0,34,15.0,1,,12.540720961281709,13.0,3.0,24.0,9393.0,3.2886955971717415,0.4801841480705607,2.4741207605800466
ID2832,2832,6,0.13355088233947754,394.10463572573224,1349.4904578517821,0.0,35.0,35,15.0,1,,12.886515353805073,13.0,2.0,24.0,9652.0,3.418132250462082,0.4737653847044094,2.423882726106166
ID2854,2854,6,0.13755452632904053,394.0289288433629,1350.4592893894592,0.0,36.0,36,15.0,1,,13.265687583444592,13.0,2.0,23.0,9936.0,3.5690529928682615,0.4737229160636889,2.3895455946475095
ID2879,2879,6,0.13496898114681244,392.64646120884987,1350.999044599907,0.0,37.0,37,15.0,1,,13.356475300400534,13.0,3.0,23.0,10004.0,3.0239288762558267,0.46979117275829596,2.8235761592351585
ID2903,2903,6,0.13435253500938416,393.4709798421796,1349.012958237609,0.0,38.0,38,15.0,1,,13.173564753004005,13.0,1.0,23.0,9867.0,3.400109423787629,0.4545159233793061,2.4214250723666413
ID2925,2925,6,0.12862199544906616,391.611725965137,1349.5815148479853,0.0,39.0,39,15.0,1,,12.465954606141523,13.0,2.0,24.0,9337.0,3.316701747906741,0.46650054599148794,2.3912173022934486
ID2951,2951,6,0.12873457372188568,391.536277082421,1349.5845939714698,0.0,40.0,40,15.0,1,,13.2456608811749,13.0,4.0,23.0,9921.0,3.4456820995027826,0.4432235338101407,2.3611176673404923
ID2973,2973,6,0.12831206619739532,390.07395933125343,1348.2888025550033,0.0,41.0,41,15.0,1,,12.70493991989319,13.0,2.0,22.0,9516.0,3.2906836005942357,0.47693344420163825,2.4935227634361428
ID2994,2994,6,0.12495334446430206,389.3757182907681,1349.3026232415998,0.0,42.0,42,15.0,1,,12.740987983978638,13.0,5.0,22.0,9543.0,3.052515327516268,0.4684258129906087,2.662956409565347
ID3018,3018,6,0.1390293538570404,388.8240791471087,1348.6687958334574,0.0,43.0,43,15.0,1,,14.205607476635514,14.0,4.0,24.0,10640.0,3.4872449878202936,0.44964132865003226,2.5270451858795018
ID3040,3040,6,0.12047019600868225,389.6847567193598,1348.2209832016026,0.0,44.0,44,15.0,1,,12.714285714285714,13.0,3.0,22.0,9523.0,3.151872616893724,0.4196378400913557,2.384791314620532
ID3064,3064,6,0.12736350297927856,390.9066925350125,1349.430991947244,0.0,45.0,45,15.0,1,,13.918558077436582,14.0,5.0,23.0,10425.0,2.9460460320389674,0.4217834520586058,2.80311422230785
ID3087,3087,6,0.13424842059612274,394.6936887413855,1346.1313839430384,0.0,46.0,46,15.0,1,,13.359145527369826,13.0,2.0,22.0,10006.0,3.2367355503517876,0.47270471675679293,2.6495719454917843
ID3107,3107,6,0.1220606118440628,396.8790536477515,1343.1189538051538,0.0,47.0,47,15.0,1,,12.65954606141522,13.0,5.0,24.0,9482.0,3.174974050519438,0.44417943329228765,2.452704560803722
ID3129,3129,6,0.1365562379360199,396.9450955708534,1342.8897823909886,0.0,48.0,48,15.0,1,,13.724966622162883,14.0,5.0,22.0,10280.0,3.0598624458277692,0.4636087494758843,2.841620097667717
ID3151,3151,6,0.1455753743648529,397.54684258902563,1344.081921818507,0.0,49.0,49,15.0,1,,14.388518024032043,14.0,6.0,26.0,10777.0,3.180392228317879,0.46293234531790717,2.8632459907549332
ID3172,3172,6,0.1553613692522049,396.00998193546604,1343.9100573422809,0.0,50.0,50,15.0,1,,15.04539385847797,15.0,4.0,24.0,11269.0,3.3332020802881277,0.4764576153879665,2.913232868749016
ID3193,3193,6,0.1433277279138565,396.1427591040225,1343.9078535913202,0.0,51.0,51,15.0,1,,14.248331108144193,14.0,5.0,24.0,10672.0,3.439276602423053,0.44919512032379755,2.56823674968936
ID3213,3213,6,0.13744793832302094,397.6867319867703,1341.834379738149,0.0,52.0,52,15.0,1,,13.935914552736982,14.0,4.0,23.0,10438.0,3.315601569563214,0.4415216566915322,2.574743516233371
ID3234,3234,6,0.14823944866657257,396.3512884034445,1342.4243772895961,0.0,53.0,53,15.0,1,,15.088117489986649,15.0,4.0,25.0,11301.0,3.2404083566316904,0.45827398866195523,2.926519267418527
ID3255,3255,6,0.12549321353435516,393.66958241791366,1338.2996096140278,0.0,54.0,54,15.0,1,,12.538050734312417,13.0,0.0,21.0,9391.0,3.1047155686356365,0.47196690742639663,2.5897133839923554
ID3275,3275,6,0.1287120133638382,390.3655605237213,1337.0832504976747,0.0,55.0,55,15.0,1,,12.730307076101468,13.0,1.0,23.0,9535.0,3.6191561838525805,0.4523393051501134,2.191077734093702
ID3294,3294,6,0.12484122067689896,394.4635147389945,1338.4996431600473,0.0,56.0,56,15.0,1,,12.312416555407209,12.0,0.0,22.0,9222.0,3.4188246029625144,0.4407642603769305,2.2034840979523915
ID3313,3313,6,0.13129118084907532,394.10122631343285,1335.4150109451614,0.0,57.0,57,15.0,1,,13.169559412550067,13.0,5.0,23.0,9864.0,3.225787213668802,0.44745627275740923,2.524123925712021
ID3335,3335,6,0.11920177936553955,395.5812973948661,1336.042216814631,0.0,58.0,58,15.0,1,,12.065420560747663,12.0,3.0,22.0,9037.0,3.318195339466945,0.42671209721454073,2.1750493880584094
ID3356,3356,6,0.1137189194560051,392.466873203741,1335.3363578716767,0.0,59.0,59,15.0,1,,11.901201602136181,12.0,3.0,21.0,8914.0,3.1271386090842235,0.4533138632297727,2.3741779141962036
ID3376,3376,6,0.1322091817855835,395.4547063906471,1334.9801740076687,0.0,60.0,60,15.0,1,,12.622162883845126,13.0,0.0,25.0,9454.0,3.804386733401803,0.46083091448269503,2.0932484203802133
ID3397,3397,6,0.123725526034832,395.7941078827658,1334.4479448673744,0.0,61.0,61,15.0,1,,12.674232309746328,13.0,4.0,23.0,9493.0,3.017000113345694,0.4478702813716118,2.5989559817646803
ID3418,3418,6,0.11162585020065308,397.8335890856066,1334.9511246809216,0.0,62.0,62,15.0,1,,11.510013351134846,12.0,3.0,20.0,8621.0,3.085496280873899,0.4330913905747542,2.2546880306018906
ID3439,3439,6,0.11897767335176468,398.00219058528023,1335.196571017551,0.0,63.0,63,15.0,1,,11.826435246995995,12.0,2.0,24.0,8858.0,3.4805488115465795,0.44991743046263305,2.1087528038190215
ID3458,3458,6,0.11873161792755127,396.21644003004104,1332.0757397150119,0.0,64.0,64,15.0,1,,12.014686248331108,12.0,1.0,23.0,8999.0,3.1956769033617203,0.43695600317515465,2.286513686010377
ID3479,3479,6,0.11737415939569473,397.54924359956055,1332.1659765127563,0.0,65.0,65,15.0,1,,12.296395193591454,12.0,2.0,21.0,9210.0,3.3247170815710403,0.4308695523218616,2.2274033913234574
ID3498,3498,6,0.10678145289421082,396.04538327267943,1330.8196211945099,0.0,66.0,66,15.0,1,,10.9652870493992,11.0,0.0,21.0,8213.0,3.3513301420433503,0.4258042026605895,1.9542622424232028
ID3519,3519,6,0.13127316534519196,396.7802764126478,1332.631667019673,0.0,67.0,67,15.0,1,,12.523364485981308,13.0,1.0,23.0,9380.0,3.609042624450507,0.4711577232786256,2.222624429486876
ID3541,3541,6,0.13689665496349335,398.2616858662165,1335.711069467996,0.0,68.0,68,15.0,1,,13.515353805073431,13.0,2.0,25.0,10123.0,3.299463866520254,0.46660456210389334,2.606453535340177
ID3562,3562,6,0.13685394823551178,399.40424924612995,1334.5038132747761,0.0,69.0,69,15.0,1,,13.427236315086782,13.0,5.0,27.0,10057.0,3.426712534731328,0.449245839200353,2.429298914918229
ID3582,3582,6,0.1423679143190384,399.8425903613974,1334.2528615194474,0.0,70.0,70,15.0,1,,13.59279038718291,13.0,3.0,24.0,10181.0,3.5018713614590236,0.48868876158026237,2.5483957297130346
ID3603,3603,6,0.13806383311748505,401.5360421573599,1334.3468653153539,0.0,71.0,71,15.0,1,,13.37516688918558,13.0,1.0,24.0,10018.0,3.4330062954769764,0.46952817354669263,2.4896502759882817
ID3622,3622,6,0.13649052381515503,401.3490367855719,1332.4790067681245,0.0,72.0,72,15.0,1,,12.81708945260347,13.0,2.0,22.0,9600.0,3.217170937888098,0.5018454672835373,2.662502546993284
ID3643,3643,6,0.1353263556957245,401.34639664219696,1331.0762472303188,0.0,73.0,73,15.0,1,,12.982643524699599,13.0,4.0,23.0,9724.0,3.46154859432655,0.4956251524093543,2.48572610554144
ID3663,3663,6,0.12797826528549194,401.69288053405256,1332.650217996274,0.0,74.0,74,15.0,1,,12.90921228304406,13.0,1.0,23.0,9669.0,3.3942831843986974,0.4495010206635564,2.3588146820269356
ID3681,3681,6,0.14160661399364471,401.0467371237821,1332.806769341149,0.0,75.0,75,15.0,1,,13.867823765020027,14.0,4.0,24.0,10387.0,3.357471226744681,0.46628810731929715,2.627005831661139
ID3719,3719,6,0.13915708661079407,402.40112181437695,1334.5905868052143,0.0,76.0,76,15.0,1,,14.036048064085447,14.0,5.0,23.0,10513.0,3.1837712440728367,0.47729122864480755,2.8487236464009973
ID3701,3701,6,0.14038099348545074,402.42062731033326,1331.9181924515103,0.0,77.0,77,15.0,1,,13.622162883845126,14.0,3.0,24.0,10203.0,3.2748580603866437,0.47553908719909727,2.6811374844717086
ID3735,3735,6,0.144672691822052,401.9368455129348,1331.0060800656688,0.0,78.0,78,15.0,1,,13.959946595460615,14.0,3.0,23.0,10456.0,3.350073508225323,0.4784561383483044,2.697075487666418
ID3755,3755,6,0.13116465508937836,398.73316149032297,1329.064950877118,0.0,79.0,79,15.0,1,,12.935914552736982,13.0,3.0,22.0,9689.0,3.0923668095275505,0.46699673714731293,2.6633045366294237
ID3777,3777,6,0.1356549710035324,397.3196307670195,1330.329781216634,0.0,80.0,80,15.0,1,,13.560747663551401,14.0,4.0,22.0,10157.0,3.2272415791671527,0.4710999054813011,2.6912435604954776
ID3795,3795,6,0.14143088459968567,396.6333725385965,1329.3323091414477,0.0,81.0,81,15.0,1,,13.881174899866489,14.0,0.0,24.0,10397.0,3.4281050888381257,0.48020706617127545,2.6272909411810406
ID3814,3814,6,0.14247481524944305,397.97158179312976,1328.8444471960556,0.0,82.0,82,15.0,1,,13.718291054739653,14.0,4.0,25.0,10275.0,3.5237087392135864,0.4757977011374186,2.510299356917483
ID3833,3833,6,0.1269243210554123,401.09988413582806,1328.3415311566832,0.0,83.0,83,15.0,1,,13.093457943925234,13.0,3.0,24.0,9807.0,3.2571307917479304,0.4418805917782586,2.4639096919521224
ID3872,3872,6,0.13824738562107086,399.59644721099835,1329.2155650776306,0.0,84.0,84,15.0,1,,12.865153538050734,13.0,1.0,22.0,9636.0,3.7222018718122944,0.4748105205682784,2.2255079619456053
ID3852,3852,6,0.14112499356269836,398.48765877645803,1328.1374362181393,0.0,85.0,85,15.0,1,,13.662216288384514,14.0,3.0,23.0,10233.0,3.2439867696575093,0.47827210671012066,2.7251646613526956
ID3889,3889,6,0.13335013389587402,397.0070238075852,1328.0510536513266,0.0,86.0,86,15.0,1,,13.026702269692924,13.0,1.0,22.0,9757.0,3.3601681335667037,0.47221805183468973,2.4869893224130335
ID3910,3910,6,0.1256697028875351,395.0644017500139,1328.0311452294889,0.0,87.0,87,15.0,1,,12.51935914552737,13.0,3.0,21.0,9377.0,2.9544150982408848,0.4634515575997022,2.6839015107418933
ID3928,3928,6,0.142567977309227,394.49706733758205,1327.5662149695554,0.0,88.0,88,15.0,1,,14.062750333778371,14.0,6.0,25.0,10533.0,3.3134087360736735,0.46272108312790006,2.685239430758233
ID3950,3950,6,0.1354149430990219,394.44814915358245,1325.0766580138445,0.0,89.0,89,15.0,1,,13.636849132176234,14.0,5.0,24.0,10214.0,2.980601939159583,0.4614681573718183,2.889298641000163
ID3970,3970,6,0.12992528080940247,393.9852313754143,1326.1478328325527,0.0,90.0,90,15.0,1,,12.16154873164219,12.0,2.0,25.0,9109.0,3.5902148289496245,0.470303228488686,2.1670527993320032
ID3990,3990,6,0.13132989406585693,393.8991718411138,1327.8788776731403,0.0,91.0,91,15.0,1,,12.858477970627503,13.0,5.0,22.0,9631.0,3.1510542045664156,0.46192120354969995,2.5787403739753603
ID4027,4027,6,0.13925355672836304,391.91567119688585,1326.015900232719,0.0,92.0,92,15.0,1,,13.643524699599466,14.0,2.0,26.0,10219.0,3.472162230446052,0.46637360240526027,2.4994582982041647
ID4010,4010,6,0.1351727396249771,391.16145368637393,1326.070456325534,0.0,93.0,93,15.0,1,,13.571428571428571,14.0,0.0,24.0,10165.0,3.601735427560608,0.44000385838354394,2.3026958713395773
ID4047,4047,6,0.13662418723106384,388.3079414447282,1328.64351780061,0.0,94.0,94,15.0,1,,13.841121495327103,14.0,3.0,22.0,10367.0,3.383684796894939,0.43548058442237897,2.4818918372218683
ID4065,4065,6,0.14049407839775085,387.7916350024478,1330.8113553322612,0.0,95.0,95,15.0,1,,14.118825100133511,14.0,2.0,24.0,10575.0,3.3468047987715557,0.4601190280998385,2.6587659244259214
ID4104,4104,6,0.1412857621908188,389.6618500940253,1331.173486398028,0.0,96.0,96,15.0,1,,13.893190921228305,14.0,1.0,26.0,10406.0,3.5244477084118095,0.4521572351644799,2.454803702780248
ID4084,4084,6,0.13699570298194885,389.24233684074676,1330.0724338109567,0.0,97.0,97,15.0,1,,13.570093457943925,14.0,5.0,23.0,10164.0,3.4624745589632497,0.46458276309328456,2.486425306649079
ID4123,4123,6,0.12981046736240387,390.0304401266371,1331.9272725679527,0.0,98.0,98,15.0,1,,12.89452603471295,13.0,4.0,22.0,9658.0,3.3750950782294478,0.46786653382298127,2.4354811907934875
ID4141,4141,6,0.14369605481624603,390.6487311958988,1330.786651503944,0.0,99.0,99,15.0,1,,13.87716955941255,14.0,5.0,27.0,10394.0,3.4696352039492457,0.487306562925254,2.620890284207875
ID4160,4160,6,0.1413024514913559,388.9663971913125,1332.6810535351888,0.0,100.0,100,15.0,1,,13.959946595460615,14.0,6.0,25.0,10456.0,3.3679835756915617,0.45337377320332,2.585966307219213
ID4180,4180,6,0.1292940378189087,387.66388345822594,1330.0460643982733,0.0,101.0,101,15.0,1,,13.086782376502002,13.0,2.0,24.0,9802.0,3.307615411935303,0.4628447447442965,2.503715456508291
ID4200,4200,6,0.12487644702196121,388.3353413210986,1331.104586883528,0.0,102.0,102,15.0,1,,12.651535380507344,13.0,3.0,21.0,9476.0,2.99555167852375,0.44418757313696944,2.5980004041364873
ID4218,4218,6,0.13348358869552612,387.19739774481206,1332.708122111616,0.0,103.0,103,15.0,1,,13.006675567423231,13.0,2.0,23.0,9742.0,3.0015518762788584,0.47873072324155025,2.805773784547717
ID4241,4241,6,0.15015533566474915,386.6332146723114,1330.8080220858942,0.0,104.0,104,15.0,1,,14.572763684913218,15.0,3.0,25.0,10915.0,3.490875114217699,0.4771140060063234,2.6967814697623607
ID4259,4259,6,0.12409394234418869,386.66508619233775,1328.779160317025,0.0,105.0,105,15.0,1,,12.875834445927904,13.0,2.0,24.0,9644.0,3.1088653215487696,0.4387197883881395,2.5258902575535385
ID4279,4279,6,0.14305005967617035,386.28058286566534,1330.5750342811102,0.0,106.0,106,15.0,1,,13.696929238985314,13.0,5.0,24.0,10259.0,3.2761092209111617,0.47483367133265836,2.6921130881160416
ID4299,4299,6,0.13636469841003418,387.1845702913132,1329.5049580076711,0.0,107.0,107,15.0,1,,13.269692923898532,13.0,4.0,25.0,9939.0,3.3402267905832552,0.4733564868353694,2.5526743063538673
ID4318,4318,6,0.13827750086784363,388.28199404547684,1330.5724388454848,0.0,108.0,108,15.0,1,,13.687583444592791,14.0,4.0,23.0,10252.0,3.325258730240546,0.4706444740261986,2.634611611752949
ID4338,4338,6,0.13789398968219757,387.62211049979294,1330.562458740943,0.0,109.0,109,15.0,1,,13.548731642189587,14.0,4.0,23.0,10148.0,3.3637480875660555,0.4589489589396469,2.5341333434431093
ID4378,4378,6,0.11982157826423645,388.81290876341484,1329.7712482609454,0.0,110.0,110,15.0,1,,11.655540720961282,12.0,1.0,21.0,8730.0,3.306356199533338,0.4673142682560814,2.2454256700005586
ID4358,4358,6,0.1390509158372879,388.30889181040334,1330.6752366871226,0.0,111.0,111,15.0,1,,13.349799732977303,13.0,4.0,24.0,9999.0,3.447535054860493,0.46541673658624866,2.45967034360451
ID4398,4398,6,0.14350907504558563,384.8544749249703,1328.3420948471505,0.0,112.0,112,15.0,1,,13.506008010680908,13.0,2.0,25.0,10116.0,3.6397286002335894,0.4775264471039828,2.3985576614727644
ID4417,4417,6,0.14011035859584808,382.76553070846853,1329.7184333427745,0.0,113.0,113,15.0,1,,13.41789052069426,14.0,3.0,23.0,10050.0,3.5870012401850597,0.47776495102455696,2.4187536490588064
ID4458,4458,6,0.13006974756717682,382.98583497676793,1328.6610368905926,0.0,114.0,114,15.0,1,,12.846461949265688,13.0,2.0,23.0,9622.0,3.3557642809518486,0.4547824657492071,2.393468617659287
ID4437,4437,6,0.13348974287509918,385.77949493950206,1329.8896558020103,0.0,115.0,115,15.0,1,,13.08411214953271,13.0,2.0,22.0,9800.0,3.6759990701680385,0.4232040481837745,2.116808173308306
ID4497,4497,6,0.1409928947687149,385.6788911127238,1330.3226971960835,0.0,116.0,116,15.0,1,,13.728971962616823,14.0,1.0,23.0,10283.0,3.3383169469034657,0.4572262740810047,2.5807422530601287
ID4478,4478,6,0.1344020515680313,383.33569734886595,1329.8749870857507,0.0,117.0,117,15.0,1,,13.791722296395193,14.0,3.0,24.0,10330.0,3.174410694865425,0.4464730349350989,2.6820710494200437
ID4516,4516,6,0.1435973197221756,382.10313660746107,1328.9822780514326,0.0,118.0,118,15.0,1,,14.050734312416555,14.0,4.0,23.0,10524.0,3.5009685627232745,0.4582458649085687,2.52236892568594
ID4537,4537,6,0.14674268662929535,382.61946917495396,1331.3212458615913,0.0,119.0,119,15.0,1,,13.983978638184245,14.0,2.0,24.0,10474.0,3.4802359744772673,0.4842211647214771,2.6217857784799445
ID4577,4577,6,0.12359105050563812,382.09696200125006,1329.599862090375,0.0,120.0,120,15.0,1,,12.627503337783711,13.0,4.0,21.0,9458.0,2.998456249695684,0.45605838788817166,2.638101059941695
ID4557,4557,6,0.1334616243839264,382.6559129314308,1330.0580722447874,0.0,121.0,121,15.0,1,,13.42056074766355,14.0,4.0,23.0,10052.0,3.2305616480957484,0.44151280362422385,2.5447634772622174
ID4597,4597,6,0.1415703147649765,385.0228719428163,1330.1891933157524,0.0,122.0,122,15.0,1,,13.343124165554071,13.0,3.0,25.0,9994.0,3.5889791737990646,0.4743090081756934,2.3921556735418013
ID4618,4618,6,0.12161172181367874,385.47829166093265,1328.142881923483,0.0,123.0,123,15.0,1,,12.630173564753004,13.0,4.0,24.0,9460.0,3.022322936484757,0.43775780523493885,2.5447587227748536
ID4640,4640,6,0.14382468163967133,387.8726885795736,1330.3439696068265,0.0,124.0,124,15.0,1,,13.863818424566087,14.0,3.0,24.0,10384.0,3.2781299040033565,0.48607010929687616,2.7665996271059754
ID4659,4659,6,0.1437205672264099,389.89852465582135,1331.4021814136217,0.0,125.0,125,15.0,1,,13.826435246995995,14.0,3.0,23.0,10356.0,3.2104101604844923,0.4872529221345428,2.8219500351352615
ID4680,4680,6,0.132813960313797,391.325015460843,1330.7659162590899,0.0,126.0,126,15.0,1,,13.096128170894525,13.0,2.0,24.0,9809.0,3.516021156789894,0.4500909742289298,2.3122058065069537
ID4699,4699,6,0.1303112804889679,391.890503213364,1330.495512311362,0.0,127.0,127,15.0,1,,13.27369826435247,13.0,4.0,22.0,9942.0,3.0479439584865324,0.4492326303813422,2.699902925345527
ID4741,4741,6,0.13538719713687897,389.0283551171848,1329.5225209947043,0.0,128.0,128,15.0,1,,13.712950600801069,14.0,3.0,24.0,10271.0,3.490492123794719,0.44621936923479066,2.424311876312844
ID4720,4720,6,0.1273094266653061,388.1758815088096,1328.4068342833104,0.0,129.0,129,15.0,1,,12.58210947930574,13.0,3.0,22.0,9424.0,3.3607120352270945,0.4527225444842326,2.3334666573941742
ID4761,4761,6,0.12678922712802887,387.9920276480679,1327.9446341310188,0.0,130.0,130,15.0,1,,12.622162883845126,13.0,3.0,22.0,9454.0,3.4393274619532375,0.4591038354686937,2.3094840670516574
ID4781,4781,6,0.1308964192867279,388.59927110988036,1329.7175757308794,0.0,131.0,131,15.0,1,,13.432576769025367,13.0,2.0,24.0,10061.0,3.4009760172781807,0.4433871178309454,2.4265318917567518
ID4819,4819,6,0.1361449807882309,387.10764159425054,1331.0122157599849,0.0,132.0,132,15.0,1,,13.477970627503337,13.0,1.0,25.0,10095.0,3.423512307244228,0.4505012765606433,2.4454597457934586
ID4799,4799,6,0.14316600561141968,386.0848888422833,1333.8722810623146,0.0,133.0,133,15.0,1,,14.345794392523365,15.0,4.0,22.0,10745.0,3.2315786551974717,0.46918038485391184,2.8353363949860744
ID4839,4839,6,0.1297779232263565,386.9373274309983,1335.7669118380538,0.0,134.0,134,15.0,1,,13.017356475300401,13.0,3.0,22.0,9750.0,3.420755765584918,0.44896409031281714,2.35822212477262
ID4859,4859,6,0.13125361502170563,384.40360804373233,1334.6546756263729,0.0,135.0,135,15.0,1,,13.335113484646195,13.0,4.0,23.0,9988.0,3.048819907441736,0.4532653812148042,2.7283655825403907
ID4899,4899,6,0.12298130989074707,383.5676148235508,1336.9661051742628,0.0,136.0,136,15.0,1,,12.205607476635514,12.0,2.0,22.0,9142.0,3.4529566592471563,0.4645263201355039,2.2423913671700735
ID4880,4880,6,0.12080372124910355,385.3974879888724,1338.3849655247277,0.0,137.0,137,15.0,1,,12.468624833110814,12.0,5.0,21.0,9339.0,2.8967325968069444,0.4624013424670365,2.7220284254632405
ID4921,4921,6,0.13456857204437256,387.6016153246973,1337.8377195375824,0.0,138.0,138,15.0,1,,12.723631508678238,13.0,1.0,23.0,9530.0,3.365003858190483,0.47765709665329975,2.4445452613461227
ID4943,4943,6,0.1303182691335678,387.73616453241294,1338.5035528392114,0.0,139.0,139,15.0,1,,12.699599465954606,13.0,1.0,22.0,9512.0,3.5403347903260958,0.46946991638064234,2.292042969531472
ID4962,4962,6,0.13165828585624695,388.48909355902595,1338.7358249464849,0.0,140.0,140,15.0,1,,13.081441922563418,13.0,4.0,23.0,9798.0,3.2092846677269944,0.4729780624628499,2.6177133682126583
ID4984,4984,6,0.13496805727481842,391.6071245868614,1338.8740057594027,0.0,141.0,141,15.0,1,,13.065420560747663,13.0,4.0,24.0,9786.0,3.5001517141532688,0.46209109546305377,2.35949840275062
ID5026,5026,6,0.1316155046224594,391.6890315182448,1339.3626663117661,0.0,142.0,142,15.0,1,,13.357810413885181,13.0,4.0,23.0,10005.0,3.136831998274607,0.463061291739347,2.6955660013871845
ID5005,5005,6,0.13772159814834595,393.2448712420238,1339.037904228674,0.0,143.0,143,15.0,1,,13.320427236315087,13.0,1.0,27.0,9977.0,3.300684069287218,0.4769540754314187,2.6064762117327422
ID5067,5067,6,0.12925834953784943,393.85739679811974,1339.290774789016,0.0,144.0,144,15.0,1,,12.488651535380507,13.0,1.0,21.0,9354.0,3.543683379732125,0.4492567354842012,2.1849419416970335
ID5046,5046,6,0.13085530698299408,394.6843517942612,1339.6655845386942,0.0,145.0,145,15.0,1,,13.042723631508679,13.0,4.0,22.0,9769.0,3.322792951678078,0.445031866705126,2.417734971527679
ID5108,5108,6,0.12917378544807434,392.03638088936407,1341.8232355049029,0.0,146.0,146,15.0,1,,12.841121495327103,13.0,3.0,23.0,9618.0,3.1197348067794133,0.4694090645156037,2.6298079233146248
ID5087,5087,6,0.12564052641391754,395.2859602807805,1339.8588414437436,0.0,147.0,147,15.0,1,,12.477970627503337,12.0,2.0,21.0,9346.0,3.2557818818584487,0.46312459846031484,2.426247995261254
ID5129,5129,6,0.13673615455627441,396.7607502832414,1340.1285331645279,0.0,148.0,148,15.0,1,,12.94392523364486,13.0,4.0,23.0,9695.0,3.42366037266311,0.4803964080831491,2.453731533226961
ID5151,5151,6,0.1417509764432907,397.573364361015,1341.5805774485773,0.0,149.0,149,15.0,1,,14.013351134846461,14.0,2.0,23.0,10496.0,3.2650037237925327,0.46303625705205914,2.7167409494900405
ID5172,5172,6,0.13513103127479553,397.13020542626396,1341.710178728633,0.0,150.0,150,15.0,1,,12.596795727636849,13.0,1.0,24.0,9435.0,3.41556524979346,0.48535373380374436,2.410216075827918
ID5195,5195,6,0.14380976557731628,397.0470963045237,1341.7724003561607,0.0,151.0,151,15.0,1,,13.688918558077436,14.0,2.0,23.0,10253.0,3.4242212948316677,0.4821182517685679,2.6008064237371133
ID5239,5239,6,0.13893838226795197,396.646014338537,1340.2737359555795,0.0,152.0,152,15.0,1,,13.672897196261681,14.0,3.0,24.0,10241.0,3.32565377213933,0.4632534088858116,2.603230295148243
ID5216,5216,6,0.13681809604167938,398.11988405433976,1340.8992440335867,0.0,153.0,153,15.0,1,,13.260347129506007,13.0,0.0,23.0,9932.0,3.5746867612194073,0.4608746487529942,2.3405437524309316
ID5260,5260,6,0.13215361535549164,395.66005558381266,1340.868217810728,0.0,154.0,154,15.0,1,,13.132176234979973,13.0,2.0,23.0,9836.0,3.244475879646132,0.4770421519661582,2.6144841555609597
ID5281,5281,6,0.13050109148025513,395.769019420019,1340.5459971714727,0.0,155.0,155,15.0,1,,12.92256341789052,13.0,3.0,23.0,9679.0,3.4520219368059286,0.44160536254609906,2.2934700350605195
ID5324,5324,6,0.13168741762638092,395.0484634532771,1338.2008520709453,0.0,156.0,156,15.0,1,,13.17890520694259,13.0,3.0,23.0,9871.0,3.4463083213512906,0.43619401773427996,2.322853354039831
ID5302,5302,6,0.14532220363616943,398.78006666849154,1341.7327621874763,0.0,157.0,157,15.0,1,,13.676902536715621,14.0,1.0,24.0,10244.0,3.6800172949716443,0.47708934592091773,2.4008268567024538
ID5345,5345,6,0.12922242283821106,397.1717609548817,1342.9572468149017,0.0,158.0,158,15.0,1,,12.973297730307076,13.0,4.0,22.0,9717.0,3.3625544852962332,0.447756437704041,2.3864777215539332
ID5366,5366,6,0.14045211672782898,398.0802751919349,1343.8505149807356,0.0,159.0,159,15.0,1,,13.539385847797062,14.0,4.0,26.0,10141.0,3.5146918756274435,0.48038908470009034,2.5001090939033332
ID5387,5387,6,0.1375933438539505,400.47302089901825,1347.0466685396518,0.0,160.0,160,15.0,1,,13.612817089452603,14.0,3.0,22.0,10196.0,3.2357703617757103,0.46556327786302126,2.672849186867355
ID5407,5407,6,0.13237452507019043,401.9331428780441,1347.3874362269453,0.0,161.0,161,15.0,1,,12.672897196261681,13.0,4.0,23.0,9492.0,3.4835096271296484,0.45831683487758873,2.2866664145126796
ID5427,5427,6,0.13004671037197113,400.0971798573294,1347.4719940437496,0.0,162.0,162,15.0,1,,13.069425901201603,13.0,5.0,22.0,9789.0,3.1364660989330173,0.47537937798370444,2.6852364757884604
ID5448,5448,6,0.1286831796169281,401.9279600486941,1346.793866638205,0.0,163.0,163,15.0,1,,12.727636849132177,13.0,4.0,24.0,9533.0,3.44600014533299,0.4440920426036279,2.2716456948466806
ID5469,5469,6,0.12548764050006866,403.6231492088934,1347.3680899472997,0.0,164.0,164,15.0,1,,12.316421895861149,12.0,3.0,22.0,9225.0,3.159741750320389,0.4633848773612088,2.468574610158127
ID5490,5490,6,0.12441742420196533,402.41737276684046,1348.3143640444139,0.0,165.0,165,15.0,1,,12.586114819759679,13.0,2.0,22.0,9427.0,3.1550179864495527,0.4544516590170162,2.49291945802869
ID5510,5510,6,0.13671988248825073,403.80747509856167,1349.905600070626,0.0,166.0,166,15.0,1,,13.484646194926569,13.0,4.0,24.0,10100.0,3.499250002004187,0.4565391051087978,2.4157412456158704
ID5532,5532,6,0.13938026130199432,402.8195615764219,1349.4011786822177,0.0,167.0,167,15.0,1,,14.216288384512684,14.0,5.0,23.0,10648.0,3.2086450073252624,0.4512530544454692,2.7553169075652555
ID5554,5554,6,0.13197192549705505,404.29106017635934,1351.1259418145053,0.0,168.0,168,15.0,1,,13.445927903871828,13.0,5.0,24.0,10071.0,3.1199419129608383,0.45239904414965465,2.6847879489452264
ID5575,5575,6,0.14394602179527283,404.59906470101487,1351.3306392686018,0.0,169.0,169,15.0,1,,14.02803738317757,14.0,6.0,23.0,10507.0,3.3432051000270078,0.47671739612624414,2.7091153612428123
ID5595,5595,6,0.12049055844545364,403.7881496080877,1350.726485368695,0.0,170.0,170,15.0,1,,12.177570093457945,12.0,2.0,22.0,9121.0,3.373255773798969,0.42934357697892234,2.1687510234069043
ID2078,2078,7,0.11251556873321533,2991.072891110038,1373.1085624538762,0.0,0.0,0,15.0,1,,9.10146862483311,9.0,0.0,22.0,6817.0,4.087984281686562,0.47532129337870704,1.4346068964324334
ID2020,2020,7,0.1201016902923584,2992.210042119776,1376.4164336160452,0.0,1.0,1,15.0,1,,8.983978638184245,9.0,0.0,22.0,6729.0,4.740006056041256,0.4774760208809584,1.2250418759509234
ID2033,2033,7,0.10059987753629684,2992.487214691917,1376.6988245913556,0.0,2.0,2,15.0,1,,8.37516688918558,8.0,0.0,23.0,6273.0,3.9798251419645814,0.41551932530666197,1.2354776643721
ID2055,2055,7,0.10672271996736526,2991.5493941979007,1374.9513651872928,0.0,3.0,3,15.0,1,,8.065420560747663,8.0,0.0,19.0,6041.0,4.377231194623029,0.4496123054416961,1.1429937353139537
ID2129,2129,7,0.12251214683055878,2995.74290105875,1371.8830439548356,0.0,4.0,4,15.0,1,,8.762349799732977,8.0,0.0,23.0,6563.0,4.953486627132149,0.481425088540148,1.1497107999174008
ID2104,2104,7,0.12885808944702148,2992.6626318780645,1375.7628519807351,0.0,5.0,5,15.0,1,,9.256341789052069,8.0,0.0,23.0,6933.0,5.12031478504957,0.48414748218134634,1.1794331628618566
ID2175,2175,7,0.11871399730443954,3001.259161054467,1378.061416350881,0.0,6.0,6,15.0,1,,8.921228304405874,9.0,0.0,20.0,6682.0,4.501389041405502,0.48368470640242994,1.292197318729028
ID2152,2152,7,0.1298069953918457,3005.0831829455005,1382.8734868480105,0.0,7.0,7,15.0,1,,9.523364485981308,9.0,0.0,25.0,7133.0,5.125802548548375,0.4717506335263455,1.191068639491093
ID2198,2198,7,0.11984923481941223,3006.5663388145063,1383.2510737900952,0.0,8.0,8,15.0,1,,8.797062750333778,8.0,0.0,23.0,6589.0,4.952333423174615,0.45654746763882365,1.113574057282654
ID2223,2223,7,0.11965233832597733,3005.158850998622,1387.158842389771,0.0,9.0,9,15.0,1,,9.044058744993324,9.0,0.0,22.0,6774.0,4.596491637784569,0.48120164108172797,1.2784384124537085
ID2271,2271,7,0.13135124742984772,3008.4325725566737,1394.863804684998,0.0,10.0,10,15.0,1,,9.686248331108144,9.0,0.0,24.0,7255.0,4.967981486534409,0.48134817812318537,1.2670910130817994
ID2246,2246,7,0.15260837972164154,3011.591870666989,1393.2261957938533,0.0,11.0,11,15.0,1,,10.459279038718291,9.0,0.0,26.0,7834.0,5.901147356339373,0.5244028236318878,1.2194403538840604
ID2293,2293,7,0.15937943756580353,3008.276204545059,1389.2093060933503,0.0,12.0,12,15.0,1,,11.126835781041388,10.0,0.0,29.0,8334.0,5.971517802651282,0.5120299852795038,1.261978434827145
ID2317,2317,7,0.14376749098300934,3011.252353235522,1383.1499964993686,0.0,13.0,13,15.0,1,,10.345794392523365,10.0,0.0,27.0,7749.0,5.426396078569943,0.5016287066718706,1.2738027097182725
ID2342,2342,7,0.13067860901355743,3015.466681566572,1383.6749741307458,0.0,14.0,14,15.0,1,,9.493991989319092,9.0,0.0,26.0,7111.0,5.290393746649496,0.46098285234857644,1.132479925598392
ID2367,2367,7,0.10648664832115173,3017.8262478864754,1381.983133388535,0.0,15.0,15,15.0,1,,8.297730307076101,8.0,0.0,20.0,6215.0,4.465944538057783,0.4298583773015917,1.1171419396107123
ID2392,2392,7,0.11080436408519745,3020.277971515704,1386.8406332433447,0.0,16.0,16,15.0,1,,8.710280373831775,8.0,0.0,21.0,6524.0,4.390395880875001,0.4502512335340184,1.2318848547515704
ID2466,2466,7,0.10819024592638016,3020.6838188843462,1377.8912578209322,0.0,18.0,18,15.0,1,,8.380507343124165,8.0,0.0,23.0,6277.0,4.464739365654098,0.43808998356486445,1.1436192508475065
ID2441,2441,7,0.12121220678091049,3018.2172196272622,1377.8371579522684,0.0,19.0,19,15.0,1,,9.42056074766355,9.0,0.0,25.0,7056.0,4.629382352815993,0.4527592829097374,1.268403414648905
ID2492,2492,7,0.10663799941539764,3013.8559472339243,1375.025685467261,0.0,20.0,20,15.0,1,,8.777036048064085,9.0,0.0,21.0,6574.0,4.349344566152002,0.4116417006071812,1.176925431413008
ID2079,2079,8,0.18398092687129974,705.6121522730404,1458.0338857290378,0.0,0.0,0,15.0,1,,11.380507343124165,9.0,0.0,32.0,8524.0,7.472279914586841,0.5689325125513639,1.1045744077645876
ID2022,2022,8,0.2085617482662201,705.3439915409843,1452.2142150977759,0.0,1.0,1,15.0,1,,13.102803738317757,12.0,0.0,38.0,9814.0,8.049901526629696,0.5608640316585571,1.1697584213674923
ID2034,2034,8,0.19044774770736694,700.4487653241124,1451.5810862881292,0.0,2.0,2,15.0,1,,12.0,11.0,0.0,35.0,8988.0,7.636809256160145,0.558027678597775,1.1255890781840987
ID2056,2056,8,0.19332686066627502,701.953112321031,1451.278342169877,0.0,3.0,3,15.0,1,,12.036048064085447,10.0,0.0,34.0,9015.0,7.674531348567584,0.5773553708163012,1.1480893964593668
ID2130,2130,8,0.18476945161819458,703.6217303424828,1450.8023688566439,0.0,4.0,4,15.0,1,,11.24966622162884,9.0,0.0,37.0,8426.0,7.700120876938181,0.5606178622939867,1.0496450151273384
ID2105,2105,8,0.1721147745847702,696.7616268852499,1449.5334910415586,0.0,5.0,5,15.0,1,,11.220293724966622,9.0,0.0,31.0,8404.0,6.893833128799089,0.5349885109155228,1.1345216325591816
ID2176,2176,8,0.17582738399505615,695.599502320124,1452.8433843780758,0.0,6.0,6,15.0,1,,11.31909212283044,10.0,0.0,32.0,8478.0,6.930203693891565,0.54805424613943,1.156466248654305
ID2153,2153,8,0.17339953780174255,694.1270058208431,1449.7499691056953,0.0,7.0,7,15.0,1,,10.945260347129507,9.0,0.0,30.0,8198.0,7.05448198963055,0.5484970612375227,1.099144731273451
ID2199,2199,8,0.1756175458431244,698.9865767283272,1451.7325217930004,0.0,8.0,8,15.0,1,,11.130841121495328,9.0,0.0,32.0,8337.0,6.9932337017346065,0.553361451772253,1.1340085165570433
ID2224,2224,8,0.16649310290813446,700.2548624209429,1443.7697717056667,0.0,9.0,9,15.0,1,,10.84913217623498,10.0,0.0,31.0,8126.0,6.4464009707604815,0.5487149521830836,1.1925675388083123
ID2272,2272,8,0.17329595983028412,698.2341390964413,1436.6508391504246,0.0,10.0,10,15.0,1,,10.806408544726303,9.0,0.0,31.0,8094.0,7.172337050689752,0.5477375307707227,1.0664140876178523
ID2247,2247,8,0.18958434462547302,698.7668117224795,1438.8281606169069,0.0,11.0,11,15.0,1,,11.333778371161548,10.0,0.0,33.0,8489.0,7.826712401448375,0.5719866884734879,1.0538101896686718
ID2294,2294,8,0.19564583897590637,696.8838028303726,1437.2137718820115,0.0,12.0,12,15.0,1,,11.72630173564753,10.0,0.0,34.0,8783.0,7.982341126555886,0.58600589025052,1.0855703242135515
ID2318,2318,8,0.20174439251422882,690.4817902539224,1437.505182611802,0.0,13.0,13,15.0,1,,12.587449933244326,11.0,0.0,37.0,9428.0,8.004804876371857,0.5680681877115575,1.1393378535549363
ID2343,2343,8,0.20426572859287262,690.9175380909317,1445.5963649147673,0.0,14.0,14,15.0,1,,12.57943925233645,11.0,0.0,39.0,9422.0,8.246740027157168,0.5623647994124512,1.098106992445331
ID2368,2368,8,0.15701813995838165,688.7699895837802,1449.953661230138,0.0,15.0,15,15.0,1,,10.283044058744993,9.0,0.0,30.0,7702.0,6.55397118660904,0.5125815624552268,1.0633869903713342
ID2393,2393,8,0.21128365397453308,696.5367993133522,1455.9392732813433,0.0,16.0,16,15.0,1,,12.719626168224298,10.0,0.0,34.0,9527.0,8.456962569554364,0.5825719410343694,1.1073273756629343
ID2417,2417,8,0.19594019651412964,696.7154339514218,1457.8680712100547,0.0,17.0,17,15.0,1,,11.763684913217624,9.0,0.0,34.0,8811.0,8.032951208605622,0.5641256664854353,1.05633693952297
ID2467,2467,8,0.19735461473464966,692.7425694944384,1465.8382744680657,0.0,18.0,18,15.0,1,,12.114819759679573,10.0,0.0,35.0,9074.0,7.955266434150747,0.5636792897129308,1.097934970063319
ID2442,2442,8,0.21301883459091187,688.5782280195078,1468.6126642736099,0.0,19.0,19,15.0,1,,12.309746328437917,10.0,0.0,38.0,9220.0,8.861089222454092,0.593427074041648,1.0347302693098832
ID2493,2493,8,0.21811802685260773,688.8462209676568,1466.6466471791377,0.0,20.0,20,15.0,1,,13.016021361815755,10.0,0.0,37.0,9749.0,9.034678268870618,0.565484168156523,1.0408001048015119
ID2515,2515,8,0.21209125220775604,691.8767076866667,1468.2832888478501,0.0,21.0,21,15.0,1,,12.2630173564753,10.0,0.0,38.0,9185.0,9.004246293343792,0.5807654630087231,1.0007216968136006
ID2539,2539,8,0.19926561415195465,690.9488751469062,1465.9454960994597,0.0,22.0,22,15.0,1,,11.439252336448599,9.0,0.0,35.0,8568.0,8.662606805084913,0.5664670867685363,0.9550639237929038
ID2561,2561,8,0.20887087285518646,689.0840481151059,1469.4629841185722,0.0,23.0,23,15.0,1,,11.881174899866489,9.0,0.0,40.0,8899.0,9.088573698870297,0.5892333011500427,0.9693782655965597
ID2584,2584,8,0.20871518552303314,695.5168959401062,1470.809629315332,0.0,24.0,24,15.0,1,,12.177570093457945,9.0,0.0,37.0,9121.0,9.313277794929213,0.5289438468090645,0.9047031665078561
ID2606,2606,8,0.21942999958992004,693.2899434113787,1470.1390549133214,0.0,25.0,25,15.0,1,,12.492656875834445,10.0,0.0,42.0,9357.0,9.35994492511,0.5897254377036856,0.9902372333280166
ID2628,2628,8,0.21179305016994476,694.5511751973237,1469.8768015586782,0.0,26.0,26,15.0,1,,11.970627503337784,9.0,0.0,40.0,8966.0,9.510995171440669,0.5567230794503549,0.9002203224128544
ID2649,2649,8,0.22505885362625122,692.7024227040451,1470.4857032327461,0.0,27.0,27,15.0,1,,12.98931909212283,10.0,0.0,41.0,9729.0,9.464111394223373,0.5896808517275278,1.0182246824860348
ID2672,2672,8,0.1994653195142746,695.3770198418364,1470.0140352130882,0.0,28.0,28,15.0,1,,11.45260347129506,8.0,0.0,34.0,8578.0,8.714236877811404,0.5597820936906543,0.9433219293078114
ID2695,2695,8,0.2103087604045868,696.8685700413181,1469.148115515748,0.0,29.0,29,15.0,1,,12.212283044058745,9.0,0.0,38.0,9147.0,8.828675856226937,0.5786940553618477,1.014103618795006
ID2719,2719,8,0.22241409122943878,693.487469610698,1470.6008322162888,0.0,30.0,30,15.0,1,,13.156208277703605,10.0,0.0,40.0,9854.0,9.040515137195847,0.5892343062397505,1.0791148053179482
ID2742,2742,8,0.2115747332572937,687.0209561468745,1476.2565156422659,0.0,31.0,31,15.0,1,,12.198931909212282,9.0,0.0,43.0,9137.0,9.3264730987622,0.558577356789607,0.9375389621155684
ID2764,2764,8,0.20339864492416382,688.9225250056704,1479.6958595547726,0.0,32.0,32,15.0,1,,11.743658210947931,9.0,0.0,42.0,8796.0,8.710800841798875,0.5813931176727455,0.9913005708816482
ID2789,2789,8,0.19022656977176666,689.3212333263815,1474.6210179615643,0.0,33.0,33,15.0,1,,11.560747663551401,10.0,0.0,33.0,8659.0,7.789551995838181,0.5674795511711747,1.074612207226262
ID2812,2812,8,0.20762187242507935,681.6580744852597,1472.8959612307694,0.0,34.0,34,15.0,1,,11.951935914552736,9.0,0.0,37.0,8952.0,8.827390353048019,0.5861768469918903,1.0007209087927895
ID2834,2834,8,0.21201366186141968,681.3173697691952,1471.3452489038661,0.0,35.0,35,15.0,1,,12.587449933244326,10.0,0.0,38.0,9428.0,8.674099533269432,0.5758760946375076,1.0605968521840912
ID2856,2856,8,0.20142248272895813,678.3638754540698,1471.8737063432911,0.0,36.0,36,15.0,1,,11.790387182910548,9.0,0.0,38.0,8831.0,8.454509506743818,0.5735368618759383,1.0166092581243389
ID2880,2880,8,0.21054400503635406,677.5732939084949,1469.7018151553787,0.0,37.0,37,15.0,1,,12.323097463284379,9.0,0.0,37.0,9230.0,9.023277267095578,0.5549286628808067,0.9747926917957671
ID2904,2904,8,0.22428669035434723,680.0457056076934,1467.1128637313514,0.0,38.0,38,15.0,1,,13.01068090787717,10.0,0.0,42.0,9745.0,9.611985231846857,0.5748613952651979,0.9881838092232907
ID2927,2927,8,0.19172883033752441,681.4001400741661,1468.5583012821032,0.0,39.0,39,15.0,1,,11.232309746328438,9.0,0.0,36.0,8413.0,8.369761759090231,0.561073809880059,0.964678345757867
ID2952,2952,8,0.2280472218990326,683.7890995106477,1464.0406717755936,0.0,40.0,40,15.0,1,,12.76101468624833,10.0,0.0,38.0,9558.0,9.686407977356453,0.6054237909275186,0.9936243726656852
ID2975,2975,8,0.22147062420845032,683.6021699733944,1464.6266761399588,0.0,41.0,41,15.0,1,,13.072096128170895,10.0,0.0,38.0,9791.0,9.128326571800667,0.5773436388423342,1.048315787146072
ID2996,2996,8,0.18440330028533936,685.0212441612173,1459.5022099588195,0.0,42.0,42,15.0,1,,11.232309746328438,9.0,0.0,36.0,8413.0,7.882626440753348,0.5400591274335149,0.9993831816074364
ID3020,3020,8,0.2192864567041397,688.6746935071858,1455.7866853510684,0.0,43.0,43,15.0,1,,12.688918558077436,10.0,0.0,40.0,9504.0,8.816801385034395,0.6138239557396308,1.0947910132236855
ID3042,3042,8,0.20855404436588287,684.548991524605,1458.5325856123236,0.0,44.0,44,15.0,1,,12.427236315086782,10.0,0.0,35.0,9308.0,8.682707965791222,0.5765639096931049,1.0468518667414628
ID3066,3066,8,0.21634219586849213,684.3416642158928,1455.5372515141871,0.0,45.0,45,15.0,1,,12.716955941255007,10.0,0.0,38.0,9525.0,8.858664046527133,0.5883423629327055,1.0634839295028073
ID3089,3089,8,0.1940452605485916,684.0112185434624,1454.12293764574,0.0,46.0,46,15.0,1,,11.48064085447263,9.0,0.0,37.0,8599.0,8.327116429950676,0.5635192182949386,0.9938183192331862
ID3109,3109,8,0.22380945086479187,684.1663059250669,1457.1986035643197,0.0,47.0,47,15.0,1,,13.232309746328438,11.0,0.0,40.0,9911.0,9.063322845118009,0.5841868160814412,1.0767715213194031
ID3131,3131,8,0.20613421499729156,687.2090001695029,1456.3835916933836,0.0,48.0,48,15.0,1,,11.983978638184245,10.0,0.0,34.0,8976.0,8.703970430876659,0.5888242268660641,1.0205244919387848
ID3153,3153,8,0.19285744428634644,684.1104499698662,1457.3960782250517,0.0,49.0,49,15.0,1,,11.612817089452603,10.0,0.0,33.0,8698.0,7.807657436579829,0.5863421837149649,1.0995148469310039
ID3174,3174,8,0.21107017993927002,680.436171743447,1455.1213458835277,0.0,50.0,50,15.0,1,,12.651535380507344,11.0,0.0,35.0,9476.0,8.42964360788951,0.5894624840474874,1.1131915587745056
ID3195,3195,8,0.20150458812713623,685.0643851683609,1456.8271577294597,0.0,51.0,51,15.0,1,,12.050734312416555,10.0,0.0,35.0,9026.0,8.20688963991041,0.5759328580159668,1.073245459139065
ID3215,3215,8,0.18413101136684418,683.9587342250393,1460.8059455567488,0.0,52.0,52,15.0,1,,11.42456608811749,10.0,0.0,39.0,8557.0,7.711109769827191,0.5349482766036251,1.0326921402303306
ID3236,3236,8,0.1988501399755478,677.4483089837692,1466.5292552545525,0.0,53.0,53,15.0,1,,11.93324432576769,10.0,0.0,33.0,8938.0,7.989353060244688,0.5881569412689812,1.1063097105075907
ID3257,3257,8,0.18573138117790222,672.9515136935481,1467.766837153718,0.0,54.0,54,15.0,1,,11.791722296395193,10.0,0.0,34.0,8832.0,7.458038469003126,0.5482648893620972,1.1197673202746181
ID3277,3277,8,0.19193755090236664,669.5813844837363,1472.5091592740034,0.0,55.0,55,15.0,1,,11.791722296395193,10.0,0.0,33.0,8832.0,7.588295648777717,0.568627071071875,1.1266027866277124
ID3296,3296,8,0.1907958686351776,664.1591732268972,1469.66662150737,0.0,56.0,56,15.0,1,,11.743658210947931,10.0,0.0,32.0,8796.0,7.701724091349988,0.5665783662386138,1.1029436008227687
ID3315,3315,8,0.17295372486114502,673.9745051145147,1464.8246532199178,0.0,57.0,57,15.0,1,,10.814419225634179,9.0,0.0,33.0,8100.0,7.214365151227437,0.5492064077159173,1.0628240854306423
ID3337,3337,8,0.1577949821949005,675.1103037104073,1468.0462399833473,0.0,58.0,58,15.0,1,,10.596795727636849,9.0,0.0,28.0,7937.0,6.357259557167762,0.5033847767977622,1.1162578967192291
ID3358,3358,8,0.1850215047597885,668.528661401181,1469.4522006885297,0.0,59.0,59,15.0,1,,11.998664886515353,10.0,0.0,31.0,8987.0,7.003913980719181,0.5609836358600686,1.2313285765232014
ID3378,3378,8,0.1719624400138855,665.0880505289167,1472.8861955364114,0.0,60.0,60,15.0,1,,10.89853137516689,9.0,0.0,29.0,8163.0,6.946153514168587,0.5498996780298446,1.1133545147529824
ID3399,3399,8,0.1731153279542923,660.5074611912802,1470.5886765401397,0.0,61.0,61,15.0,1,,11.138851802403204,9.0,0.0,31.0,8343.0,6.941462595012301,0.5302305062580538,1.1120576164170872
ID3420,3420,8,0.17801155149936676,661.4888781536935,1471.4510770539446,0.0,62.0,62,15.0,1,,11.531375166889186,10.0,0.0,31.0,8637.0,6.679295237605051,0.5632378556062959,1.2440769107326517
ID3440,3440,8,0.16037309169769287,664.2098152749111,1463.577492821412,0.0,63.0,63,15.0,1,,10.333778371161548,9.0,0.0,30.0,7740.0,6.593684732521308,0.5317391959448671,1.0881150302324458
ID3459,3459,8,0.16043661534786224,663.4711468291271,1460.3478644327477,0.0,64.0,64,15.0,1,,11.307076101468624,10.0,0.0,28.0,8469.0,5.526718342493043,0.5401603901825625,1.4350590203918134
ID3480,3480,8,0.15395335853099823,664.7517459988733,1463.615194201157,0.0,65.0,65,15.0,1,,10.436582109479305,10.0,0.0,27.0,7817.0,6.378883702213415,0.4809161988158457,1.0626311134886255
ID3500,3500,8,0.15956830978393555,663.2368056163228,1464.773330825796,0.0,66.0,66,15.0,1,,10.360480640854473,9.0,0.0,29.0,7760.0,6.494822107431292,0.5291679927009817,1.1040303371281102
ID3520,3520,8,0.17369168996810913,663.0902675541834,1467.2441268087828,0.0,67.0,67,15.0,1,,11.445927903871828,10.0,0.0,31.0,8573.0,6.8584874698780665,0.5225231199607127,1.1454978205954276
ID3542,3542,8,0.16448822617530823,662.3582677408607,1473.7230863840657,0.0,68.0,68,15.0,1,,10.835781041388518,9.0,0.0,30.0,8116.0,6.441924956862963,0.5441725479119461,1.1855376659760453
ID3563,3563,8,0.18470990657806396,656.9374574984581,1479.2414875775826,0.0,69.0,69,15.0,1,,12.053404539385848,11.0,0.0,32.0,9028.0,7.065002225176155,0.5500283641705077,1.2108012648335225
ID3583,3583,8,0.17519070208072662,656.0597563857436,1484.6741583931982,0.0,70.0,70,15.0,1,,11.277703604806408,10.0,0.0,31.0,8447.0,6.996393040355436,0.5419171011088944,1.1330479882458315
ID3604,3604,8,0.15083672106266022,654.3622866084056,1483.7614334733826,0.0,71.0,71,15.0,1,,10.599465954606142,10.0,0.0,25.0,7939.0,5.555004462709673,0.5359609682398663,1.331626873927864
ID3624,3624,8,0.16974440217018127,658.6268330116874,1483.6494686360636,0.0,72.0,72,15.0,1,,11.025367156208278,10.0,0.0,31.0,8258.0,6.805404232673936,0.5348956078191169,1.1291699658933938
ID3645,3645,8,0.1635691076517105,662.7166949198661,1481.049922349598,0.0,73.0,73,15.0,1,,10.927903871829105,10.0,0.0,30.0,8185.0,6.242225839762386,0.5455537306514496,1.235892813186162
ID3664,3664,8,0.1527715027332306,660.6756014540249,1483.9125219484295,0.0,74.0,74,15.0,1,,10.652870493991989,10.0,0.0,25.0,7979.0,5.805647528039956,0.5231088016544235,1.2603961768598575
ID3682,3682,8,0.1929139345884323,670.5101133383789,1483.491338594151,0.0,75.0,75,15.0,1,,12.257676902536716,11.0,0.0,31.0,9181.0,7.337114314746693,0.5723726017526666,1.216287515237991
ID3720,3720,8,0.16994251310825348,674.6983221633045,1479.7152927905229,0.0,76.0,76,15.0,1,,10.857142857142858,9.0,0.0,31.0,8132.0,6.948215087009034,0.5315913618980008,1.084694157752764
ID3703,3703,8,0.1780707836151123,678.3476460684084,1480.0274203803015,0.0,77.0,77,15.0,1,,10.850467289719626,9.0,0.0,30.0,8127.0,7.295450594739076,0.5569909148098839,1.0641144726612395
ID3737,3737,8,0.17799757421016693,674.9405732554982,1477.6987499869497,0.0,78.0,78,15.0,1,,11.24966622162884,10.0,0.0,31.0,8426.0,7.136401414986606,0.5522004131452882,1.1216033418979579
ID3757,3757,8,0.18061387538909912,672.426930235197,1477.356083030815,0.0,79.0,79,15.0,1,,11.79305740987984,10.0,0.0,33.0,8833.0,6.975216238624918,0.540398806861935,1.1862601478107984
ID3778,3778,8,0.1775188148021698,668.5474595641111,1477.0686419585072,0.0,80.0,80,15.0,1,,11.425901201602136,10.0,0.0,33.0,8558.0,7.237116296912642,0.5187140635764894,1.078467139463084
ID3797,3797,8,0.17125099897384644,664.0654334544321,1483.110925975187,0.0,81.0,81,15.0,1,,11.053404539385848,9.0,0.0,31.0,8279.0,7.160671686971068,0.5013349490404774,1.0309145881459594
ID3815,3815,8,0.16575127840042114,661.098688223126,1479.8481570214074,0.0,82.0,82,15.0,1,,11.085447263017356,10.0,0.0,35.0,8303.0,6.35497735106712,0.5408135153906745,1.224522208261573
ID3834,3834,8,0.15372005105018616,659.2933292918023,1483.027666945184,0.0,83.0,83,15.0,1,,10.221628838451268,9.0,0.0,26.0,7656.0,5.950465044156967,0.5440217673041162,1.2104923600698825
ID3873,3873,8,0.14269983768463135,661.2800763319393,1483.986931983588,0.0,84.0,84,15.0,1,,10.13351134846462,9.0,0.0,25.0,7590.0,5.482671884783419,0.4884947193782303,1.2131381853529677
ID3853,3853,8,0.15516148507595062,662.5762297290576,1484.58741252601,0.0,85.0,85,15.0,1,,10.23497997329773,9.0,0.0,29.0,7666.0,6.112431831438567,0.5372057485617862,1.1703388330877273
ID3890,3890,8,0.16146302223205566,666.0601320694622,1487.392252791078,0.0,86.0,86,15.0,1,,10.949265687583445,9.0,0.0,28.0,8201.0,6.144001911360584,0.5286746384445379,1.2326422917725364
ID3911,3911,8,0.13079673051834106,668.6514938680953,1483.0652703384342,0.0,87.0,87,15.0,1,,9.83177570093458,9.0,0.0,24.0,7364.0,5.10488962132184,0.45700546471480147,1.208191606353799
ID3929,3929,8,0.13901183009147644,676.9465260786492,1485.183633694681,0.0,88.0,88,15.0,1,,9.791722296395193,9.0,0.0,24.0,7334.0,5.43280645094897,0.5056928680692475,1.210640743643808
ID3951,3951,8,0.1447921246290207,674.9766283551111,1482.42063985429,0.0,89.0,89,15.0,1,,10.30173564753004,9.0,0.0,25.0,7716.0,5.372962584089366,0.5181161665796052,1.3087259658856922
ID3971,3971,8,0.1533830612897873,684.619156140212,1481.6792341895741,0.0,90.0,90,15.0,1,,10.770360480640855,10.0,0.0,29.0,8067.0,5.790516634227933,0.5115430887171988,1.2589387779486614
ID3991,3991,8,0.12058964371681213,685.1440745471518,1487.4464105309232,0.0,91.0,91,15.0,1,,9.699599465954606,9.0,0.0,21.0,7265.0,4.523174119734163,0.43340052818697433,1.2967682431841527
ID4028,4028,8,0.1261233687400818,691.8239039884048,1496.8761070536093,0.0,92.0,92,15.0,1,,9.307076101468624,9.0,0.0,27.0,6971.0,5.138375658445233,0.47488917558367044,1.1664074673056801
ID4011,4011,8,0.12645618617534637,689.8892683027785,1502.731901666878,0.0,93.0,93,15.0,1,,9.277703604806408,8.0,0.0,21.0,6949.0,4.7038267573720685,0.5013598395032405,1.3172976574299984
ID4048,4048,8,0.12242168933153152,684.7614894523655,1502.471165118699,0.0,94.0,94,15.0,1,,8.790387182910548,8.0,0.0,25.0,6584.0,5.064568490431731,0.46763000318911235,1.106066751759272
ID4066,4066,8,0.11816383898258209,691.9862045957003,1503.056121446217,0.0,95.0,95,15.0,1,,8.341789052069426,8.0,0.0,22.0,6248.0,5.0477005410615385,0.4789848334008953,1.070418628141671
ID4105,4105,8,0.13778594136238098,698.4604466261748,1503.9575955252271,0.0,96.0,96,15.0,1,,9.981308411214954,10.0,0.0,26.0,7476.0,5.084018463805667,0.508015665494707,1.322761674200791
ID4085,4085,8,0.13007362186908722,697.9392372778918,1503.2673192279872,0.0,97.0,97,15.0,1,,9.447263017356475,9.0,0.0,26.0,7076.0,5.091826165740511,0.4757167282149014,1.1962111790018328
ID4124,4124,8,0.10757313668727875,703.4131541672302,1498.1319091412488,0.0,98.0,98,15.0,1,,8.440587449933245,8.0,0.0,22.0,6322.0,4.598099779210426,0.4130111337970698,1.0731006395030647
ID4142,4142,8,0.10847922414541245,706.2791625336197,1491.4779759398214,0.0,99.0,99,15.0,1,,8.845126835781041,9.0,0.0,22.0,6625.0,4.271224872997138,0.4363063659709607,1.2581316505695033
ID4161,4161,8,0.12996001541614532,716.2654175332698,1490.6063477891892,0.0,100.0,100,15.0,1,,9.644859813084112,9.0,0.0,25.0,7224.0,5.192231536560345,0.4619620388266055,1.1739296130419814
ID4181,4181,8,0.12117075175046921,713.2221976391536,1496.1315601699946,0.0,101.0,101,15.0,1,,9.078771695594126,9.0,0.0,23.0,6800.0,4.98987644520876,0.448479375023752,1.1266718876725093
ID4201,4201,8,0.13273295760154724,712.6298715262884,1498.5427742270242,0.0,102.0,102,15.0,1,,9.938584779706275,9.0,0.0,23.0,7444.0,4.813246941807173,0.49136969777880457,1.360628158982828
ID4219,4219,8,0.12680494785308838,715.8679588863566,1495.7699323238521,0.0,103.0,103,15.0,1,,9.237650200267023,8.0,0.0,23.0,6919.0,5.370958033068661,0.44709150701939393,1.0627721740846077
ID4242,4242,8,0.14568178355693817,712.6663313630919,1500.5373835049154,0.0,104.0,104,15.0,1,,10.005340453938585,9.0,0.0,28.0,7494.0,6.024013736280714,0.4822352796324674,1.0807313427472585
ID4260,4260,8,0.1312754899263382,710.8210992070558,1497.9092214464804,0.0,105.0,105,15.0,1,,9.299065420560748,8.0,0.0,25.0,6965.0,5.173592105599958,0.49453817643811754,1.1895150013661715
ID4280,4280,8,0.13709776103496552,715.264236942389,1498.273887549417,0.0,106.0,106,15.0,1,,10.061415220293725,10.0,0.0,25.0,7536.0,5.019637226685005,0.5311999585503197,1.390730118449106
ID4300,4300,8,0.13494357466697693,716.0486704851263,1501.1209411195282,0.0,107.0,107,15.0,1,,10.06675567423231,10.0,0.0,26.0,7540.0,4.802887697591903,0.49965910058153384,1.3966846057964875
ID4319,4319,8,0.11745945364236832,712.5452946582877,1507.1797797907666,0.0,108.0,108,15.0,1,,8.504672897196262,8.0,0.0,22.0,6370.0,4.794051802003585,0.48198595000333117,1.1539186168486988
ID4339,4339,8,0.11708830296993256,708.3347649860432,1511.158357326932,0.0,109.0,109,15.0,1,,8.870493991989319,9.0,0.0,22.0,6644.0,4.536606590236383,0.46355356810020343,1.2386197136245163
ID4379,4379,8,0.1356782615184784,700.2731451002007,1507.6728906775277,0.0,110.0,110,15.0,1,,10.124165554072096,10.0,0.0,24.0,7583.0,4.99404091463487,0.4929813071716907,1.3387923427493809
ID4360,4360,8,0.12328152358531952,696.7141512115472,1515.0811792213115,0.0,111.0,111,15.0,1,,9.39652870493992,9.0,0.0,24.0,7038.0,4.741334760769398,0.47237149603807344,1.2716368452939184
ID4400,4400,8,0.1216166689991951,686.9886784767244,1525.6299862403434,0.0,112.0,112,15.0,1,,9.244325767690254,9.0,0.0,24.0,6924.0,4.753030047422534,0.4668497051047388,1.2380156887249636
ID4419,4419,8,0.12135785073041916,681.8140758476103,1525.3478784370884,0.0,113.0,113,15.0,1,,8.802403204272363,8.0,0.0,23.0,6593.0,4.961988625065944,0.4760528373306244,1.1442706097802573
ID4460,4460,8,0.11242081969976425,684.881639304568,1527.3166094116461,0.0,114.0,114,15.0,1,,9.08411214953271,9.0,0.0,25.0,6804.0,4.3434905709978056,0.45340262324764535,1.3048833468210004
ID4439,4439,8,0.124235138297081,685.3135541497581,1528.6490624066207,0.0,115.0,115,15.0,1,,9.684913217623498,9.0,0.0,23.0,7254.0,4.636757280040608,0.46283675274220015,1.321731807623579
ID4499,4499,8,0.11238256096839905,690.6138196469507,1526.709747478392,0.0,116.0,116,15.0,1,,8.393858477970628,8.0,0.0,20.0,6287.0,4.523676830947787,0.47070160251969584,1.1877394402499377
ID4479,4479,8,0.12099949270486832,692.3389522723674,1526.906263337239,0.0,117.0,117,15.0,1,,9.11214953271028,8.0,0.0,22.0,6825.0,4.693347698532609,0.47020118109588593,1.24186690257281
ID4517,4517,8,0.11156021058559418,702.2559212073637,1524.8922210323933,0.0,118.0,118,15.0,1,,8.985313751668892,8.0,0.0,22.0,6730.0,4.573937802420599,0.420312560854436,1.1626832838832601
ID4538,4538,8,0.12605491280555725,698.4038398024283,1525.7535826901312,0.0,119.0,119,15.0,1,,9.847797062750335,9.0,0.0,25.0,7376.0,4.684518943729703,0.47727933781703835,1.3583575356701643
ID4578,4578,8,0.11409252136945724,703.8516466734707,1524.376065835768,0.0,120.0,120,15.0,1,,8.652870493991989,8.0,0.0,23.0,6481.0,4.734917841225157,0.44788644090834157,1.1306056871435313
ID4558,4558,8,0.10659661144018173,702.303973157997,1523.2372907899958,0.0,121.0,121,15.0,1,,8.777036048064085,8.0,0.0,22.0,6574.0,4.157295793607152,0.440335232378642,1.2908827682797932
ID4598,4598,8,0.10397008061408997,702.5178979089812,1528.6175058827007,0.0,122.0,122,15.0,1,,7.8210947930574095,7.0,0.0,21.0,5858.0,4.469149553361041,0.44747311062281464,1.0820045715333473
ID4619,4619,8,0.11680973321199417,713.7288613894675,1530.4656845799575,0.0,123.0,123,15.0,1,,9.453938584779706,9.0,0.0,21.0,7081.0,4.189313639681832,0.46595083989727193,1.4345661825752514
ID4641,4641,8,0.10405001044273376,711.6577666994478,1525.636296030143,0.0,124.0,124,15.0,1,,8.535380507343124,8.0,0.0,21.0,6393.0,4.15545392807285,0.4420730761708461,1.2593348093014047
ID4660,4660,8,0.10359205305576324,716.0942578910148,1526.44113435376,0.0,125.0,125,15.0,1,,8.722296395193592,8.0,0.0,19.0,6533.0,3.980943518446256,0.44072487127918286,1.34048304869376
ID4700,4700,8,0.10096379369497299,723.6807806436243,1536.8298344831182,0.0,127.0,127,15.0,1,,8.316421895861149,8.0,0.0,19.0,6229.0,4.066296849438712,0.4366734276431367,1.2432719479518304
ID4742,4742,8,0.11906257271766663,721.930068479601,1536.9187578693504,0.0,128.0,128,15.0,1,,9.576769025367156,9.0,0.0,23.0,7173.0,4.466577572962996,0.461397716351914,1.3538830283451568
ID4721,4721,8,0.10712961107492447,720.2657702924749,1532.8860746396624,0.0,129.0,129,15.0,1,,8.500667556742323,8.0,0.0,23.0,6367.0,4.4815798974582215,0.44137584435437627,1.1616711564485505
ID4762,4762,8,0.1070016622543335,713.1737830747431,1534.5975631713525,0.0,130.0,130,15.0,1,,8.781041388518023,9.0,0.0,21.0,6577.0,4.295578311672037,0.43054523631916414,1.2304715359748808
ID4782,4782,8,0.11790778487920761,714.4118419561476,1542.3864667456887,0.0,131.0,131,15.0,1,,9.038718291054739,9.0,0.0,22.0,6770.0,4.7219304560774,0.4632118009888517,1.2119638892140094
ID2080,2080,9,0.17510978877544403,2310.9544014323687,1644.1693887896256,0.0,0.0,0,15.0,1,,11.317757009345794,10.0,0.0,30.0,8477.0,7.255126698512227,0.5137560206205366,1.0588791599554863
ID2024,2024,9,0.201071634888649,2304.3438603181403,1643.7962182115796,0.0,1.0,1,15.0,1,,11.7369826435247,9.0,0.0,36.0,8791.0,8.349740267885101,0.5911923559712249,1.044526873681931
ID2035,2035,9,0.19160255789756775,2315.342467786662,1639.0302139728194,0.0,2.0,2,15.0,1,,11.253671562082777,10.0,0.0,37.0,8429.0,8.244249527498765,0.5751378324174236,0.9968423431649296
ID2057,2057,9,0.19324758648872375,2317.5128733158645,1638.808946624043,0.0,3.0,3,15.0,1,,11.666221628838452,9.0,0.0,37.0,8738.0,8.257758902704762,0.5455816582014617,0.9973918742215573
ID2131,2131,9,0.2135029435157776,2316.866802867387,1631.1786079369579,0.0,4.0,4,15.0,1,,12.341789052069426,10.0,0.0,38.0,9244.0,9.254172494595053,0.5724785024061393,0.9710575971934169
ID2106,2106,9,0.21670053899288177,2318.0963966352188,1624.0565501185606,0.0,5.0,5,15.0,1,,12.666221628838452,10.0,0.0,38.0,9487.0,9.297414640296278,0.5667340785042515,0.9855959651831951
ID2177,2177,9,0.19854086637496948,2315.750474346016,1622.766644076381,0.0,6.0,6,15.0,1,,11.56475300400534,9.0,0.0,36.0,8662.0,8.520195376304963,0.5727327407428927,0.9885847037747174
ID2154,2154,9,0.20748856663703918,2312.560688275554,1616.5229027026164,0.0,7.0,7,15.0,1,,11.89452603471295,10.0,0.0,37.0,8909.0,8.752437976381444,0.5859388578728588,1.0041855209915016
ID2200,2200,9,0.20525212585926056,2315.80489933211,1613.9863964732747,0.0,8.0,8,15.0,1,,11.969292389853138,10.0,0.0,36.0,8965.0,8.555441534264144,0.5854587635423264,1.0332309442949157
ID2225,2225,9,0.20186473429203033,2311.867412760575,1614.8683431989455,0.0,9.0,9,15.0,1,,12.15086782376502,10.0,0.0,35.0,9101.0,8.478342331162258,0.5637766649003869,1.0333768119998188
ID2273,2273,9,0.19197987020015717,2316.4962564974107,1614.799658709379,0.0,10.0,10,15.0,1,,12.10146862483311,10.0,0.0,35.0,9064.0,7.72975087841753,0.5447982227011541,1.1042476876915155
ID2248,2248,9,0.21738895773887634,2313.122664868752,1619.470735372986,0.0,11.0,11,15.0,1,,12.70493991989319,11.0,0.0,37.0,9516.0,8.879149381916354,0.588439337409745,1.060137782707673
ID2295,2295,9,0.18669335544109344,2310.9962913652466,1609.956881321106,0.0,12.0,12,15.0,1,,11.863818424566087,11.0,0.0,37.0,8886.0,7.504910111018846,0.543242659183015,1.1129320224554353
ID2319,2319,9,0.2057635486125946,2307.239909775931,1605.2398969402104,0.0,13.0,13,15.0,1,,12.43524699599466,10.0,0.0,40.0,9314.0,8.205589385586347,0.5832120859654463,1.1165085409283657
ID2344,2344,9,0.20490308105945587,2304.986806210454,1601.2091280591192,0.0,14.0,14,15.0,1,,12.714285714285714,11.0,0.0,34.0,9523.0,7.996728704731807,0.5748601487189181,1.1607262581661242
ID2369,2369,9,0.19752193987369537,2308.9090273299375,1602.2430219066264,0.0,15.0,15,15.0,1,,12.15086782376502,10.0,0.0,34.0,9101.0,7.764752384556038,0.5718684365070059,1.138648334337719
ID2394,2394,9,0.20404262840747833,2315.7850703503805,1607.5846286702033,0.0,16.0,16,15.0,1,,12.328437917222963,10.0,0.0,35.0,9234.0,8.268166214865015,0.5755849634897344,1.089422804553637
ID2418,2418,9,0.21079108119010925,2316.00945002262,1611.2200817660546,0.0,17.0,17,15.0,1,,13.120160213618158,11.0,0.0,35.0,9827.0,7.9513212823231445,0.5958462556547267,1.2321767154185927
ID2468,2468,9,0.16295111179351807,2314.623464842232,1618.365005037662,0.0,18.0,18,15.0,1,,11.13351134846462,10.0,0.0,31.0,8339.0,6.576844088312422,0.5001642176841656,1.1288036928094656
ID2443,2443,9,0.1812233328819275,2317.4909261112984,1620.1283838589802,0.0,19.0,19,15.0,1,,11.210947930574099,10.0,0.0,29.0,8397.0,7.270248345044462,0.5761770262817328,1.1273896140859434
ID2494,2494,9,0.1852583885192871,2316.274042937807,1617.6406778770893,0.0,20.0,20,15.0,1,,11.801068090787718,10.0,0.0,35.0,8839.0,7.278949131704044,0.5609245028856652,1.1652125166392928
ID2516,2516,9,0.15351036190986633,2320.2977673874843,1628.16681167853,0.0,21.0,21,15.0,1,,10.261682242990654,9.0,0.0,26.0,7686.0,6.1889489099624555,0.5166388580631085,1.1296308628888843
ID2540,2540,9,0.16337530314922333,2319.667712417596,1634.6584721164054,0.0,22.0,22,15.0,1,,10.460614152202938,9.0,0.0,29.0,7835.0,6.53170876634966,0.5494414477969383,1.135812424553469
ID2562,2562,9,0.17793864011764526,2325.9570086960603,1640.3431939762893,0.0,23.0,23,15.0,1,,11.07743658210948,9.0,0.0,33.0,8297.0,7.195466921766989,0.5520367304192618,1.0951567063700187
ID2585,2585,9,0.17660318315029144,2329.5055331167464,1637.8401458349413,0.0,24.0,24,15.0,1,,11.36849132176235,10.0,0.0,32.0,8515.0,6.971705266656424,0.5449811535062034,1.1504085724821542
ID2607,2607,9,0.19076192378997803,2334.3073262262983,1637.1619828130868,0.0,25.0,25,15.0,1,,12.476635514018692,11.0,0.0,32.0,9345.0,6.883954171022424,0.569002452067162,1.3145588366695835
ID2629,2629,9,0.19125156104564667,2335.2822822089206,1633.1763430515057,0.0,26.0,26,15.0,1,,11.846461949265688,10.0,0.0,33.0,8873.0,7.364946526063324,0.5885678711444132,1.1919000497856966
ID2650,2650,9,0.16088074445724487,2342.418585426083,1632.6770989163135,0.0,27.0,27,15.0,1,,10.854472630173564,10.0,0.0,28.0,8130.0,6.283321603252932,0.506859788364803,1.162156000278646
ID2673,2673,9,0.14396998286247253,2357.8759783935684,1631.0506717985943,0.0,28.0,28,15.0,1,,9.534045393858477,8.0,0.0,25.0,7141.0,5.8077927828592255,0.5291227254284859,1.1360832849310214
ID2696,2696,9,0.16144157946109772,2359.026734649342,1626.3107505046466,0.0,29.0,29,15.0,1,,10.60347129506008,9.0,0.0,29.0,7942.0,6.32489679637567,0.5398981092349027,1.1755590195778176
ID2720,2720,9,0.14215657114982605,2357.7889237071895,1628.5210260845513,0.0,30.0,30,15.0,1,,10.20694259012016,9.0,0.0,27.0,7645.0,5.4856307066164804,0.4844855417780869,1.214517981959462
ID2743,2743,9,0.16244429349899292,2361.9856629744468,1633.7101416466764,0.0,31.0,31,15.0,1,,10.80373831775701,9.0,0.0,29.0,8092.0,6.312722652684766,0.5375393385352446,1.1966616116104511
ID2765,2765,9,0.16668277978897095,2366.497515035261,1627.8617798790506,0.0,32.0,32,15.0,1,,11.005340453938585,10.0,0.0,31.0,8243.0,6.521250601635955,0.5325468452268901,1.172861271456376
ID2790,2790,9,0.17421232163906097,2369.763607049567,1625.0308086035498,0.0,33.0,33,15.0,1,,11.307076101468624,10.0,0.0,30.0,8469.0,6.75659437208619,0.5402080708529771,1.1739082027452068
ID2813,2813,9,0.16665422916412354,2363.718510619586,1625.2104674547497,0.0,34.0,34,15.0,1,,11.001335113484647,9.0,0.0,26.0,8240.0,6.349975647863376,0.5457758740949862,1.2234075013140147
ID2835,2835,9,0.17064854502677917,2361.1692786443327,1628.30711592829,0.0,35.0,35,15.0,1,,11.598130841121495,10.0,0.0,30.0,8687.0,6.35513575875996,0.5286348890673099,1.2622495426160807
ID2857,2857,9,0.18188618123531342,2355.4798330931544,1635.5222469103128,0.0,36.0,36,15.0,1,,11.839786381842456,10.0,0.0,31.0,8868.0,6.742273689176442,0.5640155845203213,1.2665359239415535
ID2881,2881,9,0.16008907556533813,2351.69023108975,1635.1579005225485,0.0,37.0,37,15.0,1,,10.316421895861149,9.0,0.0,27.0,7727.0,6.342708982251248,0.5511758031028535,1.1558818032447349
ID2905,2905,9,0.17986831068992615,2358.964762679221,1624.1033664745469,0.0,38.0,38,15.0,1,,11.315086782376502,10.0,0.0,35.0,8475.0,7.126402621989154,0.5760575181113481,1.1606768319850238
ID2928,2928,9,0.17887325584888458,2363.40662876262,1624.6021136541783,0.0,39.0,39,15.0,1,,12.076101468624833,11.0,0.0,31.0,9045.0,6.406533076833097,0.5576848289842257,1.3497176172870629
ID2953,2953,9,0.16118545830249786,2365.97322147637,1620.7385538406775,0.0,40.0,40,15.0,1,,10.76502002670227,10.0,0.0,29.0,8063.0,6.093373661045893,0.5347683396255294,1.2311469189028534
ID2976,2976,9,0.16852885484695435,2367.383716281939,1615.2051068254275,0.0,41.0,41,15.0,1,,11.901201602136181,11.0,0.0,28.0,8914.0,5.851629065939249,0.5329576554724804,1.4141861040706307
ID2997,2997,9,0.1880646049976349,2363.2474850160074,1612.3735350224615,0.0,42.0,42,15.0,1,,12.293724966622163,11.0,0.0,32.0,9208.0,6.879344082819016,0.5697064386432814,1.2971767161507353
ID3021,3021,9,0.18031726777553558,2359.340810015607,1616.4543149514632,0.0,43.0,43,15.0,1,,11.07743658210948,9.0,0.0,31.0,8297.0,7.514647788686991,0.5412397348278013,1.0353331351802655
ID3043,3043,9,0.18831270933151245,2362.1645942242426,1616.71315310696,0.0,44.0,44,15.0,1,,12.202937249666222,11.0,0.0,31.0,9140.0,7.168069566316614,0.5564762547967421,1.2172962945834338
ID3067,3067,9,0.16253912448883057,2360.376773250977,1605.6936316450726,0.0,45.0,45,15.0,1,,10.580774365821094,9.0,0.0,27.0,7925.0,6.476857521728822,0.5334100228903331,1.1365432830010376
ID3090,3090,9,0.1621766984462738,2355.4205216222335,1595.938850744132,0.0,46.0,46,15.0,1,,11.097463284379172,10.0,0.0,28.0,8312.0,6.083628989740688,0.5242617044917475,1.254814672889544
ID3110,3110,9,0.14934149384498596,2353.167362164042,1593.8916542972054,0.0,47.0,47,15.0,1,,10.253671562082777,10.0,0.0,26.0,7680.0,5.702729715451399,0.5221848578012582,1.233625921176865
ID3132,3132,9,0.1748122125864029,2357.2578508060747,1586.5751276935605,0.0,48.0,48,15.0,1,,11.711615487316422,11.0,0.0,29.0,8772.0,6.409980201490735,0.547083311771911,1.2922004223591406
ID3154,3154,9,0.1608423888683319,2362.0452014820544,1588.85442693786,0.0,49.0,49,15.0,1,,10.819759679572764,10.0,0.0,30.0,8104.0,6.28795082762406,0.5147711813015546,1.169514646386376
ID3175,3175,9,0.16029535233974457,2361.6515692717576,1592.4485603733058,0.0,50.0,50,15.0,1,,10.567423230974633,10.0,0.0,27.0,7915.0,6.357849702797572,0.5287747756463974,1.149783471679946
ID3196,3196,9,0.15270400047302246,2362.907140510344,1594.8938585949943,0.0,51.0,51,15.0,1,,10.770360480640855,10.0,0.0,27.0,8067.0,5.59465247957424,0.5259499581033129,1.327062121702468
ID3216,3216,9,0.16391803324222565,2366.3616861768464,1588.8275987629797,0.0,52.0,52,15.0,1,,11.16154873164219,10.0,0.0,27.0,8360.0,6.031274619353081,0.540180243461865,1.298113002390403
ID3237,3237,9,0.1741577833890915,2370.39364420101,1586.0272838270446,0.0,53.0,53,15.0,1,,11.70493991989319,10.0,0.0,28.0,8767.0,6.505221239285713,0.5375089969155595,1.2580710982679388
ID3258,3258,9,0.14926043152809143,2370.958705857381,1588.9654196863016,0.0,54.0,54,15.0,1,,10.467289719626168,9.0,0.0,30.0,7840.0,5.568778583970384,0.5190480549989103,1.2845184455933651
ID3278,3278,9,0.18089842796325684,2367.5732846118453,1595.788202929149,0.0,55.0,55,15.0,1,,11.835781041388518,11.0,0.0,34.0,8865.0,6.874233167549137,0.5580982381618227,1.2334412657976994
ID3297,3297,9,0.1905004233121872,2367.817855874035,1595.348116416145,0.0,56.0,56,15.0,1,,11.979973297730307,10.0,0.0,33.0,8973.0,7.430308973598366,0.5664311470684564,1.1660435975955608
ID3316,3316,9,0.18843425810337067,2368.0039611633088,1592.8991474468119,0.0,57.0,57,15.0,1,,11.962616822429906,10.0,0.0,32.0,8960.0,7.374344280740709,0.5535518879986185,1.156020010072863
ID3338,3338,9,0.16636013984680176,2370.2422478717967,1587.5098695434826,0.0,58.0,58,15.0,1,,10.43524699599466,9.0,0.0,30.0,7816.0,6.997718256775621,0.5393519399234495,1.0449863019544916
ID3359,3359,9,0.21389812231063843,2369.0820711059755,1582.9707776878934,0.0,59.0,59,15.0,1,,12.586114819759679,10.0,0.0,37.0,9427.0,8.873418786167665,0.572886653970207,1.0332418392474108
ID3379,3379,9,0.19923701882362366,2365.337014475403,1584.6739665269486,0.0,60.0,60,15.0,1,,12.213618157543392,10.0,0.0,34.0,9148.0,8.077980658376383,0.5606209496550936,1.0862840807631664
ID3400,3400,9,0.19176189601421356,2363.326690041267,1587.9050503239966,0.0,61.0,61,15.0,1,,11.540720961281709,10.0,0.0,35.0,8644.0,7.916847939533875,0.5634662189456986,1.0507272967148529
ID3421,3421,9,0.1540224701166153,2372.658224519772,1582.8311115923013,0.0,62.0,62,15.0,1,,10.931909212283044,10.0,0.0,28.0,8188.0,6.119523347650685,0.4934209342735113,1.1804395512069499
ID3441,3441,9,0.16556207835674286,2377.4420390772943,1578.2234627066825,0.0,63.0,63,15.0,1,,11.113484646194927,10.0,0.0,29.0,8324.0,6.417238836513529,0.537005986566473,1.210139994989928
ID3460,3460,9,0.20892184972763062,2380.9334125715104,1571.0354086523594,0.0,64.0,64,15.0,1,,12.48064085447263,10.0,0.0,38.0,9348.0,8.578901592274688,0.5692454865860133,1.055465162546839
ID3481,3481,9,0.19645150005817413,2384.6700020152384,1570.7478524615085,0.0,65.0,65,15.0,1,,12.146862483311082,11.0,0.0,35.0,9098.0,7.626284859471345,0.588434039069465,1.1800752164222472
ID3501,3501,9,0.1965467482805252,2387.4742641415414,1561.7672548768294,0.0,66.0,66,15.0,1,,12.336448598130842,10.0,0.0,35.0,9240.0,7.713382959214216,0.5606245400147841,1.1490764592935432
ID3521,3521,9,0.19634610414505005,2391.719962941074,1555.720794273032,0.0,67.0,67,15.0,1,,11.650200267022697,9.0,0.0,35.0,8726.0,8.127686924699779,0.5768483584133967,1.0487407683919758
ID3543,3543,9,0.2148851901292801,2392.168059639274,1551.321691692589,0.0,68.0,68,15.0,1,,12.953271028037383,11.0,0.0,37.0,9702.0,8.645527149176083,0.5855472470148143,1.1066256310397524
ID3564,3564,9,0.19964668154716492,2391.7482936581314,1542.2463081280132,0.0,69.0,69,15.0,1,,12.413885180240321,11.0,0.0,36.0,9298.0,7.8047441689621335,0.5804007316681499,1.1682607260327058
ID3584,3584,9,0.19053320586681366,2393.1092386283676,1539.8527050149482,0.0,70.0,70,15.0,1,,11.380507343124165,10.0,0.0,32.0,8524.0,7.8994817577942475,0.5664784569742805,1.0419622629620482
ID3605,3605,9,0.17295922338962555,2386.127812086482,1531.6951890695261,0.0,71.0,71,15.0,1,,10.870493991989319,9.0,0.0,32.0,8142.0,7.136225833076779,0.5338006816920461,1.06028077864741
ID3625,3625,9,0.17208713293075562,2389.952042681498,1526.1694480240394,0.0,72.0,72,15.0,1,,10.913217623497998,10.0,0.0,29.0,8174.0,6.809218266667009,0.5657884437206292,1.1582612978853497
ID3646,3646,9,0.1872180700302124,2386.9289558042633,1525.6082432771702,0.0,73.0,73,15.0,1,,11.54739652870494,9.0,0.0,32.0,8649.0,7.507177263050677,0.5646265691398834,1.1101662340575082
ID3665,3665,9,0.15219607949256897,2387.442811814751,1518.2346421089308,0.0,74.0,74,15.0,1,,10.492656875834445,9.0,0.0,27.0,7859.0,5.770940665685949,0.5348890577079243,1.2672303953448696
ID3683,3683,9,0.16936177015304565,2392.8020986528295,1508.6234520994276,0.0,75.0,75,15.0,1,,11.20694259012016,10.0,0.0,31.0,8394.0,6.620431418254555,0.5354713564390448,1.1806614328959235
ID3721,3721,9,0.15627092123031616,2391.09936612216,1505.6680990378943,0.0,76.0,76,15.0,1,,10.763684913217624,10.0,0.0,30.0,8062.0,5.738645174198089,0.5407654710917098,1.3166004981466035
ID3704,3704,9,0.16075235605239868,2387.395951614795,1509.5088858515808,0.0,77.0,77,15.0,1,,11.132176234979973,10.0,0.0,28.0,8338.0,6.031325817205091,0.5205158693005886,1.2636892651004759
ID3738,3738,9,0.14060305058956146,2383.7710642241095,1508.2940793513726,0.0,78.0,78,15.0,1,,9.946595460614152,9.0,0.0,26.0,7450.0,5.319958362290391,0.5147531317451683,1.27073021326055
ID3758,3758,9,0.10074125230312347,2391.4135245508733,1510.3435056092922,0.0,79.0,79,15.0,1,,7.994659546061415,8.0,0.0,20.0,5988.0,4.042220136748641,0.4589247982496801,1.2442814532379776
ID3779,3779,9,0.15198996663093567,2402.886676357411,1513.9145658270602,0.0,80.0,80,15.0,1,,11.008010680907876,10.0,0.0,28.0,8245.0,5.342037897495805,0.5184118210942719,1.4070748258951569
ID3798,3798,9,0.13749852776527405,2402.958435477358,1517.184532861701,0.0,81.0,81,15.0,1,,10.072096128170895,9.0,0.0,24.0,7544.0,5.13508780354391,0.5077161576802857,1.3210017090366049
ID3816,3816,9,0.15400460362434387,2411.004595195271,1526.2828632573267,0.0,82.0,82,15.0,1,,11.241655540720961,11.0,0.0,25.0,8420.0,5.090788097999098,0.5414096575755616,1.551254920486558
ID3835,3835,9,0.15688300132751465,2412.9663251423794,1532.363571420218,0.0,83.0,83,15.0,1,,10.748998664886516,10.0,0.0,26.0,8051.0,5.838835013668665,0.5385786063894419,1.2888465393581667
ID3874,3874,9,0.14050650596618652,2415.7479872294625,1537.4865021450819,0.0,84.0,84,15.0,1,,9.854472630173564,9.0,0.0,27.0,7381.0,5.571501386171237,0.5056573650801393,1.1880133604826473
ID3854,3854,9,0.18019138276576996,2416.8854046503634,1540.2118381771036,0.0,85.0,85,15.0,1,,11.743658210947931,10.0,0.0,34.0,8796.0,6.914178099536841,0.5507809601231187,1.2064832448687637
ID3891,3891,9,0.17470116913318634,2414.7775699131926,1544.468087853165,0.0,86.0,86,15.0,1,,11.244325767690254,10.0,0.0,30.0,8422.0,6.8796266283963385,0.5470850875923666,1.1559504629288038
ID3912,3912,9,0.18800558149814606,2420.2521679961146,1554.1367636267407,0.0,87.0,87,15.0,1,,12.411214953271028,11.0,0.0,33.0,9296.0,6.838604029530984,0.5672672038769694,1.3137764275655874
ID3930,3930,9,0.17586466670036316,2418.6685362543485,1549.7938087591529,0.0,88.0,88,15.0,1,,11.251001335113484,10.0,0.0,31.0,8427.0,6.9242281514486255,0.5549232126977763,1.1597750123208836
ID3952,3952,9,0.1525760143995285,2429.797248548888,1549.46478512033,0.0,89.0,89,15.0,1,,10.455273698264353,9.0,0.0,26.0,7831.0,5.870682128019806,0.5195312580965057,1.217808161207113
ID3972,3972,9,0.1592419594526291,2431.8532994597394,1546.971499140558,0.0,90.0,90,15.0,1,,11.13351134846462,10.0,0.0,28.0,8339.0,5.849110822450451,0.5300581175718114,1.318827105191938
ID3992,3992,9,0.17233715951442719,2424.355703982387,1543.326391689481,0.0,91.0,91,15.0,1,,11.400534045393858,10.0,0.0,29.0,8539.0,6.590367280424121,0.533399003712651,1.2034903062022553
ID4029,4029,9,0.17460963129997253,2430.3335686534847,1538.3287322705287,0.0,92.0,92,15.0,1,,11.683578104138851,11.0,0.0,29.0,8751.0,6.331739081830166,0.5603224465394321,1.3252765580543546
ID4012,4012,9,0.15549476444721222,2430.494609832581,1531.9832639361737,0.0,93.0,93,15.0,1,,10.256341789052069,9.0,0.0,25.0,7682.0,5.928809204065444,0.5589863821150304,1.240548970212273
ID4049,4049,9,0.15272220969200134,2424.8588621267227,1525.5937950478324,0.0,94.0,94,15.0,1,,10.783711615487316,9.0,0.0,30.0,8077.0,5.714340867771784,0.5103157967027597,1.2752735875844357
ID4067,4067,9,0.19482338428497314,2414.062956082688,1520.3428793693347,0.0,95.0,95,15.0,1,,12.591455273698264,11.0,0.0,33.0,9431.0,6.998375032337932,0.5943503922365383,1.3414283839724053
ID4106,4106,9,0.18699795007705688,2418.883654421554,1522.2558823957302,0.0,96.0,96,15.0,1,,11.654205607476635,10.0,0.0,33.0,8729.0,7.499860894640141,0.5604549743839433,1.1162178142173453
ID4086,4086,9,0.1991356760263443,2413.986506163753,1526.3013055068886,0.0,97.0,97,15.0,1,,12.372496662216289,10.0,0.0,36.0,9267.0,7.5570091266428046,0.5847633131265141,1.2082397053362306
ID4125,4125,9,0.19125136733055115,2412.3078048197176,1535.4136062368818,0.0,98.0,98,15.0,1,,11.723631508678238,10.0,0.0,35.0,8781.0,7.7905221213251306,0.5611644365606736,1.0818500778212412
ID4143,4143,9,0.19876447319984436,2408.40819480208,1537.0990956790267,0.0,99.0,99,15.0,1,,11.797062750333778,9.0,0.0,35.0,8836.0,8.34333073967576,0.5805793443846449,1.0387468117098801
ID4162,4162,9,0.1966169774532318,2405.420661173296,1535.9259029450159,0.0,100.0,100,15.0,1,,11.675567423230975,9.0,0.0,36.0,8745.0,8.357180370702542,0.5628873911973997,1.0063337758341857
ID4182,4182,9,0.2222326248884201,2412.66030706702,1531.441302023858,0.0,101.0,101,15.0,1,,13.121495327102803,10.0,0.0,39.0,9828.0,9.235187875035932,0.5787290689214293,1.0416822939513548
ID4202,4202,9,0.2105269730091095,2414.4846150520407,1531.9921000674228,0.0,102.0,102,15.0,1,,12.384512683578103,10.0,0.0,39.0,9276.0,8.998459489898801,0.5581599034953612,0.986023720140091
ID4220,4220,9,0.20944678783416748,2414.257367672698,1535.0162405919157,0.0,103.0,103,15.0,1,,12.22429906542056,10.0,0.0,36.0,9156.0,8.762486717361556,0.5842765943448659,1.028996914178289
ID4243,4243,9,0.19998644292354584,2413.2342780378503,1536.1395233188748,0.0,104.0,104,15.0,1,,11.51268357810414,9.0,0.0,39.0,8623.0,8.928498618181958,0.5482595688923112,0.9132098259397484
ID4261,4261,9,0.21134118735790253,2412.0275119784787,1531.423477105974,0.0,105.0,105,15.0,1,,12.753004005340454,10.0,0.0,37.0,9552.0,8.51212612086884,0.5794256776701878,1.099266479556846
ID4281,4281,9,0.1948363482952118,2408.5553986615623,1527.6848237512638,0.0,106.0,106,15.0,1,,11.751668891855807,10.0,0.0,36.0,8802.0,7.8772170645263095,0.5742992901125128,1.0884480583555078
ID4301,4301,9,0.17480599880218506,2404.0172535606634,1526.336002554902,0.0,107.0,107,15.0,1,,11.460614152202938,10.0,0.0,31.0,8584.0,6.774252145859475,0.5374767488270866,1.1828444981005413
ID4320,4320,9,0.1711398959159851,2406.122403129401,1517.9627708463586,0.0,108.0,108,15.0,1,,10.646194926568759,9.0,0.0,29.0,7974.0,7.158186074819443,0.5399023415332187,1.0429018968814625
ID4340,4340,9,0.2168097048997879,2396.19139477807,1515.550668357312,0.0,109.0,109,15.0,1,,13.49799732977303,11.0,0.0,37.0,10110.0,8.366060716955085,0.5660335890336249,1.166324643633455
ID4380,4380,9,0.2078612595796585,2396.4501062809363,1516.220679986187,0.0,110.0,110,15.0,1,,12.137516688918558,10.0,0.0,35.0,9091.0,8.609070252725633,0.5849301906647991,1.0406327352765894
ID4359,4359,9,0.19489353895187378,2395.286969159859,1510.062625167334,0.0,111.0,111,15.0,1,,11.654205607476635,10.0,0.0,37.0,8729.0,8.034803909664497,0.5842222230563409,1.0697920373017777
ID4399,4399,9,0.1911594271659851,2402.1532619500103,1512.5306415154405,0.0,112.0,112,15.0,1,,12.251001335113484,11.0,0.0,34.0,9176.0,7.286975758654435,0.5585072309054936,1.2049644572003209
ID4418,4418,9,0.1922125667333603,2403.745690394427,1509.1394126619523,0.0,113.0,113,15.0,1,,11.724966622162883,10.0,0.0,35.0,8782.0,7.886167332280919,0.5626220773223101,1.0706276045885887
ID4459,4459,9,0.16509397327899933,2394.6869023479057,1506.1119739084475,0.0,114.0,114,15.0,1,,10.947930574098798,10.0,0.0,33.0,8200.0,6.233745632883512,0.562851064841729,1.2649951267226223
ID4438,4438,9,0.16796642541885376,2383.815505700916,1509.6713794703865,0.0,115.0,115,15.0,1,,10.748998664886516,10.0,0.0,30.0,8051.0,6.82739955555368,0.5377781960586023,1.1011644349805059
ID4498,4498,9,0.11080223321914673,2378.0318280626348,1519.5116489875604,0.0,116.0,116,15.0,1,,9.479305740987984,10.0,0.0,22.0,7100.0,4.443484871824152,0.44229419699116373,1.3083990073643976
ID4480,4480,9,0.17780594527721405,2369.315566574237,1531.9223084793832,0.0,117.0,117,15.0,1,,12.088117489986649,11.0,0.0,32.0,9054.0,6.750736169566801,0.5185705029870259,1.2229547349120746
ID4518,4518,9,0.1589275598526001,2370.5515097644798,1532.1543420160228,0.0,118.0,118,15.0,1,,10.401869158878505,9.0,0.0,31.0,7791.0,6.322022177753955,0.5448088247030616,1.1605256913991242
ID4539,4539,9,0.19321973621845245,2370.29832723409,1542.6428920305668,0.0,119.0,119,15.0,1,,12.590120160213619,12.0,0.0,33.0,9430.0,6.918661010102164,0.5796769451761642,1.3355359001867293
ID4579,4579,9,0.1622696965932846,2368.7786925169007,1541.090049782332,0.0,120.0,120,15.0,1,,10.802403204272363,10.0,0.0,29.0,8091.0,6.188089697954959,0.5315997310609926,1.2118064227663332
ID4559,4559,9,0.1718713343143463,2366.881474746929,1539.2770862058314,0.0,121.0,121,15.0,1,,10.949265687583445,10.0,0.0,31.0,8201.0,6.639099072325254,0.5592002554564274,1.1829633895458964
ID4599,4599,9,0.16365617513656616,2367.3163089184995,1543.557752568036,0.0,122.0,122,15.0,1,,10.702269692923899,9.0,0.0,29.0,8016.0,6.47605690396749,0.5302374439953331,1.1452671366932428
ID4620,4620,9,0.1751863956451416,2369.705121992573,1545.1743360403673,0.0,123.0,123,15.0,1,,11.897196261682243,11.0,0.0,28.0,8911.0,6.1428063349457025,0.5601563498825817,1.3907495836211885
ID4642,4642,9,0.15797340869903564,2373.1344690225988,1551.0253736232833,0.0,124.0,124,15.0,1,,10.867823765020027,10.0,0.0,26.0,8140.0,5.835525829050896,0.5279300937000485,1.2869614002743974
ID4661,4661,9,0.13094528019428253,2365.848671728715,1554.9486969938455,0.0,125.0,125,15.0,1,,9.822429906542055,9.0,0.0,23.0,7357.0,4.859164005909215,0.4910531651185646,1.3314435622973408
ID4681,4681,9,0.12997713685035706,2358.346809649184,1556.2917655660024,0.0,126.0,126,15.0,1,,9.07743658210948,9.0,0.0,22.0,6799.0,5.160979247108814,0.508257892961364,1.185412851832581
ID4701,4701,9,0.14317746460437775,2355.658959179929,1559.8880116717926,0.0,127.0,127,15.0,1,,10.114819759679573,10.0,0.0,27.0,7576.0,5.595563261142584,0.5094388834470327,1.2201715383721168
ID4743,4743,9,0.12132424116134644,2355.0051202195323,1557.211404066118,0.0,128.0,128,15.0,1,,8.913217623497998,8.0,0.0,24.0,6676.0,5.071857862082156,0.46030840454356836,1.1079030341950988
ID4722,4722,9,0.11823143064975739,2351.4285551937664,1555.6369823527336,0.0,129.0,129,15.0,1,,9.014686248331108,8.0,0.0,24.0,6752.0,4.687398975919338,0.45364543103869237,1.2003468147376477
ID4763,4763,9,0.1145082488656044,2347.5819719859064,1562.0381195271887,0.0,130.0,130,15.0,1,,8.957276368491321,9.0,0.0,23.0,6709.0,4.470735628942136,0.4533521785906507,1.2499476424470857
ID4783,4783,9,0.13239122927188873,2343.196323597989,1566.6253791641266,0.0,131.0,131,15.0,1,,9.548731642189587,9.0,0.0,24.0,7152.0,5.141249678378588,0.4955364589763982,1.230794640822836
ID4820,4820,9,0.13615837693214417,2338.576181207202,1565.460832403556,0.0,132.0,132,15.0,1,,10.13351134846462,9.0,0.0,24.0,7590.0,5.003828596371279,0.5011232128819351,1.3521214696770028
ID4800,4800,9,0.1218971237540245,2335.2605970262575,1560.2481970700949,0.0,133.0,133,15.0,1,,9.128170894526034,9.0,0.0,22.0,6837.0,4.628396367352616,0.49564265581525124,1.3071458440809236
ID4841,4841,9,0.1368159055709839,2333.905205354593,1555.6641419288942,0.0,134.0,134,15.0,1,,9.835781041388518,9.0,0.0,25.0,7367.0,5.000374460321628,0.513053274927514,1.3339653957645667
ID4860,4860,9,0.12764935195446014,2332.027792431213,1558.1642204424593,0.0,135.0,135,15.0,1,,9.220293724966622,9.0,0.0,26.0,6906.0,5.086767400560697,0.4877087916674521,1.188435257389648
ID4901,4901,9,0.14602935314178467,2336.8244781365056,1562.8970557205905,0.0,136.0,136,15.0,1,,10.456608811748998,10.0,0.0,26.0,7832.0,5.2656489189789175,0.5200296976737292,1.358767122536956
ID4882,4882,9,0.14737337827682495,2332.866047664762,1570.5847417957827,0.0,137.0,137,15.0,1,,10.515353805073431,10.0,0.0,26.0,7876.0,5.523294547829919,0.49705198124036754,1.264214043245187
ID4923,4923,9,0.16325388848781586,2324.627646834094,1565.0769335344314,0.0,138.0,138,15.0,1,,11.269692923898532,11.0,0.0,25.0,8441.0,5.897919739918426,0.5468600890113852,1.3510406446536531
ID4944,4944,9,0.16737787425518036,2329.9459540889825,1569.3930268601298,0.0,139.0,139,15.0,1,,11.514018691588785,11.0,0.0,27.0,8624.0,6.118821537710141,0.5339083791952358,1.3099552386932394
ID4963,4963,9,0.1497398167848587,2336.3517956157557,1570.618459651627,0.0,140.0,140,15.0,1,,9.863818424566087,9.0,0.0,25.0,7388.0,5.944047204123407,0.5332504398039118,1.1542793851097364
ID4985,4985,9,0.1762089729309082,2340.4338710767242,1569.3173035432874,0.0,141.0,141,15.0,1,,11.727636849132177,11.0,0.0,29.0,8784.0,6.269828217634073,0.5777507491331977,1.3698940684433747
ID5027,5027,9,0.14049682021141052,2335.165266468824,1570.8194580072377,0.0,142.0,142,15.0,1,,9.684913217623498,8.0,0.0,26.0,7254.0,5.701772817394173,0.48905941891804705,1.1157462079222442
ID5006,5006,9,0.1610747128725052,2341.346903116603,1561.0269301187127,0.0,143.0,143,15.0,1,,10.958611481975968,10.0,0.0,28.0,8208.0,6.109486460203344,0.5351642699561748,1.2505845971773952
ID5068,5068,9,0.17828980088233948,2344.8675991180407,1562.6372427900146,0.0,144.0,144,15.0,1,,11.303070761014686,10.0,0.0,31.0,8466.0,6.947877271455707,0.555642522115048,1.162144073924694
ID5047,5047,9,0.16816526651382446,2343.793676904229,1563.686693833258,0.0,145.0,145,15.0,1,,11.093457943925234,10.0,0.0,30.0,8309.0,6.371672135898616,0.5511081953502986,1.2371953908389426
ID5109,5109,9,0.18272897601127625,2343.5092274541953,1557.8610688941305,0.0,146.0,146,15.0,1,,11.202937249666222,9.0,0.0,33.0,8391.0,7.519418136733794,0.5552535322238975,1.0638191334182823
ID5088,5088,9,0.18297354876995087,2339.47006121966,1561.7646781950657,0.0,147.0,147,15.0,1,,12.050734312416555,10.0,0.0,30.0,9026.0,6.833003436073381,0.5484121702707545,1.2492586807151473
ID5131,5131,9,0.18216411769390106,2337.1727617514284,1562.56232526052,0.0,148.0,148,15.0,1,,11.511348464619493,10.0,0.0,32.0,8622.0,7.016705956788055,0.5731274886454902,1.1953917055436456
ID5153,5153,9,0.18057787418365479,2336.8653885353674,1564.0974185406276,0.0,149.0,149,15.0,1,,11.858477970627503,10.0,0.0,33.0,8882.0,6.800538538843626,0.5426733476581648,1.2268180494116598
ID5173,5173,9,0.17481793463230133,2331.25571301716,1558.002715960082,0.0,150.0,150,15.0,1,,11.353805073431241,10.0,0.0,31.0,8504.0,6.945860312108347,0.5278052254126808,1.1294085702623562
ID5196,5196,9,0.18015296757221222,2328.0705245431905,1556.9425254462406,0.0,151.0,151,15.0,1,,11.162883845126835,9.0,0.0,31.0,8361.0,7.278652414913879,0.559688535434557,1.1006872910083851
ID5240,5240,9,0.1919902116060257,2325.1816797995775,1551.2517176830117,0.0,152.0,152,15.0,1,,11.833110814419225,10.0,0.0,32.0,8863.0,7.746841589622788,0.5621810318057257,1.0993831588687861
ID5217,5217,9,0.16491281986236572,2331.286754111069,1551.6197602046216,0.0,153.0,153,15.0,1,,10.473965287049399,9.0,0.0,32.0,7845.0,6.8311122092113585,0.533333478442823,1.0666254324584301
ID5261,5261,9,0.18867112696170807,2337.0094927009827,1547.9986162267905,0.0,154.0,154,15.0,1,,11.528704939919892,10.0,0.0,30.0,8635.0,7.4933689798495,0.5860320312180395,1.136953759215537
ID5282,5282,9,0.18017315864562988,2337.700422289291,1549.0630404728183,0.0,155.0,155,15.0,1,,11.08411214953271,9.0,0.0,32.0,8302.0,7.16494930726247,0.577296887208341,1.1324096314057763
ID5325,5325,9,0.18201126158237457,2333.6765329371165,1547.9712785825502,0.0,156.0,156,15.0,1,,11.970627503337784,11.0,0.0,31.0,8966.0,6.714713053970149,0.5669115485611946,1.2900016828835184
ID5303,5303,9,0.18501655757427216,2339.8424224052433,1541.9189896054331,0.0,157.0,157,15.0,1,,11.57943925233645,10.0,0.0,33.0,8673.0,7.411737634681601,0.5585774507155202,1.1198310311138728
ID5346,5346,9,0.17187798023223877,2339.2850351487227,1544.9176706010724,0.0,158.0,158,15.0,1,,11.379172229639519,10.0,0.0,31.0,8523.0,6.500957877465094,0.5415999141006906,1.2299011955944004
ID5368,5368,9,0.15394337475299835,2344.0232232159397,1547.6385265273636,0.0,159.0,159,15.0,1,,10.304405874499333,9.0,0.0,28.0,7718.0,6.360661547486761,0.4916385015901083,1.0679058525547636
ID5388,5388,9,0.17135024070739746,2346.266686755857,1552.2106459509832,0.0,160.0,160,15.0,1,,11.363150867823766,10.0,0.0,30.0,8511.0,6.589087454361126,0.5283822299139344,1.1923938308422284
ID5408,5408,9,0.15939846634864807,2346.3064262748258,1559.6337848921385,0.0,161.0,161,15.0,1,,10.619492656875835,10.0,0.0,27.0,7954.0,5.938021624394581,0.5575316201713821,1.2803379569761661
ID5428,5428,9,0.1877288520336151,2348.637317175947,1559.6784733288741,0.0,162.0,162,15.0,1,,12.594125500667557,11.0,0.0,33.0,9433.0,6.725978662881214,0.5640868546566529,1.3506027830269953
ID5450,5450,9,0.16548876464366913,2349.280053617468,1563.0780821398732,0.0,163.0,163,15.0,1,,11.265687583444592,10.0,0.0,26.0,8438.0,6.162258789076373,0.5347629352386608,1.2739951131817508
ID5471,5471,9,0.1576177030801773,2347.140147102776,1563.1822980566678,0.0,164.0,164,15.0,1,,10.708945260347129,10.0,0.0,28.0,8021.0,6.142095270658423,0.5294183262298293,1.2070710292893854
ID5492,5492,9,0.14960983395576477,2349.4523705826464,1555.9749823733582,0.0,165.0,165,15.0,1,,10.165554072096128,9.0,0.0,27.0,7614.0,5.727253461533472,0.5462405142098024,1.254069215227508
ID5512,5512,9,0.1845332533121109,2352.3842620478354,1548.16741511793,0.0,166.0,166,15.0,1,,11.931909212283044,11.0,0.0,31.0,8937.0,6.8074675269724265,0.5807088781556804,1.2878370961810617
ID5534,5534,9,0.16762077808380127,2356.5979152618993,1549.4621929642053,0.0,167.0,167,15.0,1,,11.153538050734312,10.0,0.0,29.0,8354.0,6.487476945459493,0.5318984503393693,1.1938934500527782
ID5556,5556,9,0.18214350938796997,2362.282613298763,1546.9710540083217,0.0,168.0,168,15.0,1,,11.285714285714286,10.0,0.0,33.0,8453.0,7.22026051854719,0.5766388925427159,1.1433465203996278
ID5576,5576,9,0.1650838702917099,2356.5962836859526,1546.517903662007,0.0,169.0,169,15.0,1,,10.89853137516689,9.0,0.0,30.0,8163.0,6.467554603259246,0.5416779983682349,1.1841463806594636
ID5597,5597,9,0.18720492720603943,2356.579981718857,1552.8118643773023,0.0,170.0,170,15.0,1,,11.74766355140187,10.0,0.0,34.0,8799.0,7.276923860437766,0.573609967903569,1.1769371093440062
ID2081,2081,10,0.19177745282649994,2834.0852295930613,1684.1750027235632,0.0,0.0,0,15.0,1,,11.297730307076101,8.0,0.0,36.0,8462.0,8.8022394863635,0.5353966858626992,0.8951237870369345
ID2026,2026,10,0.1640806943178177,2833.193868389548,1683.5342748100575,0.0,1.0,1,15.0,1,,9.969292389853138,8.0,0.0,33.0,7467.0,7.325537132846617,0.5143345741534355,0.9244400157656267
ID2036,2036,10,0.19229881465435028,2844.708656892927,1685.4398259137963,0.0,2.0,2,15.0,1,,11.213618157543392,9.0,0.0,36.0,8399.0,8.633957109423829,0.5401898418304268,0.9110412276927601
ID2058,2058,10,0.19686219096183777,2841.6013755699732,1685.631988498815,0.0,3.0,3,15.0,1,,11.272363150867823,9.0,0.0,43.0,8443.0,9.03561268983898,0.5292477922990608,0.863512350373538
ID2132,2132,10,0.18481361865997314,2835.5913415213495,1687.8834520351568,0.0,4.0,4,15.0,1,,10.774365821094793,8.0,0.0,39.0,8070.0,8.417329004611798,0.5291363389897338,0.885867541150177
ID2107,2107,10,0.18986742198467255,2839.741640173948,1685.173534985904,0.0,5.0,5,15.0,1,,10.995994659546062,8.0,0.0,36.0,8236.0,8.957937058397844,0.511468040194646,0.8307608885774155
ID2178,2178,10,0.13834528625011444,2832.883780143061,1683.1771734798194,0.0,6.0,6,15.0,1,,8.879839786381842,7.0,0.0,28.0,6651.0,6.5630615961153564,0.4634185127212506,0.8569065843906642
ID2155,2155,10,0.14069747924804688,2827.864509037021,1687.6298572931698,0.0,7.0,7,15.0,1,,9.089452603471296,8.0,0.0,29.0,6808.0,6.550401738462363,0.47649769494395955,0.8956283240302715
ID2201,2201,10,0.15816697478294373,2819.5328316607865,1694.1650547906163,0.0,8.0,8,15.0,1,,9.70493991989319,7.0,0.0,34.0,7269.0,7.526583167293968,0.48337554154737145,0.8403467787850402
ID2226,2226,10,0.17165857553482056,2818.569737846487,1697.334395312318,0.0,9.0,9,15.0,1,,10.100133511348465,7.0,0.0,37.0,7565.0,8.352326038268068,0.48698891401204947,0.7920653511958466
ID2274,2274,10,0.17403919994831085,2824.691482810158,1695.7202343216068,0.0,10.0,10,15.0,1,,11.17222963951936,9.0,0.0,35.0,8368.0,7.926701505672417,0.47555006110721404,0.9084889273876329
ID2249,2249,10,0.1548611968755722,2829.013665883123,1690.5623929307485,0.0,11.0,11,15.0,1,,9.530040053404539,8.0,0.0,30.0,7138.0,7.278326012473482,0.48684650797098417,0.8574704037189305
ID2296,2296,10,0.16087570786476135,2833.8602503143,1697.3261559827645,0.0,12.0,12,15.0,1,,9.169559412550067,6.0,0.0,32.0,6868.0,8.080267934037654,0.48839841037599746,0.7447452584316546
ID2320,2320,10,0.14511200785636902,2833.6159428037686,1696.7932533591184,0.0,13.0,13,15.0,1,,9.149532710280374,7.0,0.0,33.0,6853.0,7.232322385016699,0.43465963968980764,0.7665695567320907
ID2345,2345,10,0.1427675187587738,2832.079224750571,1687.2115091455032,0.0,14.0,14,15.0,1,,8.723631508678238,7.0,0.0,31.0,6534.0,7.401021728342029,0.437118349167432,0.7170379336325613
ID2370,2370,10,0.16818317770957947,2829.417916642021,1687.3483847859857,0.0,15.0,15,15.0,1,,9.91588785046729,7.0,0.0,35.0,7427.0,8.362420789660218,0.47742966986643504,0.7663588432572712
ID2395,2395,10,0.13597439229488373,2829.5135564356965,1689.0918472316635,0.0,16.0,16,15.0,1,,9.053404539385848,8.0,0.0,26.0,6781.0,6.216661223084274,0.4551330402752757,0.9110042088759762
ID2419,2419,10,0.14261355996131897,2828.893151420521,1698.7963724766746,0.0,17.0,17,15.0,1,,9.17890520694259,7.0,0.0,32.0,6875.0,6.994461779956316,0.4410822685045443,0.8033363228954097
ID2469,2469,10,0.14078135788440704,2838.0867398850446,1704.278617212786,0.0,18.0,18,15.0,1,,8.574098798397864,6.0,0.0,32.0,6422.0,7.407282288711858,0.4098437999563329,0.6729874325032452
ID2444,2444,10,0.1327132135629654,2839.944820676288,1702.0016448483996,0.0,19.0,19,15.0,1,,8.762349799732977,7.0,0.0,30.0,6563.0,6.420607100623587,0.43334434091012985,0.8251959367093942
ID2495,2495,10,0.12668652832508087,2843.463731555557,1693.5346497148707,0.0,20.0,20,15.0,1,,8.60347129506008,7.0,0.0,25.0,6444.0,6.244487512809789,0.40995142177908905,0.8011893272814572
ID2517,2517,10,0.17374488711357117,2842.8803709124973,1686.3326406416925,0.0,21.0,21,15.0,1,,10.377837116154874,8.0,0.0,35.0,7773.0,8.332501285245662,0.48119000172929366,0.8092212512579383
ID2541,2541,10,0.14234724640846252,2848.41836987607,1682.9831612464136,0.0,22.0,22,15.0,1,,9.392523364485982,8.0,0.0,29.0,7035.0,6.890724422194067,0.4505546846322883,0.8467609113732136
ID2082,2082,11,0.13646890223026276,2538.8719625556973,1745.8035878623814,0.0,0.0,0,15.0,1,,9.619492656875835,9.0,0.0,25.0,7205.0,5.201366979827168,0.5159179030659872,1.258837244219061
ID2027,2027,11,0.14271056652069092,2536.3808814163594,1739.5508697630814,0.0,1.0,1,15.0,1,,9.882510013351135,9.0,0.0,26.0,7402.0,5.338496664098128,0.5323598858850904,1.2862424301246747
ID2037,2037,11,0.141975998878479,2535.3280528343494,1740.3087387606572,0.0,2.0,2,15.0,1,,9.72630173564753,9.0,0.0,25.0,7285.0,5.605680352432407,0.5233122760701491,1.1921238729053532
ID2059,2059,11,0.16467590630054474,2538.529071536553,1743.3382297329977,0.0,3.0,3,15.0,1,,11.411214953271028,10.0,0.0,29.0,8547.0,6.077413452331369,0.5274350639658212,1.2967293519899206
ID2133,2133,11,0.12409453839063644,2544.2381940508644,1735.8757828305197,0.0,4.0,4,15.0,1,,9.316421895861149,9.0,0.0,23.0,6978.0,4.939203643766892,0.4591559933243205,1.187082068397512
ID2108,2108,11,0.1694590002298355,2547.1452663178147,1740.2403232825886,0.0,5.0,5,15.0,1,,11.599465954606142,11.0,0.0,27.0,8688.0,6.38491703076988,0.5216575635184318,1.2456077784433697
ID2179,2179,11,0.16643087565898895,2547.2725025733375,1737.2528504399188,0.0,6.0,6,15.0,1,,10.445927903871828,9.0,0.0,31.0,7824.0,6.842484858410431,0.546241170072515,1.0786247264172728
ID2156,2156,11,0.16798986494541168,2540.610306037024,1741.2327196063864,0.0,7.0,7,15.0,1,,10.950600801068092,10.0,0.0,30.0,8202.0,6.45378181938663,0.5589899016516382,1.216786335223083
ID2202,2202,11,0.16529209911823273,2533.763821741014,1744.311554288055,0.0,8.0,8,15.0,1,,10.891855807743658,10.0,0.0,28.0,8158.0,6.183927796734336,0.560687672679596,1.2655300925355828
ID2227,2227,11,0.20155103504657745,2536.526593014556,1738.5570182870733,0.0,9.0,9,15.0,1,,12.098798397863819,10.0,0.0,33.0,9062.0,7.967739844734302,0.6013157899492704,1.1404144522359336
ID2275,2275,11,0.20063737034797668,2535.3858210688422,1737.5262613364828,0.0,10.0,10,15.0,1,,12.12283044058745,10.0,0.0,35.0,9080.0,8.151531105109928,0.5776892499503713,1.089099744098655
ID2250,2250,11,0.17566153407096863,2542.557783655116,1734.5337544911383,0.0,11.0,11,15.0,1,,11.244325767690254,9.0,0.0,30.0,8422.0,6.903487491948371,0.5546689531979063,1.162226582743719
ID2297,2297,11,0.1739278882741928,2549.1586187721286,1740.3761065694537,0.0,12.0,12,15.0,1,,11.141522029372497,10.0,0.0,30.0,8345.0,7.203404448470451,0.5289802299833115,1.0702230254108152
ID2321,2321,11,0.18975293636322021,2554.1363481852236,1739.6542592178905,0.0,13.0,13,15.0,1,,11.626168224299066,9.0,0.0,34.0,8708.0,8.073801222486141,0.5469414021332621,1.018252493187781
ID2346,2346,11,0.18969006836414337,2549.0141078310276,1733.8757468140464,0.0,14.0,14,15.0,1,,11.711615487316422,10.0,0.0,32.0,8772.0,8.026002939748452,0.5272751014723005,1.0075520216006637
ID2371,2371,11,0.21066583693027496,2544.0691185800565,1727.5309941808218,0.0,15.0,15,15.0,1,,12.30173564753004,10.0,0.0,38.0,9214.0,9.000728412565428,0.5601072237001951,0.9813760485831642
ID2396,2396,11,0.22393442690372467,2542.1000577161644,1728.1029807248663,0.0,16.0,16,15.0,1,,12.83845126835781,10.0,0.0,39.0,9616.0,9.835101154056478,0.5604060823471354,0.9376246306054691
ID2420,2420,11,0.21431709825992584,2539.709537157184,1733.6379413547809,0.0,17.0,17,15.0,1,,12.773030707610147,10.0,0.0,37.0,9567.0,8.92132990645778,0.5610325269622878,1.0291304796548402
ID2470,2470,11,0.21643251180648804,2546.9167955189746,1735.624131848186,0.0,18.0,18,15.0,1,,12.57543391188251,10.0,0.0,38.0,9419.0,9.202489489958984,0.5695679931078318,0.9917748407324531
ID2445,2445,11,0.1928337961435318,2547.510384626304,1742.2997498739194,0.0,19.0,19,15.0,1,,11.712950600801069,10.0,0.0,35.0,8773.0,7.875305305954472,0.5629348801966678,1.0713865339248476
ID2496,2496,11,0.19423402845859528,2549.493119487001,1743.745353981471,0.0,20.0,20,15.0,1,,11.612817089452603,9.0,0.0,35.0,8698.0,8.527692931417132,0.5227564983396427,0.9349857809176708
ID2518,2518,11,0.19207970798015594,2549.6673349615394,1747.4576527231159,0.0,21.0,21,15.0,1,,11.451268357810413,9.0,0.0,35.0,8577.0,8.301751578520689,0.5553606049663163,0.9850489883764076
ID2542,2542,11,0.2099199742078781,2553.9111333200376,1748.4103922080567,0.0,22.0,22,15.0,1,,11.81708945260347,9.0,0.0,41.0,8851.0,9.255287638501542,0.5880469702149649,0.9455821632968546
ID2563,2563,11,0.19945108890533447,2549.962557050509,1751.2773514523485,0.0,23.0,23,15.0,1,,11.285714285714286,9.0,0.0,41.0,8453.0,9.126623886189753,0.5543809753785337,0.8820632734127734
ID2587,2587,11,0.20772814750671387,2551.1670889666902,1751.2185611622342,0.0,24.0,24,15.0,1,,12.283044058744993,10.0,0.0,38.0,9200.0,9.159460398161523,0.5427569485898732,0.9435697232803342
ID2609,2609,11,0.18392497301101685,2553.9171413811073,1760.5717928883757,0.0,25.0,25,15.0,1,,10.518024032042725,8.0,0.0,32.0,7878.0,8.289466181019531,0.5671616182664444,0.9183973811817144
ID2631,2631,11,0.1871252804994583,2559.7664011021725,1750.908311737366,0.0,26.0,26,15.0,1,,11.046728971962617,9.0,0.0,32.0,8274.0,8.193463261765462,0.5518633519985822,0.958902080958341
ID2652,2652,11,0.18342749774456024,2555.8233502760345,1743.3277842581945,0.0,27.0,27,15.0,1,,10.855807743658211,9.0,0.0,35.0,8131.0,8.696488568240264,0.49896090774944823,0.8310447743719931
ID2675,2675,11,0.16516068577766418,2557.5537296069583,1742.9812944376706,0.0,28.0,28,15.0,1,,10.244325767690254,8.0,0.0,35.0,7673.0,7.565603310723538,0.49634034576111513,0.898295042759582
ID2698,2698,11,0.15992885828018188,2550.105280668999,1742.3999213974178,0.0,29.0,29,15.0,1,,10.38584779706275,9.0,0.0,30.0,7779.0,7.4330784377917505,0.46915056797403193,0.8923786530505216
ID2722,2722,11,0.1681361049413681,2545.776765527518,1742.2355831873258,0.0,30.0,30,15.0,1,,9.939919893190922,8.0,0.0,34.0,7445.0,7.918054269581266,0.5146637044768027,0.8531035104345331
ID2744,2744,11,0.18734219670295715,2550.2612173848715,1741.6032327338503,0.0,31.0,31,15.0,1,,10.372496662216289,7.0,0.0,41.0,7769.0,9.229332557315916,0.521731040061739,0.7706404139244445
ID2767,2767,11,0.1805374026298523,2546.6607690930546,1737.5682072246052,0.0,32.0,32,15.0,1,,10.77570093457944,8.0,0.0,35.0,8071.0,8.34774920487228,0.5100409448143911,0.8720119782668025
ID2792,2792,11,0.155101016163826,2550.921936957039,1735.9679238715576,0.0,33.0,33,15.0,1,,9.246995994659546,7.0,0.0,33.0,6926.0,8.036290160688285,0.45494969307954053,0.7195988409997067
ID2815,2815,11,0.14502742886543274,2554.4796885137102,1740.9152462738389,0.0,34.0,34,15.0,1,,9.006675567423231,7.0,0.0,29.0,6746.0,7.1375866049385674,0.46213958254856835,0.7976777115813949
ID2837,2837,11,0.13999903202056885,2556.5342716479586,1733.637831178049,0.0,35.0,35,15.0,1,,8.826435246995995,7.0,0.0,32.0,6611.0,7.361505290123087,0.4095050640066308,0.6966928328028097
ID2859,2859,11,0.13451749086380005,2561.277390059803,1734.39803091813,0.0,36.0,36,15.0,1,,8.791722296395193,7.0,0.0,32.0,6585.0,6.924102354825772,0.4070445174141791,0.7346399628032633
ID2883,2883,11,0.10357426106929779,2563.5706849552266,1735.6766248174497,0.0,37.0,37,15.0,1,,7.049399198931909,5.0,0.0,25.0,5280.0,5.639003333548822,0.3722260664477082,0.678204812573693
ID2930,2930,11,0.13013052940368652,2575.1607847529735,1726.9439049379534,0.0,39.0,39,15.0,1,,8.130841121495328,6.0,0.0,32.0,6090.0,6.997820284207895,0.3972781547167993,0.660715509464667
ID2955,2955,11,0.1257622092962265,2572.8308745946492,1722.5402750933608,0.0,40.0,40,15.0,1,,7.512683578104139,5.0,0.0,29.0,5627.0,6.694751067287844,0.44235737825441823,0.6883210558903601
ID2978,2978,11,0.130024716258049,2576.202696500072,1715.895855839138,0.0,41.0,41,15.0,1,,8.37516688918558,7.0,0.0,31.0,6273.0,6.666579800428388,0.409455606121265,0.7299209078367263
ID2999,2999,11,0.15597006678581238,2582.506786587979,1716.7305728952488,0.0,42.0,42,15.0,1,,9.770360480640855,8.0,0.0,32.0,7318.0,7.3869828784389755,0.4615451339755002,0.8353633855178805
ID3023,3023,11,0.12980115413665771,2578.2944421325815,1715.9680711606425,0.0,43.0,43,15.0,1,,8.176234979973298,6.0,0.0,29.0,6124.0,6.677716253467421,0.4247292056955964,0.7300207374157854
ID3044,3044,11,0.17147429287433624,2580.5275611995303,1710.4782096610788,0.0,44.0,44,15.0,1,,9.997329773030708,8.0,0.0,34.0,7488.0,8.427577174459975,0.49192998789600073,0.7822870300689604
ID3068,3068,11,0.17456917464733124,2580.0764653522624,1717.20522255183,0.0,45.0,45,15.0,1,,10.014686248331108,7.0,0.0,38.0,7501.0,8.604565885577015,0.4971512556249093,0.7729675120325644
ID3091,3091,11,0.16748079657554626,2579.8018502059776,1717.7848152445006,0.0,46.0,46,15.0,1,,9.917222963951936,7.0,0.0,34.0,7428.0,7.95230332083967,0.5002903658977544,0.8317138920540763
ID3111,3111,11,0.12158741056919098,2577.0914428006404,1722.1497579364961,0.0,47.0,47,15.0,1,,9.476635514018692,9.0,0.0,25.0,7098.0,5.535838646557154,0.3936881694566878,0.9671358908954327
ID3133,3133,11,0.15651164948940277,2574.6455450473277,1717.0119339068488,0.0,48.0,48,15.0,1,,9.873164218958612,8.0,0.0,31.0,7395.0,7.557705863257025,0.4524232296477175,0.8138569564594211
ID3155,3155,11,0.17992553114891052,2576.774122761033,1717.2217370652381,0.0,49.0,49,15.0,1,,10.610146862483312,8.0,0.0,36.0,7947.0,8.51706080235564,0.5077888712669432,0.8390817753549878
ID3176,3176,11,0.18317170441150665,2581.9983189043555,1713.687088215018,0.0,50.0,50,15.0,1,,10.220293724966622,7.0,0.0,35.0,7655.0,8.801787277132938,0.5381139166932442,0.8124716708905876
ID3197,3197,11,0.188740074634552,2581.0602413432175,1715.9375470053424,0.0,51.0,51,15.0,1,,10.718291054739653,8.0,0.0,40.0,8028.0,9.034511919951813,0.5243919674928265,0.8162256257987289
ID3217,3217,11,0.18719811737537384,2572.196075908914,1719.667938929096,0.0,52.0,52,15.0,1,,10.92256341789052,8.0,0.0,33.0,8181.0,8.638112653325807,0.5256604237886284,0.8713308831511419
ID3238,3238,11,0.19753091037273407,2569.8029325402213,1718.769116571193,0.0,53.0,53,15.0,1,,11.35113484646195,8.0,0.0,37.0,8502.0,9.130709446358711,0.528234579971821,0.8594122924917306
ID3259,3259,11,0.1681896448135376,2570.634089940671,1718.8392077473854,0.0,54.0,54,15.0,1,,10.104138851802404,8.0,0.0,33.0,7568.0,7.889093972226435,0.4993778558093373,0.8531401085930505
ID3279,3279,11,0.17779441177845,2574.490821890294,1718.1718456323267,0.0,55.0,55,15.0,1,,10.232309746328438,8.0,0.0,36.0,7664.0,8.740585317358633,0.4875943079895817,0.767427357348883
ID3298,3298,11,0.14736956357955933,2579.186794749139,1728.502581018173,0.0,56.0,56,15.0,1,,8.636849132176234,6.0,0.0,33.0,6469.0,7.448147219989081,0.47965718298299626,0.7518079650568072
ID3317,3317,11,0.1724100559949875,2577.7946799509,1728.2258383941912,0.0,57.0,57,15.0,1,,10.304405874499333,8.0,0.0,33.0,7718.0,8.253875727168275,0.47154710086475354,0.8001030724641718
ID3339,3339,11,0.1681220978498459,2574.8139878359957,1717.606668794708,0.0,58.0,58,15.0,1,,9.883845126835782,7.0,0.0,34.0,7403.0,7.98836842634462,0.5207266538518621,0.8473376246034163
ID3360,3360,11,0.14763393998146057,2571.0527759118404,1710.7934320798179,0.0,59.0,59,15.0,1,,9.464619492656876,8.0,0.0,27.0,7089.0,6.587168739355512,0.4931010923108951,0.9490325695052254
ID3380,3380,11,0.152353897690773,2569.679261007461,1711.4783024796502,0.0,60.0,60,15.0,1,,9.845126835781041,9.0,0.0,32.0,7374.0,6.7066128584671105,0.47767851775258197,0.9490821924729198
ID3401,3401,11,0.16768240928649902,2576.861789170509,1703.6094290254002,0.0,61.0,61,15.0,1,,9.918558077436582,7.0,0.0,32.0,7429.0,7.937256631725206,0.5005987686382405,0.8337451204584662
ID3422,3422,11,0.2224271446466446,2578.875233303701,1696.9038749827002,0.0,62.0,62,15.0,1,,12.590120160213619,10.0,0.0,40.0,9430.0,9.658968767903692,0.581796937637774,0.9588480943589691
ID3442,3442,11,0.22819577157497406,2581.8781248350692,1696.7133036924108,0.0,63.0,63,15.0,1,,12.672897196261681,9.0,0.0,44.0,9492.0,10.39184556734591,0.5722145130493489,0.8876878816469813
ID3461,3461,11,0.1714143306016922,2585.76147857428,1695.9387388190403,0.0,64.0,64,15.0,1,,10.551401869158878,8.0,0.0,33.0,7903.0,7.7930511200304755,0.48534819837692905,0.8848258111032155
ID3482,3482,11,0.1900876760482788,2592.4725700068175,1706.1343324899515,0.0,65.0,65,15.0,1,,11.304405874499333,9.0,0.0,35.0,8467.0,8.535909947813684,0.5259964548194282,0.9129714682769984
ID3502,3502,11,0.18405269086360931,2597.914424792188,1708.082518885832,0.0,66.0,66,15.0,1,,10.781041388518023,8.0,0.0,34.0,8075.0,8.270339599791432,0.5300992441404477,0.9032437190121334
ID3522,3522,11,0.15611517429351807,2604.7931883436154,1712.3064988829062,0.0,67.0,67,15.0,1,,9.628838451268358,8.0,0.0,29.0,7212.0,7.158519949933769,0.4940305727107779,0.889559490634399
ID3544,3544,11,0.1813165247440338,2602.665703913673,1714.145965714699,0.0,68.0,68,15.0,1,,10.36448598130841,8.0,0.0,36.0,7763.0,8.60104266524021,0.5242467245532233,0.8289095007191549
ID3565,3565,11,0.19756320118904114,2602.987181865128,1712.474061508159,0.0,69.0,69,15.0,1,,11.184245660881174,8.0,0.0,38.0,8377.0,9.654636060374655,0.5041161728031924,0.7765153328128167
ID3585,3585,11,0.1756768375635147,2607.5582212636273,1720.6316616196632,0.0,70.0,70,15.0,1,,10.332443257676903,8.0,0.0,34.0,7739.0,7.914839311191146,0.5457539838177831,0.9218228361246719
ID3606,3606,11,0.19949565827846527,2608.840582660267,1725.5767578308432,0.0,71.0,71,15.0,1,,11.164218958611482,8.0,0.0,42.0,8362.0,9.162875651125164,0.5566651315565403,0.8714156786669414
ID3626,3626,11,0.1518542319536209,2613.8851253299063,1724.1542496187321,0.0,72.0,72,15.0,1,,9.861148197596796,9.0,0.0,29.0,7386.0,6.759382409032487,0.49521902034315723,0.966368951071206
ID3647,3647,11,0.1844925582408905,2623.5305328075965,1715.0158995397376,0.0,73.0,73,15.0,1,,10.757009345794392,8.0,0.0,42.0,8057.0,8.940816674596096,0.49476416379361493,0.7964708945569561
ID3666,3666,11,0.1897348314523697,2622.7445195453047,1707.2510886749153,0.0,74.0,74,15.0,1,,11.36448598130841,9.0,0.0,38.0,8512.0,8.397502121533176,0.5320303554130604,0.9399369277567609
ID3684,3684,11,0.20513039827346802,2621.2544134896298,1699.3059954190494,0.0,75.0,75,15.0,1,,11.655540720961282,9.0,0.0,40.0,8730.0,9.528533669197865,0.5332941214744004,0.8508983364820858
ID3722,3722,11,0.18570327758789062,2618.785482059527,1703.9566908950785,0.0,76.0,76,15.0,1,,10.903871829105475,9.0,0.0,35.0,8167.0,8.36764512804515,0.5466725179577061,0.921162719050099
ID3705,3705,11,0.1982622742652893,2616.4679319328275,1702.8402317250282,0.0,77.0,77,15.0,1,,11.453938584779706,9.0,0.0,39.0,8579.0,9.09513451062031,0.5302678868778382,0.8727775806505607
ID3739,3739,11,0.19032694399356842,2624.8788043417294,1705.0324632551406,0.0,78.0,78,15.0,1,,11.072096128170895,8.0,0.0,40.0,8293.0,8.680153373010308,0.5353866841901229,0.8895743255788182
ID3759,3759,11,0.19705703854560852,2630.067907879906,1705.471736860302,0.0,79.0,79,15.0,1,,11.444592790387183,8.0,0.0,38.0,8572.0,9.151060734576966,0.5235401675535484,0.85951805035855
ID3780,3780,11,0.18195298314094543,2625.4044096951884,1701.6770189303227,0.0,80.0,80,15.0,1,,11.098798397863819,9.0,0.0,35.0,8313.0,7.889671116017948,0.5393930017658501,0.9858318797552568
ID3799,3799,11,0.1985810399055481,2622.6290897014946,1698.556225473664,0.0,81.0,81,15.0,1,,11.030707610146862,8.0,0.0,38.0,8262.0,9.526510556107304,0.533613285847717,0.8057685036291
ID3817,3817,11,0.18154437839984894,2629.2732347631177,1695.9541772175808,0.0,82.0,82,15.0,1,,10.341789052069426,7.0,0.0,33.0,7746.0,8.596301126164569,0.5179121057169148,0.8209628180711158
ID3836,3836,11,0.18280835449695587,2640.1939264971115,1693.2300465944284,0.0,83.0,83,15.0,1,,10.837116154873165,9.0,0.0,37.0,8117.0,8.219427892552794,0.5317156112909024,0.9153841891487852
ID3875,3875,11,0.17440080642700195,2637.9723575915996,1689.0546957612685,0.0,84.0,84,15.0,1,,9.985313751668892,7.0,0.0,35.0,7479.0,8.27298600232974,0.5200086948436445,0.825836273814931
ID3855,3855,11,0.18469372391700745,2634.8682148934176,1683.9298426763169,0.0,85.0,85,15.0,1,,11.037383177570094,8.0,0.0,34.0,8267.0,8.621648637508205,0.49134392576686664,0.8435553371294201
ID3892,3892,11,0.17495106160640717,2645.3380104467656,1689.6256633891983,0.0,86.0,86,15.0,1,,10.089452603471296,8.0,0.0,33.0,7557.0,8.080395390896332,0.531563662161122,0.8667327740487368
ID3913,3913,11,0.20454280078411102,2647.9618462340677,1686.964789572929,0.0,87.0,87,15.0,1,,11.562082777036048,8.0,0.0,41.0,8660.0,9.724023613115765,0.5368337143823743,0.8306784972833272
ID3931,3931,11,0.18789567053318024,2650.3438183284597,1690.5817986349375,0.0,88.0,88,15.0,1,,10.9652870493992,9.0,0.0,38.0,8213.0,8.626000481637176,0.535088408657754,0.8862018933065536
ID3953,3953,11,0.1490415781736374,2649.251274564334,1688.884435309682,0.0,89.0,89,15.0,1,,9.078771695594126,7.0,0.0,32.0,6800.0,7.2913354620948665,0.46607549328393366,0.7916804938188956
ID3973,3973,11,0.1332230567932129,2647.590406266815,1687.7941171550162,0.0,90.0,90,15.0,1,,8.001335113484647,5.0,0.0,34.0,5993.0,7.248363144087418,0.4251118817025054,0.6585773568272814
ID3993,3993,11,0.1657048910856247,2646.924243091897,1688.9245318103146,0.0,91.0,91,15.0,1,,9.845126835781041,7.0,0.0,34.0,7374.0,7.944496187280852,0.4992088232895438,0.8252871318185823
ID4030,4030,11,0.16474536061286926,2645.3295324789924,1688.3493526796615,0.0,92.0,92,15.0,1,,9.895861148197596,7.0,0.0,36.0,7412.0,8.100791963788938,0.47041551204322907,0.7816236075941844
ID4013,4013,11,0.12580130994319916,2647.099261859884,1685.898229783604,0.0,93.0,93,15.0,1,,8.654205607476635,7.0,0.0,27.0,6482.0,6.135876706524426,0.402975227556494,0.8102311328164514
ID4050,4050,11,0.11317873746156693,2649.4365787293755,1686.5154635368517,0.0,94.0,94,15.0,1,,7.841121495327103,6.0,0.0,26.0,5873.0,5.950114978660779,0.3644570687236768,0.7039945922183137
ID4068,4068,11,0.12337366491556168,2640.2406952760903,1688.5294703296047,0.0,95.0,95,15.0,1,,8.467289719626168,7.0,0.0,24.0,6342.0,5.807800466113276,0.4271603683036074,0.8727320068180429
ID4107,4107,11,0.14623215794563293,2632.683332471138,1683.806126034989,0.0,96.0,96,15.0,1,,9.017356475300401,7.0,0.0,31.0,6754.0,7.3561766369265955,0.42832836518173245,0.7352006121034447
ID4087,4087,11,0.14864368736743927,2630.394250241864,1686.67557130284,0.0,97.0,97,15.0,1,,9.086782376502002,7.0,0.0,33.0,6806.0,7.626242262751035,0.4376826934668213,0.7254806858725821
ID4126,4126,11,0.14854420721530914,2632.5518528435473,1683.9061584814103,0.0,98.0,98,15.0,1,,9.064085447263018,7.0,0.0,36.0,6789.0,7.493394943467573,0.4707919177247521,0.7743782163728005
ID4144,4144,11,0.144651398062706,2641.326028025924,1683.360231246653,0.0,99.0,99,15.0,1,,9.114819759679573,7.0,0.0,31.0,6827.0,7.132448775536468,0.4528448845242043,0.7966538093398254
ID4163,4163,11,0.16257767379283905,2634.985094207073,1689.365558197124,0.0,100.0,100,15.0,1,,9.642189586114819,7.0,0.0,34.0,7222.0,8.021537419907869,0.4818688518458983,0.7817486376350041
ID4183,4183,11,0.17193672060966492,2634.9294143232896,1690.5594696866133,0.0,101.0,101,15.0,1,,9.826435246995995,7.0,0.0,36.0,7360.0,8.293854159617352,0.5303721501757064,0.8212081585306876
ID4203,4203,11,0.1513526886701584,2641.1689067212583,1681.9459935448087,0.0,102.0,102,15.0,1,,9.886515353805073,8.0,0.0,29.0,7405.0,6.929298585267342,0.47889351785111894,0.9240298872070726
ID4221,4221,11,0.19002674520015717,2642.3305485813717,1681.345951934148,0.0,103.0,103,15.0,1,,10.957276368491321,8.0,0.0,38.0,8207.0,8.830446301106585,0.5293260514010727,0.8589603948181058
ID4244,4244,11,0.17037317156791687,2643.4542771080332,1682.5430987851219,0.0,104.0,104,15.0,1,,9.962616822429906,8.0,0.0,33.0,7462.0,7.939186746211103,0.5158683989399522,0.8540923469079238
ID4262,4262,11,0.17369039356708527,2639.884026320262,1688.2587864999955,0.0,105.0,105,15.0,1,,9.973297730307076,8.0,0.0,35.0,7470.0,8.408954511834022,0.5209386581117491,0.8124593948425785
ID4282,4282,11,0.14336471259593964,2635.3030621557177,1693.972675623212,0.0,106.0,106,15.0,1,,8.917222963951936,7.0,0.0,30.0,6679.0,6.759314016052245,0.4872803861799264,0.8644563695346246
ID4302,4302,11,0.16841775178909302,2641.500273263379,1703.6217525845764,0.0,107.0,107,15.0,1,,10.527369826435248,8.0,0.0,31.0,7885.0,7.3578043362458905,0.5032650540876882,0.9579941434533035
ID4321,4321,11,0.16600672900676727,2637.329028973195,1705.6612032232608,0.0,108.0,108,15.0,1,,9.489986648865154,7.0,0.0,36.0,7108.0,8.294638989274228,0.498994302276415,0.7617171133327172
ID4341,4341,11,0.20455412566661835,2627.1736636395417,1705.8043502844384,0.0,109.0,109,15.0,1,,11.43124165554072,8.0,0.0,39.0,8562.0,9.35598045357482,0.5550915349164753,0.8722535441988901
ID4381,4381,11,0.21145829558372498,2621.3426833563026,1700.7148792617816,0.0,110.0,110,15.0,1,,12.620827770360481,11.0,0.0,37.0,9453.0,8.905949093746512,0.5691416478439488,1.0280064627064354
ID4361,4361,11,0.18882577121257782,2618.126082463201,1702.8078139447416,0.0,111.0,111,15.0,1,,10.841121495327103,8.0,0.0,37.0,8120.0,8.819043372911485,0.5271400980493358,0.8486525121871672
ID4401,4401,11,0.1840963512659073,2627.30542433337,1700.5354383546114,0.0,112.0,112,15.0,1,,11.093457943925234,9.0,0.0,35.0,8309.0,8.123006373588204,0.5295276322690854,0.9456086654847065
ID4420,4420,11,0.17809803783893585,2626.4421866303783,1695.9713508943053,0.0,113.0,113,15.0,1,,10.672897196261681,9.0,0.0,32.0,7994.0,7.81186364793036,0.5407385966240996,0.9589944087007738
ID4461,4461,11,0.21235834062099457,2621.2537930085778,1693.1030947675204,0.0,114.0,114,15.0,1,,12.516688918558078,10.0,0.0,36.0,9375.0,8.926994555998771,0.5670472863071752,1.0147320067859922
ID4440,4440,11,0.22319795191287994,2623.7739019858122,1686.8519282528691,0.0,115.0,115,15.0,1,,12.623497997329773,10.0,0.0,42.0,9455.0,9.794125874798606,0.5708552098703265,0.9367718723425197
ID4500,4500,11,0.20278584957122803,2618.435036158161,1688.602624194941,0.0,116.0,116,15.0,1,,11.515353805073431,9.0,0.0,39.0,8625.0,8.942707828381689,0.57765308244312,0.9429612030467246
ID4481,4481,11,0.20642594993114471,2614.9339882607615,1684.8433602453613,0.0,117.0,117,15.0,1,,11.344459279038718,9.0,0.0,37.0,8497.0,9.575280779871663,0.569386856622246,0.8596857048427747
ID4519,4519,11,0.17616626620292664,2616.912847906209,1679.5856295132348,0.0,118.0,118,15.0,1,,11.129506008010681,9.0,0.0,35.0,8336.0,7.061649638098776,0.5403233551889891,1.1057108143005023
ID4540,4540,11,0.21864823997020721,2625.7575619154763,1685.3399655143485,0.0,119.0,119,15.0,1,,12.39652870493992,9.0,0.0,44.0,9285.0,9.783978976801466,0.563497062329319,0.9132909663050013
ID4580,4580,11,0.19656944274902344,2625.545367284433,1691.0459221966257,0.0,120.0,120,15.0,1,,11.288384512683578,9.0,0.0,37.0,8455.0,8.916555303645483,0.5440252217071966,0.8921324298627925
ID4560,4560,11,0.19018147885799408,2632.578900994687,1690.6562502309137,0.0,121.0,121,15.0,1,,11.09078771695594,9.0,0.0,37.0,8307.0,8.374891366144116,0.5524059323119108,0.9424672033522403
ID4600,4600,11,0.20812499523162842,2633.1020915375725,1691.4401918171877,0.0,122.0,122,15.0,1,,11.86648865153538,9.0,0.0,40.0,8888.0,9.185306278181589,0.5616007349911977,0.9292150698823991
ID4621,4621,11,0.18284988403320312,2639.3280371771443,1696.1185821166148,0.0,123.0,123,15.0,1,,10.723631508678238,8.0,0.0,35.0,8032.0,8.249760304595766,0.5408025045016444,0.9124777132707255
ID4644,4644,11,0.18334652483463287,2640.1176860462015,1703.8268941494957,0.0,124.0,124,15.0,1,,11.467289719626168,10.0,0.0,34.0,8589.0,7.773399090485509,0.5287386037645343,1.0204403025357514
ID4662,4662,11,0.19050639867782593,2635.3918411154236,1690.4978655426994,0.0,125.0,125,15.0,1,,11.153538050734312,9.0,0.0,36.0,8354.0,8.662209947931274,0.5367433788311818,0.8994546853857208
ID4682,4682,11,0.18027688562870026,2632.527725554448,1693.3775257190443,0.0,126.0,126,15.0,1,,10.676902536715621,9.0,0.0,32.0,7997.0,7.784515208021015,0.5636426900388591,0.9888036539820692
ID4702,4702,11,0.20790532231330872,2627.028332120444,1692.814203924869,0.0,127.0,127,15.0,1,,11.826435246995995,9.0,0.0,41.0,8858.0,9.423164978465365,0.5444637233387699,0.8848676052971032
ID4745,4745,11,0.21530112624168396,2623.6991570696887,1691.2817579940556,0.0,128.0,128,15.0,1,,12.272363150867823,9.0,0.0,42.0,9192.0,9.334287744483882,0.5748391442504888,0.9598141366469503
ID4723,4723,11,0.20621244609355927,2624.7848838529717,1683.11117379068,0.0,129.0,129,15.0,1,,12.44192256341789,10.0,0.0,36.0,9319.0,8.764653401018473,0.5413927614130488,0.9971990883956791
ID4764,4764,11,0.21456386148929596,2626.559290552422,1682.6086263078073,0.0,130.0,130,15.0,1,,12.268357810413885,9.0,0.0,40.0,9189.0,9.526143318479255,0.552448111484939,0.9165870527748472
ID4784,4784,11,0.17581790685653687,2630.0521581942526,1681.4114199911248,0.0,131.0,131,15.0,1,,10.830440587449933,9.0,0.0,34.0,8112.0,7.460006196557882,0.5352938474172696,1.012366286338046
ID4821,4821,11,0.15334130823612213,2634.0959678262757,1679.5244969577889,0.0,132.0,132,15.0,1,,10.005340453938585,9.0,0.0,27.0,7494.0,6.393092303059099,0.5065834896751357,1.0524675623564514
ID4801,4801,11,0.2057163119316101,2645.256723389569,1673.1809509369264,0.0,133.0,133,15.0,1,,11.679572763684913,9.0,0.0,40.0,8748.0,9.187812889887224,0.5594946276700095,0.9121302267505004
ID4842,4842,11,0.1724535971879959,2645.391626720963,1662.777696917754,0.0,134.0,134,15.0,1,,10.785046728971963,9.0,0.0,33.0,8078.0,7.4523793461509,0.5297887923749176,1.0023707036371128
ID4861,4861,11,0.19959725439548492,2648.2555414875815,1658.2561686544934,0.0,135.0,135,15.0,1,,11.781041388518023,9.0,0.0,37.0,8824.0,8.650684711217005,0.5691749528870838,0.9879560080245048
ID4902,4902,11,0.1969398856163025,2650.239049794844,1657.6542031331765,0.0,136.0,136,15.0,1,,11.377837116154874,8.0,0.0,35.0,8522.0,8.718570144763149,0.5579170608013854,0.9346946365297487
ID4883,4883,11,0.1855558305978775,2649.28454032699,1661.684897116143,0.0,137.0,137,15.0,1,,10.837116154873165,8.0,0.0,34.0,8117.0,8.252865988243855,0.5451666665080319,0.9266012759405551
ID4924,4924,11,0.20120754837989807,2647.413372070597,1655.1706996747168,0.0,138.0,138,15.0,1,,11.981308411214954,10.0,0.0,34.0,8974.0,8.39306263677382,0.5793274083357062,1.047286926745736
ID4945,4945,11,0.1903609186410904,2652.9918895072055,1655.990520744609,0.0,139.0,139,15.0,1,,11.57543391188251,10.0,0.0,33.0,8670.0,8.051720178914795,0.5394746431803025,1.007574339257361
ID4964,4964,11,0.19543085992336273,2652.3824565355962,1656.250985734924,0.0,140.0,140,15.0,1,,11.444592790387183,9.0,0.0,38.0,8572.0,9.089494920814344,0.5109232756807643,0.8515376710445737
ID4986,4986,11,0.19750021398067474,2654.65160724117,1654.006211162044,0.0,141.0,141,15.0,1,,11.89853137516689,10.0,0.0,36.0,8912.0,8.330111636247327,0.5542660327384089,1.0187448882398387
ID5028,5028,11,0.2080860137939453,2656.0180150627652,1658.600138501823,0.0,142.0,142,15.0,1,,12.18291054739653,10.0,0.0,37.0,9125.0,8.65947761010764,0.5880363236709927,1.0419168924705877
ID5008,5008,11,0.1849917471408844,2651.976498857435,1656.0596639250755,0.0,143.0,143,15.0,1,,11.380507343124165,10.0,0.0,36.0,8524.0,7.616699515338957,0.5550464794111907,1.066622582445277
ID5069,5069,11,0.19972512125968933,2648.9158691575067,1650.4636225648105,0.0,144.0,144,15.0,1,,11.315086782376502,9.0,0.0,38.0,8475.0,8.73783642864117,0.5795577356944552,0.9502659689693425
ID5048,5048,11,0.2125946581363678,2653.6803967786896,1650.5742531791718,0.0,145.0,145,15.0,1,,12.348464619492656,10.0,0.0,37.0,9249.0,9.020331367918189,0.5793802998158678,1.0043786515513808
ID5111,5111,11,0.1773442178964615,2657.2291556307036,1645.4228791613964,0.0,146.0,146,15.0,1,,11.093457943925234,9.0,0.0,33.0,8309.0,7.369312176663386,0.5378644801830785,1.0529912961025212
ID5090,5090,11,0.20456404983997345,2655.9192036302925,1644.5934723752148,0.0,147.0,147,15.0,1,,12.428571428571429,10.0,0.0,35.0,9309.0,7.905476725743243,0.6045403293750761,1.184671074913463
ID5132,5132,11,0.17859917879104614,2656.091163734845,1649.1845700479353,0.0,148.0,148,15.0,1,,11.002670226969292,9.0,0.0,35.0,8241.0,7.395257428416421,0.5568543987950613,1.0643107587989036
ID5154,5154,11,0.16691291332244873,2660.2835260562238,1648.0804784951213,0.0,149.0,149,15.0,1,,10.391188251001335,9.0,0.0,29.0,7783.0,6.892061410388597,0.5476365114086063,1.0670124779567178
ID5175,5175,11,0.17976006865501404,2665.3587898177316,1649.3098946557923,0.0,150.0,150,15.0,1,,11.166889185580775,9.0,0.0,33.0,8364.0,7.354483049465101,0.5541378980658244,1.0827753315066226
ID5198,5198,11,0.18230827152729034,2664.783928489462,1660.7138754568816,0.0,151.0,151,15.0,1,,12.427236315086782,11.0,0.0,30.0,9308.0,6.4905612649178925,0.542148611641883,1.3462149887975616
ID5242,5242,11,0.16704988479614258,2665.4481887404067,1668.1911445187131,0.0,152.0,152,15.0,1,,10.879839786381842,10.0,0.0,30.0,8149.0,6.519118897845307,0.5381004110741032,1.1677294398826217
ID5219,5219,11,0.15388353168964386,2677.888112643082,1674.1142767719007,0.0,153.0,153,15.0,1,,10.324432576769025,9.0,0.0,28.0,7733.0,6.001354892013961,0.52488610702697,1.1843349581623623
ID5263,5263,11,0.2025105357170105,2680.227500855129,1677.4666807409133,0.0,154.0,154,15.0,1,,12.29506008010681,11.0,0.0,36.0,9209.0,8.055936772082887,0.5905111023638242,1.1332767116904487
ID5284,5284,11,0.17124496400356293,2680.7585611520285,1679.6163693599995,0.0,155.0,155,15.0,1,,10.460614152202938,9.0,0.0,33.0,7835.0,7.291311226961107,0.5455911736046706,1.0128712623650271
ID5327,5327,11,0.18070612847805023,2686.060406643357,1678.6216263603678,0.0,156.0,156,15.0,1,,11.220293724966622,9.0,0.0,35.0,8404.0,7.598431756241011,0.5376179272105639,1.0326081838441457
ID5305,5305,11,0.16270719468593597,2687.1122119672486,1683.8908382539666,0.0,157.0,157,15.0,1,,10.556742323097463,9.0,0.0,28.0,7907.0,6.428633146533706,0.5372624693576374,1.1478357657333311
ID5348,5348,11,0.1565200239419937,2693.600780601117,1680.1916737213098,0.0,158.0,158,15.0,1,,10.903871829105475,10.0,0.0,28.0,8167.0,5.816383688641668,0.5268361374276592,1.2937215498195356
ID5369,5369,11,0.15913452208042145,2689.209148312747,1673.3396499213056,0.0,159.0,159,15.0,1,,10.728971962616823,10.0,0.0,30.0,8036.0,6.158119429200208,0.5219018952969339,1.1949293127168161
ID5390,5390,11,0.15395914018154144,2694.5173110240335,1668.9637924502904,0.0,160.0,160,15.0,1,,10.695594125500667,10.0,0.0,27.0,8011.0,5.7775838561395885,0.5180692899807616,1.2635281047956715
ID5409,5409,11,0.14159534871578217,2704.4632331103217,1662.2825194829234,0.0,161.0,161,15.0,1,,10.052069425901202,9.0,0.0,25.0,7529.0,5.6176014079019,0.48456917621100637,1.168126563175305
ID5429,5429,11,0.13379286229610443,2703.9186597093003,1658.4180609342393,0.0,162.0,162,15.0,1,,9.38584779706275,8.0,0.0,26.0,7030.0,5.592141399919737,0.47598031943531394,1.0825146642173442
ID5451,5451,11,0.17191006243228912,2694.2065616917403,1657.4921495899998,0.0,163.0,163,15.0,1,,11.097463284379172,9.0,0.0,31.0,8312.0,7.204229036917425,0.49596235617343387,1.0213962295730665
ID5472,5472,11,0.17746880650520325,2700.5531553456476,1653.3032084110434,0.0,164.0,164,15.0,1,,11.500667556742323,10.0,0.0,31.0,8614.0,7.048841227845654,0.5368934555270195,1.1399338914807122
ID5493,5493,11,0.17035086452960968,2704.033787899246,1653.2464532084177,0.0,165.0,165,15.0,1,,10.945260347129507,9.0,0.0,29.0,8198.0,6.983628264419911,0.5309237584587408,1.087060149259496
ID5513,5513,11,0.16968239843845367,2708.4156108638645,1652.47212108868,0.0,166.0,166,15.0,1,,11.29506008010681,10.0,0.0,29.0,8460.0,6.530859665540569,0.5333702038619476,1.2031781044530654
ID5535,5535,11,0.18397171795368195,2715.000338518164,1655.0238475831616,0.0,167.0,167,15.0,1,,12.192256341789053,11.0,0.0,33.0,9132.0,7.626150749212151,0.49016615615213693,1.0517616251231392
ID5558,5558,11,0.20098040997982025,2714.7882942407787,1653.7716312219188,0.0,168.0,168,15.0,1,,12.449933244325768,11.0,0.0,35.0,9325.0,8.173042660627441,0.5479804909939077,1.078481914860645
ID5578,5578,11,0.17001324892044067,2713.772018649962,1655.8538957776136,0.0,169.0,169,15.0,1,,10.64886515353805,9.0,0.0,29.0,7976.0,7.156076242350804,0.545171286893659,1.0500614365344028
ID5598,5598,11,0.1893886774778366,2717.982554864273,1660.4563289016855,0.0,170.0,170,15.0,1,,12.181575433911883,10.0,0.0,34.0,9124.0,7.514629736822353,0.5445280453361548,1.1430107679891146
ID2083,2083,12,0.15568436682224274,2602.445372992335,1783.7162281401904,0.0,0.0,0,15.0,1,,11.044058744993324,10.0,0.0,30.0,8272.0,5.828835986636718,0.5091762250011381,1.2785126533428401
ID2028,2028,12,0.16552425920963287,2596.429731207467,1781.8995366815136,0.0,1.0,1,15.0,1,,11.296395193591454,10.0,0.0,26.0,8461.0,5.879152903238358,0.5707252497404373,1.3963104211487634
ID2038,2038,12,0.1349610537290573,2594.4386552594733,1788.6341276009132,0.0,2.0,2,15.0,1,,9.567423230974633,9.0,0.0,26.0,7166.0,5.24861136802499,0.5058006736808484,1.2245949986183144
ID2060,2060,12,0.1442316621541977,2593.051686728831,1791.9564532710415,0.0,3.0,3,15.0,1,,10.556742323097463,10.0,0.0,26.0,7907.0,4.958765594205189,0.5295176489704504,1.4740502362859376
ID2134,2134,12,0.14538519084453583,2591.7309095383553,1794.7147095230168,0.0,4.0,4,15.0,1,,10.516688918558078,10.0,0.0,25.0,7877.0,5.414755215965064,0.5023004501205761,1.298784105462791
ID2109,2109,12,0.1484222263097763,2590.8453761237306,1794.3583807750424,0.0,5.0,5,15.0,1,,10.891855807743658,10.0,0.0,25.0,8158.0,5.205950975765,0.5295068760101581,1.4486116556602657
ID2180,2180,12,0.13260215520858765,2595.8147577819605,1794.235682196838,0.0,6.0,6,15.0,1,,10.024032042723631,9.0,0.0,24.0,7508.0,4.80635266776028,0.48865714115119563,1.3691983671286512
ID2157,2157,12,0.12418200075626373,2598.7746258673583,1786.296183505898,0.0,7.0,7,15.0,1,,9.62483311081442,9.0,0.0,24.0,7209.0,4.617679653231127,0.4485496487747979,1.2908522568369598
ID2203,2203,12,0.13019387423992157,2602.6417124020254,1787.2947533981578,0.0,8.0,8,15.0,1,,9.612817089452603,9.0,0.0,26.0,7200.0,4.816931612032897,0.5043961561348568,1.3381960606482448
ID2228,2228,12,0.14547854661941528,2604.451108411916,1786.9507042529062,0.0,9.0,9,15.0,1,,10.608811748998665,10.0,0.0,23.0,7946.0,5.292056129535154,0.50861929472747,1.351716049197018
ID2276,2276,12,0.14078538119792938,2598.618456451271,1786.7225625620786,0.0,10.0,10,15.0,1,,10.244325767690254,10.0,0.0,24.0,7673.0,5.008320401225054,0.5215962996958629,1.4023497129023952
ID2251,2251,12,0.13572649657726288,2599.062380837457,1790.351194620339,0.0,11.0,11,15.0,1,,9.791722296395193,10.0,0.0,25.0,7334.0,5.042269017274232,0.525417783878474,1.3377625503365123
ID2298,2298,12,0.12812870740890503,2595.509263275809,1796.7803730655644,0.0,12.0,12,15.0,1,,10.181575433911883,10.0,0.0,24.0,7626.0,4.462755219111376,0.4794175412897366,1.4786489146717248
ID2322,2322,12,0.12685006856918335,2589.1663386041073,1802.9812481382442,0.0,13.0,13,15.0,1,,9.461949265687583,9.0,0.0,22.0,7087.0,4.545398677394543,0.5302556593028295,1.4426465699815978
ID2347,2347,12,0.11995457857847214,2582.2491834232087,1800.375525538298,0.0,14.0,14,15.0,1,,8.89853137516689,8.0,0.0,21.0,6665.0,4.748246001024679,0.4753336152595961,1.2076008529010571
ID2372,2372,12,0.13755051791667938,2590.883592209956,1798.5848580348916,0.0,15.0,15,15.0,1,,10.251001335113484,10.0,0.0,23.0,7678.0,4.842825299728251,0.5012681803775728,1.41354402977185
ID2397,2397,12,0.1221875473856926,2587.263551475096,1804.6211283775765,0.0,16.0,16,15.0,1,,9.2283044058745,9.0,0.0,22.0,6912.0,4.731841162192396,0.4729791095481718,1.25246939212778
ID2421,2421,12,0.11705119162797928,2578.487183172455,1806.7247590336126,0.0,17.0,17,15.0,1,,9.744993324432576,10.0,0.0,21.0,7299.0,4.192923393550131,0.45937823968873,1.463178014143994
ID2472,2472,12,0.11216586828231812,2574.3664981840734,1809.883880561205,0.0,18.0,18,15.0,1,,8.802403204272363,8.0,0.0,24.0,6593.0,4.371877139731803,0.4648872349104627,1.2779290177309408
ID2447,2447,12,0.1131410151720047,2577.1645018418144,1819.0234294859138,0.0,19.0,19,15.0,1,,8.854472630173564,8.0,0.0,24.0,6632.0,4.40271208295671,0.45145339823277714,1.2510718143783028
ID2498,2498,12,0.11389271914958954,2582.294679378891,1822.8419559444058,0.0,20.0,20,15.0,1,,8.947930574098798,9.0,0.0,22.0,6702.0,4.449804612124299,0.4807519272024897,1.305720994027597
ID2520,2520,12,0.1344829797744751,2592.2873592751785,1820.8833029261943,0.0,21.0,21,15.0,1,,10.275033377837117,10.0,0.0,26.0,7696.0,4.736836971814375,0.4908503672708893,1.4283671802524827
ID2544,2544,12,0.11803262680768967,2597.216121088503,1825.5381550965824,0.0,22.0,22,15.0,1,,8.799732977303071,8.0,0.0,23.0,6591.0,4.694683525493433,0.46771112948480154,1.194621386188107
ID2565,2565,12,0.12499076873064041,2602.1647920845935,1824.5799430325233,0.0,23.0,23,15.0,1,,9.743658210947931,9.0,0.0,26.0,7298.0,4.444064475172994,0.49551833981405874,1.4529132205892228
ID2590,2590,12,0.12557540833950043,2602.7474337302265,1827.7113570457964,0.0,24.0,24,15.0,1,,9.584779706275034,10.0,0.0,24.0,7179.0,4.474208096013478,0.5076595784895473,1.4426641693367475
ID2084,2084,13,0.1799391210079193,517.462668862017,1810.98801627875,0.0,0.0,0,15.0,1,,11.201602136181576,10.0,0.0,37.0,8390.0,7.639308533033803,0.5390888373950726,1.0271946273283736
ID2029,2029,13,0.16471712291240692,522.5482201792811,1806.5632519722599,0.0,1.0,1,15.0,1,,11.132176234979973,10.0,0.0,32.0,8338.0,6.412712407249957,0.5137024248978781,1.1782553339011486
ID2039,2039,13,0.18024618923664093,530.8945444350729,1806.9636904437855,0.0,2.0,2,15.0,1,,11.248331108144193,9.0,0.0,34.0,8425.0,7.535992993155907,0.5407555828802645,1.0477191051779915
ID2061,2061,13,0.16375432908535004,527.9372712444754,1808.1742618384915,0.0,3.0,3,15.0,1,,10.78237650200267,10.0,0.0,33.0,8076.0,6.6509143927076915,0.5208729046235445,1.1104575828373746
ID2135,2135,13,0.1980525106191635,521.1602722850309,1810.726560972526,0.0,4.0,4,15.0,1,,11.977303070761014,9.0,0.0,40.0,8971.0,8.458977301951085,0.561436084164318,1.018233275041824
ID2110,2110,13,0.17444942891597748,519.861705938149,1813.5912583969625,0.0,5.0,5,15.0,1,,11.748998664886516,11.0,0.0,31.0,8800.0,6.953513687741838,0.5191719539827435,1.1548639525088822
ID2181,2181,13,0.16509057581424713,525.3769705102109,1815.7840545969348,0.0,6.0,6,15.0,1,,11.002670226969292,10.0,0.0,33.0,8241.0,6.713781287062916,0.5068925861328597,1.1025404857585106
ID2158,2158,13,0.1527649313211441,524.2733794186313,1814.6181556821377,0.0,7.0,7,15.0,1,,10.444592790387183,9.0,0.0,31.0,7823.0,6.049810024948649,0.5265254710876531,1.190954311974926
ID2204,2204,13,0.15831804275512695,525.4225987785927,1817.157721656185,0.0,8.0,8,15.0,1,,11.221628838451268,10.0,0.0,27.0,8405.0,5.932013393851668,0.5127852277352902,1.2824546109833999
ID2229,2229,13,0.17380556464195251,522.8500693849597,1812.7717692220788,0.0,9.0,9,15.0,1,,11.213618157543392,10.0,0.0,33.0,8399.0,7.199767997486992,0.5340602971591142,1.0844389804448566
ID2277,2277,13,0.1705920249223709,508.75798950699544,1806.075494920365,0.0,10.0,10,15.0,1,,11.174899866488651,10.0,0.0,33.0,8370.0,7.0969308834565155,0.5142243467193841,1.0694622775855525
ID2252,2252,13,0.12325836718082428,496.86044940024453,1807.934853695348,0.0,11.0,11,15.0,1,,9.4913217623498,9.0,0.0,24.0,7109.0,4.890402254740933,0.4715275305010677,1.2438006286326777
ID2299,2299,13,0.13634833693504333,489.2786417110901,1809.8678719562297,0.0,12.0,12,15.0,1,,9.88785046728972,9.0,0.0,26.0,7406.0,5.27031078029803,0.517161768123112,1.2790578329216367
ID2323,2323,13,0.14137601852416992,488.59463989543735,1810.939991180632,0.0,13.0,13,15.0,1,,9.955941255006676,9.0,0.0,27.0,7457.0,5.836858045799276,0.4842460017373534,1.1129953391853702
ID2348,2348,13,0.15530818700790405,489.8701626290903,1815.0861192297295,0.0,14.0,14,15.0,1,,10.300400534045394,9.0,0.0,26.0,7715.0,6.232720485646077,0.5403577263691944,1.1594879293965181
ID2373,2373,13,0.17765039205551147,494.1742483310943,1813.881248742777,0.0,15.0,15,15.0,1,,11.271028037383177,9.0,0.0,32.0,8442.0,7.571228726105801,0.5155128436172044,1.0127611378008456
ID2398,2398,13,0.14612996578216553,496.2427362075126,1809.9167749134094,0.0,16.0,16,15.0,1,,10.479305740987984,9.0,0.0,29.0,7849.0,5.69910974835345,0.49058419051764945,1.2103543200966178
ID2422,2422,13,0.14395038783550262,503.1917262403876,1807.9421058460318,0.0,17.0,17,15.0,1,,9.500667556742323,8.0,0.0,28.0,7116.0,6.448401707439627,0.47638077915412813,0.9507971712003135
ID2471,2471,13,0.1583339124917984,507.5043802805437,1800.7314071372375,0.0,18.0,18,15.0,1,,10.790387182910548,10.0,0.0,33.0,8082.0,6.101644687952359,0.5343674173276753,1.2317730895089734
ID2446,2446,13,0.140090212225914,507.74228158003416,1801.4163992956267,0.0,19.0,19,15.0,1,,10.244325767690254,10.0,0.0,25.0,7673.0,5.120250294751157,0.5184183536432561,1.3661900211734301
ID2497,2497,13,0.11877258121967316,506.7115605538272,1809.5069361441151,0.0,20.0,20,15.0,1,,9.005340453938585,9.0,0.0,23.0,6745.0,4.653786141639732,0.46950997056424665,1.236505328756245
ID2519,2519,13,0.14636321365833282,502.6300027145158,1795.905729774153,0.0,21.0,21,15.0,1,,10.68090787716956,10.0,0.0,26.0,8000.0,5.527125257596386,0.5135099900473818,1.3113012137777393
ID2543,2543,13,0.16117404401302338,500.07933850752573,1800.1930989595494,0.0,22.0,22,15.0,1,,10.826435246995995,10.0,0.0,29.0,8109.0,6.4453105058010545,0.5297390522319992,1.1633657404193993
ID2564,2564,13,0.17246074974536896,502.49663267414667,1800.3048622288115,0.0,23.0,23,15.0,1,,11.299065420560748,10.0,0.0,30.0,8463.0,7.023928672168005,0.5189725947601784,1.099225798373007
ID2588,2588,13,0.1905016154050827,497.40109411394235,1804.0959211608242,0.0,24.0,24,15.0,1,,11.739652870493993,9.0,0.0,35.0,8793.0,8.02154787809831,0.5396157614229894,1.0258865807568258
ID2610,2610,13,0.1628430187702179,501.96884360369717,1803.1536442922602,0.0,25.0,25,15.0,1,,10.861148197596796,10.0,0.0,30.0,8135.0,6.911932584224474,0.4822205381337612,1.0224430291226312
ID2632,2632,13,0.18024910986423492,501.40798339000327,1802.9404341892018,0.0,26.0,26,15.0,1,,11.110814419225635,10.0,0.0,32.0,8322.0,7.61909036382941,0.5458137419569078,1.0298170240806264
ID2653,2653,13,0.19995389878749847,500.93177658690456,1798.4999009128896,0.0,27.0,27,15.0,1,,12.347129506008011,10.0,0.0,35.0,9248.0,8.47375204387766,0.5310952358680673,1.010858687543636
ID2676,2676,13,0.17541033029556274,503.0482483715995,1795.9676104613688,0.0,28.0,28,15.0,1,,11.170894526034713,10.0,0.0,36.0,8367.0,7.2578673430889,0.5304039901879017,1.066865359654259
ID2699,2699,13,0.17997518181800842,505.7693787461327,1803.6951036458572,0.0,29.0,29,15.0,1,,11.787716955941255,10.0,0.0,35.0,8829.0,7.16341408349005,0.5339521300764365,1.145592482010958
ID2723,2723,13,0.14621059596538544,503.78311530194446,1793.7772914517243,0.0,30.0,30,15.0,1,,9.897196261682243,9.0,0.0,29.0,7413.0,6.173849901789444,0.4970063727827303,1.0644479248390744
ID2745,2745,13,0.14322210848331451,500.81515051651786,1787.1301929743947,0.0,31.0,31,15.0,1,,9.853137516688918,9.0,0.0,26.0,7380.0,6.00822132012451,0.4843684645755137,1.0702685372829086
ID2768,2768,13,0.16670076549053192,497.976198613921,1789.172068559121,0.0,32.0,32,15.0,1,,10.447263017356475,9.0,0.0,29.0,7825.0,7.069098121229772,0.5394504407845,1.0357485985253512
ID2793,2793,13,0.16052085161209106,497.9409175183906,1793.8801948828318,0.0,33.0,33,15.0,1,,10.794392523364486,10.0,0.0,29.0,8085.0,6.466732684731367,0.5082351956565676,1.124964866105523
ID2816,2816,13,0.14700950682163239,498.0311134767212,1799.474306452889,0.0,34.0,34,15.0,1,,10.500667556742323,10.0,0.0,25.0,7865.0,5.520894882393198,0.5179625421271232,1.2980000986888014
ID2838,2838,13,0.16224481165409088,492.7322535192165,1800.3407938703856,0.0,35.0,35,15.0,1,,11.098798397863819,10.0,0.0,29.0,8313.0,6.559750969268639,0.5221672693587119,1.160822647756991
ID2860,2860,13,0.18022675812244415,488.7197872731318,1793.0728015788984,0.0,36.0,36,15.0,1,,11.288384512683578,9.0,0.0,32.0,8455.0,7.535806588737636,0.5471514169336017,1.059514135557208
ID2884,2884,13,0.17462897300720215,488.28030697755787,1782.9917410472306,0.0,37.0,37,15.0,1,,11.221628838451268,9.0,0.0,35.0,8405.0,7.3696524719447964,0.5205654190974662,1.0425792870856834
ID2907,2907,13,0.1724364459514618,488.9999202093214,1787.2250434457344,0.0,38.0,38,15.0,1,,11.327102803738319,10.0,0.0,31.0,8484.0,6.933301392504893,0.5328727739742762,1.135863591684267
ID2931,2931,13,0.2084950953722,490.1920177979173,1790.6044107934642,0.0,39.0,39,15.0,1,,12.640854472630174,10.0,0.0,37.0,9468.0,8.647461827631526,0.5667590969487476,1.0575819945169371
ID2956,2956,13,0.17760199308395386,485.90285697724005,1792.4411387211683,0.0,40.0,40,15.0,1,,11.220293724966622,9.0,0.0,31.0,8404.0,7.497829591069134,0.5319401246793509,1.0392490002795205
ID2979,2979,13,0.15483148396015167,486.49295894903923,1794.7317573636808,0.0,41.0,41,15.0,1,,9.926568758344459,8.0,0.0,33.0,7435.0,6.77019273986384,0.4993040385927111,0.976570241407548
ID3000,3000,13,0.2164849489927292,489.0482038171624,1791.3735887770933,0.0,42.0,42,15.0,1,,12.770360480640855,10.0,0.0,40.0,9565.0,9.072236987688829,0.5812109785770823,1.0348150920338515
ID3024,3024,13,0.19707009196281433,497.70972872414296,1795.2375597581577,0.0,43.0,43,15.0,1,,12.145527369826436,10.0,0.0,36.0,9097.0,8.449847126792386,0.5306640848396041,0.9966377301706705
ID3045,3045,13,0.19746065139770508,486.59579174719124,1789.1816171221506,0.0,44.0,44,15.0,1,,12.419225634178906,11.0,0.0,35.0,9302.0,7.904879285090656,0.5609486712001484,1.1291815464952695
ID3069,3069,13,0.18163885176181793,486.7602382110914,1787.7859121026347,0.0,45.0,45,15.0,1,,11.160213618157544,9.0,0.0,33.0,8359.0,7.692865502103271,0.5564919624386221,1.037352546456936
ID3092,3092,13,0.16996973752975464,486.6643058259454,1788.828545831491,0.0,46.0,46,15.0,1,,11.367156208277704,10.0,0.0,31.0,8514.0,6.976472305722867,0.49909697870828973,1.084928608386646
ID3112,3112,13,0.17899802327156067,483.8967183924785,1793.3127521177603,0.0,47.0,47,15.0,1,,11.005340453938585,9.0,0.0,33.0,8243.0,7.826321507567811,0.5302705756948349,0.9745521735059746
ID3134,3134,13,0.19298075139522552,486.0146786862082,1793.0024763675044,0.0,48.0,48,15.0,1,,11.630173564753004,10.0,0.0,36.0,8711.0,8.318891431493695,0.5448669782970382,0.9861662453402565
ID3156,3156,13,0.18540515005588531,483.862861538389,1800.9445741170505,0.0,49.0,49,15.0,1,,11.56875834445928,10.0,0.0,34.0,8665.0,7.68460062886903,0.5453920091567497,1.0625895763016664
ID3177,3177,13,0.18339364230632782,485.59461324915185,1804.5412803580816,0.0,50.0,50,15.0,1,,11.461949265687583,10.0,0.0,35.0,8585.0,7.982112820067699,0.5180800992816508,0.9801055282484553
ID3198,3198,13,0.1705402135848999,492.36149830586385,1808.7992409920248,0.0,51.0,51,15.0,1,,11.136181575433913,10.0,0.0,29.0,8341.0,6.666633080505319,0.5601064635654072,1.1994332789690318
ID3218,3218,13,0.19152218103408813,492.4996162360563,1813.9731404817664,0.0,52.0,52,15.0,1,,11.475300400534046,10.0,0.0,35.0,8595.0,8.210694169182814,0.5389162949660371,0.9788598158384627
ID3239,3239,13,0.1771388053894043,493.28942084648884,1814.8473472416647,0.0,53.0,53,15.0,1,,11.07743658210948,9.0,0.0,32.0,8297.0,7.591113989522363,0.522369195922612,1.0014316801391168
ID3260,3260,13,0.14916975796222687,493.2861356877314,1819.118739203696,0.0,54.0,54,15.0,1,,10.089452603471296,9.0,0.0,27.0,7557.0,6.1375724045270745,0.5077400979794365,1.1071741800338073
ID3280,3280,13,0.1712227165699005,490.7707644298862,1820.0382633042875,0.0,55.0,55,15.0,1,,10.970627503337784,9.0,0.0,31.0,8217.0,7.084417807782929,0.5266677242838461,1.068438377343946
ID3299,3299,13,0.13676263391971588,491.8516408648231,1813.5058633059225,0.0,56.0,56,15.0,1,,9.789052069425901,9.0,0.0,28.0,7332.0,5.279446351595078,0.5097076097391228,1.25201786705114
ID3318,3318,13,0.18611501157283783,487.2039977577806,1823.9413539026066,0.0,57.0,57,15.0,1,,11.696929238985314,10.0,0.0,37.0,8761.0,8.36805446191685,0.48801934513159695,0.9168658998763692
ID3340,3340,13,0.18816490471363068,482.52725986593697,1820.4553837605213,0.0,58.0,58,15.0,1,,11.646194926568759,9.0,0.0,34.0,8723.0,7.9994352788265415,0.5216267020882465,0.9981743725510133
ID3361,3361,13,0.1711573600769043,488.04611061601435,1817.623219677107,0.0,59.0,59,15.0,1,,10.7369826435247,9.0,0.0,32.0,8042.0,7.286092677036244,0.5226149071920413,1.0116010506414808
ID3381,3381,13,0.17421606183052063,496.3726077855452,1815.044470970321,0.0,60.0,60,15.0,1,,10.751668891855807,9.0,0.0,33.0,8053.0,7.576685532271145,0.5267490016919832,0.9791803536690634
ID3402,3402,13,0.174056276679039,497.14892819402405,1811.1358369323834,0.0,61.0,61,15.0,1,,11.01068090787717,9.0,0.0,32.0,8247.0,7.4913421108174045,0.5271643750868023,1.0147167071451269
ID3423,3423,13,0.17246057093143463,493.2673196653809,1806.9339413045288,0.0,62.0,62,15.0,1,,10.692923898531376,9.0,0.0,31.0,8009.0,7.31540866066573,0.5401904901598237,1.0253222368271715
ID3443,3443,13,0.17747454345226288,489.390362193702,1803.006675847354,0.0,63.0,63,15.0,1,,10.973297730307076,9.0,0.0,33.0,8219.0,7.371308189954596,0.5617192316121655,1.0708753551396748
ID3462,3462,13,0.15191225707530975,486.96546276963875,1809.503850920561,0.0,64.0,64,15.0,1,,10.748998664886516,10.0,0.0,27.0,8051.0,6.1471279051780385,0.4761975623762895,1.1281541335676424
ID3483,3483,13,0.1590319722890854,485.16839763964293,1807.1396459287912,0.0,65.0,65,15.0,1,,11.423230974632844,10.0,0.0,28.0,8556.0,5.962318818763328,0.4997330697906272,1.2768147193372157
ID3503,3503,13,0.1858494132757187,483.22094293921134,1810.3264081416146,0.0,66.0,66,15.0,1,,11.18291054739653,9.0,0.0,35.0,8376.0,8.115471892056423,0.5278906457740855,0.9521881296275284
ID3523,3523,13,0.2148417830467224,481.94176314851404,1808.189409578999,0.0,67.0,67,15.0,1,,12.69158878504673,10.0,0.0,37.0,9506.0,8.91505943737072,0.5779984466148642,1.0428980245473147
ID3545,3545,13,0.19391225278377533,477.60188389252556,1803.901699450731,0.0,68.0,68,15.0,1,,11.695594125500667,9.0,0.0,34.0,8760.0,8.15660516606299,0.555438777479358,1.0240616877628193
ID3566,3566,13,0.18938416242599487,478.95518822481,1801.7364384812427,0.0,69.0,69,15.0,1,,11.479305740987984,9.0,0.0,36.0,8598.0,8.140061460878444,0.5385244176576983,0.9872313570884191
ID3586,3586,13,0.1840934455394745,478.47365995809304,1798.4308191681232,0.0,70.0,70,15.0,1,,11.255006675567424,9.0,0.0,33.0,8430.0,7.875560732516737,0.5390020128762173,1.0010262515853228
ID3607,3607,13,0.1627340018749237,482.3807432015336,1797.4007367001711,0.0,71.0,71,15.0,1,,10.644859813084112,9.0,0.0,30.0,7973.0,6.9070928349672664,0.5124107856894965,1.0442948724751162
ID3627,3627,13,0.14360050857067108,468.31742939065333,1794.3365949480772,0.0,72.0,72,15.0,1,,10.181575433911883,9.0,0.0,27.0,7626.0,5.845527764102489,0.47634603213084475,1.12397238755687
ID3648,3648,13,0.15844406187534332,466.1216504778271,1794.2177758499497,0.0,73.0,73,15.0,1,,10.562082777036048,9.0,0.0,28.0,7911.0,6.6157286201110965,0.515186404570754,1.0856759300338379
ID3667,3667,13,0.1738591194152832,469.01715884624525,1790.5475835900822,0.0,74.0,74,15.0,1,,10.87716955941255,8.0,0.0,32.0,8147.0,7.661688459651825,0.5165691829662697,0.9671362743554515
ID3685,3685,13,0.16521196067333221,463.43126916212736,1788.85787924998,0.0,75.0,75,15.0,1,,10.212283044058745,8.0,0.0,31.0,7649.0,7.108145417622496,0.5284196980654017,0.9934200186230172
ID3723,3723,13,0.1680648922920227,455.45731354594506,1782.5638749351917,0.0,76.0,76,15.0,1,,10.714285714285714,9.0,0.0,31.0,8025.0,7.001991422504398,0.5382822514858407,1.0708920035629925
ID3706,3706,13,0.1796208769083023,443.1903223219866,1783.279361637148,0.0,77.0,77,15.0,1,,10.985313751668892,9.0,0.0,32.0,8228.0,7.736195092359248,0.5457582123528638,1.002706348647865
ID3740,3740,13,0.2023109793663025,438.4752161717608,1783.3832315117718,0.0,78.0,78,15.0,1,,11.822429906542055,10.0,0.0,36.0,8855.0,8.825505634389108,0.5657270616484635,0.9680282752482211
ID3760,3760,13,0.18771512806415558,431.25507439471284,1783.8429567894445,0.0,79.0,79,15.0,1,,11.528704939919892,9.0,0.0,35.0,8635.0,8.214587979534842,0.5148894486359018,0.9540206736632311
ID3781,3781,13,0.23721155524253845,436.3905014700937,1780.104809549377,0.0,80.0,80,15.0,1,,13.527369826435248,11.0,0.0,41.0,10132.0,10.271494283253361,0.5768582204940211,0.9635764333308265
ID3800,3800,13,0.1890069842338562,441.11732756521144,1776.7293288824078,0.0,81.0,81,15.0,1,,12.06675567423231,10.0,0.0,33.0,9038.0,7.652082151396609,0.5290710837028688,1.0912574999400146
ID3818,3818,13,0.21797481179237366,456.51720944238224,1771.663906507767,0.0,82.0,82,15.0,1,,12.68090787716956,10.0,0.0,40.0,9498.0,9.40863303807972,0.5642276096548587,0.9723177179316803
ID3837,3837,13,0.24248676002025604,458.67907982591424,1767.1677158889465,0.0,83.0,83,15.0,1,,14.013351134846461,11.0,0.0,41.0,10496.0,10.17374901904285,0.5794394348431471,1.0106389964247573
ID3876,3876,13,0.21146126091480255,453.91931904946506,1770.9365690916181,0.0,84.0,84,15.0,1,,12.377837116154874,10.0,0.0,40.0,9271.0,8.903528719441828,0.5677962014060295,1.006967537410741
ID3856,3856,13,0.23699702322483063,453.87086146927015,1767.6022660802983,0.0,85.0,85,15.0,1,,13.539385847797062,10.0,0.0,42.0,10141.0,9.830113623296112,0.6021369485912902,1.0352996425601713
ID3893,3893,13,0.2368055135011673,454.01597167968396,1765.3414783299875,0.0,86.0,86,15.0,1,,13.002670226969292,10.0,0.0,44.0,9739.0,10.285886354660807,0.605814262081137,0.9538168813916122
ID3914,3914,13,0.2159484177827835,456.9832719764637,1767.3101398045694,0.0,87.0,87,15.0,1,,12.57943925233645,10.0,0.0,38.0,9422.0,8.986660001018832,0.5916121630515612,1.0406215411008048
ID3932,3932,13,0.20667658746242523,450.08909117569806,1763.0793298412113,0.0,88.0,88,15.0,1,,12.331108144192257,10.0,0.0,37.0,9236.0,8.746266214840254,0.5640297180425243,1.0168722513646893
ID3954,3954,13,0.23464004695415497,448.02777842346893,1763.0403811126664,0.0,89.0,89,15.0,1,,13.022696929238986,10.0,0.0,43.0,9754.0,10.302679558533924,0.5947668507761732,0.9428232689331869
ID3974,3974,13,0.19057555496692657,440.9140689699264,1769.1298431301086,0.0,90.0,90,15.0,1,,11.503337783711615,9.0,0.0,38.0,8616.0,8.014128704842557,0.5650633654072298,1.036484427418067
ID3994,3994,13,0.2053704559803009,436.31829685040316,1768.875116118171,0.0,91.0,91,15.0,1,,12.120160213618158,10.0,0.0,38.0,9078.0,8.592309829701865,0.5753788563468581,1.0303797473871084
ID4031,4031,13,0.22691302001476288,437.21618481169264,1765.127973422694,0.0,92.0,92,15.0,1,,13.092122830440587,10.0,0.0,43.0,9806.0,9.978361851873514,0.5573779781879589,0.9391535282689693
ID4014,4014,13,0.19683846831321716,440.68616946860936,1774.3137470486165,0.0,93.0,93,15.0,1,,11.719626168224298,10.0,0.0,35.0,8778.0,8.206323495610457,0.5755950672703364,1.0434402191171652
ID4051,4051,13,0.1999024897813797,443.59151986198486,1776.0146665470252,0.0,94.0,94,15.0,1,,11.953271028037383,9.0,0.0,36.0,8953.0,8.480660957459389,0.5661857937853516,1.0190670256103889
ID4069,4069,13,0.22238382697105408,451.65259611040017,1770.8689569315648,0.0,95.0,95,15.0,1,,12.967957276368491,10.0,0.0,40.0,9713.0,9.327753924798541,0.5816113678899941,1.022486528676295
ID4108,4108,13,0.1893783062696457,450.0099591340322,1776.2436044444926,0.0,96.0,96,15.0,1,,11.702269692923899,10.0,0.0,31.0,8765.0,7.544042355097863,0.5695298764362515,1.1257524598386583
ID4088,4088,13,0.23576991260051727,458.0487346515981,1773.057534071448,0.0,97.0,97,15.0,1,,13.34045393858478,10.0,0.0,45.0,9992.0,9.806427571689799,0.6089137263343323,1.0297049146631807
ID4127,4127,13,0.2472846955060959,460.6154779941335,1774.1468057060317,0.0,98.0,98,15.0,1,,14.193591455273697,11.0,0.0,46.0,10631.0,10.286337002506032,0.5973593938090695,1.0320354252403077
ID4145,4145,13,0.22113561630249023,456.1732001154477,1769.0953076902786,0.0,99.0,99,15.0,1,,13.194926568758344,11.0,0.0,40.0,9883.0,8.922538061327085,0.5886696825860975,1.0959396155201497
ID4164,4164,13,0.22083523869514465,451.116891512242,1760.3671094868687,0.0,100.0,100,15.0,1,,12.7716955941255,10.0,0.0,40.0,9566.0,9.541491152044285,0.5602599162953903,0.9612910595860996
ID4184,4184,13,0.2083478718996048,454.79563052068767,1755.9111199423237,0.0,101.0,101,15.0,1,,12.208277703604807,10.0,0.0,37.0,9144.0,8.840650268131814,0.5713351009499302,1.004204768754675
ID4204,4204,13,0.22475683689117432,452.4437240715972,1745.949920143844,0.0,102.0,102,15.0,1,,12.955941255006676,11.0,0.0,40.0,9704.0,9.266519146230342,0.6109313457171494,1.0604683582738152
ID4222,4222,13,0.21782615780830383,452.3870842028049,1738.3316145530825,0.0,103.0,103,15.0,1,,12.870493991989319,10.0,0.0,39.0,9640.0,8.992304933534992,0.5922072536121588,1.0647025903137346
ID4245,4245,13,0.24006374180316925,454.45341595031164,1738.9094273912447,0.0,104.0,104,15.0,1,,13.655540720961282,10.0,0.0,42.0,10228.0,10.229788309554571,0.5933617198274066,0.9942083270151395
ID4263,4263,13,0.2175806313753128,454.9807145414803,1744.5985869423882,0.0,105.0,105,15.0,1,,12.853137516688918,10.0,0.0,39.0,9627.0,8.958001018928721,0.5862773386410469,1.0606009945009351
ID4283,4283,13,0.21124665439128876,451.79354077712253,1738.3595026711291,0.0,106.0,106,15.0,1,,12.38584779706275,10.0,0.0,35.0,9277.0,8.965433470187268,0.5739932576969164,1.0076004802031433
ID4303,4303,13,0.18072406947612762,461.82778829366913,1732.0577409500816,0.0,107.0,107,15.0,1,,11.11214953271028,9.0,0.0,33.0,8323.0,7.874566403414298,0.5305641812406124,0.9783354815813265
ID4322,4322,13,0.19456152617931366,466.8248579383053,1726.5085930309072,0.0,108.0,108,15.0,1,,11.902536715620828,9.0,0.0,34.0,8915.0,8.519863953829615,0.5302206882825455,0.9681429012516455
ID4342,4342,13,0.21371208131313324,476.9988075882483,1723.6147563280642,0.0,109.0,109,15.0,1,,13.595460614152202,11.0,0.0,36.0,10183.0,8.390887004007459,0.5474159563999843,1.1463742716585885
ID4382,4382,13,0.18481828272342682,475.44885890377327,1729.8419795589407,0.0,110.0,110,15.0,1,,12.117489986648865,11.0,0.0,32.0,9076.0,7.362070455513531,0.5202369283070465,1.1265036279769562
ID4362,4362,13,0.2304072082042694,465.73999113778166,1724.213196255143,0.0,111.0,111,15.0,1,,13.700934579439252,11.0,0.0,41.0,10262.0,9.502533390450326,0.5721892340232826,1.0494835799556
ID4402,4402,13,0.22499491274356842,466.9549134158473,1722.6455693570977,0.0,112.0,112,15.0,1,,13.818424566088117,11.0,0.0,40.0,10350.0,9.273424289303769,0.5468831442556846,1.0536234500378294
ID4421,4421,13,0.21507233381271362,475.1461048352024,1722.7535638270897,0.0,113.0,113,15.0,1,,13.72630173564753,12.0,0.0,37.0,10281.0,8.520099847508101,0.5442581932079459,1.1355961570765194
ID4462,4462,13,0.23401278257369995,479.46373123143735,1722.3531472462394,0.0,114.0,114,15.0,1,,14.45260347129506,11.0,0.0,41.0,10825.0,9.6787688304783,0.5261560656228523,1.0296072691230782
ID4441,4441,13,0.23427526652812958,477.00940667720874,1722.4678569312878,0.0,115.0,115,15.0,1,,13.874499332443257,10.0,0.0,45.0,10392.0,10.165226121863821,0.5337525485644867,0.9499810377012439
ID4501,4501,13,0.24988538026809692,479.9708532692535,1721.0775898269637,0.0,116.0,116,15.0,1,,14.74766355140187,12.0,0.0,42.0,11046.0,10.208868720370171,0.5746163641538468,1.0543354936903013
ID4482,4482,13,0.24807408452033997,479.32827501215917,1717.749442877819,0.0,117.0,117,15.0,1,,15.002670226969292,12.0,0.0,41.0,11237.0,10.143357106752925,0.5495033909763588,1.0490463791388138
ID4520,4520,13,0.2555847764015198,483.04013736974355,1714.556595438685,0.0,118.0,118,15.0,1,,15.184245660881174,12.0,0.0,42.0,11373.0,10.309292709728632,0.5742629407822667,1.074553059693766
ID4541,4541,13,0.24913553893566132,485.93385483708124,1712.9811004573178,0.0,119.0,119,15.0,1,,14.543391188251002,11.0,0.0,44.0,10893.0,10.246287953532898,0.5833277724885519,1.0458537286455414
ID4581,4581,13,0.19421932101249695,490.42749988340694,1721.6976855840169,0.0,120.0,120,15.0,1,,12.846461949265688,12.0,0.0,32.0,9622.0,7.888540317943177,0.5097250545079041,1.0996513192328203
ID4561,4561,13,0.17188760638237,498.3063231578191,1720.8729470795536,0.0,121.0,121,15.0,1,,11.791722296395193,10.0,0.0,30.0,8832.0,7.181704759990899,0.4842203620834954,1.0713326822526843
ID4601,4601,13,0.20841161906719208,501.95701988666514,1709.3288499290227,0.0,122.0,122,15.0,1,,12.797062750333778,10.0,0.0,39.0,9585.0,8.695314487402232,0.5271563442873927,1.0160403095093213
ID4622,4622,13,0.21361416578292847,501.75253514996643,1703.3961547615436,0.0,123.0,123,15.0,1,,13.570093457943925,11.0,0.0,36.0,10164.0,8.29789372261995,0.549048974416979,1.1592868303755648
ID4643,4643,13,0.19235962629318237,507.9964385128189,1702.993026184969,0.0,124.0,124,15.0,1,,12.162883845126835,10.0,0.0,35.0,9110.0,8.291975388497125,0.5017446298317877,0.9801559844168015
ID4663,4663,13,0.19668196141719818,512.2093848566601,1705.6356700780416,0.0,125.0,125,15.0,1,,12.029372496662216,10.0,0.0,36.0,9010.0,8.530642612122875,0.5138808176667187,0.9573306016043086
ID4683,4683,13,0.2261023074388504,504.4438490857275,1702.4226774808542,0.0,126.0,126,15.0,1,,14.070761014686248,12.0,0.0,40.0,10539.0,9.321016565866191,0.5428975774615497,1.0623438528488112
ID4703,4703,13,0.22288861870765686,501.4899796368195,1698.162045563058,0.0,127.0,127,15.0,1,,13.395193591455273,11.0,0.0,36.0,10033.0,8.749409658995374,0.5900872654812006,1.1363065807590746
ID4744,4744,13,0.20310424268245697,502.4288530190904,1686.6784201046971,0.0,128.0,128,15.0,1,,12.246995994659546,9.0,0.0,36.0,9173.0,8.925067274644823,0.5224667120249681,0.9418004480678175
ID4724,4724,13,0.17611439526081085,507.82275480371334,1689.0861876070762,0.0,129.0,129,15.0,1,,11.483311081441922,10.0,0.0,31.0,8601.0,7.586844914722512,0.5088735491289959,1.0209229127227972
ID4765,4765,13,0.1796477884054184,508.0485723276673,1698.8290458813722,0.0,130.0,130,15.0,1,,11.213618157543392,10.0,0.0,37.0,8399.0,8.147850106419185,0.4934763965252657,0.9094959090525429
ID4785,4785,13,0.21153418719768524,501.62366149207253,1698.8328071404337,0.0,131.0,131,15.0,1,,12.789052069425901,10.0,0.0,37.0,9579.0,9.028821218902278,0.5428388379576659,0.9967532191289313
ID4822,4822,13,0.20807844400405884,500.81183258739355,1699.4059834611396,0.0,132.0,132,15.0,1,,12.678237650200266,10.0,0.0,38.0,9496.0,8.74715043544116,0.5424020849656735,1.019403299354244
ID4802,4802,13,0.19829469919204712,505.29309797853205,1699.6782286269804,0.0,133.0,133,15.0,1,,11.969292389853138,10.0,0.0,37.0,8965.0,8.692941826575325,0.5311143108844426,0.9552390905243151
ID4843,4843,13,0.21614281833171844,509.47827068311136,1696.0017935367416,0.0,134.0,134,15.0,1,,12.608811748998665,10.0,0.0,39.0,9444.0,9.609792092831942,0.5441917185576662,0.9247852067277705
ID4862,4862,13,0.18808357417583466,513.1842280689497,1703.8501806996746,0.0,135.0,135,15.0,1,,11.826435246995995,10.0,0.0,36.0,8858.0,8.31269216593523,0.5029338390517472,0.9521670540222469
ID4903,4903,13,0.19914430379867554,511.612804417506,1703.7050209364686,0.0,136.0,136,15.0,1,,11.97863818424566,9.0,0.0,39.0,8972.0,8.877332352333138,0.52219500111976,0.9258004384713209
ID4884,4884,13,0.17087744176387787,506.5493229835797,1706.7488397606107,0.0,137.0,137,15.0,1,,11.244325767690254,10.0,0.0,30.0,8422.0,7.325171639728832,0.4882611199292642,1.0072067241826077
ID4925,4925,13,0.22349639236927032,513.520388751596,1711.1767111734225,0.0,138.0,138,15.0,1,,12.946595460614152,10.0,0.0,41.0,9697.0,9.73196012556537,0.567060625701112,0.9627841830323611
ID4946,4946,13,0.21119460463523865,508.5674243852142,1708.124466579645,0.0,139.0,139,15.0,1,,12.845126835781041,10.0,0.0,38.0,9621.0,9.017365503975476,0.5300395554064838,0.9869481597926697
ID4965,4965,13,0.2298026978969574,503.9028214023359,1708.0170932233198,0.0,140.0,140,15.0,1,,13.906542056074766,11.0,0.0,40.0,10416.0,9.775382286924371,0.5418076866196752,0.9998396478489671
ID4987,4987,13,0.2049831598997116,507.5948995894292,1707.8344568002435,0.0,141.0,141,15.0,1,,12.373831775700934,10.0,0.0,38.0,9268.0,8.938539932603238,0.530793502641365,0.9600118775186276
ID5029,5029,13,0.1845296174287796,510.61020892485914,1710.0735099327528,0.0,142.0,142,15.0,1,,12.248331108144193,11.0,0.0,33.0,9174.0,7.18564098617512,0.53072270083957,1.181986565218749
ID5009,5009,13,0.24702832102775574,503.013157657206,1718.220396335199,0.0,143.0,143,15.0,1,,14.097463284379172,11.0,0.0,43.0,10559.0,10.490247901889756,0.5861548993626239,0.9932350087094112
ID5070,5070,13,0.27918848395347595,500.90550562051607,1716.888658694745,0.0,144.0,144,15.0,1,,16.349799732977303,13.0,0.0,48.0,12246.0,11.63851436700877,0.5640448718071523,1.0132330153006794
ID5049,5049,13,0.2595352828502655,500.96804265859146,1716.1395059905421,0.0,145.0,145,15.0,1,,15.253671562082777,12.0,0.0,44.0,11425.0,10.893247332060307,0.5661190899137726,1.0123484884729905
ID5112,5112,13,0.25508764386177063,497.5901467632976,1723.4839247780299,0.0,146.0,146,15.0,1,,14.903871829105475,12.0,0.0,45.0,11163.0,10.50433312498526,0.5909605486017245,1.0540463174146364
ID5091,5091,13,0.25670892000198364,498.7521049355918,1723.9882217955778,0.0,147.0,147,15.0,1,,15.449933244325768,13.0,0.0,45.0,11572.0,10.308566378063382,0.5809288012596062,1.1014605021153612
ID5133,5133,13,0.23806993663311005,494.85866302430077,1726.9468581141189,0.0,148.0,148,15.0,1,,14.875834445927904,12.0,0.0,38.0,11142.0,9.568040370353003,0.5450000066180791,1.096873021934335
ID5155,5155,13,0.21668586134910583,490.40538785853016,1734.548719495913,0.0,149.0,149,15.0,1,,13.511348464619493,11.0,0.0,42.0,10120.0,9.389745340755454,0.494769766079341,0.9525849699009705
ID5176,5176,13,0.18116536736488342,491.7110811390107,1736.7256139195615,0.0,150.0,150,15.0,1,,11.963951935914553,10.0,0.0,33.0,8961.0,7.610507328324323,0.48069985454152975,1.0206997391743953
ID5199,5199,13,0.18636347353458405,490.0532108487995,1738.6709729545203,0.0,151.0,151,15.0,1,,12.400534045393858,10.0,0.0,36.0,9288.0,7.858358384921001,0.47293934570196977,1.013349217236188
ID5243,5243,13,0.19041001796722412,484.05256105773753,1742.0320948789877,0.0,152.0,152,15.0,1,,11.886515353805073,10.0,0.0,34.0,8903.0,7.9815423607207965,0.5274132688656684,1.028471404408669
ID5220,5220,13,0.1821831613779068,486.03190411314415,1734.0766370134609,0.0,153.0,153,15.0,1,,11.901201602136181,10.0,0.0,34.0,8914.0,7.876612721594649,0.48277878648240286,0.9839049144215843
ID5264,5264,13,0.23149465024471283,487.492863760466,1731.3169003839732,0.0,154.0,154,15.0,1,,14.012016021361816,11.0,0.0,42.0,10495.0,9.880089350943685,0.5225774917690538,0.973511404206761
ID5285,5285,13,0.21813732385635376,489.01308280765863,1733.2152730794362,0.0,155.0,155,15.0,1,,12.950600801068092,10.0,0.0,40.0,9700.0,9.686473577132212,0.520294398527295,0.9151149893838674
ID5328,5328,13,0.18030939996242523,494.83168542805487,1741.8600989569702,0.0,156.0,156,15.0,1,,11.313751668891856,9.0,0.0,33.0,8474.0,7.805563999824836,0.4966965626509066,0.962032495603766
ID5306,5306,13,0.19367937743663788,496.32767054765407,1739.848843522247,0.0,157.0,157,15.0,1,,12.068090787716956,10.0,0.0,39.0,9039.0,8.592180826195147,0.4948874987366134,0.9299575598582968
ID5349,5349,13,0.2037935107946396,493.70061665902193,1740.6343176621897,0.0,158.0,158,15.0,1,,13.144192256341789,11.0,0.0,37.0,9845.0,8.6312164481464,0.5049992288781133,1.0219892515908726
ID5370,5370,13,0.1912282258272171,497.531965956893,1736.396561410733,0.0,159.0,159,15.0,1,,12.164218958611482,10.0,0.0,35.0,9111.0,8.166450301008265,0.49972374277899456,0.9926579342414349
ID5391,5391,13,0.2088003009557724,498.7799785554836,1736.89621980196,0.0,160.0,160,15.0,1,,13.267022696929239,11.0,0.0,38.0,9937.0,8.79494533524905,0.5115414633660661,1.0210125961405112
ID5410,5410,13,0.20074528455734253,501.766446809604,1739.5183984974626,0.0,161.0,161,15.0,1,,12.600801068090787,10.0,0.0,36.0,9438.0,8.589699676583741,0.5132890532519797,0.9951539771135768
ID5430,5430,13,0.222365602850914,502.83236863038627,1736.9560671367908,0.0,162.0,162,15.0,1,,13.620827770360481,11.0,0.0,40.0,10202.0,9.533946882805022,0.5155370673172024,0.9719727805472277
ID5452,5452,13,0.21462666988372803,498.64903414722016,1737.243915199907,0.0,163.0,163,15.0,1,,12.830440587449933,10.0,0.0,39.0,9610.0,9.136916506941557,0.5536226516448362,1.000783682781746
ID5473,5473,13,0.23100212216377258,496.6729497759484,1740.9552146749445,0.0,164.0,164,15.0,1,,13.801068090787718,11.0,0.0,41.0,10337.0,9.651920588679246,0.5595889165728217,1.0260958192228777
ID5494,5494,13,0.2118813693523407,499.93353753484473,1744.4923548894617,0.0,165.0,165,15.0,1,,13.225634178905207,10.0,0.0,40.0,9906.0,9.339330025536615,0.4936396332230984,0.9360412140234383
ID5514,5514,13,0.21277277171611786,502.00604740904237,1745.6740076676892,0.0,166.0,166,15.0,1,,13.073431241655541,11.0,0.0,37.0,9792.0,9.119744203311598,0.5151393667423027,0.9747855509797172
ID5536,5536,13,0.23834875226020813,495.51819482570426,1738.7867732154607,0.0,167.0,167,15.0,1,,14.826435246995995,13.0,0.0,48.0,11105.0,9.803922369457506,0.5336673280898664,1.0524617637690588
ID5559,5559,13,0.23776333034038544,493.2549247751943,1740.714489136682,0.0,168.0,168,15.0,1,,14.516688918558078,11.0,0.0,39.0,10873.0,9.809621040484277,0.5362789072655435,1.033156193793146
ID5579,5579,13,0.22982704639434814,487.7831636221906,1736.6171796668784,0.0,169.0,169,15.0,1,,14.304405874499333,12.0,0.0,39.0,10714.0,9.20652781232478,0.5496703610619252,1.1022165901781749
ID5599,5599,13,0.2495473474264145,488.178649123223,1731.298443616862,0.0,170.0,170,15.0,1,,15.086782376502002,12.0,0.0,44.0,11300.0,9.878361754016645,0.5704645523850688,1.1095381008578418
ID2085,2085,14,0.22311514616012573,2321.073441759619,1846.63068527005,0.0,0.0,0,15.0,1,,12.9652870493992,10.0,0.0,40.0,9711.0,9.769201404102118,0.5543098865776915,0.9466034524366391
ID2030,2030,14,0.22009959816932678,2321.4116125130513,1846.6696196978492,0.0,1.0,1,15.0,1,,12.439252336448599,9.0,0.0,44.0,9317.0,10.105359803908776,0.5459752349360203,0.8694465797119175
ID2040,2040,14,0.20620857179164886,2319.0057592807098,1849.0523188155714,0.0,2.0,2,15.0,1,,12.152202937249665,9.0,0.0,36.0,9102.0,8.927414431365309,0.5583449577158345,0.9754349476108042
ID2062,2062,14,0.2131301909685135,2317.8923032239964,1853.8112801246707,0.0,3.0,3,15.0,1,,11.878504672897197,8.0,0.0,40.0,8897.0,9.973892653292534,0.5518830776368887,0.8470619212157068
ID2136,2136,14,0.19332104921340942,2317.7924083577122,1848.4490339378706,0.0,4.0,4,15.0,1,,11.357810413885181,9.0,0.0,36.0,8507.0,8.799163396751167,0.534924905311756,0.8996817561592799
ID2111,2111,14,0.1998586803674698,2317.9108936445045,1842.8988761659707,0.0,5.0,5,15.0,1,,11.68090787716956,9.0,0.0,35.0,8749.0,8.971042018438116,0.5376974259677836,0.9106065581413518
ID2182,2182,14,0.21295852959156036,2314.089212298001,1837.4589302876516,0.0,6.0,6,15.0,1,,12.142857142857142,9.0,0.0,43.0,9095.0,9.60000238731827,0.5515195765264215,0.8992557287549492
ID2159,2159,14,0.1930297166109085,2307.280131166374,1842.0795237693585,0.0,7.0,7,15.0,1,,11.391188251001335,9.0,0.0,38.0,8532.0,8.66445053064167,0.5368191967470234,0.918466370680538
ID2205,2205,14,0.19472305476665497,2300.000897408187,1848.5581472402089,0.0,8.0,8,15.0,1,,11.404539385847798,9.0,0.0,35.0,8542.0,8.552638565100926,0.5606143600703823,0.958023682699845
ID2230,2230,14,0.19667932391166687,2295.0953864603316,1851.0997768471286,0.0,9.0,9,15.0,1,,11.433911882510014,9.0,0.0,40.0,8564.0,8.972177630955734,0.5371163363686149,0.8906121114631796
ID2278,2278,14,0.2012927532196045,2300.697022626694,1853.832436594574,0.0,10.0,10,15.0,1,,11.485981308411215,9.0,0.0,37.0,8603.0,9.080235250119411,0.5639198292980175,0.9122290125220062
ID2253,2253,14,0.1882692128419876,2308.4029841714596,1845.3492119463228,0.0,11.0,11,15.0,1,,11.104138851802404,8.0,0.0,38.0,8317.0,8.734641002081299,0.5119310375543495,0.8608932405424761
ID2300,2300,14,0.2073482722043991,2309.2475947219173,1841.2544030114352,0.0,12.0,12,15.0,1,,11.93324432576769,9.0,0.0,41.0,8938.0,9.189090705270598,0.5552743233768521,0.9272921414963919
ID2324,2324,14,0.2083164006471634,2307.67055313235,1843.073186243586,0.0,13.0,13,15.0,1,,11.467289719626168,8.0,0.0,40.0,8589.0,9.598242973550905,0.5585832793241173,0.8563611558437176
ID2349,2349,14,0.208799347281456,2307.88977097721,1848.1685054499585,0.0,14.0,14,15.0,1,,12.404539385847798,10.0,0.0,38.0,9291.0,9.068841332261995,0.545606262094071,0.965693508483208
ID2374,2374,14,0.17126379907131195,2310.0366556127683,1850.1986447776865,0.0,15.0,15,15.0,1,,10.461949265687583,8.0,0.0,33.0,7836.0,7.828557822846938,0.502550706902728,0.8939466323704317
ID2399,2399,14,0.18082667887210846,2316.231782621587,1854.9524630187987,0.0,16.0,16,15.0,1,,10.923898531375167,9.0,0.0,32.0,8182.0,7.497473925424304,0.5701113271419986,1.0580883000559587
ID2424,2424,14,0.17883655428886414,2317.8098931720033,1851.4933404141402,0.0,17.0,17,15.0,1,,10.461949265687583,8.0,0.0,35.0,7836.0,8.221707730968395,0.5143147596585746,0.8643574975871828
ID2474,2474,14,0.20420368015766144,2315.493976206496,1853.2501232461382,0.0,18.0,18,15.0,1,,11.477970627503337,8.0,0.0,37.0,8597.0,9.257233514756424,0.5584704948708675,0.8886188765328561
ID2449,2449,14,0.22410644590854645,2316.1878577226184,1851.303151878125,0.0,19.0,19,15.0,1,,12.4913217623498,10.0,0.0,40.0,9356.0,10.01450776443745,0.5800931841362582,0.9158489387141193
ID2499,2499,14,0.2038784623146057,2316.427681581235,1848.9524925332626,0.0,20.0,20,15.0,1,,12.15086782376502,10.0,0.0,37.0,9101.0,8.6577800269202,0.5472581726168639,0.9927964503122273
ID2521,2521,14,0.20492252707481384,2322.9908798295473,1847.5735626660785,0.0,21.0,21,15.0,1,,11.785046728971963,9.0,0.0,44.0,8827.0,9.393107648053473,0.5452067094120756,0.8853736885533302
ID2545,2545,14,0.18458396196365356,2325.347095104812,1840.0818877165898,0.0,22.0,22,15.0,1,,11.088117489986649,9.0,0.0,35.0,8305.0,8.002020487303549,0.5510391499650102,0.9845728398148663
ID2566,2566,14,0.20289909839630127,2331.2830259194407,1831.5906612097292,0.0,23.0,23,15.0,1,,11.845126835781041,9.0,0.0,41.0,8872.0,8.902024248029251,0.546945071973715,0.9409136274307989
ID2589,2589,14,0.24130409955978394,2340.238848154921,1827.9085154043528,0.0,24.0,24,15.0,1,,13.580774365821094,10.0,0.0,45.0,10172.0,10.571779300636871,0.5819313836626127,0.9451278893164429
ID2611,2611,14,0.2138437181711197,2338.330470463333,1825.0353180231916,0.0,25.0,25,15.0,1,,12.269692923898532,10.0,0.0,39.0,9190.0,9.175758724356834,0.5855890051817109,0.9876975860342931
ID2633,2633,14,0.23587149381637573,2344.7746345838805,1829.0108123810985,0.0,26.0,26,15.0,1,,13.5086782376502,10.0,0.0,41.0,10118.0,10.089783681919808,0.5864527330685088,0.9898442737858828
ID2654,2654,14,0.16436894237995148,2338.0253911216887,1825.5272666415954,0.0,27.0,27,15.0,1,,10.87716955941255,10.0,0.0,29.0,8147.0,6.666090621226882,0.5245888155026714,1.12289973282972
ID2678,2678,14,0.23516428470611572,2329.102320678227,1826.4846696325214,0.0,28.0,28,15.0,1,,13.200267022696929,10.0,0.0,43.0,9887.0,9.917302437111532,0.6168427449948186,1.0156073456854926
ID2702,2702,14,0.19221577048301697,2326.693104386765,1827.7985606734283,0.0,29.0,29,15.0,1,,11.962616822429906,10.0,0.0,36.0,8960.0,7.9694397302240665,0.5525895605995113,1.0684997168449335
ID2724,2724,14,0.22821126878261566,2333.3815549364926,1825.1314801774313,0.0,30.0,30,15.0,1,,12.773030707610147,10.0,0.0,43.0,9567.0,10.064724708087677,0.588341147037923,0.9401723779441071
ID2747,2747,14,0.16107025742530823,2326.1028853564912,1826.3402924910774,0.0,31.0,31,15.0,1,,9.946595460614152,8.0,0.0,31.0,7450.0,7.219798223514852,0.5053228869374389,0.9249509321780911
ID2770,2770,14,0.2006608545780182,2327.1521645340854,1829.3346806387065,0.0,32.0,32,15.0,1,,11.408544726301736,8.0,0.0,40.0,8545.0,9.206120472966324,0.5575385770216871,0.8871962581172842
ID2795,2795,14,0.20226868987083435,2325.5672374166875,1836.356380138468,0.0,33.0,33,15.0,1,,11.499332443257677,9.0,0.0,41.0,8613.0,9.38106307800765,0.5466234918694648,0.866471452622926
ID2818,2818,14,0.18693451583385468,2324.332793154337,1835.409907523843,0.0,34.0,34,15.0,1,,11.070761014686248,8.0,0.0,34.0,8292.0,8.128089677148106,0.5536089360277521,0.9706895761693245
ID2840,2840,14,0.19671964645385742,2324.5672478280803,1836.0928588841987,0.0,35.0,35,15.0,1,,11.261682242990654,9.0,0.0,36.0,8435.0,8.653204893002703,0.5617709575405672,0.9362637708419419
ID2861,2861,14,0.18234138190746307,2329.7668481950714,1836.8059672641748,0.0,36.0,36,15.0,1,,11.08010680907877,9.0,0.0,34.0,8299.0,7.539662823800411,0.5646736726673334,1.060707849044153
ID2885,2885,14,0.2162182331085205,2340.490936606112,1842.7450019909368,0.0,37.0,37,15.0,1,,12.622162883845126,10.0,0.0,39.0,9454.0,9.363433834691307,0.5693104244554321,0.9780676764995949
ID2908,2908,14,0.21822655200958252,2340.830370348803,1847.0890483083879,0.0,38.0,38,15.0,1,,12.806408544726303,10.0,0.0,39.0,9592.0,9.431495849326478,0.5624457417274761,0.9775803388622696
ID2932,2932,14,0.2224949598312378,2338.8145594775774,1847.0218046323068,0.0,39.0,39,15.0,1,,13.040053404539385,10.0,0.0,40.0,9767.0,9.212494305780732,0.5860690707046126,1.0460654049262799
ID2957,2957,14,0.22577983140945435,2329.896553618328,1848.146240503777,0.0,40.0,40,15.0,1,,12.993324432576769,10.0,0.0,41.0,9732.0,9.712096667938578,0.5740242187883665,0.9757893810404838
ID2980,2980,14,0.18199428915977478,2333.2676875336347,1848.9250383882688,0.0,41.0,41,15.0,1,,11.722296395193592,10.0,0.0,32.0,8780.0,7.222980043501688,0.5501930578621436,1.152008272031163
ID3001,3001,14,0.21174772083759308,2341.570831116069,1842.1427680906806,0.0,42.0,42,15.0,1,,12.607476635514018,11.0,0.0,39.0,9443.0,8.676494009867342,0.5890055677838464,1.0772286056989775
ID3025,3025,14,0.2175510972738266,2343.5061477958297,1832.1387625062246,0.0,43.0,43,15.0,1,,12.492656875834445,10.0,0.0,41.0,9357.0,9.269668323045554,0.5956323078840028,1.0061576595721222
ID3046,3046,14,0.19841106235980988,2348.445434166137,1829.0100473887044,0.0,44.0,44,15.0,1,,12.10146862483311,10.0,0.0,34.0,9064.0,8.033709759050542,0.5659696561966738,1.0888341722686288
ID3070,3070,14,0.22384585440158844,2349.7499710252905,1825.854528522873,0.0,45.0,45,15.0,1,,12.708945260347129,9.0,0.0,42.0,9519.0,9.996426505006387,0.5560957747383101,0.9086737856116295
ID3093,3093,14,0.19785292446613312,2354.034225174688,1830.3269709682124,0.0,46.0,46,15.0,1,,11.802403204272363,10.0,0.0,40.0,8840.0,8.077561486270564,0.5788070322020051,1.0713340722128593
ID3114,3114,14,0.17273679375648499,2357.991501709562,1840.4891141220178,0.0,47.0,47,15.0,1,,10.946595460614152,9.0,0.0,30.0,8199.0,7.204412623842305,0.5374672294789895,1.0623230569976105
ID3136,3136,14,0.22832152247428894,2351.3312895431486,1845.2623806908314,0.0,48.0,48,15.0,1,,12.90520694259012,10.0,0.0,42.0,9666.0,9.870029019790298,0.5823377497739246,0.9623926421270339
ID3158,3158,14,0.22339831292629242,2351.725909514817,1850.4884867767914,0.0,49.0,49,15.0,1,,12.88785046728972,10.0,0.0,39.0,9653.0,9.580127844539286,0.5650406504065041,0.9713891543499616
ID3178,3178,14,0.20499920845031738,2345.2786858278246,1854.4198791366164,0.0,50.0,50,15.0,1,,12.929238985313752,11.0,0.0,35.0,9684.0,7.762969970464165,0.5845394502708394,1.228813073038769
ID3199,3199,14,0.188799649477005,2333.423832773823,1855.3545470420404,0.0,51.0,51,15.0,1,,11.846461949265688,10.0,0.0,33.0,8873.0,7.52245685383895,0.5608820439633864,1.1317758070215564
ID3219,3219,14,0.21651284396648407,2324.8999977817834,1856.8502316691192,0.0,52.0,52,15.0,1,,12.460614152202938,10.0,0.0,39.0,9333.0,9.182499639113148,0.5756904437382063,0.9915774532638887
ID3240,3240,14,0.2085312306880951,2328.3353634432733,1861.0535954468635,0.0,53.0,53,15.0,1,,12.608811748998665,11.0,0.0,36.0,9444.0,8.458800897503439,0.5653668830515705,1.0767368529477641
ID3261,3261,14,0.23673731088638306,2326.003748131746,1864.040101420247,0.0,54.0,54,15.0,1,,13.51268357810414,11.0,0.0,39.0,10121.0,9.56648069122176,0.6175852442912454,1.0785719907454212
ID3282,3282,14,0.21929773688316345,2319.366295042396,1864.5280939632883,0.0,55.0,55,15.0,1,,13.20694259012016,11.0,0.0,36.0,9892.0,8.614044921976115,0.5993754892310916,1.1491419956128468
ID3301,3301,14,0.2021821290254593,2315.836410100686,1867.859127505816,0.0,56.0,56,15.0,1,,12.23497997329773,10.0,0.0,33.0,9164.0,7.9405076957443885,0.5917324151338691,1.1456192102163973
ID3320,3320,14,0.21448534727096558,2319.9914519473136,1867.6337150241986,0.0,57.0,57,15.0,1,,13.036048064085447,11.0,0.0,36.0,9764.0,8.297447154463184,0.5951422154073935,1.172337891325614
ID3342,3342,14,0.2201017439365387,2317.2377731371016,1867.8200604437307,0.0,58.0,58,15.0,1,,12.890520694259012,10.0,0.0,40.0,9655.0,9.032844310226597,0.587362795611851,1.0561027374898495
ID3363,3363,14,0.22245803475379944,2323.7634037862235,1867.0598954278732,0.0,59.0,59,15.0,1,,12.883845126835782,10.0,0.0,40.0,9650.0,9.264596412826617,0.586793275778505,1.028522420430891
ID3383,3383,14,0.22863984107971191,2325.29324499766,1861.959779583672,0.0,60.0,60,15.0,1,,13.158878504672897,11.0,0.0,40.0,9856.0,9.524531614934268,0.5905666907319297,1.0259408202371332
ID3404,3404,14,0.2136296182870865,2329.527418673828,1860.1602458655568,0.0,61.0,61,15.0,1,,13.09479305740988,11.0,0.0,36.0,9808.0,8.182597754172134,0.6067434735261246,1.208637324542476
ID3424,3424,14,0.19850097596645355,2333.037389653484,1867.5292722073268,0.0,62.0,62,15.0,1,,12.44192256341789,11.0,0.0,35.0,9319.0,7.753447019476892,0.573015862663987,1.1691122430287446
ID3445,3445,14,0.22740812599658966,2326.570289390377,1874.1971786537856,0.0,63.0,63,15.0,1,,12.970627503337784,10.0,0.0,41.0,9715.0,9.709094488271484,0.5870455264796872,0.9883133298300096
ID3464,3464,14,0.2260642945766449,2327.6799270081465,1872.1982640359315,0.0,64.0,64,15.0,1,,12.934579439252337,10.0,0.0,39.0,9688.0,9.382526881666356,0.6063684955938031,1.0407680263392534
ID3485,3485,14,0.2291720062494278,2324.5069893631025,1865.5643552835415,0.0,65.0,65,15.0,1,,12.899866488651535,10.0,0.0,41.0,9662.0,9.743878510703466,0.6067453006645689,0.9998681480559053
ID3505,3505,14,0.2062664031982422,2320.890121270263,1871.6024747431993,0.0,66.0,66,15.0,1,,12.218958611481977,10.0,0.0,37.0,9152.0,8.451188157117373,0.5833862094708191,1.065407424860027
ID3525,3525,14,0.23009583353996277,2320.07706943931,1877.3191198740546,0.0,67.0,67,15.0,1,,13.02136181575434,10.0,0.0,41.0,9753.0,10.204438206268156,0.5636581494037373,0.9199649468553294
ID3547,3547,14,0.21309012174606323,2318.90316520389,1870.386631108459,0.0,68.0,68,15.0,1,,12.333778371161548,9.0,0.0,38.0,9238.0,9.222049504771809,0.5660443706150385,0.9668188284850131
ID3568,3568,14,0.19995255768299103,2319.4142844873527,1866.4989624520363,0.0,69.0,69,15.0,1,,12.096128170894525,10.0,0.0,36.0,9060.0,8.330175060567448,0.5544779114124625,1.035909800974641
ID3588,3588,14,0.21828240156173706,2310.425000589303,1869.969007620327,0.0,70.0,70,15.0,1,,12.600801068090787,10.0,0.0,40.0,9438.0,9.27416914128568,0.576006231887325,0.9931672506475216
ID3609,3609,14,0.21118716895580292,2310.8493793339994,1867.9733521712008,0.0,71.0,71,15.0,1,,12.632843791722296,11.0,0.0,37.0,9462.0,8.671672491534299,0.579228566676194,1.0686444523660263
ID3629,3629,14,0.20284472405910492,2311.4304460378394,1871.691700412974,0.0,72.0,72,15.0,1,,12.304405874499333,10.0,0.0,36.0,9216.0,8.325480784611699,0.5788822013644834,1.0837317298669336
ID3650,3650,14,0.22397349774837494,2308.6311127685,1872.8557186260646,0.0,73.0,73,15.0,1,,13.459279038718291,11.0,0.0,39.0,10081.0,9.07529466608723,0.5785732219724905,1.0871379479725691
ID3669,3669,14,0.232344850897789,2307.412744634664,1876.5724241656271,0.0,74.0,74,15.0,1,,13.328437917222963,10.0,0.0,40.0,9983.0,9.71417759532049,0.5980224121577357,1.0269228194161477
ID3686,3686,14,0.23041023313999176,2303.237017544053,1876.374124810671,0.0,75.0,75,15.0,1,,13.162883845126835,11.0,0.0,42.0,9859.0,9.619229860865643,0.6089602927340716,1.0358202351076031
ID3724,3724,14,0.2333192676305771,2296.4119867732697,1877.1707752888065,0.0,76.0,76,15.0,1,,13.571428571428571,10.0,0.0,39.0,10165.0,9.473819016280954,0.6098036270647271,1.085294441366622
ID3707,3707,14,0.23478320240974426,2299.4362228252185,1873.916097269222,0.0,77.0,77,15.0,1,,13.14018691588785,10.0,0.0,45.0,9842.0,10.139816707057198,0.598235389401951,0.9701363823331824
ID3741,3741,14,0.2251499593257904,2296.12286803529,1871.3783391029108,0.0,78.0,78,15.0,1,,12.95460614152203,10.0,0.0,43.0,9703.0,9.553008360111376,0.5922247672454871,1.0087794865786555
ID3761,3761,14,0.23046432435512543,2295.5197998547465,1876.2037219278386,0.0,79.0,79,15.0,1,,12.913217623497998,10.0,0.0,39.0,9672.0,9.910789180139268,0.5978523489932885,0.9750199956692256
ID3782,3782,14,0.192226842045784,2288.5115222813974,1875.6492594538486,0.0,80.0,80,15.0,1,,11.572763684913218,10.0,0.0,34.0,8668.0,7.840939147201903,0.5746678440177447,1.0772758767064847
ID3801,3801,14,0.20058564841747284,2282.06733705822,1870.8355714136037,0.0,81.0,81,15.0,1,,11.560747663551401,10.0,0.0,35.0,8659.0,8.464023106111327,0.592656480664592,1.016529536116327
ID3819,3819,14,0.21537770330905914,2281.8261774555226,1866.344642103791,0.0,82.0,82,15.0,1,,12.539385847797062,11.0,0.0,35.0,9392.0,8.82161965962625,0.6010522014893944,1.0672462378241423
ID3838,3838,14,0.2172558307647705,2283.472659646277,1866.2938081682369,0.0,83.0,83,15.0,1,,13.08411214953271,11.0,0.0,37.0,9800.0,8.702733369140837,0.5791211473032917,1.1027385322741898
ID3877,3877,14,0.2275094836950302,2288.598948964766,1867.6064086425208,0.0,84.0,84,15.0,1,,13.058744993324433,10.0,0.0,38.0,9781.0,9.451495596522708,0.5937119545357118,1.029430102873153
ID3857,3857,14,0.2195400446653366,2288.8155624208684,1864.295942771598,0.0,85.0,85,15.0,1,,13.21762349799733,11.0,0.0,39.0,9900.0,8.744404427014492,0.5923203078778366,1.1245514398358833
ID3894,3894,14,0.22730140388011932,2285.567978143281,1869.8764852200109,0.0,86.0,86,15.0,1,,13.363150867823766,10.0,0.0,39.0,10009.0,9.154878230012283,0.5972501514844497,1.091615329247793
ID3916,3916,14,0.2122439295053482,2285.6261585952275,1873.0458394032453,0.0,87.0,87,15.0,1,,12.520694259012016,11.0,0.0,39.0,9378.0,8.510054547085172,0.5897675913829721,1.0916246325688739
ID3934,3934,14,0.21648025512695312,2285.9874746083706,1874.8379282065282,0.0,88.0,88,15.0,1,,13.23497997329773,11.0,0.0,38.0,9913.0,8.399344538080609,0.5903102831827308,1.1697858653381958
ID3956,3956,14,0.2226652204990387,2282.1606002324415,1876.2100277172794,0.0,89.0,89,15.0,1,,13.606141522029372,11.0,0.0,40.0,10191.0,8.638368253411581,0.5901564378685781,1.1691239646124865
ID3976,3976,14,0.20134632289409637,2285.01649846485,1867.359171357711,0.0,90.0,90,15.0,1,,11.819759679572764,10.0,0.0,37.0,8853.0,8.677731932536936,0.5774272545860487,0.9971955933281873
ID3996,3996,14,0.22888292372226715,2292.4287767616966,1862.3248105002551,0.0,91.0,91,15.0,1,,13.349799732977303,11.0,0.0,37.0,9999.0,9.142393500449371,0.613642925551393,1.110588391991069
ID4033,4033,14,0.21587909758090973,2289.2706413565893,1870.6199380641294,0.0,92.0,92,15.0,1,,13.016021361815755,11.0,0.0,38.0,9749.0,8.777996292357045,0.5706792288001458,1.0775003513414296
ID4016,4016,14,0.2232741415500641,2289.6506731579925,1877.1792016381348,0.0,93.0,93,15.0,1,,13.504672897196262,11.0,0.0,39.0,10115.0,8.679932110929636,0.5909851846698893,1.155867878591454
ID4054,4054,14,0.20948296785354614,2293.8861055860593,1884.8802114987263,0.0,94.0,94,15.0,1,,12.57943925233645,11.0,0.0,38.0,9422.0,8.709399569523281,0.5581425206843789,1.0347632409241978
ID4072,4072,14,0.20858655869960785,2293.6718761093966,1881.7178868806054,0.0,95.0,95,15.0,1,,12.68090787716956,11.0,0.0,37.0,9498.0,8.168409294630349,0.5997017956682513,1.163962984229722
ID4110,4110,14,0.1994238644838333,2291.577624877409,1883.0443676307814,0.0,96.0,96,15.0,1,,11.802403204272363,10.0,0.0,38.0,8840.0,8.173482923080794,0.5928017938840112,1.0748331598261045
ID4090,4090,14,0.20818732678890228,2292.7309002710185,1877.3902849609558,0.0,97.0,97,15.0,1,,12.279038718291055,10.0,0.0,35.0,9197.0,8.673572322216085,0.5766298409227291,1.0355324954186236
ID4129,4129,14,0.1582486480474472,2291.949567155073,1876.135373770413,0.0,98.0,98,15.0,1,,10.997329773030708,10.0,0.0,28.0,8237.0,6.263594270162405,0.5207285002323505,1.20241196304791
ID4147,4147,14,0.21422964334487915,2283.634973213005,1882.836743655675,0.0,99.0,99,15.0,1,,12.951935914552736,11.0,0.0,35.0,9701.0,8.516441294152322,0.5866169349958532,1.124576584187041
ID4166,4166,14,0.20391671359539032,2281.3248258591334,1889.3517087441378,0.0,100.0,100,15.0,1,,12.333778371161548,10.0,0.0,35.0,9238.0,8.389304003753377,0.5592500200434012,1.054606524073937
ID4186,4186,14,0.2129349261522293,2274.5260941499732,1891.9493249640343,0.0,101.0,101,15.0,1,,12.556742323097463,10.0,0.0,35.0,9405.0,8.69098420696143,0.5833193999287579,1.0645741205168744
ID4205,4205,14,0.22230039536952972,2271.142417546425,1896.8851563119338,0.0,102.0,102,15.0,1,,13.232309746328438,10.0,0.0,36.0,9911.0,8.707177728144197,0.6002977448331623,1.1401294490912262
ID4226,4226,14,0.2107357531785965,2273.369399418511,1897.5356806357215,0.0,103.0,103,15.0,1,,13.539385847797062,11.0,0.0,36.0,10141.0,7.608755872839745,0.5756109754621801,1.3001557457364932
ID4246,4246,14,0.18958765268325806,2262.6438574443628,1887.1464837215258,0.0,104.0,104,15.0,1,,11.626168224299066,9.0,0.0,39.0,8708.0,8.061206958270517,0.5328958165185095,1.00275814693958
ID4264,4264,14,0.20663437247276306,2258.861859993834,1885.8686796192633,0.0,105.0,105,15.0,1,,12.7369826435247,10.0,0.0,35.0,9540.0,7.972981244228605,0.590434718823145,1.186128795972061
ID4286,4286,14,0.2220434844493866,2261.4547224538633,1885.398638347423,0.0,106.0,106,15.0,1,,12.974632843791722,10.0,0.0,40.0,9718.0,9.270483753078132,0.5767139332016111,1.0238355708738935
ID4304,4304,14,0.22199147939682007,2260.7374130258327,1880.1323678495787,0.0,107.0,107,15.0,1,,13.30173564753004,11.0,0.0,37.0,9963.0,8.726673088108043,0.5948967611304364,1.1370999215515496
ID4323,4323,14,0.19930587708950043,2255.175542257148,1879.8098733700479,0.0,108.0,108,15.0,1,,12.198931909212282,10.0,0.0,35.0,9137.0,8.024141310909416,0.5640271423063258,1.0965007996301803
ID4344,4344,14,0.21452796459197998,2251.9411724227703,1876.3422263837795,0.0,109.0,109,15.0,1,,12.846461949265688,11.0,0.0,38.0,9622.0,8.795762160505395,0.575847995181129,1.067415706019835
ID4384,4384,14,0.2062017172574997,2252.868644433743,1874.22039192837,0.0,110.0,110,15.0,1,,12.416555407209612,10.0,0.0,34.0,9300.0,8.229498486430918,0.5947739429371021,1.1254094550816658
ID4364,4364,14,0.20647354423999786,2261.428402433084,1878.8845912660697,0.0,111.0,111,15.0,1,,12.012016021361816,9.0,0.0,39.0,8997.0,8.686987922491815,0.5894914039467464,1.0256424175542516
ID4404,4404,14,0.19112426042556763,2272.538471248291,1880.7832581563048,0.0,112.0,112,15.0,1,,11.23898531375167,9.0,0.0,35.0,8418.0,8.147390713573492,0.5763069479782787,1.0086758462622059
ID4424,4424,14,0.18790532648563385,2283.0338875695907,1882.7563620199082,0.0,113.0,113,15.0,1,,11.690253671562083,10.0,0.0,32.0,8756.0,7.637346570380287,0.5643150496012979,1.1043553546939562
ID4465,4465,14,0.20705656707286835,2286.0356311809273,1885.823917415956,0.0,114.0,114,15.0,1,,12.461949265687583,10.0,0.0,36.0,9334.0,8.54683272746224,0.5659163006344557,1.0538879253129647
ID4443,4443,14,0.20912553369998932,2282.491083754516,1878.9630727520462,0.0,115.0,115,15.0,1,,12.36181575433912,10.0,0.0,36.0,9259.0,8.466902211686676,0.5904092927660729,1.0840067785398915
ID4503,4503,14,0.20088671147823334,2277.7925077136533,1865.6710728481085,0.0,116.0,116,15.0,1,,12.213618157543392,10.0,0.0,35.0,9148.0,7.96095259183908,0.5851099720450069,1.1326282717684437
ID4484,4484,14,0.20469212532043457,2273.1598899636892,1866.2400797040186,0.0,117.0,117,15.0,1,,12.576769025367156,11.0,0.0,37.0,9420.0,7.988028792220859,0.5904910675706976,1.169072802576741
ID4522,4522,14,0.2012087106704712,2268.7351161992337,1871.9537074146313,0.0,118.0,118,15.0,1,,12.068090787716956,10.0,0.0,33.0,9039.0,8.298373606021585,0.5773970046209885,1.064655484193219
ID4543,4543,14,0.2146618366241455,2264.0216171392117,1872.529304650771,0.0,119.0,119,15.0,1,,12.595460614152202,11.0,0.0,34.0,9434.0,8.478537275950954,0.6213213110932725,1.138597628121092
ID4582,4582,14,0.21355532109737396,2266.7679610478394,1874.7451730020325,0.0,120.0,120,15.0,1,,12.411214953271028,10.0,0.0,35.0,9296.0,8.865252860537787,0.5841803198020642,1.0325128707032145
ID4563,4563,14,0.21505562961101532,2266.432857754396,1874.3345255982322,0.0,121.0,121,15.0,1,,12.660881174899867,9.0,0.0,39.0,9483.0,9.042225944126354,0.5639081782466718,1.0097543111468321
ID4602,4602,14,0.21468302607536316,2262.3386171780558,1867.4258567286101,0.0,122.0,122,15.0,1,,12.985313751668892,11.0,0.0,39.0,9726.0,8.36922348087436,0.5926375977976744,1.1547009274384474
ID4623,4623,14,0.20176595449447632,2264.8344215902234,1869.7851751148994,0.0,123.0,123,15.0,1,,11.9652870493992,10.0,0.0,34.0,8962.0,8.245165287570966,0.5867822337273315,1.0732808439668218
ID4645,4645,14,0.1924290657043457,2267.3082594419343,1874.1332239071799,0.0,124.0,124,15.0,1,,11.983978638184245,10.0,0.0,33.0,8976.0,7.847119412864639,0.5469661474638555,1.0799419172525562
ID4666,4666,14,0.21390756964683533,2266.657912564156,1883.673319343526,0.0,125.0,125,15.0,1,,12.879839786381842,11.0,0.0,39.0,9647.0,8.250359381313109,0.6189186333847333,1.1936475915060407
ID4685,4685,14,0.1979375034570694,2269.4827655304202,1884.5820962313792,0.0,126.0,126,15.0,1,,11.886515353805073,10.0,0.0,35.0,8903.0,8.203735438230098,0.5646546194241615,1.04577270819246
ID4706,4706,14,0.2101137787103653,2276.5244880606097,1885.7820791340991,0.0,127.0,127,15.0,1,,12.607476635514018,11.0,0.0,36.0,9443.0,8.449171567374025,0.585463186247851,1.1020149046451717
ID4747,4747,14,0.21465958654880524,2272.8588055030305,1886.2428216379649,0.0,128.0,128,15.0,1,,12.485981308411215,10.0,0.0,38.0,9352.0,8.998447786804272,0.5868880888100149,1.0263466524193274
ID4726,4726,14,0.21649257838726044,2276.6169546863307,1886.1526346395042,0.0,129.0,129,15.0,1,,12.5086782376502,10.0,0.0,39.0,9369.0,9.13894481261607,0.5781516519530849,1.0028555880282524
ID4767,4767,14,0.19301427900791168,2284.8647034127125,1879.1793084974533,0.0,130.0,130,15.0,1,,12.120160213618158,10.0,0.0,37.0,9078.0,7.68820765020645,0.5712015302607306,1.146227227701667
ID4786,4786,14,0.19762714207172394,2290.87084520282,1872.2171922477519,0.0,131.0,131,15.0,1,,12.524699599465954,11.0,0.0,33.0,9381.0,7.662917954283294,0.566818688159261,1.1825746250712976
ID4824,4824,14,0.18413442373275757,2294.5401669099906,1865.5659946545318,0.0,132.0,132,15.0,1,,11.347129506008011,10.0,0.0,32.0,8499.0,7.498996931893157,0.5687266821088366,1.0971579434138352
ID4804,4804,14,0.20476862788200378,2296.311024313631,1864.1026915351463,0.0,133.0,133,15.0,1,,12.097463284379172,10.0,0.0,35.0,9061.0,8.407238826122752,0.5923705653725505,1.070582778568681
ID4845,4845,14,0.20904427766799927,2300.228321915681,1865.9727651074434,0.0,134.0,134,15.0,1,,12.594125500667557,10.0,0.0,35.0,9433.0,8.366329748791403,0.5903007943381043,1.1175246884660195
ID4863,4863,14,0.22605150938034058,2301.672994700173,1860.0367515598455,0.0,135.0,135,15.0,1,,13.335113484646195,11.0,0.0,42.0,9988.0,9.092137294499237,0.5995338308400673,1.099463943099245
ID4905,4905,14,0.21135003864765167,2300.5731100063194,1859.8915287827053,0.0,136.0,136,15.0,1,,12.267022696929239,10.0,0.0,36.0,9188.0,8.730562479246663,0.5953117395058667,1.048638565599159
ID4885,4885,14,0.23607777059078217,2295.7726083197044,1856.9631768651502,0.0,137.0,137,15.0,1,,13.841121495327103,11.0,0.0,39.0,10367.0,9.460450567693655,0.6066954354996748,1.1049092854880362
ID4927,4927,14,0.24290324747562408,2298.1807946954827,1860.8181641433196,0.0,138.0,138,15.0,1,,14.088117489986649,11.0,0.0,42.0,10552.0,9.719885912221669,0.6101183101678495,1.0984443593312334
ID4947,4947,14,0.18158794939517975,2297.3475606229867,1854.6456628858064,0.0,139.0,139,15.0,1,,11.18291054739653,9.0,0.0,34.0,8376.0,7.4950911970534415,0.5566016697279698,1.0670258428724708
ID4966,4966,14,0.220138818025589,2300.652694807224,1849.2283433379584,0.0,140.0,140,15.0,1,,12.941255006675567,10.0,0.0,40.0,9693.0,9.412090814641912,0.5582588372379623,0.9851815952109452
ID4988,4988,14,0.22275690734386444,2302.741951263993,1842.4730850830292,0.0,141.0,141,15.0,1,,12.777036048064085,10.0,0.0,42.0,9570.0,9.843818129890819,0.5550082506873604,0.9265380862742137
ID5031,5031,14,0.20382311940193176,2294.8765876121765,1849.8664886395484,0.0,142.0,142,15.0,1,,12.421895861148197,10.0,0.0,37.0,9304.0,8.281210685135372,0.5756478470785299,1.0960283056178857
ID5012,5012,14,0.21124716103076935,2287.0351170943527,1855.9442720749953,0.0,143.0,143,15.0,1,,12.660881174899867,10.0,0.0,36.0,9483.0,8.420266471899021,0.5890685102134248,1.1147854164871764
ID5073,5073,14,0.21743528544902802,2291.150961284594,1865.299523969115,0.0,144.0,144,15.0,1,,13.149532710280374,10.0,0.0,37.0,9849.0,8.549420058547739,0.5916915695213227,1.143510416513472
ID5052,5052,14,0.19931000471115112,2293.0920347499136,1870.27276116663,0.0,145.0,145,15.0,1,,12.065420560747663,10.0,0.0,33.0,9037.0,8.09434628004229,0.5811755379306487,1.0957662500438803
ID5115,5115,14,0.20161233842372894,2298.978191662275,1864.0644837395757,0.0,146.0,146,15.0,1,,12.514018691588785,10.0,0.0,37.0,9373.0,8.148939664278808,0.5621735307624836,1.1052660021275498
ID5094,5094,14,0.21096119284629822,2302.7095967058026,1860.8785554049396,0.0,147.0,147,15.0,1,,12.895861148197596,11.0,0.0,38.0,9659.0,8.307096796026597,0.5862558038846838,1.1474796813636061
ID5136,5136,14,0.18315067887306213,2310.2602645541233,1866.4004521186553,0.0,148.0,148,15.0,1,,11.244325767690254,10.0,0.0,33.0,8422.0,7.792109026502353,0.5350845579030377,1.0060012245175611
ID5158,5158,14,0.2177373617887497,2320.6898261053693,1865.174609795596,0.0,149.0,149,15.0,1,,12.891855807743658,11.0,0.0,36.0,9656.0,8.735740123686865,0.5942225791588823,1.1001348523774506
ID5179,5179,14,0.20688605308532715,2318.9877683922637,1866.9108731691183,0.0,150.0,150,15.0,1,,12.610146862483312,10.0,0.0,38.0,9445.0,8.301163091292825,0.5586308951412482,1.0889122008764736
ID5202,5202,14,0.20496270060539246,2318.7275617428245,1864.6389641904907,0.0,151.0,151,15.0,1,,12.194926568758344,10.0,0.0,37.0,9134.0,8.453675332794674,0.5742850377387574,1.052465223204849
ID5246,5246,14,0.20195814967155457,2312.4536997859063,1865.5730380731954,0.0,152.0,152,15.0,1,,12.121495327102803,10.0,0.0,34.0,9079.0,8.124362905934074,0.5876084859771172,1.1044384731894017
ID5222,5222,14,0.21259020268917084,2311.372105212454,1857.3554426749104,0.0,153.0,153,15.0,1,,12.770360480640855,10.0,0.0,41.0,9565.0,8.852361689978615,0.563132099853262,1.0394141014331029
ID5266,5266,14,0.21118967235088348,2314.781821638668,1855.9193809220642,0.0,154.0,154,15.0,1,,11.967957276368491,9.0,0.0,40.0,8964.0,9.245842466063499,0.5686561489303822,0.9384810759331196
ID5287,5287,14,0.22379404306411743,2320.8479575876145,1860.5344160876407,0.0,155.0,155,15.0,1,,13.064085447263018,10.0,0.0,41.0,9785.0,9.281466488933859,0.5760149948012809,1.0288826667750537
ID5330,5330,14,0.22886613011360168,2319.7022620881826,1860.8081513460547,0.0,156.0,156,15.0,1,,13.082777036048064,10.0,0.0,38.0,9799.0,9.489430358796309,0.6101830119410689,1.0448998447608686
ID5308,5308,14,0.2176724523305893,2317.1629189258356,1860.8137271223216,0.0,157.0,157,15.0,1,,12.356475300400534,9.0,0.0,38.0,9255.0,9.482450797203276,0.5812955284541165,0.9580494866645396
ID5352,5352,14,0.2243613600730896,2319.476822928123,1856.456347939841,0.0,158.0,158,15.0,1,,12.69425901201602,10.0,0.0,38.0,9508.0,9.28535916400011,0.6255569988044335,1.0522121902192687
ID5372,5372,14,0.22592496871948242,2320.835686857005,1853.826486414486,0.0,159.0,159,15.0,1,,13.345794392523365,11.0,0.0,40.0,9996.0,9.504251740115425,0.5616693099619798,1.010062187336137
ID5393,5393,14,0.2143896222114563,2315.3212043620224,1863.835874690564,0.0,160.0,160,15.0,1,,12.825100133511349,11.0,0.0,37.0,9606.0,8.378582968705947,0.6188096036562246,1.1702575686286631
ID5412,5412,14,0.1927214115858078,2318.4869013052,1867.9655289805712,0.0,161.0,161,15.0,1,,12.037383177570094,10.0,0.0,34.0,9016.0,7.713360281545592,0.5593730919540895,1.1196183279378706
ID5432,5432,14,0.21406391263008118,2317.74024492274,1866.7225627929388,0.0,162.0,162,15.0,1,,12.802403204272363,11.0,0.0,38.0,9589.0,8.558446095202191,0.5878821225705176,1.1076398479461516
ID5454,5454,14,0.22263045608997345,2318.951127259657,1862.898782736591,0.0,163.0,163,15.0,1,,13.22429906542056,11.0,0.0,41.0,9905.0,9.266863350650983,0.5692916888789747,1.0353830900291725
ID5475,5475,14,0.21637295186519623,2313.474973393629,1860.1317226039098,0.0,164.0,164,15.0,1,,12.642189586114819,11.0,0.0,38.0,9469.0,9.204749617461562,0.5702891091165799,0.9975984696150493
ID5496,5496,14,0.20754608511924744,2310.906518837908,1864.1766102583083,0.0,165.0,165,15.0,1,,11.847797062750335,9.0,0.0,36.0,8874.0,9.099762650806191,0.5675386817196243,0.9427895021365091
ID5516,5516,14,0.19517666101455688,2306.6526724474797,1873.2601068027157,0.0,166.0,166,15.0,1,,11.619492656875835,9.0,0.0,34.0,8703.0,8.243661915334979,0.5686174912655911,1.021880591166745
ID5538,5538,14,0.15609210729599,2298.5367666604293,1876.8352333193168,0.0,167.0,167,15.0,1,,10.065420560747663,9.0,0.0,31.0,7539.0,6.4262365788651605,0.5485844347460936,1.1097209951949993
ID5561,5561,14,0.20842735469341278,2297.195751115188,1876.4763385727667,0.0,168.0,168,15.0,1,,12.5086782376502,10.0,0.0,36.0,9369.0,8.884824049146886,0.5379769340768055,0.984932387689004
ID5581,5581,14,0.2164868712425232,2303.8727457010846,1876.48782021459,0.0,169.0,169,15.0,1,,12.583444592790388,10.0,0.0,40.0,9425.0,9.063946525746468,0.5773858779194619,1.0163432595569162
ID5601,5601,14,0.23181091248989105,2305.4444916119955,1879.706264405902,0.0,170.0,170,15.0,1,,13.81041388518024,11.0,0.0,41.0,10344.0,9.176746272763195,0.6031966995992853,1.1324528060498762
ID2063,2063,15,0.11539740860462189,444.85669273500275,1870.8565007423963,0.0,3.0,3,15.0,1,,8.192256341789053,7.0,0.0,24.0,6136.0,5.267993748801309,0.4306230939460551,0.9361821656407054
ID2137,2137,15,0.10674398392438889,440.0562201304529,1876.4183163062166,0.0,4.0,4,15.0,1,,8.403204272363151,8.0,0.0,23.0,6294.0,4.789727241202293,0.3965111728306628,0.9962656317777528
ID2112,2112,15,0.132520854473114,432.5442688915292,1878.7052249029696,0.0,5.0,5,15.0,1,,9.883845126835782,9.0,0.0,26.0,7403.0,5.4405998172723695,0.4527074879736378,1.1322664724654978
ID2183,2183,15,0.1257157027721405,422.9724024658184,1888.0711787484215,0.0,6.0,6,15.0,1,,8.41789052069426,7.0,0.0,26.0,6305.0,6.0115975555434895,0.4361458901001032,0.8505044580004356
ID2160,2160,15,0.1173144280910492,426.8661418703072,1886.6240011616765,0.0,7.0,7,15.0,1,,8.268357810413885,7.0,0.0,25.0,6193.0,5.4734483162564915,0.4388062995693223,0.9214223865848501
ID2206,2206,15,0.11173819750547409,425.929261138304,1878.8911195876972,0.0,8.0,8,15.0,1,,8.643524699599466,8.0,0.0,24.0,6474.0,4.511100553256919,0.4584448733017744,1.204579499149225
ID2231,2231,15,0.15518519282341003,426.5941143655778,1872.7192515707031,0.0,9.0,9,15.0,1,,10.339118825100133,9.0,0.0,29.0,7744.0,6.509748327444292,0.5247361974940048,1.0931899659424675
ID2279,2279,15,0.12272827327251434,424.5667897436769,1870.1446882016965,0.0,10.0,10,15.0,1,,8.377837116154874,7.0,0.0,27.0,6275.0,5.683505557543795,0.45435697378917944,0.9210258079232501
ID2254,2254,15,0.10207932442426682,424.6136968814374,1856.0626154026531,0.0,11.0,11,15.0,1,,7.763684913217624,7.0,0.0,22.0,5815.0,4.591198891234885,0.40281975213634497,0.9711373910918463
ID2301,2301,15,0.1263563185930252,433.94281767042315,1852.8937592965765,0.0,12.0,12,15.0,1,,9.144192256341789,8.0,0.0,27.0,6849.0,5.6905996268162,0.4294286146605654,0.9654856459152622
ID2325,2325,15,0.1267889142036438,441.6900772914896,1859.152021219872,0.0,13.0,13,15.0,1,,8.834445927903872,8.0,0.0,26.0,6617.0,5.922344087046477,0.42340890367330025,0.8874542726693586
ID2350,2350,15,0.13353414833545685,438.1091499933386,1863.2108224707756,0.0,14.0,14,15.0,1,,8.923898531375167,8.0,0.0,28.0,6684.0,6.169471828454745,0.45149223179516,0.8998543081917183
ID2375,2375,15,0.13322074711322784,432.0098677691545,1859.5177117041433,0.0,15.0,15,15.0,1,,9.194926568758344,8.0,0.0,28.0,6887.0,5.92641380963196,0.47034141715102984,0.992616113293469
ID2400,2400,15,0.118662990629673,435.8203713320679,1857.8150952254355,0.0,16.0,16,15.0,1,,8.63818424566088,7.0,0.0,23.0,6470.0,5.181330627643832,0.450908647594941,1.0362383183818407
ID2423,2423,15,0.13936591148376465,439.586053897645,1849.825343677983,0.0,17.0,17,15.0,1,,9.913217623497998,9.0,0.0,29.0,7425.0,5.850106167683177,0.4562647846869947,1.0618361118725557
ID2473,2473,15,0.14747034013271332,437.04158039646126,1844.3660933245042,0.0,18.0,18,15.0,1,,9.22429906542056,8.0,0.0,29.0,6909.0,6.813041692834514,0.4885290920925405,0.8887005076224729
ID2448,2448,15,0.12464097142219543,437.94934387321297,1844.282834545749,0.0,19.0,19,15.0,1,,8.878504672897197,8.0,0.0,26.0,6650.0,5.464022328559492,0.454370348102499,1.015295188855981
ID2500,2500,15,0.1351754069328308,437.4010773428714,1862.3124411384738,0.0,20.0,20,15.0,1,,9.113484646194927,8.0,0.0,28.0,6826.0,6.199809575852814,0.45015971630282475,0.912613529740886
ID2522,2522,15,0.1493595540523529,434.3684305171929,1862.1254576359156,0.0,21.0,21,15.0,1,,9.797062750333778,8.0,0.0,28.0,7338.0,6.688160336537506,0.4646061453199461,0.9293585681571801
ID2546,2546,15,0.14430567622184753,436.24798835447086,1870.2551496310757,0.0,22.0,22,15.0,1,,9.20694259012016,8.0,0.0,30.0,6896.0,6.5953439153445945,0.47293547091760213,0.8964501641558132
ID2567,2567,15,0.1807960569858551,430.6561971963998,1872.794100779896,0.0,23.0,23,15.0,1,,10.72630173564753,8.0,0.0,35.0,8034.0,8.255195403146312,0.5193128553717279,0.8882485530525976
ID2591,2591,15,0.17410944402217865,431.8078356511404,1876.6109882490175,0.0,24.0,24,15.0,1,,10.304405874499333,8.0,0.0,35.0,7718.0,8.11684353745446,0.5086629994393026,0.8560589780407882
ID2612,2612,15,0.16962680220603943,436.65915592968526,1881.0275418414149,0.0,25.0,25,15.0,1,,10.05607476635514,8.0,0.0,33.0,7532.0,7.865143849955878,0.5027231779116451,0.8554640095572583
ID2635,2635,15,0.17798857390880585,436.0351603905711,1886.1395908383704,0.0,26.0,26,15.0,1,,11.124165554072096,9.0,0.0,38.0,8332.0,7.8110586459465345,0.5077497716421734,0.959197429165634
ID2656,2656,15,0.1607763022184372,441.48228545093696,1890.717310468797,0.0,27.0,27,15.0,1,,10.070761014686248,8.0,0.0,31.0,7543.0,7.174975979223578,0.5017907442391882,0.9379615964241056
ID2679,2679,15,0.17874550819396973,441.78494278343754,1895.9075081857168,0.0,28.0,28,15.0,1,,10.813084112149532,8.0,0.0,37.0,8099.0,8.048468796455301,0.5078244978533908,0.9049595447039426
ID2703,2703,15,0.17540021240711212,436.1609570697958,1899.9987136114871,0.0,29.0,29,15.0,1,,10.276368491321762,8.0,0.0,33.0,7697.0,8.08641427861714,0.5185385929085483,0.8678984814935955
ID2726,2726,15,0.17557311058044434,429.9293283975107,1901.755167497132,0.0,30.0,30,15.0,1,,11.226969292389853,10.0,0.0,35.0,8409.0,7.412719883410638,0.5065468311073523,1.0184785994696812
ID2749,2749,15,0.16702106595039368,433.857961967164,1914.0327264328628,0.0,31.0,31,15.0,1,,10.357810413885181,8.0,0.0,32.0,7758.0,7.455940710855666,0.49261758771148495,0.9169736708101407
ID2772,2772,15,0.15830372273921967,435.5874271704228,1920.1640787921056,0.0,32.0,32,15.0,1,,9.706275033377837,7.0,0.0,35.0,7270.0,7.3323855383915735,0.49057310830531786,0.8713402033557821
ID2797,2797,15,0.1760517954826355,434.6357727678106,1921.8651871257375,0.0,33.0,33,15.0,1,,10.451268357810413,7.0,0.0,33.0,7828.0,8.214005199079692,0.5025124393985151,0.8510846588140859
ID2820,2820,15,0.1669532209634781,433.663856931092,1921.4159585284187,0.0,34.0,34,15.0,1,,10.152202937249665,8.0,0.0,34.0,7604.0,7.9724331917047,0.47527723620627066,0.8204890137112439
ID2841,2841,15,0.1220342218875885,429.3784469599189,1919.221948557189,0.0,35.0,35,15.0,1,,8.4913217623498,8.0,0.0,25.0,6360.0,5.593779202290467,0.45286784867932794,0.9463359739789116
ID2863,2863,15,0.16541191935539246,424.0453373719971,1917.5083085299304,0.0,36.0,36,15.0,1,,9.806408544726303,8.0,0.0,33.0,7345.0,7.793193351827242,0.5026833298770718,0.8418826151327855
ID2887,2887,15,0.16143091022968292,433.3872475439831,1924.6254992688946,0.0,37.0,37,15.0,1,,9.667556742323097,8.0,0.0,30.0,7241.0,7.733203432774275,0.4763406636016995,0.8067117188192406
ID2910,2910,15,0.16738127171993256,434.64900965482644,1923.705208161653,0.0,38.0,38,15.0,1,,10.136181575433913,8.0,0.0,32.0,7592.0,7.776636946108848,0.48384047844225186,0.8500168556579418
ID2934,2934,15,0.12628740072250366,438.033419455213,1924.8389533383963,0.0,39.0,39,15.0,1,,9.125500667556743,8.0,0.0,22.0,6835.0,5.415639233906843,0.456843188323165,1.056796380462603
ID2959,2959,15,0.14528274536132812,440.5441073634034,1933.6784454710807,0.0,40.0,40,15.0,1,,9.271028037383177,7.0,0.0,31.0,6944.0,6.602541775630467,0.48805800044251724,0.9210820301484591
ID2981,2981,15,0.14511914551258087,438.0928632455595,1922.3656732749746,0.0,41.0,41,15.0,1,,9.540720961281709,9.0,0.0,26.0,7146.0,6.261674445322033,0.5064339799884755,1.0244563057993203
ID3002,3002,15,0.17385990917682648,440.60035093974454,1917.3150285177276,0.0,42.0,42,15.0,1,,10.476635514018692,8.0,0.0,33.0,7847.0,7.931764570375247,0.5088803192742299,0.8909285508059872
ID3026,3026,15,0.15544772148132324,442.5590244536318,1921.3465075532365,0.0,43.0,43,15.0,1,,9.806408544726303,8.0,0.0,30.0,7345.0,7.074935917302545,0.4885310840138496,0.9098122110814858
ID3047,3047,15,0.1621106117963791,446.16279208411237,1930.0042996652476,0.0,44.0,44,15.0,1,,10.137516688918558,8.0,0.0,31.0,7593.0,7.333429771985522,0.494380574036589,0.914649338368519
ID3071,3071,15,0.15820787847042084,443.49293566780193,1931.3982064147895,0.0,45.0,45,15.0,1,,9.572763684913218,7.0,0.0,33.0,7170.0,7.602884723701117,0.47810365691503065,0.8145281573989923
ID3095,3095,15,0.16504836082458496,448.42233573945737,1936.7230375383267,0.0,46.0,46,15.0,1,,10.632843791722296,9.0,0.0,30.0,7964.0,6.982984671573271,0.5174869830765487,1.0385150536467296
ID3115,3115,15,0.16372500360012054,449.49360837511887,1943.729231586615,0.0,47.0,47,15.0,1,,10.353805073431241,9.0,0.0,31.0,7755.0,6.9396984068470635,0.5231085591362676,1.0248265089727828
ID3138,3138,15,0.18828250467777252,453.40145838953134,1944.1269359515259,0.0,48.0,48,15.0,1,,11.076101468624833,9.0,0.0,34.0,8296.0,8.354820426156797,0.5553629778240275,0.9467274494012868
ID3160,3160,15,0.18487663567066193,455.0569474753266,1944.0624338358032,0.0,49.0,49,15.0,1,,10.89452603471295,8.0,0.0,34.0,8160.0,8.382457774298103,0.5164814723926795,0.8852880468816876
ID3180,3180,15,0.18196138739585876,453.90756640243774,1943.5403178682204,0.0,50.0,50,15.0,1,,10.845126835781041,9.0,0.0,35.0,8123.0,8.075846565195887,0.5340983766144298,0.9350710679285312
ID3201,3201,15,0.18033245205879211,454.3534795178696,1946.548591552143,0.0,51.0,51,15.0,1,,11.23898531375167,9.0,0.0,35.0,8418.0,7.951072105831818,0.5003605560948887,0.9427983976558544
ID3222,3222,15,0.16617420315742493,454.96771209858144,1943.8033392392622,0.0,52.0,52,15.0,1,,10.005340453938585,8.0,0.0,34.0,7494.0,7.809220746058735,0.4979711453294502,0.8518338579574755
ID3242,3242,15,0.16442693769931793,450.0275658751847,1944.3975586302258,0.0,53.0,53,15.0,1,,9.730307076101468,8.0,0.0,35.0,7288.0,7.820472415993894,0.5037173008473275,0.833574123528105
ID3263,3263,15,0.1680440604686737,455.0442648686525,1939.852679749923,0.0,54.0,54,15.0,1,,10.241655540720961,8.0,0.0,32.0,7671.0,7.6701083409169,0.5207825503174268,0.9145089615004997
ID3283,3283,15,0.1818407028913498,452.45601852631324,1940.0190105978563,0.0,55.0,55,15.0,1,,10.511348464619493,8.0,0.0,36.0,7873.0,8.534857242653452,0.5138615355880174,0.8360882573996549
ID3302,3302,15,0.17138515412807465,454.9019802067241,1938.9030160388525,0.0,56.0,56,15.0,1,,10.451268357810413,9.0,0.0,35.0,7828.0,7.405326823829407,0.5371675018176298,0.9863778263624278
ID3322,3322,15,0.18861651420593262,458.2800131909225,1939.90805101075,0.0,57.0,57,15.0,1,,11.560747663551401,9.0,0.0,40.0,8659.0,8.467181530864641,0.5011899912209015,0.911682830827354
ID3344,3344,15,0.18206411600112915,458.386432684119,1941.5900238174431,0.0,58.0,58,15.0,1,,11.272363150867823,9.0,0.0,35.0,8443.0,7.978785199409721,0.5239382628854626,0.9714510819363347
ID3366,3366,15,0.16947348415851593,454.0774674267567,1944.763117495333,0.0,59.0,59,15.0,1,,10.0347129506008,7.0,0.0,35.0,7516.0,8.152219725218496,0.5011622404931778,0.8218825941760014
ID3386,3386,15,0.1606387197971344,454.65012124798636,1951.376636030583,0.0,60.0,60,15.0,1,,10.10146862483311,8.0,0.0,30.0,7566.0,7.452370005298485,0.48119171631795377,0.8806979258926928
ID3406,3406,15,0.1510826051235199,451.5690052191169,1959.7133317158784,0.0,61.0,61,15.0,1,,9.727636849132177,8.0,0.0,33.0,7286.0,6.936345213156103,0.4652662909315784,0.8906184250194338
ID3427,3427,15,0.16002164781093597,451.2403520682117,1961.637687895524,0.0,62.0,62,15.0,1,,9.483311081441922,7.0,0.0,33.0,7103.0,7.7777484428505845,0.48038557324631237,0.7913183054233417
ID3448,3448,15,0.14227235317230225,445.3037081002422,1968.3454728738377,0.0,63.0,63,15.0,1,,9.085447263017356,8.0,0.0,29.0,6805.0,6.635318256310135,0.4744759361311902,0.8812336076381618
ID3469,3469,15,0.1552642434835434,439.5690868567517,1971.4188839571054,0.0,64.0,64,15.0,1,,9.437917222963952,7.0,0.0,35.0,7069.0,7.634389822094865,0.4715695391785827,0.7923130014093588
ID3488,3488,15,0.15310406684875488,441.13533586499415,1969.0544925579584,0.0,65.0,65,15.0,1,,9.495327102803738,8.0,0.0,30.0,7112.0,7.22362745736937,0.4666801401062739,0.8365049091660937
ID3509,3509,15,0.12858746945858002,442.0649897330034,1964.489551851939,0.0,66.0,66,15.0,1,,8.367156208277704,7.0,0.0,32.0,6267.0,6.101419143538535,0.4604832473544273,0.8647573610733189
ID3528,3528,15,0.15673363208770752,438.4496040881673,1961.4566609777544,0.0,67.0,67,15.0,1,,9.839786381842456,8.0,0.0,32.0,7370.0,7.1143049353864924,0.4934722991469043,0.914005473988932
ID3551,3551,15,0.1378939002752304,435.00940275253134,1963.1579919404314,0.0,68.0,68,15.0,1,,9.065420560747663,8.0,0.0,29.0,6790.0,6.34816433028762,0.4693321664972299,0.9122841423662962
ID3570,3570,15,0.11216321587562561,436.89080195906377,1959.552494043204,0.0,69.0,69,15.0,1,,8.281708945260347,7.0,0.0,25.0,6203.0,4.969096934889578,0.43109073084402366,1.004093154825625
ID3591,3591,15,0.13628734648227692,450.88891240645665,1952.280332463319,0.0,70.0,70,15.0,1,,9.397863818424566,8.0,0.0,28.0,7039.0,6.307986256943923,0.421554378622579,0.8836057471111272
ID3610,3610,15,0.12781861424446106,445.40607626919933,1948.4471343432087,0.0,71.0,71,15.0,1,,8.608811748998665,7.0,0.0,26.0,6448.0,5.829390526206628,0.4634961366522598,0.9354155693593501
ID3631,3631,15,0.12174933403730392,441.10477753773773,1942.8454162531596,0.0,72.0,72,15.0,1,,8.251001335113484,7.0,0.0,29.0,6180.0,6.270081295368741,0.4134916299795794,0.7699046860911912
ID3651,3651,15,0.1333778202533722,444.87669269123666,1946.7077234280152,0.0,73.0,73,15.0,1,,8.935914552736982,8.0,0.0,29.0,6693.0,6.148227419273466,0.4734674833917691,0.934046895622768
ID3670,3670,15,0.10867676138877869,448.39943354139814,1952.2660110610466,0.0,74.0,74,15.0,1,,8.240320427236314,8.0,0.0,24.0,6172.0,4.824561480598719,0.43045851386923406,1.0279506969225667
ID3688,3688,15,0.12437489628791809,453.14528820627095,1958.3615446781228,0.0,75.0,75,15.0,1,,8.4913217623498,7.0,0.0,26.0,6360.0,6.064844958744045,0.40463721017687365,0.8066539023731304
ID3726,3726,15,0.12434185296297073,449.69233602185284,1960.4550121635818,0.0,76.0,76,15.0,1,,8.671562082777037,7.0,0.0,32.0,6495.0,5.886766209635179,0.4319477576072914,0.8886988027848405
ID3710,3710,15,0.13699503242969513,450.218178825588,1961.6060979886731,0.0,77.0,77,15.0,1,,9.291054739652871,8.0,0.0,28.0,6959.0,6.243558184707104,0.4599540389784212,0.9376442702454484
ID3743,3743,15,0.16216830909252167,454.1269401611549,1960.666455224602,0.0,78.0,78,15.0,1,,10.037383177570094,8.0,0.0,32.0,7518.0,7.460139465426924,0.49213201591910616,0.8875195392647467
ID3765,3765,15,0.12429986894130707,455.66413489961263,1955.0104216809962,0.0,79.0,79,15.0,1,,8.886515353805073,8.0,0.0,25.0,6656.0,5.274719472616911,0.4504111373571994,1.046357565589004
ID3785,3785,15,0.14832794666290283,454.9317438909959,1954.2704671967804,0.0,80.0,80,15.0,1,,9.767690253671562,8.0,0.0,32.0,7316.0,7.0353935335067534,0.43561325567887477,0.8425527620367439
ID3804,3804,15,0.12489603459835052,452.78100545248043,1959.8521615946472,0.0,81.0,81,15.0,1,,8.654205607476635,7.0,0.0,26.0,6482.0,5.900176655147466,0.4353402873921575,0.8897462668937619
ID3822,3822,15,0.1425401270389557,445.33284581237274,1965.1963574128242,0.0,82.0,82,15.0,1,,8.927903871829105,7.0,0.0,31.0,6687.0,6.690054355897614,0.48835671513803075,0.8757496802060155
ID3841,3841,15,0.15665552020072937,443.02646782352537,1972.7686338619058,0.0,83.0,83,15.0,1,,9.857142857142858,8.0,0.0,34.0,7383.0,7.39993083196051,0.4674464691381894,0.8486390308875854
ID3880,3880,15,0.1665671020746231,443.1442257868063,1970.6011068341677,0.0,84.0,84,15.0,1,,10.291054739652871,8.0,0.0,31.0,7708.0,7.652247063182393,0.4881084535294311,0.88223167442339
ID3862,3862,15,0.16390998661518097,442.1340574108028,1967.342638996433,0.0,85.0,85,15.0,1,,10.38584779706275,8.0,0.0,33.0,7779.0,7.442065902821398,0.4717055412502454,0.8945991698833131
ID3899,3899,15,0.1681182086467743,440.6150539972356,1966.1942457982504,0.0,86.0,86,15.0,1,,10.453938584779706,8.0,0.0,36.0,7830.0,7.742312115897057,0.48961523893857345,0.8876057048709268
ID3919,3919,15,0.14620986580848694,439.43840885528135,1960.2802760707436,0.0,87.0,87,15.0,1,,9.359145527369826,8.0,0.0,31.0,7010.0,6.653814580130815,0.479966306823348,0.9123351861743816
ID3937,3937,15,0.1666347086429596,438.4453848244276,1955.5654820541454,0.0,88.0,88,15.0,1,,10.078771695594126,8.0,0.0,32.0,7549.0,7.815413304507147,0.4844894547957328,0.8417688789152264
ID3959,3959,15,0.1426984816789627,433.8200091316988,1957.4432705342251,0.0,89.0,89,15.0,1,,9.275033377837117,8.0,0.0,29.0,6947.0,6.428477660559053,0.47964316777666854,0.9354026744017643
ID3978,3978,15,0.1435195803642273,431.0266665343163,1956.0451154352975,0.0,90.0,90,15.0,1,,9.489986648865154,8.0,0.0,30.0,7108.0,6.463924456926164,0.46194188767908034,0.9278046821403914
ID4000,4000,15,0.14630569517612457,431.5124870093803,1957.4311244774215,0.0,91.0,91,15.0,1,,8.998664886515353,7.0,0.0,32.0,6740.0,6.945836927362036,0.4865972897871679,0.8481249524562915
ID4037,4037,15,0.14717580378055573,429.7149703944627,1959.1973441696462,0.0,92.0,92,15.0,1,,9.604806408544727,8.0,0.0,32.0,7194.0,6.542030165455843,0.4830255753227124,0.9563735464565766
ID4017,4017,15,0.14445430040359497,419.76575095094313,1946.2144373251597,0.0,93.0,93,15.0,1,,9.2630173564753,7.0,0.0,28.0,6938.0,6.572221722524198,0.46922634215524334,0.9002516911190348
ID4055,4055,15,0.14289119839668274,417.1332139688323,1940.141436317373,0.0,94.0,94,15.0,1,,9.515353805073431,8.0,0.0,28.0,7127.0,6.421583074768393,0.45718640181166426,0.929803177971551
ID4074,4074,15,0.14102746546268463,415.56568294481104,1937.6532052013424,0.0,95.0,95,15.0,1,,9.333778371161548,8.0,0.0,27.0,6991.0,6.418405541003384,0.4530204813705451,0.9067893841147542
ID4113,4113,15,0.1542389690876007,416.47952331904895,1933.070965801724,0.0,96.0,96,15.0,1,,9.344459279038718,7.0,0.0,31.0,6999.0,6.8950429285568475,0.527110026245251,0.9355740032720188
ID4093,4093,15,0.17126910388469696,418.94955099546826,1936.5593007220414,0.0,97.0,97,15.0,1,,10.30173564753004,8.0,0.0,36.0,7716.0,8.163421721481244,0.4823698741279772,0.8212809712641912
ID4131,4131,15,0.14362533390522003,427.84829736181285,1936.3373661954524,0.0,98.0,98,15.0,1,,9.548731642189587,8.0,0.0,29.0,7152.0,6.293774117368262,0.4745414713383097,0.9765212819605071
ID4148,4148,15,0.15960198640823364,430.58406024678465,1932.0622510554354,0.0,99.0,99,15.0,1,,9.62483311081442,8.0,0.0,32.0,7209.0,7.514476056692362,0.48883151068081104,0.8410816148173288
ID4167,4167,15,0.15470969676971436,437.1989283632526,1929.9271610936187,0.0,100.0,100,15.0,1,,9.523364485981308,7.0,0.0,32.0,7133.0,7.096813429815811,0.4992915850604535,0.8937687320168686
ID4187,4187,15,0.14842239022254944,436.23240019048075,1921.343390035001,0.0,101.0,101,15.0,1,,9.728971962616823,8.0,0.0,29.0,7287.0,6.560697810439678,0.4802165968849656,0.9621855035310848
ID4206,4206,15,0.1599133014678955,429.3657529497244,1916.9356752886986,0.0,102.0,102,15.0,1,,10.56475300400534,9.0,0.0,36.0,7913.0,6.747163147118294,0.49289371324144987,1.0339332973367432
ID4227,4227,15,0.13467372953891754,429.91068042879726,1910.5171105602956,0.0,103.0,103,15.0,1,,8.746328437917223,7.0,0.0,27.0,6551.0,6.220524334727433,0.45376086812891403,0.877733854535725
ID4247,4247,15,0.15100190043449402,431.6790810071862,1909.8502118018707,0.0,104.0,104,15.0,1,,9.667556742323097,8.0,0.0,29.0,7241.0,7.2176089657821745,0.44254581055500136,0.821830010400292
ID4265,4265,15,0.1574138104915619,432.99349634061457,1901.4016632455357,0.0,105.0,105,15.0,1,,10.237650200267023,8.0,0.0,35.0,7668.0,7.0079880190634976,0.48318831680598595,0.9518248967962251
ID4287,4287,15,0.14016275107860565,430.5218620200536,1895.9514787496828,0.0,106.0,106,15.0,1,,9.311081441922564,7.0,0.0,30.0,6974.0,6.441688051428324,0.4477933838008937,0.8941317492519401
ID4305,4305,15,0.15205389261245728,427.24032302191165,1892.1401088789632,0.0,107.0,107,15.0,1,,9.68090787716956,8.0,0.0,32.0,7251.0,7.067355186707756,0.48144536623452966,0.8903290336061879
ID4324,4324,15,0.1243639811873436,428.33997735528527,1884.1328580730774,0.0,108.0,108,15.0,1,,8.615487316421897,7.0,0.0,28.0,6453.0,5.69961772185705,0.43022226292279814,0.9093968827545112
ID4345,4345,15,0.13456813991069794,432.3440711428092,1880.998532342822,0.0,109.0,109,15.0,1,,9.460614152202938,8.0,0.0,28.0,7086.0,5.977015704731941,0.44958188017070616,0.9818179698414221
ID4385,4385,15,0.1248946562409401,430.21195126534025,1888.9455850681939,0.0,110.0,110,15.0,1,,9.210947930574099,8.0,0.0,25.0,6899.0,5.538473870734035,0.44294682944667557,1.0210464058604511
ID4365,4365,15,0.1347401887178421,425.7342900823461,1886.1659106164159,0.0,111.0,111,15.0,1,,9.931909212283044,9.0,0.0,27.0,7439.0,5.374420422654632,0.4690592775714428,1.1801019010352847
ID4405,4405,15,0.12218037247657776,424.67599039044705,1881.2761248457948,0.0,112.0,112,15.0,1,,9.233644859813085,9.0,0.0,24.0,6916.0,4.910170628499541,0.4671918659142156,1.197608695612321
ID4423,4423,15,0.12454318255186081,415.29690659532815,1878.4049676781196,0.0,113.0,113,15.0,1,,8.740987983978638,8.0,0.0,28.0,6547.0,5.742206025442269,0.441586900589665,0.9325821590765885
ID4464,4464,15,0.13098998367786407,416.68629277808674,1878.5039870559824,0.0,114.0,114,15.0,1,,9.136181575433913,8.0,0.0,29.0,6843.0,5.980372249706634,0.4290711455227972,0.9173645630007456
ID4444,4444,15,0.10491728782653809,417.44266293667795,1883.5238711500033,0.0,115.0,115,15.0,1,,7.747663551401869,7.0,0.0,23.0,5803.0,4.920396870435031,0.40739480325758115,0.9115912683955049
ID4504,4504,15,0.1368415504693985,418.91315325176856,1891.6163616764866,0.0,116.0,116,15.0,1,,9.550066755674232,8.0,0.0,26.0,7153.0,5.961482034164502,0.46779649855832917,1.0211117718817542
ID4485,4485,15,0.10824891924858093,415.91253120370123,1896.8069202504087,0.0,117.0,117,15.0,1,,8.646194926568759,8.0,0.0,23.0,6476.0,4.778970429184759,0.38957460126976484,1.0144471869464904
ID4523,4523,15,0.1273604929447174,408.4270210928977,1911.1642181121829,0.0,118.0,118,15.0,1,,8.731642189586115,7.0,0.0,25.0,6540.0,5.6643009206722805,0.45183039557484356,0.9594871607073602
ID4544,4544,15,0.11962033063173294,411.81755183554515,1912.598823146022,0.0,119.0,119,15.0,1,,8.221628838451268,7.0,0.0,29.0,6158.0,5.725121675471476,0.449814476484659,0.8910952688234592
ID4564,4564,15,0.10653293877840042,413.7247652080376,1894.3456961628433,0.0,121.0,121,15.0,1,,8.102803738317757,7.0,0.0,23.0,6069.0,5.032127280064241,0.3815967459970527,0.8894817852147877
ID4604,4604,15,0.11593355238437653,409.56754386026995,1891.394997124478,0.0,122.0,122,15.0,1,,8.560747663551401,8.0,0.0,23.0,6412.0,4.894131318772076,0.4607852518100341,1.1035150697399827
ID4625,4625,15,0.11711680144071579,405.11803252002227,1890.521303932559,0.0,123.0,123,15.0,1,,8.947930574098798,8.0,0.0,26.0,6702.0,5.214768375913247,0.4081428061030218,0.9946791706316812
ID4646,4646,15,0.12615430355072021,403.20717380479726,1890.5688497944714,0.0,124.0,124,15.0,1,,8.60347129506008,7.0,0.0,27.0,6444.0,5.828799852465113,0.4461473380419897,0.9107314420506349
ID4667,4667,15,0.14141590893268585,398.7967760854228,1887.7348396626412,0.0,125.0,125,15.0,1,,9.795727636849133,8.0,0.0,27.0,7337.0,6.043264948786138,0.47079982063994663,1.0377142547032163
ID4686,4686,15,0.1511489748954773,402.30818140992164,1890.3896994952088,0.0,126.0,126,15.0,1,,9.921228304405874,8.0,0.0,31.0,7431.0,6.533782272827624,0.5003385769745355,1.0127575604767232
ID4707,4707,15,0.15973052382469177,399.9447380364821,1897.265686453142,0.0,127.0,127,15.0,1,,10.232309746328438,8.0,0.0,31.0,7664.0,6.999004713824878,0.5026380250355601,0.9780664315011258
ID4748,4748,15,0.1612718105316162,398.6672260968865,1900.0970281462337,0.0,128.0,128,15.0,1,,10.630173564753004,9.0,0.0,33.0,7962.0,6.894211909822315,0.4861998726034397,1.0088424399667548
ID4727,4727,15,0.12146026641130447,400.65765546721195,1909.1703967535875,0.0,129.0,129,15.0,1,,8.320427236315087,7.0,0.0,23.0,6232.0,5.37436695230989,0.4617675249724661,0.9781228039182117
ID4768,4768,15,0.15453596413135529,415.2819566855882,1904.7742237938717,0.0,130.0,130,15.0,1,,9.966622162883844,8.0,0.0,32.0,7465.0,7.323152570782794,0.45587163366252154,0.852313549738956
ID4788,4788,15,0.14309941232204437,413.33865953069227,1908.2875976121713,0.0,131.0,131,15.0,1,,9.469959946595461,8.0,0.0,31.0,7093.0,6.389598635307125,0.4747629970069246,0.954243454381719
ID4826,4826,15,0.12814386188983917,413.10980098886586,1903.1532247679518,0.0,132.0,132,15.0,1,,9.05607476635514,8.0,0.0,24.0,6783.0,5.907672530901688,0.4204410110197784,0.9074766311627092
ID4806,4806,15,0.14094413816928864,417.37593891086465,1893.6050032038484,0.0,133.0,133,15.0,1,,9.050734312416555,7.0,0.0,29.0,6779.0,6.755278397280917,0.45831960293748664,0.842143846046113
ID4847,4847,15,0.1283968836069107,420.61440225026706,1897.5744447673999,0.0,134.0,134,15.0,1,,8.708945260347129,8.0,0.0,27.0,6523.0,5.707035491386118,0.46909330942479666,0.9745291651802201
ID4866,4866,15,0.1437249481678009,419.20945934623995,1906.874059782566,0.0,135.0,135,15.0,1,,9.345794392523365,8.0,0.0,29.0,7000.0,6.722680827104877,0.47596524772734894,0.896608470543341
ID4907,4907,15,0.11186206340789795,422.0150671183159,1906.3630712765562,0.0,136.0,136,15.0,1,,8.16822429906542,7.0,0.0,24.0,6118.0,5.236237849442377,0.41457294103236303,0.9143529937473598
ID4888,4888,15,0.12072430551052094,424.36460929443774,1902.4153776749647,0.0,137.0,137,15.0,1,,9.192256341789053,8.0,0.0,24.0,6885.0,5.185117932793994,0.414838174906392,1.039597985974109
ID4929,4929,15,0.10289739817380905,421.9773494818085,1910.0577693678756,0.0,138.0,138,15.0,1,,7.901201602136181,7.0,0.0,23.0,5918.0,4.827324315969283,0.3982378332790721,0.9323481834010415
ID2089,2089,17,0.20522497594356537,695.1188804801557,1961.923689207456,0.0,0.0,0,15.0,1,,12.42456608811749,10.0,0.0,37.0,9306.0,8.833803268835274,0.5317032657475464,0.9764683978091857
ID2032,2032,17,0.21464525163173676,693.052862718772,1960.7386790256407,0.0,1.0,1,15.0,1,,12.359145527369826,10.0,0.0,37.0,9257.0,8.970867127703494,0.5821952343180068,1.0138940900869051
ID2043,2043,17,0.194965198636055,688.936762620737,1954.4012088876332,0.0,2.0,2,15.0,1,,11.785046728971963,10.0,0.0,36.0,8827.0,8.074220589805565,0.566161605612032,1.055272292806121
ID2066,2066,17,0.19898274540901184,684.2778424968395,1954.5859352281407,0.0,3.0,3,15.0,1,,11.801068090787718,9.0,0.0,37.0,8839.0,8.360154984868753,0.5749385388208808,1.0306110480466149
ID2139,2139,17,0.19234809279441833,686.5931011376292,1956.7503935957993,0.0,4.0,4,15.0,1,,11.339118825100133,9.0,0.0,37.0,8493.0,8.018516657270247,0.5865432439513389,1.045594738211138
ID2115,2115,17,0.19909289479255676,686.8641095086144,1957.9514436508766,0.0,5.0,5,15.0,1,,12.08010680907877,10.0,0.0,34.0,9048.0,8.078756190952568,0.5644474568395867,1.0789934471174008
ID2186,2186,17,0.19009272754192352,691.604264898681,1959.0059076099815,0.0,6.0,6,15.0,1,,11.935914552736982,10.0,0.0,33.0,8940.0,7.557172806474247,0.5585827784923659,1.1320979718702415
ID2162,2162,17,0.18776339292526245,695.6220755417357,1962.0937226261296,0.0,7.0,7,15.0,1,,11.148197596795727,9.0,0.0,34.0,8350.0,7.728735711888382,0.5910997500448986,1.071740308580415
ID2209,2209,17,0.19134671986103058,696.980720039937,1957.5808854252475,0.0,8.0,8,15.0,1,,11.506008010680908,9.0,0.0,33.0,8618.0,7.998263762457417,0.5663045103127756,1.0402381275327583
ID2234,2234,17,0.19909687340259552,703.7068736745501,1954.196947907653,0.0,9.0,9,15.0,1,,11.914552736982644,9.0,0.0,34.0,8924.0,8.376224579253767,0.5584757439152107,1.0194447523145138
ID2281,2281,17,0.1973108947277069,704.1999261269748,1955.2155019248034,0.0,10.0,10,15.0,1,,11.794392523364486,10.0,0.0,35.0,8834.0,8.080174493850182,0.5732214633328168,1.0636957253040225
ID2257,2257,17,0.1713806837797165,701.1470303424595,1950.543644143802,0.0,11.0,11,15.0,1,,11.060080106809078,9.0,0.0,32.0,8284.0,7.3437645341937134,0.4878344827406041,0.9876143694104228
ID2303,2303,17,0.19471433758735657,695.6512150149728,1946.0327793432527,0.0,12.0,12,15.0,1,,12.415220293724966,10.0,0.0,37.0,9299.0,7.810238249176046,0.5411110533990257,1.1162786375724896
ID2327,2327,17,0.16593413054943085,697.0737642243092,1946.9162085670064,0.0,13.0,13,15.0,1,,10.74766355140187,9.0,0.0,35.0,8050.0,7.371656625573914,0.4713271487191894,0.9340974111158624
ID2352,2352,17,0.1665724217891693,701.1122824692164,1953.67665121779,0.0,14.0,14,15.0,1,,10.83845126835781,9.0,0.0,34.0,8118.0,6.636619827285084,0.5414640015428794,1.14732507773943
ID2377,2377,17,0.1815318912267685,704.0774265385894,1952.459882224049,0.0,15.0,15,15.0,1,,11.190921228304406,9.0,0.0,32.0,8382.0,7.864978409388683,0.5240339443923978,0.9785050673651605
ID2402,2402,17,0.1612197905778885,701.3079940820161,1945.9796877413726,0.0,16.0,16,15.0,1,,11.141522029372497,10.0,0.0,29.0,8345.0,6.665318357237263,0.4684775249910735,1.066534916359461
ID2426,2426,17,0.18511836230754852,705.6129395740189,1945.3723368917279,0.0,17.0,17,15.0,1,,11.795727636849133,10.0,0.0,35.0,8835.0,7.967660766256731,0.5041384701966883,0.9923980833495728
ID2475,2475,17,0.21043027937412262,714.217387319132,1941.3444050162639,0.0,18.0,18,15.0,1,,13.05607476635514,11.0,0.0,42.0,9779.0,8.5851853542364,0.5596807257331334,1.0914342892809294
ID2451,2451,17,0.16701380908489227,713.8670964892499,1935.861847175205,0.0,19.0,19,15.0,1,,10.779706275033378,9.0,0.0,31.0,8074.0,7.338880010373404,0.4836768855648591,0.9576859995987504
ID2501,2501,17,0.18374168872833252,710.9538775440703,1934.945457960993,0.0,20.0,20,15.0,1,,12.437917222963952,10.0,0.0,36.0,9316.0,7.596646736919208,0.4715305416073444,1.0492917884948827
ID2524,2524,17,0.15843451023101807,709.8255778831233,1933.1575277391446,0.0,21.0,21,15.0,1,,10.850467289719626,9.0,0.0,31.0,8127.0,6.714902049971137,0.45848399776048304,1.0159241155442595
ID2548,2548,17,0.16473868489265442,716.3331944719206,1937.30201299716,0.0,22.0,22,15.0,1,,10.862483311081442,9.0,0.0,31.0,8136.0,6.9684963143956065,0.4852617691718732,1.0185752472700573
ID2569,2569,17,0.19545619189739227,715.9116338506733,1932.427288082647,0.0,23.0,23,15.0,1,,12.154873164218959,10.0,0.0,38.0,9104.0,8.3750676198843,0.5136091095859328,0.9849429816811229
ID2593,2593,17,0.20006288588047028,709.9872382202861,1926.916944848252,0.0,24.0,24,15.0,1,,14.347129506008011,14.0,0.0,34.0,10746.0,6.842551898368673,0.5283343756057632,1.4496641575558404
ID2614,2614,17,0.22102993726730347,707.5632894050509,1924.9160890766454,0.0,25.0,25,15.0,1,,14.13351134846462,12.0,0.0,38.0,10586.0,8.612471437295257,0.5585934485830867,1.1762923278755062
ID2636,2636,17,0.2226378321647644,710.5349833311382,1926.4476760895752,0.0,26.0,26,15.0,1,,14.991989319092124,14.0,0.0,35.0,11229.0,7.895537216409955,0.5557953547003125,1.356656865776644
ID2657,2657,17,0.17399631440639496,709.015254951251,1929.015599595839,0.0,27.0,27,15.0,1,,13.599465954606142,13.0,0.0,33.0,10186.0,6.500909005380122,0.45754141189811864,1.3133705319019864
ID2680,2680,17,0.18558938801288605,706.024401537047,1933.0567168004402,0.0,28.0,28,15.0,1,,11.468624833110814,10.0,0.0,34.0,8590.0,8.069593079249854,0.50903072803546,0.9588167731335506
ID2704,2704,17,0.18315516412258148,707.3107035698783,1932.5352700392575,0.0,29.0,29,15.0,1,,11.656875834445929,10.0,0.0,33.0,8731.0,7.811346564218431,0.5060064790220531,1.002802705834538
ID2727,2727,17,0.1866626739501953,709.0984151827992,1934.4303409182128,0.0,30.0,30,15.0,1,,11.630173564753004,10.0,0.0,34.0,8711.0,7.76755886310236,0.5502021130545328,1.0628343158651332
ID2750,2750,17,0.2013237178325653,709.4591858857331,1933.2050585533364,0.0,31.0,31,15.0,1,,12.70493991989319,11.0,0.0,36.0,9516.0,8.144565436707014,0.5570270297607608,1.116130079129567
ID2773,2773,17,0.19288018345832825,705.5740009372154,1933.769187894439,0.0,32.0,32,15.0,1,,12.106809078771695,11.0,0.0,34.0,9068.0,7.9597462601727775,0.5317151826384319,1.0559941444949537
ID2798,2798,17,0.1733848750591278,712.1812197734037,1935.514352278716,0.0,33.0,33,15.0,1,,11.204272363150867,9.0,0.0,31.0,8392.0,7.065180335020543,0.542641129554482,1.1156762895719867
ID2821,2821,17,0.19725219905376434,714.2262611554073,1940.2562451457436,0.0,34.0,34,15.0,1,,11.758344459279039,9.0,0.0,38.0,8807.0,8.347023897815786,0.566148672171798,1.018455420288282
ID2842,2842,17,0.21406947076320648,718.4657732271039,1945.5971450168117,0.0,35.0,35,15.0,1,,12.610146862483312,10.0,0.0,38.0,9445.0,8.809189635671729,0.5845818712135831,1.0561967849911933
ID2864,2864,17,0.2026420533657074,713.0401035320622,1955.1311971685404,0.0,36.0,36,15.0,1,,12.468624833110814,10.0,0.0,40.0,9339.0,8.164625724020672,0.5662771290057436,1.1042634243304492
ID2888,2888,17,0.1994360238313675,712.2190944659069,1955.4997655484528,0.0,37.0,37,15.0,1,,11.759679572763686,10.0,0.0,36.0,8808.0,8.349064304669062,0.5745755006173539,1.0279483463424044
ID2911,2911,17,0.20580920577049255,711.7481159051102,1956.7076631783198,0.0,38.0,38,15.0,1,,12.829105473965287,11.0,0.0,34.0,9609.0,8.138681447020742,0.5687847762022746,1.143028130313053
ID2935,2935,17,0.20256970822811127,715.1568717574487,1954.6144886052402,0.0,39.0,39,15.0,1,,11.550066755674232,9.0,0.0,37.0,8651.0,8.788465679868875,0.5826371428776943,0.96764986910571
ID2960,2960,17,0.2000485360622406,713.9860620193746,1953.6545649390907,0.0,40.0,40,15.0,1,,11.791722296395193,9.0,0.0,41.0,8832.0,8.484769988771042,0.5758211243840242,1.0156588096918449
ID2982,2982,17,0.19368402659893036,713.7591413833179,1957.7563672572321,0.0,41.0,41,15.0,1,,11.818424566088117,10.0,0.0,33.0,8852.0,7.89954525031337,0.5671216676716136,1.0828318391116674
ID3003,3003,17,0.18877094984054565,712.1788408800165,1958.5342375036626,0.0,42.0,42,15.0,1,,11.503337783711615,10.0,0.0,33.0,8616.0,7.620269344786067,0.566128747809622,1.0913681952178964
ID3027,3027,17,0.20473745465278625,707.9104617106642,1952.7833051532095,0.0,43.0,43,15.0,1,,12.542056074766355,10.0,0.0,38.0,9394.0,8.093366039032905,0.5850701467628712,1.1440078469119757
ID3048,3048,17,0.19767506420612335,711.0814389748069,1949.5451906210096,0.0,44.0,44,15.0,1,,11.855807743658211,9.0,0.0,37.0,8880.0,8.143468498921985,0.5688521809743587,1.0557695319401712
ID3072,3072,17,0.1722368746995926,713.7646616279397,1951.0996350870114,0.0,45.0,45,15.0,1,,10.740987983978638,9.0,0.0,32.0,8045.0,7.273473126508948,0.5342189599782874,1.0284053797913408
ID3096,3096,17,0.1956448256969452,720.1714457656467,1954.0296986158864,0.0,46.0,46,15.0,1,,11.510013351134846,9.0,0.0,37.0,8621.0,8.2922209938301,0.5654543217734067,1.002748643255131
ID3116,3116,17,0.18072155117988586,725.9632696085022,1953.9861841907502,0.0,47.0,47,15.0,1,,11.476635514018692,10.0,0.0,32.0,8596.0,7.056195472593825,0.5711831882933592,1.1825583374433666
ID3137,3137,17,0.1655092090368271,725.2296962875702,1941.9954003194325,0.0,48.0,48,15.0,1,,10.969292389853138,10.0,0.0,29.0,8216.0,6.552981699274366,0.531467798841664,1.161819710222463
ID3159,3159,17,0.17411258816719055,730.4934637143105,1938.1978519195688,0.0,49.0,49,15.0,1,,11.036048064085447,10.0,0.0,32.0,8266.0,6.82497249825703,0.5686177765611575,1.1723194585954397
ID3179,3179,17,0.18970100581645966,732.8004789391018,1941.6993439611238,0.0,50.0,50,15.0,1,,11.891855807743658,11.0,0.0,32.0,8907.0,7.544718760632621,0.5580049007576305,1.129030745129199
ID3200,3200,17,0.18033051490783691,735.1112634875385,1944.2889585665866,0.0,51.0,51,15.0,1,,10.911882510013351,9.0,0.0,33.0,8173.0,7.608588610858076,0.5543417744328559,1.0229553133244267
ID3221,3221,17,0.1791405826807022,732.0601759166335,1942.478113828364,0.0,52.0,52,15.0,1,,11.10547396528705,9.0,0.0,31.0,8318.0,7.604061287924436,0.5260945140998579,1.0069405429188296
ID3243,3243,17,0.19849339127540588,727.6848057888549,1945.5867457362058,0.0,53.0,53,15.0,1,,11.595460614152202,8.0,0.0,42.0,8685.0,8.924402088009023,0.533652154575795,0.9042120069965804
ID3264,3264,17,0.20972606539726257,731.3208314497473,1945.3856969146766,0.0,54.0,54,15.0,1,,12.275033377837117,10.0,0.0,34.0,9194.0,8.569575514431712,0.6000601205179066,1.0743649488997877
ID3284,3284,17,0.17598730325698853,731.2002947362224,1947.3350243440734,0.0,55.0,55,15.0,1,,10.532710280373832,9.0,0.0,31.0,7889.0,7.431545765007049,0.5697054570594329,1.0287816014134246
ID3303,3303,17,0.1994386613368988,738.6293262903515,1949.6962947277964,0.0,56.0,56,15.0,1,,12.070761014686248,10.0,0.0,37.0,9041.0,8.239176149224107,0.5605528836554011,1.0524923789148457
ID3323,3323,17,0.1821560561656952,736.0396944034853,1947.3942389866347,0.0,57.0,57,15.0,1,,11.16822429906542,9.0,0.0,32.0,8365.0,7.406169178201825,0.5706216680671228,1.0957138954870442
ID3345,3345,17,0.20984533429145813,731.6580523265707,1942.1508795711966,0.0,58.0,58,15.0,1,,12.528704939919892,10.0,0.0,38.0,9384.0,8.717846411118394,0.5618219091958007,1.0339371118564524
ID3365,3365,17,0.17567932605743408,731.1937582312613,1940.5741272769797,0.0,59.0,59,15.0,1,,11.376502002670227,10.0,0.0,32.0,8521.0,7.28449992000513,0.5052670535759668,1.0484468635389783
ID3385,3385,17,0.17182058095932007,734.0924362887341,1938.1930092709886,0.0,60.0,60,15.0,1,,11.36181575433912,10.0,0.0,30.0,8510.0,6.711486276192992,0.5465428485176479,1.1965236592170545
ID3405,3405,17,0.21233315765857697,740.5301414312465,1942.1385151876543,0.0,61.0,61,15.0,1,,12.185580774365821,9.0,0.0,37.0,9127.0,9.512109104476183,0.5406933204345008,0.8991542682803931
ID3426,3426,17,0.2165457010269165,744.4149815996374,1945.559257242604,0.0,62.0,62,15.0,1,,12.526034712950601,10.0,0.0,41.0,9382.0,9.469253814933216,0.5466290247636435,0.9350490233104883
ID3446,3446,17,0.21809877455234528,748.5387631555607,1948.0457441694566,0.0,63.0,63,15.0,1,,12.559412550066755,10.0,0.0,39.0,9407.0,9.215962534094976,0.5897666940520676,1.011126447691528
ID3467,3467,17,0.2139192670583725,743.4863815096327,1954.2746231797414,0.0,64.0,64,15.0,1,,12.50200267022697,10.0,0.0,36.0,9364.0,9.057839027914326,0.5839260811942032,1.0176722872562016
ID3486,3486,17,0.2029014527797699,735.1887646230629,1953.0385125175656,0.0,65.0,65,15.0,1,,12.058744993324433,10.0,0.0,38.0,9032.0,8.619668407171503,0.568096205776799,1.0136563199683362
ID3507,3507,17,0.22142425179481506,736.0271691137332,1957.6638976245115,0.0,66.0,66,15.0,1,,12.277703604806408,10.0,0.0,40.0,9196.0,9.669832744559493,0.5982834048179738,0.9505639607953785
ID3527,3527,17,0.18964777886867523,736.5178198090725,1953.8104574141944,0.0,67.0,67,15.0,1,,11.057409879839787,9.0,0.0,36.0,8282.0,8.330131134991767,0.5639246385123781,0.95727521361113
ID3549,3549,17,0.21171461045742035,739.2923613111408,1951.753766972269,0.0,68.0,68,15.0,1,,12.15754339118825,9.0,0.0,36.0,9106.0,9.036720238758226,0.5801332234699618,0.987868232043489
ID3569,3569,17,0.2197566032409668,737.4961154426015,1952.5397101319443,0.0,69.0,69,15.0,1,,12.144192256341789,9.0,0.0,44.0,9096.0,9.86760128545756,0.5831854740485891,0.9066964979882842
ID3590,3590,17,0.20352531969547272,736.9079192270573,1950.7469889166725,0.0,70.0,70,15.0,1,,12.0,9.0,0.0,41.0,8988.0,8.758036798058669,0.5586255756287637,0.9821628271446502
ID3611,3611,17,0.2012130618095398,730.1218825071694,1958.867004248013,0.0,71.0,71,15.0,1,,11.453938584779706,9.0,0.0,38.0,8579.0,9.0284503441368,0.5578934109465336,0.9086259243428876
ID3632,3632,17,0.19699899852275848,720.1192087647714,1965.511600055523,0.0,72.0,72,15.0,1,,11.651535380507344,9.0,0.0,37.0,8727.0,8.74184499535868,0.5365716071348611,0.9308612170241934
ID3652,3652,17,0.219257652759552,716.0595757689654,1965.4688121748984,0.0,73.0,73,15.0,1,,12.371161548731642,9.0,0.0,42.0,9266.0,9.644123275650959,0.5832528058288606,0.9451142060140014
ID3671,3671,17,0.20930786430835724,715.8507884399971,1961.905799975261,0.0,74.0,74,15.0,1,,11.445927903871828,8.0,0.0,41.0,8573.0,9.998065326228005,0.5435687893772454,0.8062942365638365
ID3690,3690,17,0.21111087501049042,711.7884018453565,1965.097558877663,0.0,75.0,75,15.0,1,,11.724966622162883,9.0,0.0,41.0,8782.0,9.674885006997092,0.5570099435833318,0.8670963556865677
ID3727,3727,17,0.22853292524814606,711.4376855739038,1960.5894163415846,0.0,76.0,76,15.0,1,,12.767690253671562,9.0,0.0,41.0,9563.0,10.24483553891603,0.5646714724266869,0.8995183467214434
ID3709,3709,17,0.2170322984457016,715.4855928769161,1960.0363584009351,0.0,77.0,77,15.0,1,,12.114819759679573,8.0,0.0,42.0,9074.0,10.039103059613169,0.5481027157016553,0.8545042393106469
ID3744,3744,17,0.18366996943950653,718.9302431663572,1965.3067794089934,0.0,78.0,78,15.0,1,,11.173564753004005,9.0,0.0,33.0,8369.0,7.939900976472536,0.5415272244895174,0.9887255468404947
ID3766,3766,17,0.20942673087120056,721.3332867967687,1966.087987639065,0.0,79.0,79,15.0,1,,11.43524699599466,8.0,0.0,39.0,8565.0,9.805195438779112,0.5554531042404527,0.8329324212664302
ID3786,3786,17,0.2108273208141327,720.8101938638628,1963.447204660477,0.0,80.0,80,15.0,1,,12.062750333778371,9.0,0.0,39.0,9035.0,9.475556135832099,0.556801175765923,0.9106230073460205
ID3805,3805,17,0.22002734243869781,726.4186822604075,1966.3699218943939,0.0,81.0,81,15.0,1,,11.903871829105475,9.0,0.0,42.0,8916.0,10.119412617680226,0.5792618107189279,0.8629461533651425
ID3823,3823,17,0.18813462555408478,721.3799904164962,1965.2918204970488,0.0,82.0,82,15.0,1,,11.325767690253672,9.0,0.0,35.0,8483.0,8.075058374946549,0.5485491302946612,0.9936707743600185
ID3840,3840,17,0.21084576845169067,716.7433661181902,1965.1485745542252,0.0,83.0,83,15.0,1,,11.80373831775701,9.0,0.0,39.0,8841.0,9.49121107185882,0.576161423525738,0.9092251076633169
ID3879,3879,17,0.19772161543369293,715.0713955237183,1961.5474492368846,0.0,84.0,84,15.0,1,,11.285714285714286,9.0,0.0,37.0,8453.0,9.05397194302014,0.5453834115805947,0.8798032880867485
ID3861,3861,17,0.1805875450372696,718.1899192376294,1959.8700824160244,0.0,85.0,85,15.0,1,,10.82109479305741,8.0,0.0,34.0,8105.0,8.043666481001047,0.5305941355093848,0.9327162491311244
ID3898,3898,17,0.20244407653808594,723.0876726407824,1956.609362340572,0.0,86.0,86,15.0,1,,11.590120160213619,9.0,0.0,38.0,8681.0,9.00691704550933,0.5657869380483102,0.9299551898614223
ID3918,3918,17,0.19701509177684784,722.0361268432883,1951.1125391592384,0.0,87.0,87,15.0,1,,11.259012016021362,8.0,0.0,39.0,8433.0,9.069381384732214,0.5420986933688036,0.8728081731313441
ID3936,3936,17,0.17611637711524963,718.907755996562,1949.471375610296,0.0,88.0,88,15.0,1,,10.57943925233645,8.0,0.0,37.0,7924.0,8.40919754961539,0.47445051496830143,0.8096527785506428
ID3958,3958,17,0.17301367223262787,723.9196406751838,1953.0750003367766,0.0,89.0,89,15.0,1,,10.264352469959947,7.0,0.0,34.0,7688.0,8.245372889009168,0.4961336361820976,0.8256187294107707
ID3979,3979,17,0.1829131543636322,725.8288746422057,1957.7063786895847,0.0,90.0,90,15.0,1,,10.906542056074766,8.0,0.0,36.0,8169.0,8.529240202251756,0.5048982168532892,0.8580319072220371
ID3999,3999,17,0.18782566487789154,726.6873028054433,1956.714263454839,0.0,91.0,91,15.0,1,,10.85981308411215,8.0,0.0,38.0,8134.0,8.6892490255555,0.5285437487649045,0.8643172278155036
ID4036,4036,17,0.187825009226799,721.6950663489866,1953.6287671981227,0.0,92.0,92,15.0,1,,11.029372496662216,8.0,0.0,33.0,8261.0,8.238373253079171,0.5640658155163621,0.9656374314671824
ID4018,4018,17,0.20604099333286285,718.4292690803393,1950.346883550252,0.0,93.0,93,15.0,1,,11.483311081441922,8.0,0.0,41.0,8601.0,9.537783110825167,0.548646121364629,0.8530800926254032
ID4056,4056,17,0.19161255657672882,716.3448736989817,1951.6544284537158,0.0,94.0,94,15.0,1,,10.76502002670227,8.0,0.0,35.0,8063.0,9.047456841588161,0.527344925338237,0.8216293838693519
ID4075,4075,17,0.20980340242385864,714.4696781234497,1955.0096611717654,0.0,95.0,95,15.0,1,,11.543391188251002,8.0,0.0,38.0,8646.0,9.796992866851062,0.563208309760675,0.849029570179732
ID4114,4114,17,0.212296724319458,717.8464443245497,1957.3780392692329,0.0,96.0,96,15.0,1,,11.79305740987984,9.0,0.0,40.0,8833.0,9.626509458590128,0.5730880723624074,0.8925979765965703
ID4094,4094,17,0.2111104130744934,725.4281594580532,1953.6935623812494,0.0,97.0,97,15.0,1,,12.060080106809078,9.0,0.0,38.0,9033.0,9.435419133147889,0.5556295128733809,0.9130574895759691
ID4132,4132,17,0.17379990220069885,720.6489115793673,1958.123169911441,0.0,98.0,98,15.0,1,,10.580774365821094,8.0,0.0,33.0,7925.0,7.515969019936611,0.5359395089142854,0.9824356865251139
ID4150,4150,17,0.20537716150283813,720.0226235923835,1952.9541806500897,0.0,99.0,99,15.0,1,,11.714285714285714,9.0,0.0,37.0,8774.0,9.071673691219798,0.5569306717068413,0.923826146740786
ID4168,4168,17,0.2017711102962494,716.5459116469607,1951.4664105184895,0.0,100.0,100,15.0,1,,11.360480640854473,9.0,0.0,41.0,8509.0,9.321692129313346,0.5456408807885725,0.8604591392893229
ID4188,4188,17,0.2073012739419937,720.4987230530442,1950.735760166365,0.0,101.0,101,15.0,1,,12.02136181575434,9.0,0.0,39.0,9004.0,9.119355496253158,0.5576299613686727,0.9438464056149444
ID4207,4207,17,0.18619148433208466,728.541368560434,1947.1231410471974,0.0,102.0,102,15.0,1,,10.652870493991989,8.0,0.0,35.0,7979.0,8.269503467854896,0.5699928149248147,0.9353818220565069
ID4229,4229,17,0.19912664592266083,720.7058569327083,1942.5360492416887,0.0,103.0,103,15.0,1,,11.345794392523365,9.0,0.0,37.0,8498.0,8.936753353303205,0.5572365173945732,0.9085945399413982
ID4248,4248,17,0.21196608245372772,717.8239566359633,1941.8644376070754,0.0,104.0,104,15.0,1,,12.229639519359145,9.0,0.0,40.0,9160.0,9.245500567964559,0.5666149320434518,0.9568392361393707
ID4266,4266,17,0.19672565162181854,710.2266812379487,1939.4235505917034,0.0,105.0,105,15.0,1,,11.835781041388518,10.0,0.0,36.0,8865.0,8.503286645813496,0.5378080554080845,0.9735657115818421
ID4288,4288,17,0.21813172101974487,700.737926019752,1939.6429706621516,0.0,106.0,106,15.0,1,,12.411214953271028,9.0,0.0,41.0,9296.0,9.614170815717117,0.5734084493692444,0.9409251329799962
ID4306,4306,17,0.22632621228694916,701.172323341132,1940.0832077354733,0.0,107.0,107,15.0,1,,13.14018691588785,10.0,0.0,40.0,9842.0,9.59920620978963,0.5804541174222432,1.0055003389616275
ID4325,4325,17,0.2293168604373932,697.293236266734,1940.1612159136262,0.0,108.0,108,15.0,1,,13.181575433911883,10.0,0.0,40.0,9873.0,10.021321236886465,0.5658261961469702,0.9506306811966548
ID4346,4346,17,0.19901686906814575,695.6234889454776,1936.9441844990674,0.0,109.0,109,15.0,1,,12.176234979973298,10.0,0.0,38.0,9120.0,8.454086201725652,0.54642435035668,1.0178357705713046
ID4386,4386,17,0.21461725234985352,695.4034342297364,1932.4256320368115,0.0,110.0,110,15.0,1,,12.190921228304406,9.0,0.0,40.0,9131.0,9.789748148068476,0.5500205749139445,0.8837643408549288
ID4366,4366,17,0.2117723673582077,693.9689581176426,1931.0599533073046,0.0,111.0,111,15.0,1,,11.567423230974633,8.0,0.0,42.0,8664.0,9.720412746707721,0.5785174939146605,0.8722661360455102
ID4406,4406,17,0.21419231593608856,681.3157128121708,1932.9389863841832,0.0,112.0,112,15.0,1,,12.453938584779706,10.0,0.0,40.0,9328.0,9.238206883301702,0.5752848178064541,0.9846295311370512
ID4425,4425,17,0.17197832465171814,688.1945203715346,1933.0837838371274,0.0,113.0,113,15.0,1,,10.39652870493992,8.0,0.0,33.0,7787.0,7.66347952403375,0.5282697884951119,0.9378817772407683
ID4466,4466,17,0.22263529896736145,692.1731145375786,1928.1575014702023,0.0,114.0,114,15.0,1,,12.42456608811749,10.0,0.0,39.0,9306.0,9.610947132900863,0.599041131422433,0.9685946050827131
ID4445,4445,17,0.17626388370990753,692.1113082851242,1919.1942339771176,0.0,115.0,115,15.0,1,,10.967957276368491,10.0,0.0,33.0,8215.0,7.324162540383606,0.5400744447427884,1.0502910999720998
ID4505,4505,17,0.1959543377161026,692.6735763796686,1913.2176609418816,0.0,116.0,116,15.0,1,,11.969292389853138,10.0,0.0,40.0,8965.0,8.76507820210367,0.4997642526935855,0.9100911000047757
ID4486,4486,17,0.16964316368103027,700.6803331054953,1925.2562115757619,0.0,117.0,117,15.0,1,,11.082777036048064,9.0,0.0,31.0,8301.0,6.899863191676851,0.5374736146882603,1.1230202558659743
ID4524,4524,17,0.21200470626354218,707.8695007711813,1931.784525917214,0.0,118.0,118,15.0,1,,11.495327102803738,9.0,0.0,41.0,8610.0,9.814130490228074,0.5771220553175853,0.8572388948677508
ID4545,4545,17,0.1819315254688263,704.9354187122782,1923.8002510686802,0.0,119.0,119,15.0,1,,11.389853137516688,9.0,0.0,32.0,8531.0,7.728356260319783,0.5157223424606013,1.0028991893426338
ID4584,4584,17,0.18059514462947845,701.0850997186269,1909.671145918403,0.0,120.0,120,15.0,1,,12.596795727636849,12.0,0.0,33.0,9435.0,7.49190582031812,0.4838823758889165,1.0965743948613023
ID4565,4565,17,0.19635911285877228,697.0049876860891,1907.7219780361993,0.0,121.0,121,15.0,1,,12.686248331108144,11.0,0.0,37.0,9502.0,8.430057341947125,0.4979972803098496,1.0005726358198495
ID4605,4605,17,0.19904665648937225,693.8155163238523,1904.4447828881662,0.0,122.0,122,15.0,1,,12.23497997329773,9.0,0.0,39.0,9164.0,8.94013389256437,0.4966770781568501,0.9083124051985565
ID4627,4627,17,0.19467562437057495,687.6774706611551,1909.2875246739902,0.0,123.0,123,15.0,1,,11.584779706275034,9.0,0.0,38.0,8677.0,9.208797996824867,0.48628851853525834,0.8232006826295785
ID4647,4647,17,0.1998489946126938,687.4083978649685,1912.8044540010278,0.0,124.0,124,15.0,1,,11.891855807743658,9.0,0.0,38.0,8907.0,8.88279598997419,0.5291378507385909,0.9265143131976162
ID4668,4668,17,0.20214036107063293,690.4166114690778,1911.7033495230291,0.0,125.0,125,15.0,1,,12.539385847797062,10.0,0.0,40.0,9392.0,8.933210892034523,0.4949824600537487,0.9295064067380221
ID4687,4687,17,0.1838243156671524,692.8474344598385,1909.4160394478654,0.0,126.0,126,15.0,1,,11.76101468624833,10.0,0.0,36.0,8809.0,8.145421405803765,0.4697413497756972,0.9229519865859753
ID4708,4708,17,0.19428890943527222,693.9081811758717,1910.4280528744216,0.0,127.0,127,15.0,1,,12.412550066755674,10.0,0.0,39.0,9297.0,8.566468802243016,0.4792610435330569,0.9388938193651353
ID4749,4749,17,0.19795717298984528,696.5184708908555,1907.2344508281356,0.0,128.0,128,15.0,1,,13.272363150867823,11.0,0.0,37.0,9941.0,8.4793266933618,0.46585271364591163,0.9948902571602138
ID4728,4728,17,0.18733127415180206,697.6866923299965,1910.3299141721873,0.0,129.0,129,15.0,1,,12.277703604806408,11.0,0.0,43.0,9196.0,8.62205833352371,0.46958575575720374,0.9100309537381761
ID4769,4769,17,0.20190314948558807,697.3440169267064,1908.6014546473732,0.0,130.0,130,15.0,1,,13.018691588785046,11.0,0.0,39.0,9751.0,8.665480901158244,0.4849915116691229,0.9813294479304001
ID4787,4787,17,0.1898367702960968,695.9719388922035,1907.026603321708,0.0,131.0,131,15.0,1,,12.210947930574099,10.0,0.0,37.0,9146.0,8.07026878557022,0.4971032927760592,1.0048153245224223
ID4827,4827,17,0.16488495469093323,686.3595737695755,1908.4678680159489,0.0,132.0,132,15.0,1,,10.62483311081442,8.0,0.0,39.0,7958.0,8.240338541808095,0.4085502514478137,0.747963138065247
ID4807,4807,17,0.1958465278148651,676.8549969359842,1910.3805781048231,0.0,133.0,133,15.0,1,,11.271028037383177,8.0,0.0,39.0,8442.0,9.545975249310214,0.49140301608322895,0.7780652557509524
ID4848,4848,17,0.19488929212093353,679.5657908060076,1911.3987638965407,0.0,134.0,134,15.0,1,,11.472630173564752,8.0,0.0,41.0,8593.0,9.5119323401185,0.4679079454324249,0.7689282838020346
ID4867,4867,17,0.17487077414989471,680.8392518833297,1908.5794760053882,0.0,135.0,135,15.0,1,,10.789052069425901,8.0,0.0,35.0,8081.0,8.426996203233816,0.44396984087920516,0.7872919905119322
ID4908,4908,17,0.19983640313148499,680.4210557142652,1907.2840897273381,0.0,136.0,136,15.0,1,,12.42056074766355,10.0,0.0,38.0,9303.0,9.048777753350269,0.46829995241760014,0.8755694626274675
ID4887,4887,17,0.18822671473026276,686.7980654780112,1901.2407106819426,0.0,137.0,137,15.0,1,,12.16154873164219,10.0,0.0,39.0,9109.0,8.70854984362909,0.43883378629407394,0.8518487057736052
ID4928,4928,17,0.19591018557548523,685.7115358600767,1895.8987542496932,0.0,138.0,138,15.0,1,,12.114819759679573,10.0,0.0,37.0,9074.0,9.153775812849508,0.4547727690014791,0.8274580205025995
ID4950,4950,17,0.18351781368255615,683.2420041978735,1900.9759757965546,0.0,139.0,139,15.0,1,,12.61415220293725,11.0,0.0,33.0,9448.0,8.026817516761636,0.4375052020314264,0.9565737723567801
ID4969,4969,17,0.20173916220664978,680.5627448151682,1900.8129372594292,0.0,140.0,140,15.0,1,,12.086782376502002,10.0,0.0,39.0,9053.0,9.23456648191967,0.5001963506239514,0.8728037434636917
ID4991,4991,17,0.18765832483768463,678.8587205850667,1903.3016210927858,0.0,141.0,141,15.0,1,,12.118825100133511,10.0,0.0,35.0,9077.0,8.285224959435933,0.4944565558267203,0.9679012561336678
ID5033,5033,17,0.22128641605377197,671.1956793863984,1901.6126252451297,0.0,142.0,142,15.0,1,,12.787716955941255,10.0,0.0,42.0,9578.0,9.456998582381125,0.58032778549403,0.9931066165675
ID5013,5013,17,0.2123972773551941,674.3600681729575,1903.3218841098264,0.0,143.0,143,15.0,1,,12.144192256341789,9.0,0.0,38.0,9096.0,9.407047878116183,0.5530008331066574,0.9193891455582985
ID5074,5074,17,0.21405039727687836,677.9808578252458,1898.5902329582505,0.0,144.0,144,15.0,1,,12.543391188251002,10.0,0.0,41.0,9395.0,9.229967452794973,0.5673245476510568,0.9838240450971436
ID5053,5053,17,0.21950462460517883,684.2360277472944,1895.8582039208152,0.0,145.0,145,15.0,1,,12.773030707610147,11.0,0.0,42.0,9567.0,9.2125390616789,0.5833740384704358,1.0216642289043152
ID5116,5116,17,0.20243290066719055,689.229651680307,1899.740151746815,0.0,146.0,146,15.0,1,,12.226969292389853,10.0,0.0,34.0,9158.0,8.359679715570248,0.5580117849986114,1.0476876180364583
ID5095,5095,17,0.20430687069892883,692.8915268655244,1903.5903461089474,0.0,147.0,147,15.0,1,,12.164218958611482,10.0,0.0,36.0,9111.0,8.615587250670623,0.5605482636232074,1.0142970129490274
ID5137,5137,17,0.21169404685497284,694.3274226105017,1902.5508268074536,0.0,148.0,148,15.0,1,,12.642189586114819,10.0,0.0,38.0,9469.0,8.81130979060669,0.5601155389284093,1.0302264189197614
ID5159,5159,17,0.17073509097099304,688.0979216494635,1896.1855476650917,0.0,149.0,149,15.0,1,,10.854472630173564,9.0,0.0,32.0,8130.0,6.866871715806903,0.5524111259602484,1.1249558016128425
ID5180,5180,17,0.1921297013759613,685.4501745131109,1889.8835332666035,0.0,150.0,150,15.0,1,,11.17890520694259,9.0,0.0,36.0,8373.0,8.43994407677428,0.5557887942767756,0.9463435957003459
ID5203,5203,17,0.18597964942455292,697.7982687028776,1892.3791870221826,0.0,151.0,151,15.0,1,,11.958611481975968,11.0,0.0,30.0,8957.0,7.36661396287305,0.5486806950476194,1.1502722315411216
ID5247,5247,17,0.20803219079971313,705.3451755786807,1894.505399604856,0.0,152.0,152,15.0,1,,12.324432576769025,10.0,0.0,35.0,9231.0,8.452301120389599,0.591287590351382,1.0836076354662938
ID5224,5224,17,0.181743323802948,699.659220146657,1896.2500294149415,0.0,153.0,153,15.0,1,,11.767690253671562,10.0,0.0,30.0,8814.0,6.997858544111485,0.5524695236344926,1.1968543624601458
ID5268,5268,17,0.21181035041809082,697.2532327349282,1901.7505418912845,0.0,154.0,154,15.0,1,,13.096128170894525,11.0,0.0,40.0,9809.0,8.65477819032107,0.5471959358987485,1.0703221612919933
ID5289,5289,17,0.19362981617450714,693.1045148148843,1902.4158711825787,0.0,155.0,155,15.0,1,,11.563417890520695,10.0,0.0,33.0,8661.0,8.150017031099965,0.5560519487561719,1.0140257314670167
ID5332,5332,17,0.18944822251796722,690.5345682397336,1903.7669904530042,0.0,156.0,156,15.0,1,,11.443257676902537,9.0,0.0,34.0,8571.0,7.8277613783816165,0.561629959655698,1.0515119906901862
ID5310,5310,17,0.1792851835489273,685.4986001338649,1899.1546212533347,0.0,157.0,157,15.0,1,,11.671562082777037,10.0,0.0,31.0,8742.0,7.410716718999289,0.514605436046206,1.0702213885721803
ID5353,5353,17,0.2122688591480255,678.6532911801601,1907.8276169166936,0.0,158.0,158,15.0,1,,12.722296395193592,10.0,0.0,36.0,9529.0,8.77483013609841,0.5689347359881393,1.0515123035580054
ID5374,5374,17,0.2047366499900818,684.754007965243,1911.5112438722763,0.0,159.0,159,15.0,1,,12.913217623497998,11.0,0.0,37.0,9672.0,8.204876529092786,0.5401598282071518,1.1039487365747074
ID5395,5395,17,0.17381222546100616,675.1728474520288,1914.8878628061254,0.0,160.0,160,15.0,1,,10.686248331108144,9.0,0.0,29.0,8004.0,7.494496051542856,0.5281079068701854,0.9855563710101058
ID5414,5414,17,0.18197649717330933,677.5006563333438,1917.321674377597,0.0,161.0,161,15.0,1,,11.702269692923899,10.0,0.0,32.0,8765.0,7.3324972711881164,0.525629535801718,1.0997117395423115
ID5435,5435,17,0.19410169124603271,677.3627138988994,1921.3939144620506,0.0,162.0,162,15.0,1,,11.489986648865154,9.0,0.0,34.0,8606.0,8.093469251102272,0.5752964049915893,1.0369174350041443
ID5457,5457,17,0.20663727819919586,677.6986392948592,1925.6371347621846,0.0,163.0,163,15.0,1,,12.121495327102803,10.0,0.0,38.0,9079.0,8.585987210020354,0.5883649788178109,1.0459055518110745
ID5478,5478,17,0.21007563173770905,680.9686077640481,1935.5226556549994,0.0,164.0,164,15.0,1,,12.437917222963952,10.0,0.0,37.0,9316.0,8.842378145680808,0.563158599025436,1.0135291642591069
ID5499,5499,17,0.19445860385894775,673.9246316643671,1939.3999558711432,0.0,165.0,165,15.0,1,,11.429906542056075,9.0,0.0,35.0,8561.0,8.310933628179367,0.5632684779687852,0.9910709304603885
ID5519,5519,17,0.21323943138122559,671.7868866115856,1944.8005086539247,0.0,166.0,166,15.0,1,,12.225634178905207,9.0,0.0,39.0,9157.0,9.324144082219915,0.5629081508483255,0.9444881151726706
ID5541,5541,17,0.1853674054145813,673.5302869582633,1947.1941207218265,0.0,167.0,167,15.0,1,,11.790387182910548,10.0,0.0,33.0,8831.0,7.373540895063407,0.5634831773983886,1.1525763703002132
ID5564,5564,17,0.19595369696617126,674.300921225658,1945.1167086340583,0.0,168.0,168,15.0,1,,11.293724966622163,9.0,0.0,34.0,8459.0,8.367669232157839,0.5874542509065369,0.9989310923642508
ID5584,5584,17,0.22979584336280823,673.0279840376475,1947.4801774202833,0.0,169.0,169,15.0,1,,12.702269692923899,10.0,0.0,41.0,9514.0,9.92570032426771,0.5954895032732773,0.9552792082878943
ID5604,5604,17,0.1932903230190277,673.5661294688157,1943.3534357126455,0.0,170.0,170,15.0,1,,11.987983978638184,10.0,0.0,36.0,8979.0,8.213632519507941,0.5184026709522224,0.9966006187790639
ID2067,2067,18,0.16013996303081512,952.891299363299,152.8924991252663,0.0,0.0,0,15.0,1,,10.289719626168225,9.0,0.0,33.0,7707.0,6.629230648081008,0.5213610472028927,1.0638409301593692
ID2000,2000,18,0.18327374756336212,955.3072613127605,148.09621370709345,0.0,1.0,1,15.0,1,,11.387182910547397,10.0,0.0,32.0,8529.0,7.540595743420845,0.5467034151400666,1.0675429975540327
ID2002,2002,18,0.16637711226940155,948.3801858770079,156.4488899811675,0.0,2.0,2,15.0,1,,10.32977303070761,9.0,0.0,30.0,7737.0,7.227171884706364,0.5229782136290687,0.9816175121371563
ID2044,2044,18,0.156800776720047,953.8052548017348,154.82256819381928,0.0,3.0,3,15.0,1,,10.202937249666222,9.0,0.0,33.0,7642.0,6.736558565584834,0.4949128646230868,1.0028361598318567
ID2116,2116,18,0.18274979293346405,959.2534522834006,161.0358633377263,0.0,4.0,4,15.0,1,,11.743658210947931,10.0,0.0,32.0,8796.0,7.402194931785953,0.524113585023311,1.0911412227806625
ID2091,2091,18,0.1235765889286995,963.4374634701066,152.07684042822572,0.0,5.0,5,15.0,1,,9.085447263017356,8.0,0.0,25.0,6805.0,5.326822875355468,0.437416525354953,1.038055572992798
ID2164,2164,18,0.18688303232192993,968.4588882699574,149.48633605195633,0.0,6.0,6,15.0,1,,11.436582109479305,10.0,0.0,31.0,8566.0,7.712084902479245,0.547504920122454,1.0493259997418933
ID2141,2141,18,0.18069596588611603,969.9733023228,146.20968524637448,0.0,7.0,7,15.0,1,,11.281708945260347,9.0,0.0,33.0,8450.0,7.76006844790969,0.5212026518514566,0.9962283072945937
ID2187,2187,18,0.19564540684223175,971.2585488620662,142.20879516042288,0.0,8.0,8,15.0,1,,11.546061415220294,9.0,0.0,37.0,8648.0,8.43785562777378,0.5487988538028834,0.969728022443394
ID2211,2211,18,0.18406318128108978,964.9964987522317,147.83806629967359,0.0,9.0,9,15.0,1,,11.194926568758344,9.0,0.0,34.0,8385.0,7.714277748289584,0.5467053967667845,1.0258922139021964
ID2259,2259,18,0.18124347925186157,966.5434981856716,153.4658058862554,0.0,10.0,10,15.0,1,,11.226969292389853,9.0,0.0,32.0,8409.0,7.535780534385585,0.5383561231476537,1.0427424667482863
ID2236,2236,18,0.19721297919750214,965.3076390091004,159.23592243817373,0.0,11.0,11,15.0,1,,12.240320427236314,10.0,0.0,36.0,9168.0,8.250971610514114,0.5358998192711885,1.03523372359146
ID2283,2283,18,0.18713438510894775,966.6206583317472,157.00739196226587,0.0,12.0,12,15.0,1,,11.126835781041388,9.0,0.0,32.0,8334.0,8.302675829929754,0.5199633215212616,0.9169025779023927
ID2305,2305,18,0.1463938057422638,959.56232353483,158.35634271660538,0.0,13.0,13,15.0,1,,9.708945260347129,8.0,0.0,27.0,7272.0,6.374513724429137,0.4768151677439803,0.9835102843649651
ID2331,2331,18,0.1908191740512848,958.7609867256082,162.45488213430482,0.0,14.0,14,15.0,1,,11.664886515353805,10.0,0.0,35.0,8737.0,7.738099930121604,0.5645752564898486,1.087931527766904
ID2356,2356,18,0.17152106761932373,953.2450625874822,162.93331982830782,0.0,15.0,15,15.0,1,,11.082777036048064,9.0,0.0,31.0,8301.0,7.233950317602894,0.49299049375570225,1.0117764639054136
ID2381,2381,18,0.17764343321323395,953.829094196322,161.1533564084237,0.0,16.0,16,15.0,1,,11.214953271028037,9.0,0.0,32.0,8400.0,7.210582734667287,0.5394151505273954,1.0899949442069812
ID2406,2406,18,0.17191582918167114,953.7373955013376,161.54793028030855,0.0,17.0,17,15.0,1,,10.918558077436582,9.0,0.0,32.0,8178.0,7.088066347678734,0.5271765072725632,1.0634922364194128
ID2455,2455,18,0.15912766754627228,959.3058888266426,168.0870254414949,0.0,18.0,18,15.0,1,,11.057409879839787,10.0,0.0,29.0,8282.0,6.2516876197665825,0.5004055617544972,1.1797761095262442
ID2430,2430,18,0.16800729930400848,967.6148509431428,168.624100444794,0.0,19.0,19,15.0,1,,11.17890520694259,10.0,0.0,32.0,8373.0,6.895517677482058,0.4971630415965318,1.0766936000529823
ID2480,2480,18,0.17402982711791992,968.028341071537,163.08928871995067,0.0,20.0,20,15.0,1,,11.225634178905207,10.0,0.0,32.0,8408.0,7.124453992003727,0.5252976221152982,1.0852758434466703
ID2505,2505,18,0.17047660052776337,965.4108512163064,162.62268799225356,0.0,21.0,21,15.0,1,,10.867823765020027,9.0,0.0,31.0,8140.0,6.991200977892481,0.5384498416856249,1.0881348202721455
ID2528,2528,18,0.1774113029241562,966.294435991031,160.1014897224166,0.0,22.0,22,15.0,1,,11.315086782376502,10.0,0.0,33.0,8475.0,7.400285396953441,0.5072079826973009,1.029087517484964
ID2552,2552,18,0.18125271797180176,966.0293436287413,161.82044895983066,0.0,23.0,23,15.0,1,,11.299065420560748,9.0,0.0,31.0,8463.0,7.3352683813885085,0.5605491668622389,1.1066053505742397
ID2573,2573,18,0.17302347719669342,963.3160934441863,161.74944954265607,0.0,24.0,24,15.0,1,,10.690253671562083,9.0,0.0,31.0,8007.0,7.361750661121806,0.530580260081518,1.0067737484056969
ID2596,2596,18,0.16669072210788727,967.2380865725421,161.3485526797067,0.0,25.0,25,15.0,1,,11.332443257676903,10.0,0.0,29.0,8488.0,6.504648854707395,0.5238586422319613,1.197840858254647
ID2617,2617,18,0.14066049456596375,972.2143433391399,159.67769079270238,0.0,26.0,26,15.0,1,,9.719626168224298,9.0,0.0,25.0,7280.0,5.702415462420471,0.49605014645010126,1.1303166704723915
ID2638,2638,18,0.1563013195991516,973.5038951761446,164.99225482217295,0.0,27.0,27,15.0,1,,10.126835781041388,9.0,0.0,29.0,7585.0,6.4614188811970905,0.5251760528622894,1.0793462916649725
ID2661,2661,18,0.17888574302196503,975.0548712315046,167.52249450154812,0.0,28.0,28,15.0,1,,11.777036048064085,10.0,0.0,31.0,8821.0,6.987169775425807,0.5305025558324827,1.1684715038771574
ID2684,2684,18,0.1697254329919815,977.6439500835859,172.26466518890535,0.0,29.0,29,15.0,1,,11.05607476635514,10.0,0.0,30.0,8281.0,6.593997925091706,0.5504259262954941,1.1905016902681043
ID2708,2708,18,0.14465723931789398,979.86018228867,164.92728443306072,0.0,30.0,30,15.0,1,,10.248331108144193,9.0,0.0,25.0,7676.0,5.543436936296081,0.5128551297338313,1.2534337790783654
ID2731,2731,18,0.13011378049850464,976.1389176947946,155.32714783179708,0.0,31.0,31,15.0,1,,9.682242990654206,9.0,0.0,26.0,7252.0,4.95087820111412,0.4787214820432853,1.2662523531808216
ID2754,2754,18,0.13462017476558685,980.495366165925,149.359670434152,0.0,32.0,32,15.0,1,,9.550066755674232,9.0,0.0,24.0,7153.0,5.400704610479588,0.4818760083571758,1.1500306523951478
ID2778,2778,18,0.14627158641815186,981.9017095963028,147.92365172024978,0.0,33.0,33,15.0,1,,9.939919893190922,9.0,0.0,29.0,7445.0,5.79879855655089,0.5060576084735717,1.1519489473633517
ID2801,2801,18,0.17486581206321716,984.2462340642429,153.72812356980515,0.0,34.0,34,15.0,1,,11.419225634178906,11.0,0.0,31.0,8553.0,6.715211715464605,0.5511757287319555,1.2084704204335774
ID2824,2824,18,0.166737362742424,987.4865431124489,156.72760840640993,0.0,35.0,35,15.0,1,,11.801068090787718,11.0,0.0,29.0,8839.0,5.96663619812357,0.5267771923082646,1.3648126930583466
ID2845,2845,18,0.14861005544662476,993.7358763099655,159.16260469103645,0.0,36.0,36,15.0,1,,10.660881174899867,10.0,0.0,28.0,7985.0,5.398289466953087,0.5199264634883676,1.3510962115456568
ID2869,2869,18,0.14331881701946259,995.8605858385527,159.19700780031073,0.0,37.0,37,15.0,1,,10.08010680907877,10.0,0.0,25.0,7550.0,5.704299156389153,0.5010192652795356,1.1796712503467808
ID2893,2893,18,0.14250902831554413,996.5418144180884,156.29207544325703,0.0,38.0,38,15.0,1,,9.85981308411215,9.0,0.0,26.0,7385.0,5.600596842458265,0.5330509199461416,1.2242679590771535
ID2915,2915,18,0.12396683543920517,993.5807779480042,154.27003749146223,0.0,39.0,39,15.0,1,,9.068090787716956,8.0,0.0,26.0,6792.0,5.228665253579787,0.4581161920239413,1.0897792288033317
ID2940,2940,18,0.1298995018005371,999.4607394295587,153.36238292205658,0.0,40.0,40,15.0,1,,9.453938584779706,9.0,0.0,22.0,7081.0,5.100285836749152,0.4812985605068414,1.2045372035934614
ID2964,2964,18,0.1327466517686844,998.078653869383,155.81527471632887,0.0,41.0,41,15.0,1,,9.323097463284379,9.0,0.0,26.0,6983.0,5.462048255147296,0.4873787116513543,1.1186125350219545
ID2985,2985,18,0.14378811419010162,994.8865488369979,158.96334962720962,0.0,42.0,42,15.0,1,,9.676902536715621,8.0,0.0,26.0,7248.0,5.791821914396369,0.5088447907071149,1.1269169931644667
ID3008,3008,18,0.1311337649822235,990.2604018111341,153.2851572081618,0.0,43.0,43,15.0,1,,9.56875834445928,9.0,0.0,25.0,7167.0,5.073221738089513,0.4788247229173236,1.2214103654613844
ID3032,3032,18,0.1331448256969452,992.4095309739139,151.88500797930044,0.0,44.0,44,15.0,1,,9.634178905206943,9.0,0.0,25.0,7216.0,5.194063484529157,0.48513119413521366,1.2118024594721548
ID3051,3051,18,0.12142373621463776,988.7813819827695,147.29786766693906,0.0,45.0,45,15.0,1,,9.19626168224299,9.0,0.0,24.0,6888.0,4.891626252758019,0.4483454887396624,1.1639348787748376
ID3077,3077,18,0.14744849503040314,986.6517928893859,149.32852970928437,0.0,46.0,46,15.0,1,,10.277703604806408,10.0,0.0,25.0,7698.0,5.930326037582785,0.49222813267151894,1.1433487525919235
ID3099,3099,18,0.13132941722869873,983.4283466928912,147.7511786130487,0.0,47.0,47,15.0,1,,9.65954606141522,9.0,0.0,23.0,7235.0,5.120497793635589,0.4842675288479615,1.2309706358795793
ID3121,3121,18,0.12720492482185364,976.2651095673458,151.59439299004933,0.0,48.0,48,15.0,1,,9.735647530040053,9.0,0.0,25.0,7292.0,4.836312375593143,0.47218696400027327,1.2913129879910983
ID2068,2068,19,0.11580966413021088,2190.1588968946244,163.52843895980257,0.0,0.0,0,15.0,1,,8.149532710280374,7.0,0.0,27.0,6104.0,5.431298228766086,0.4309994431604023,0.9038498638917682
ID2001,2001,19,0.13023871183395386,2196.7753615501233,166.50716446231954,0.0,1.0,1,15.0,1,,8.259012016021362,6.0,0.0,28.0,6186.0,6.521227336510693,0.44200242654216054,0.7764033768252867
ID2005,2005,19,0.15172016620635986,2201.778671832977,165.77958737113389,0.0,2.0,2,15.0,1,,9.008010680907876,7.0,0.0,33.0,6747.0,7.643454430834881,0.4612275447407046,0.7439891342327396
ID2045,2045,19,0.16167590022087097,2196.4046469226328,163.36020777537792,0.0,3.0,3,15.0,1,,9.69425901201602,7.0,0.0,37.0,7261.0,8.149094083189453,0.44102049747962146,0.7281551060751846
ID2117,2117,19,0.1345461755990982,2200.574139524641,167.85401774575593,0.0,4.0,4,15.0,1,,8.785046728971963,7.0,0.0,31.0,6580.0,6.468185461130362,0.42719165879629367,0.8130777433125426
ID2092,2092,19,0.12079586088657379,2203.3833103753586,177.44899006414806,0.0,5.0,5,15.0,1,,8.076101468624833,7.0,0.0,27.0,6049.0,6.097542923253614,0.39953738221264107,0.7562228797176512
ID2165,2165,19,0.1385812610387802,2201.8383524195983,178.58730249976492,0.0,6.0,6,15.0,1,,9.145527369826436,7.0,0.0,32.0,6850.0,6.596986988146671,0.4454054904307826,0.8543955704116072
ID2142,2142,19,0.13735391199588776,2201.392079365216,186.15265619283176,0.0,7.0,7,15.0,1,,8.696929238985314,7.0,0.0,29.0,6514.0,6.860742672849708,0.43792790202528314,0.7721297878440201
ID2188,2188,19,0.1469632387161255,2201.8599753688604,187.77070809175584,0.0,8.0,8,15.0,1,,8.967957276368491,7.0,0.0,32.0,6717.0,7.559322517127997,0.42881985159800956,0.7120951995594481
ID2212,2212,19,0.16037942469120026,2205.55074367698,183.7895866997774,0.0,9.0,9,15.0,1,,9.995994659546062,8.0,0.0,36.0,7487.0,7.588425958967432,0.4834760265837564,0.8586154954034888
ID2260,2260,19,0.14140689373016357,2204.7749881955324,176.4765824264063,0.0,10.0,10,15.0,1,,8.62483311081442,6.0,0.0,31.0,6460.0,7.107047991625342,0.4474710937364334,0.7503200189200023
ID2237,2237,19,0.1336480677127838,2207.7404148417017,173.406309424605,0.0,11.0,11,15.0,1,,8.67022696929239,7.0,0.0,29.0,6494.0,6.587090971118056,0.4341998767757407,0.796978885953776
ID2284,2284,19,0.12887342274188995,2204.555882669916,169.3190818457246,0.0,12.0,12,15.0,1,,8.347129506008011,7.0,0.0,29.0,6252.0,6.398502741851699,0.4363638015519672,0.7926346467557729
ID2306,2306,19,0.12010708451271057,2204.860492491746,166.10385801591573,0.0,13.0,13,15.0,1,,8.049399198931908,7.0,0.0,25.0,6029.0,5.8078837519348445,0.43397780782094025,0.838881540980581
ID2330,2330,19,0.12904922664165497,2206.4478195842257,155.91588486572275,0.0,14.0,14,15.0,1,,8.678237650200266,7.0,0.0,28.0,6500.0,6.4546396770508565,0.4014046876986803,0.7702086742436939
ID2355,2355,19,0.11621749401092529,2202.962459187439,152.8094449856985,0.0,15.0,15,15.0,1,,8.148197596795727,7.0,0.0,29.0,6103.0,5.928106494767935,0.40030546487391205,0.7858583759185053
ID2380,2380,19,0.1056586503982544,2200.690280239853,147.9559121750166,0.0,16.0,16,15.0,1,,8.411214953271028,7.0,0.0,27.0,6300.0,5.114902442652355,0.37093622134665405,0.8898839322466697
ID2405,2405,19,0.1180218830704689,2209.6396230450746,149.84780875855364,0.0,17.0,17,15.0,1,,7.990654205607477,7.0,0.0,26.0,5985.0,5.954701393780379,0.42410292304506675,0.7992492409803904
ID2454,2454,19,0.11272622644901276,2209.501730702626,151.19826482684823,0.0,18.0,18,15.0,1,,8.068090787716956,7.0,0.0,26.0,6043.0,5.5310894974841744,0.4141125982343218,0.8543277987345935
ID2429,2429,19,0.12750503420829773,2211.368591538333,150.7620795890138,0.0,19.0,19,15.0,1,,8.598130841121495,7.0,0.0,28.0,6440.0,6.2593285871998185,0.4225205954485667,0.8160102516605422
ID2479,2479,19,0.10564310103654861,2210.087855101331,143.94273768804624,0.0,20.0,20,15.0,1,,7.30173564753004,6.0,0.0,25.0,5469.0,5.68817703188527,0.3608320531493374,0.6807436145673547
ID2504,2504,19,0.13017438352108002,2203.1678307387915,148.14011229799382,0.0,21.0,21,15.0,1,,8.966622162883844,7.0,0.0,27.0,6716.0,6.082341139346792,0.4284487155422832,0.8843461369439454
ID2527,2527,19,0.10511478781700134,2202.6890031654357,148.97150656273314,0.0,22.0,22,15.0,1,,7.45260347129506,6.0,0.0,25.0,5582.0,5.533752464758237,0.381232107764088,0.7434317190475253
ID2551,2551,19,0.12220921367406845,2202.1830273593923,144.3740572976528,0.0,23.0,23,15.0,1,,7.9839786381842455,6.0,0.0,29.0,5980.0,6.392028765803432,0.3954260445940234,0.7078953951679519
ID2572,2572,19,0.10867476463317871,2199.8519620080237,144.39696991520404,0.0,24.0,24,15.0,1,,8.074766355140186,7.0,0.0,26.0,6048.0,5.2501353540117535,0.39798113519774947,0.8756904951706445
ID2069,2069,20,0.1838747262954712,236.0920294900262,382.1025128036708,0.0,0.0,0,15.0,1,,11.5086782376502,10.0,0.0,32.0,8620.0,7.510704801787429,0.5441722926276522,1.0799792728436202
ID2003,2003,20,0.163177490234375,242.7428205520122,385.33428984729386,0.0,1.0,1,15.0,1,,10.473965287049399,9.0,0.0,33.0,7845.0,7.239111528776606,0.4849161505043695,0.9449755597319356
ID2007,2007,20,0.16221897304058075,241.91642570992587,382.5045487573077,0.0,2.0,2,15.0,1,,9.98931909212283,8.0,0.0,32.0,7482.0,6.981250151665497,0.5272860276487724,0.9880036899493039
ID2046,2046,20,0.16384607553482056,237.31552618142575,380.38347193993826,0.0,3.0,3,15.0,1,,10.395193591455273,9.0,0.0,33.0,7786.0,6.993027724855697,0.5165690471774163,1.0126596813921598
ID2119,2119,20,0.16235457360744476,234.52560595462995,382.78178951108566,0.0,4.0,4,15.0,1,,10.244325767690254,9.0,0.0,30.0,7673.0,6.8206873491697255,0.5233961827737902,1.03205518847703
ID2095,2095,20,0.1813434660434723,228.13680773836046,386.56659982139405,0.0,5.0,5,15.0,1,,10.94392523364486,9.0,0.0,33.0,8197.0,7.846253649777614,0.5497002501224144,0.9895072961176717
ID2167,2167,20,0.16512827575206757,226.4140143577144,383.63095214360254,0.0,6.0,6,15.0,1,,10.14018691588785,8.0,0.0,31.0,7595.0,7.3464932496137125,0.5113377238316811,0.933989907717165
ID2144,2144,20,0.1496555656194687,224.88118568416297,379.68979466093214,0.0,7.0,7,15.0,1,,9.88785046728972,8.0,0.0,31.0,7406.0,6.940983016809806,0.4473585209533066,0.8806239558621678
ID2190,2190,20,0.10698289424180984,214.46112382186251,385.2994443033484,0.0,8.0,8,15.0,1,,8.65954606141522,9.0,0.0,21.0,6486.0,4.509672351008483,0.4263467512406764,1.1479367869220638
ID2214,2214,20,0.17317530512809753,208.6047445001423,394.3083585128195,0.0,9.0,9,15.0,1,,10.674232309746328,8.0,0.0,33.0,7995.0,7.727521539870894,0.5083227230932065,0.9310471433925084
ID2262,2262,20,0.14965970814228058,205.1774714380422,395.8309440107154,0.0,10.0,10,15.0,1,,9.899866488651535,9.0,0.0,29.0,7415.0,6.08710063164705,0.5141248318096715,1.1044746446083031
ID2238,2238,20,0.17389307916164398,203.2994785997352,393.96903043854286,0.0,11.0,11,15.0,1,,10.696929238985314,9.0,0.0,31.0,8012.0,7.459355370032323,0.5326488712078975,0.9967498112554616
ID2285,2285,20,0.1682557910680771,208.99156067643162,392.53212825348095,0.0,12.0,12,15.0,1,,10.712950600801069,9.0,0.0,33.0,8024.0,7.19971816694135,0.5192495391982096,1.017116285804847
ID2308,2308,20,0.16373254358768463,215.13943178879538,391.33096665191016,0.0,13.0,13,15.0,1,,10.485981308411215,9.0,0.0,30.0,7854.0,7.206011936320129,0.4909704596494492,0.9583638452780402
ID2332,2332,20,0.17728140950202942,215.14023158961697,391.85067444947,0.0,14.0,14,15.0,1,,11.444592790387183,10.0,0.0,32.0,8572.0,7.2529682841959415,0.5326287031747692,1.0967361883713274
ID2357,2357,20,0.1643020659685135,212.0767464396562,397.978606412959,0.0,15.0,15,15.0,1,,9.906542056074766,8.0,0.0,30.0,7420.0,7.43271583143847,0.5004026058879221,0.8890297762345045
ID2382,2382,20,0.17606107890605927,213.42325524359035,395.71792888810364,0.0,16.0,16,15.0,1,,11.044058744993324,10.0,0.0,34.0,8272.0,7.348609863574583,0.5475785982867054,1.0635239217278716
ID2407,2407,20,0.13581548631191254,204.00953986849822,394.8996128880886,0.0,17.0,17,15.0,1,,9.767690253671562,9.0,0.0,24.0,7316.0,5.716050451102047,0.47705802696499044,1.1038230836946652
ID2456,2456,20,0.16648998856544495,198.89037265107447,392.3058109927717,0.0,18.0,18,15.0,1,,10.500667556742323,8.0,0.0,32.0,7865.0,7.171062025238315,0.5081025759024768,0.9866973025529199
ID2432,2432,20,0.16508826613426208,197.62532599564904,387.8763889413315,0.0,19.0,19,15.0,1,,10.484646194926569,9.0,0.0,33.0,7853.0,6.824487349381926,0.536302876270645,1.072622801629792
ID2482,2482,20,0.1855425387620926,193.41940465320315,386.0934192873611,0.0,20.0,20,15.0,1,,11.986648865153539,10.0,0.0,32.0,8978.0,7.842864062066757,0.49274909574129,1.0090021941405878
ID2506,2506,20,0.1519235223531723,188.9728021180197,380.2799763777179,0.0,21.0,21,15.0,1,,9.700934579439252,8.0,0.0,29.0,7266.0,6.642414489354618,0.4934929461954059,0.9651512397658496
ID2529,2529,20,0.15674899518489838,181.30243924277454,378.34459718417423,0.0,22.0,22,15.0,1,,9.893190921228305,8.0,0.0,33.0,7410.0,7.301697047787692,0.47829961447864894,0.8767588196232174
ID2553,2553,20,0.16836920380592346,184.03268389015625,381.19919515069,0.0,23.0,23,15.0,1,,10.137516688918558,8.0,0.0,32.0,7593.0,7.756387378272176,0.5050703750999086,0.8771970755795123
ID2574,2574,20,0.14892594516277313,186.7559217960315,383.2476285555355,0.0,24.0,24,15.0,1,,9.530040053404539,8.0,0.0,28.0,7138.0,6.684703395841305,0.49033426608136205,0.9381043216090812
ID2597,2597,20,0.16677409410476685,194.64405084748688,386.9813710351608,0.0,25.0,25,15.0,1,,10.265687583444592,8.0,0.0,33.0,7689.0,7.510075956352232,0.5111492347192875,0.9247281296351489
ID2619,2619,20,0.145600825548172,195.71293598789646,392.68153750747314,0.0,26.0,26,15.0,1,,9.850467289719626,8.0,0.0,31.0,7378.0,6.264368759725032,0.464851122217593,0.9979985479586742
ID2639,2639,20,0.11411294341087341,203.73570897532997,400.27801190459496,0.0,27.0,27,15.0,1,,8.647530040053404,8.0,0.0,24.0,6477.0,5.023600442363077,0.44395881473653936,1.058509748349346
ID2663,2663,20,0.13153505325317383,203.60878753630172,411.8543545955573,0.0,28.0,28,15.0,1,,8.762349799732977,8.0,0.0,29.0,6563.0,6.1232547731181235,0.4365487569290474,0.8697223642064615
ID2686,2686,20,0.12475734204053879,201.62180581374363,410.96696098686357,0.0,29.0,29,15.0,1,,8.389853137516688,7.0,0.0,25.0,6284.0,6.199896808249956,0.4012984573736074,0.7750625262951155
ID2710,2710,20,0.14696672558784485,201.19128265670383,407.02408756929054,0.0,30.0,30,15.0,1,,9.300400534045394,8.0,0.0,32.0,6966.0,6.893130917808915,0.48817874691935237,0.8851948763434435
ID2733,2733,20,0.14127126336097717,206.78914582373267,410.55049745595664,0.0,31.0,31,15.0,1,,8.757009345794392,7.0,0.0,27.0,6559.0,6.799631920375285,0.4746152151332977,0.8290168367647869
ID2755,2755,20,0.13709357380867004,212.54177735632328,406.2527126453035,0.0,32.0,32,15.0,1,,9.036048064085447,8.0,0.0,28.0,6768.0,6.158775607346314,0.4674157685402344,0.9346829591702478
ID2779,2779,20,0.16965711116790771,207.8899884005584,403.385376003745,0.0,33.0,33,15.0,1,,10.658210947930574,9.0,0.0,31.0,7983.0,7.601584939106946,0.4926960725339495,0.9255883183598875
ID2802,2802,20,0.15123389661312103,202.93499069648877,404.6193056805476,0.0,34.0,34,15.0,1,,9.367156208277704,7.0,0.0,33.0,7016.0,7.348654069600577,0.4697380477018323,0.8147901230650385
ID2825,2825,20,0.13331474363803864,201.55992239752467,402.6234362871946,0.0,35.0,35,15.0,1,,8.516688918558078,7.0,0.0,26.0,6379.0,6.295002833981643,0.46651462794472276,0.8607632503556807
ID2846,2846,20,0.13331584632396698,203.80593807169467,395.7075264240882,0.0,36.0,36,15.0,1,,8.86648865153538,8.0,0.0,27.0,6641.0,6.18310714696477,0.4463944928070826,0.885129783103563
ID2870,2870,20,0.1516122668981552,201.37466898200165,391.2978899395713,0.0,37.0,37,15.0,1,,9.664886515353805,8.0,0.0,29.0,7239.0,6.90373905854216,0.49067136980669274,0.9216185220975964
ID2894,2894,20,0.14829571545124054,196.25183670575512,392.5478995643722,0.0,38.0,38,15.0,1,,9.56875834445928,8.0,0.0,29.0,7167.0,6.953984444866052,0.4541548883293266,0.8594986385184855
ID2917,2917,20,0.1722089648246765,191.62902610487043,401.1663503945727,0.0,39.0,39,15.0,1,,10.594125500667557,9.0,0.0,33.0,7935.0,7.648932517199885,0.5132953621055654,0.9395889893438081
ID2942,2942,20,0.1510591357946396,188.10361541550452,406.47990980016385,0.0,40.0,40,15.0,1,,10.064085447263018,8.0,0.0,29.0,7538.0,6.4415226280818265,0.48199443693554517,1.0162749636238004
ID2967,2967,20,0.15330171585083008,185.85018150540873,420.1258372632821,0.0,41.0,41,15.0,1,,9.735647530040053,8.0,0.0,32.0,7292.0,7.091425323321147,0.4813507694738358,0.8922058511420019
ID2988,2988,20,0.1387750506401062,186.37392522661983,421.59697284862233,0.0,42.0,42,15.0,1,,9.296395193591454,8.0,0.0,28.0,6963.0,5.926037022790597,0.4847199917887092,1.0242986221455317
ID3011,3011,20,0.11949539184570312,180.3449990355713,430.9559737423787,0.0,43.0,43,15.0,1,,8.875834445927904,8.0,0.0,27.0,6648.0,5.497380587165927,0.41116181758290493,0.9408477365322766
ID3035,3035,20,0.15810416638851166,173.72244709062025,426.345568445024,0.0,44.0,44,15.0,1,,10.093457943925234,8.0,0.0,32.0,7560.0,7.380732426729765,0.4679642745933442,0.8719021031622386
ID3055,3055,20,0.16667625308036804,175.50326902818486,426.1580702239138,0.0,45.0,45,15.0,1,,10.365821094793057,9.0,0.0,35.0,7764.0,7.379673360236141,0.5234278947096629,0.9652315860546238
ID3080,3080,20,0.16023069620132446,185.07156525524044,428.897306498756,0.0,46.0,46,15.0,1,,9.890520694259012,8.0,0.0,30.0,7408.0,7.1039853521523595,0.5060762027835647,0.9356556919995309
ID3102,3102,20,0.13846278190612793,194.11402861747234,432.56959623744007,0.0,47.0,47,15.0,1,,9.676902536715621,9.0,0.0,23.0,7248.0,5.807727013788737,0.4740556553629479,1.0717058927203151
ID3124,3124,20,0.15483231842517853,198.1586083243515,433.9618561661069,0.0,48.0,48,15.0,1,,10.248331108144193,8.0,0.0,30.0,7676.0,6.403939547637322,0.5023209547449299,1.070174235275639
ID3146,3146,20,0.16961891949176788,204.57160342703656,426.0228212850972,0.0,49.0,49,15.0,1,,10.476635514018692,8.0,0.0,33.0,7847.0,7.459950208566978,0.5149300031328128,0.9547101334931508
ID3168,3168,20,0.1619136929512024,209.24927940653623,428.7492507108284,0.0,50.0,50,15.0,1,,10.324432576769025,8.0,0.0,32.0,7733.0,7.010702559620693,0.516740008397408,1.003449663196692
ID3188,3188,20,0.16396349668502808,213.0536904054731,422.15265822335544,0.0,51.0,51,15.0,1,,10.15086782376502,8.0,0.0,30.0,7603.0,7.265399644884356,0.5184591106956565,0.9540806085670522
ID3208,3208,20,0.16721925139427185,207.10500980317101,425.43386367635617,0.0,52.0,52,15.0,1,,10.285714285714286,9.0,0.0,35.0,7704.0,7.401298587357542,0.5189217956647441,0.9495613411667789
ID3229,3229,20,0.16746841371059418,204.15527754405198,423.2218959151993,0.0,53.0,53,15.0,1,,10.018691588785046,8.0,0.0,32.0,7504.0,7.5320827450503165,0.5319567980907702,0.9237527963229346
ID3250,3250,20,0.14917200803756714,203.0882384374128,416.24748252060255,0.0,54.0,54,15.0,1,,9.950600801068092,9.0,0.0,29.0,7453.0,6.36492437811246,0.47663299830678824,1.0092472805081314
ID3271,3271,20,0.16259798407554626,204.04818991351127,407.42663827035943,0.0,55.0,55,15.0,1,,9.921228304405874,8.0,0.0,30.0,7431.0,7.478878679102772,0.5039568770388162,0.8890310783769539
ID3289,3289,20,0.15943779051303864,212.54097220948017,401.6717346852186,0.0,56.0,56,15.0,1,,9.805073431241656,8.0,0.0,30.0,7344.0,7.673792186745046,0.47333123019847545,0.8209856714811463
ID3308,3308,20,0.16494262218475342,218.98283622736574,398.3377389416046,0.0,57.0,57,15.0,1,,10.320427236315087,8.0,0.0,31.0,7730.0,7.485020465438105,0.4920311970159376,0.9093884117096152
ID3329,3329,20,0.1570427268743515,223.18357611596008,401.13686885195517,0.0,58.0,58,15.0,1,,9.939919893190922,8.0,0.0,31.0,7445.0,6.994678687409334,0.4899472000700082,0.9345951276119122
ID3351,3351,20,0.14799991250038147,219.51732638061307,414.72597214050825,0.0,59.0,59,15.0,1,,9.504672897196262,8.0,0.0,31.0,7119.0,6.6351875202556965,0.482248003264735,0.9321022018316562
ID3372,3372,20,0.12873610854148865,217.5918372546467,409.05746912649664,0.0,60.0,60,15.0,1,,8.684913217623498,8.0,0.0,29.0,6505.0,5.905182116414361,0.44552481990155657,0.9065850088482195
ID3393,3393,20,0.151554673910141,214.7034395232418,413.19804822554084,0.0,61.0,61,15.0,1,,9.644859813084112,8.0,0.0,29.0,7224.0,6.807468051370375,0.49941156813459825,0.9437958084563846
ID3413,3413,20,0.1738424003124237,214.86415322388928,418.3661670320965,0.0,62.0,62,15.0,1,,10.534045393858477,9.0,0.0,35.0,7890.0,7.765305900298412,0.5187244604407188,0.9266683976223178
ID3434,3434,20,0.1327628344297409,226.06982393486598,419.67783969390456,0.0,63.0,63,15.0,1,,8.570093457943925,7.0,0.0,25.0,6419.0,6.476156400923464,0.4458078273859967,0.8160849014069981
ID3453,3453,20,0.16412527859210968,233.79529518648116,423.65570862688645,0.0,64.0,64,15.0,1,,10.578104138851803,9.0,0.0,32.0,7923.0,7.178648610020281,0.4897865952026762,0.9688978029118045
ID3474,3474,20,0.13878639042377472,239.13583898796452,416.2920803030988,0.0,65.0,65,15.0,1,,9.244325767690254,8.0,0.0,27.0,6924.0,6.041112310428395,0.4995671201933152,1.019568160826574
ID3493,3493,20,0.17004187405109406,245.90443373028083,409.58466750623126,0.0,66.0,66,15.0,1,,10.253671562082777,8.0,0.0,34.0,7680.0,7.933025331698799,0.49341407574586293,0.8540864878909996
ID3514,3514,20,0.14955078065395355,248.55481427348386,412.9293605188819,0.0,67.0,67,15.0,1,,9.731642189586115,8.0,0.0,30.0,7289.0,6.808599870212389,0.4627742969763496,0.9043784915947961
ID3534,3534,20,0.12765443325042725,245.61415537266674,405.7537210474036,0.0,68.0,68,15.0,1,,8.297730307076101,7.0,0.0,26.0,6215.0,6.172282157688535,0.4465136170695589,0.8299572469633368
ID3555,3555,20,0.16328270733356476,245.42229101008658,400.36102645644604,0.0,69.0,69,15.0,1,,9.807743658210947,7.0,0.0,33.0,7346.0,7.545788488475582,0.5088817378972932,0.8767103585055156
ID3575,3575,20,0.13568241894245148,241.85040622158368,391.13627460662906,0.0,70.0,70,15.0,1,,9.073431241655541,8.0,0.0,28.0,6796.0,6.3250796619139535,0.44745669837907537,0.8869129209230651
ID3596,3596,20,0.11042077094316483,241.9069641621121,384.7192367834635,0.0,71.0,71,15.0,1,,8.170894526034713,7.0,0.0,23.0,6120.0,5.289749635294755,0.3825026038723935,0.8547378199757313
ID3616,3616,20,0.14946818351745605,256.5660455062621,377.58178886258673,0.0,72.0,72,15.0,1,,9.193591455273697,7.0,0.0,29.0,6886.0,7.301831983790035,0.4703917587711922,0.8055824664232928
ID3637,3637,20,0.15405212342739105,257.1422118564387,373.51817935541334,0.0,73.0,73,15.0,1,,9.542056074766355,8.0,0.0,31.0,7147.0,7.283224189219656,0.47313248223675847,0.8415680532135035
ID3656,3656,20,0.1425984650850296,257.40908047840907,379.8300205057818,0.0,74.0,74,15.0,1,,9.360480640854473,8.0,0.0,32.0,7011.0,6.525215408882064,0.4547713362831433,0.8968744257402688
ID3674,3674,20,0.1487070918083191,258.5680931901351,384.2468012709334,0.0,75.0,75,15.0,1,,9.28437917222964,7.0,0.0,30.0,6954.0,7.197038461436372,0.44623490710685954,0.7960745524605938
ID3714,3714,20,0.13696327805519104,261.1190131006977,389.12973716852053,0.0,76.0,76,15.0,1,,8.825100133511349,7.0,0.0,27.0,6610.0,6.595056497904178,0.4501296311383578,0.8307338229609986
ID3694,3694,20,0.14827226102352142,257.36548264321544,397.5001912806536,0.0,77.0,77,15.0,1,,9.303070761014686,8.0,0.0,30.0,6968.0,6.812441721994721,0.48262789643462695,0.8890655321272404
ID3729,3729,20,0.15184587240219116,255.95754569467772,400.8126606609078,0.0,78.0,78,15.0,1,,9.510013351134846,7.0,0.0,31.0,7123.0,7.177577133162371,0.463333301739493,0.8390416385193498
ID3749,3749,20,0.1016155257821083,250.81196244866223,390.98489831899496,0.0,79.0,79,15.0,1,,7.473965287049399,6.0,0.0,22.0,5598.0,4.893073561795951,0.3873536400544122,0.8529425705308649
ID3771,3771,20,0.13912333548069,257.4871439664111,384.74289434798504,0.0,80.0,80,15.0,1,,9.447263017356475,8.0,0.0,29.0,7076.0,6.479416905458402,0.4479079106311787,0.9020858474409635
ID3790,3790,20,0.13622936606407166,251.6226584702253,389.2067802603914,0.0,81.0,81,15.0,1,,9.004005340453938,7.0,0.0,30.0,6744.0,6.6305269533511275,0.4400223387483477,0.8298950811608143
ID3808,3808,20,0.1368546038866043,249.96897721604535,393.7316644788025,0.0,82.0,82,15.0,1,,9.136181575433913,8.0,0.0,28.0,6843.0,6.23236651297186,0.450888947281506,0.9111232933569738
ID3827,3827,20,0.17632336914539337,255.60193509221298,395.4107933132554,0.0,83.0,83,15.0,1,,10.56475300400534,9.0,0.0,32.0,7913.0,8.005521947807384,0.5164656244431756,0.8988941242413188
ID3866,3866,20,0.16433800756931305,255.1129822749307,395.75255903927103,0.0,84.0,84,15.0,1,,10.118825100133511,8.0,0.0,34.0,7579.0,7.917051975751376,0.4743432764864937,0.8224144349877527
ID3846,3846,20,0.15684333443641663,257.39295771932194,396.9855937055691,0.0,85.0,85,15.0,1,,9.897196261682243,8.0,0.0,31.0,7413.0,7.458538167347728,0.452371527334046,0.8266201689300308
ID3884,3884,20,0.14703206717967987,257.25871428505167,395.1826879170286,0.0,86.0,86,15.0,1,,9.551401869158878,8.0,0.0,31.0,7154.0,6.7155011666915865,0.47011034981486305,0.9096379324197279
ID3904,3904,20,0.16076761484146118,257.4061480011204,388.94596217019546,0.0,87.0,87,15.0,1,,10.076101468624833,8.0,0.0,33.0,7547.0,7.32921979858706,0.4813625869893675,0.893461292723131
ID3923,3923,20,0.1600499302148819,257.0339904864099,390.4557922666234,0.0,88.0,88,15.0,1,,10.475300400534046,8.0,0.0,31.0,7846.0,7.269891857301462,0.4572183348883794,0.9042063276517429
ID3944,3944,20,0.18913017213344574,258.6703186101988,387.2845846482983,0.0,89.0,89,15.0,1,,11.683578104138851,10.0,0.0,36.0,8751.0,8.078161622636992,0.5336040160379921,1.006466157247172
ID3964,3964,20,0.15921922028064728,257.30763109617214,392.4380960417092,0.0,90.0,90,15.0,1,,10.48731642189586,9.0,0.0,28.0,7855.0,6.571809173292469,0.5048771351549216,1.07076479107744
ID3984,3984,20,0.1384550780057907,262.466830981553,391.7926099887967,0.0,91.0,91,15.0,1,,9.395193591455273,8.0,0.0,25.0,7037.0,6.08111641621442,0.49494485402840827,1.0230198300063276
ID4022,4022,20,0.16359089314937592,273.19289728519385,390.50334553207523,0.0,92.0,92,15.0,1,,10.093457943925234,8.0,0.0,30.0,7560.0,7.347874109953772,0.5049237799809034,0.9217636689359802
ID4003,4003,20,0.14333586394786835,275.13999294813476,392.6039354966686,0.0,93.0,93,15.0,1,,9.921228304405874,9.0,0.0,29.0,7431.0,6.262992108170451,0.4587748992776796,0.9963798621677823
ID4041,4041,20,0.16761980950832367,273.0478491741306,393.4018602891199,0.0,94.0,94,15.0,1,,10.174899866488651,8.0,0.0,32.0,7621.0,7.594862473142565,0.4962198055071316,0.8886258045416583
ID4060,4060,20,0.15810401737689972,276.5684678572713,394.33047548686403,0.0,95.0,95,15.0,1,,10.345794392523365,8.0,0.0,29.0,7749.0,6.848771236480861,0.48968751978405217,0.9931275623870027
ID4098,4098,20,0.17396198213100433,276.95153626185316,393.6735405459217,0.0,96.0,96,15.0,1,,11.0347129506008,9.0,0.0,31.0,8265.0,7.497691040595095,0.5008867018739044,0.9823247525375184
ID4079,4079,20,0.16359196603298187,271.9212787893831,389.5617834261442,0.0,97.0,97,15.0,1,,10.336448598130842,9.0,0.0,30.0,7742.0,7.347306152021897,0.4857920977989736,0.9199529366280816
ID4118,4118,20,0.17236840724945068,269.49885861026905,383.96595569561606,0.0,98.0,98,15.0,1,,11.132176234979973,9.0,0.0,32.0,8338.0,7.420696105182936,0.4903061368739221,0.9870911574712264
ID4136,4136,20,0.15245488286018372,274.47400427713785,387.22612484970966,0.0,99.0,99,15.0,1,,9.571428571428571,8.0,0.0,32.0,7169.0,6.942220338179631,0.483569020180162,0.8987917533090749
ID4155,4155,20,0.1431177854537964,280.5770647019394,389.5396665517213,0.0,100.0,100,15.0,1,,9.283044058744993,8.0,0.0,30.0,6953.0,6.53926792125216,0.4801363402132558,0.9209883408687779
ID4173,4173,20,0.16368542611598969,285.2725270839559,393.47957084276413,0.0,101.0,101,15.0,1,,10.169559412550067,8.0,0.0,32.0,7617.0,7.714271269714042,0.4740904677787806,0.847957942579679
ID4194,4194,20,0.15879760682582855,288.83187882533184,390.51945463642926,0.0,102.0,102,15.0,1,,9.488651535380507,8.0,0.0,32.0,7107.0,7.662251517204455,0.476152370148176,0.798900792327572
ID4213,4213,20,0.1246713399887085,289.69531442788843,396.8214768341199,0.0,103.0,103,15.0,1,,8.176234979973298,6.0,0.0,26.0,6124.0,6.107190574623007,0.41821403117980316,0.7895846726839791
ID4237,4237,20,0.1539524644613266,290.5869744656094,401.20866538849725,0.0,104.0,104,15.0,1,,9.727636849132177,8.0,0.0,32.0,7286.0,6.9530932135941645,0.4986659757936069,0.931031088060876
ID4254,4254,20,0.17967990040779114,298.13035869830935,396.2692095174908,0.0,105.0,105,15.0,1,,11.30841121495327,9.0,0.0,34.0,8470.0,7.849329564454831,0.5064868918096801,0.968728054793548
ID4272,4272,20,0.18399694561958313,297.02777053374837,399.7133275824439,0.0,106.0,106,15.0,1,,11.2630173564753,9.0,0.0,35.0,8436.0,7.912048753788006,0.533870789783286,0.9909304565387539
ID4293,4293,20,0.15760204195976257,292.75548188980315,398.3447148523568,0.0,107.0,107,15.0,1,,9.710280373831775,8.0,0.0,31.0,7273.0,7.253998606072402,0.494536390012668,0.885882368292907
ID4312,4312,20,0.1633792668581009,296.20686742204396,396.95760288661705,0.0,108.0,108,15.0,1,,10.42456608811749,8.0,0.0,36.0,7808.0,7.2186060084931745,0.497437981562115,0.9594552904442085
ID4331,4331,20,0.17754055559635162,299.75390468160356,389.5156063773555,0.0,109.0,109,15.0,1,,10.722296395193592,9.0,0.0,33.0,8031.0,8.012209737640896,0.5021500277887807,0.8947169715090307
ID4372,4372,20,0.15585877001285553,307.47349137013197,390.7639243541467,0.0,110.0,110,15.0,1,,10.002670226969292,8.0,0.0,33.0,7492.0,6.778188779293147,0.5042187969215643,0.9893280142384024
ID4352,4352,20,0.1660340130329132,308.1559659535711,393.8122413637437,0.0,111.0,111,15.0,1,,10.061415220293725,8.0,0.0,33.0,7536.0,7.741752114473856,0.49333977055681827,0.8586917739498245
ID4392,4392,20,0.16100963950157166,305.6244498339532,398.0652165375348,0.0,112.0,112,15.0,1,,9.753004005340454,7.0,0.0,34.0,7305.0,7.594265510086173,0.48856359679794414,0.8430169982769956
ID4412,4412,20,0.14809805154800415,306.3526972857032,397.2013448693588,0.0,113.0,113,15.0,1,,9.2630173564753,8.0,0.0,34.0,6938.0,7.1749700087668264,0.4558958076274762,0.8085328813317478
ID4451,4451,20,0.12418121844530106,308.3257106484309,395.3167082007837,0.0,114.0,114,15.0,1,,8.599465954606142,7.0,0.0,28.0,6441.0,5.8116423565279405,0.44447042710257195,0.9106192196064762
ID4431,4431,20,0.16052401065826416,304.47046433309805,396.47908418179406,0.0,115.0,115,15.0,1,,10.11214953271028,8.0,0.0,32.0,7574.0,7.430478086767433,0.4812523937963378,0.8843019008491833
ID4492,4492,20,0.12869329750537872,296.1257042163766,401.85640600109804,0.0,116.0,116,15.0,1,,8.456608811748998,7.0,0.0,27.0,6334.0,6.0680014358637315,0.43500731802448084,0.844934433749643
ID4472,4472,20,0.15970240533351898,295.3635793655674,407.37029643959346,0.0,117.0,117,15.0,1,,10.225634178905207,8.0,0.0,33.0,7659.0,7.329785748756953,0.4735600185277229,0.8966772817115426
ID4511,4511,20,0.15361230075359344,297.35075101292205,405.55451743350164,0.0,118.0,118,15.0,1,,9.983978638184245,8.0,0.0,30.0,7478.0,7.141410433017073,0.45117152621449597,0.8693058052752747
ID4530,4530,20,0.13267412781715393,300.2745596790641,410.94476557390993,0.0,119.0,119,15.0,1,,9.15754339118825,8.0,0.0,27.0,6859.0,6.079180069766102,0.4511913125862798,0.9366989474989387
ID4551,4551,20,0.14068610966205597,309.01545626616047,422.3323343021903,0.0,121.0,121,15.0,1,,9.283044058744993,7.0,0.0,28.0,6953.0,6.652167297862538,0.4429586737224477,0.856774557810648
ID4591,4591,20,0.14645375311374664,308.63779866685036,426.2755712323284,0.0,122.0,122,15.0,1,,8.98931909212283,7.0,0.0,31.0,6733.0,7.130929332518324,0.47258888126102666,0.809119452532809
ID4613,4613,20,0.14819568395614624,314.52477144419623,421.94877847414784,0.0,123.0,123,15.0,1,,9.485981308411215,7.0,0.0,33.0,7105.0,7.524212503763381,0.41365260484326377,0.7378095516426606
ID4633,4633,20,0.12836036086082458,309.38954569577027,417.9965949280744,0.0,124.0,124,15.0,1,,8.393858477970628,7.0,0.0,27.0,6287.0,6.383552954862858,0.4250214517170363,0.7843657492240567
ID4653,4653,20,0.14485478401184082,302.2740779542399,416.9624221543241,0.0,125.0,125,15.0,1,,9.937249666221629,9.0,0.0,28.0,7443.0,6.2614654977538775,0.47352722305684136,1.0200160206996531
ID4675,4675,20,0.15044361352920532,305.0040147264628,420.11724912678784,0.0,126.0,126,15.0,1,,9.288384512683578,7.0,0.0,32.0,6957.0,7.183212468712663,0.47405715176165447,0.8317021986491999
ID4694,4694,20,0.14694854617118835,307.42546666561003,425.5246800911442,0.0,127.0,127,15.0,1,,9.240320427236314,7.0,0.0,31.0,6921.0,7.228577267274232,0.45268824175177813,0.7966929836864397
ID4735,4735,20,0.14145752787590027,308.05642116439185,417.50143298300037,0.0,128.0,128,15.0,1,,9.36849132176235,8.0,0.0,29.0,7017.0,6.399813708350862,0.4649358280407093,0.9291947251815458
ID4715,4715,20,0.13792634010314941,306.16840198649544,415.5190333933093,0.0,129.0,129,15.0,1,,9.212283044058745,8.0,0.0,26.0,6900.0,6.253688429926971,0.4505963021070341,0.9151706547418561
ID4756,4756,20,0.12414927035570145,304.6165980658267,416.5897713092541,0.0,130.0,130,15.0,1,,8.89452603471295,8.0,0.0,26.0,6662.0,5.844082380720702,0.4061502812799456,0.8792077290525235
ID4776,4776,20,0.12074180692434311,305.26859192883217,414.4652685680717,0.0,131.0,131,15.0,1,,8.29506008010681,7.0,0.0,26.0,6213.0,6.180635591363605,0.381979617099862,0.7419163543582538
ID4794,4794,20,0.12376097589731216,315.2470632824754,414.16890897019346,0.0,133.0,133,15.0,1,,8.506008010680908,7.0,0.0,26.0,6371.0,6.082896923222138,0.39519595972305116,0.7921776982628328
ID4834,4834,20,0.12132380902767181,304.5719939077027,412.4165796521752,0.0,134.0,134,15.0,1,,8.571428571428571,7.0,0.0,27.0,6420.0,6.106828448967464,0.3897662665824384,0.7872813601968962
ID4854,4854,20,0.1434725672006607,303.1628996775008,415.58156671111533,0.0,135.0,135,15.0,1,,9.120160213618158,7.0,0.0,29.0,6831.0,7.042763341353927,0.4406102016908923,0.7921317680088386
ID4894,4894,20,0.10351163893938065,298.42984214506504,427.11824324687785,0.0,136.0,136,15.0,1,,8.416555407209612,8.0,0.0,22.0,6304.0,4.555368624610284,0.41236643478905544,1.0788890275179193
ID4874,4874,20,0.15046891570091248,298.15772176256615,435.17626430910906,0.0,137.0,137,15.0,1,,9.570093457943925,8.0,0.0,31.0,7168.0,7.097635564483939,0.46805108854280875,0.8597745164252242
ID4915,4915,20,0.1395944356918335,296.5608836138914,430.5632597460257,0.0,138.0,138,15.0,1,,9.017356475300401,7.0,0.0,31.0,6754.0,6.529322422059187,0.45755482690457405,0.8670803826847672
ID4937,4937,20,0.15098156034946442,298.6697720321228,437.9786282501862,0.0,139.0,139,15.0,1,,9.411214953271028,7.0,0.0,34.0,7049.0,7.299123252821751,0.4668210688844439,0.8206884107685343
ID4957,4957,20,0.15927837789058685,297.2307375311886,436.01420990827535,0.0,140.0,140,15.0,1,,10.15754339118825,8.0,0.0,35.0,7608.0,7.434330134264982,0.46110634529706396,0.8623749065534975
ID4977,4977,20,0.13436108827590942,300.2786336714883,438.2740933820595,0.0,141.0,141,15.0,1,,8.611481975967957,7.0,0.0,30.0,6450.0,6.630018153463046,0.4570889611340772,0.8149066091937522
ID5020,5020,20,0.13750529289245605,306.5406136070077,428.5039888267577,0.0,142.0,142,15.0,1,,8.723631508678238,7.0,0.0,29.0,6534.0,6.571469663057243,0.4515748645131661,0.8259525944831052
ID4998,4998,20,0.12937742471694946,306.5535019939495,430.12128441822324,0.0,143.0,143,15.0,1,,8.522029372496663,7.0,0.0,25.0,6383.0,6.2862729786180065,0.44133229167431126,0.8301974114178816
ID5060,5060,20,0.12347226589918137,310.8961430198743,439.97666986354454,0.0,144.0,144,15.0,1,,7.90520694259012,6.0,0.0,27.0,5921.0,6.163141874992701,0.418873483381675,0.7573214708558653
ID5040,5040,20,0.13923919200897217,308.21473046944266,443.1348307551188,0.0,145.0,145,15.0,1,,9.018691588785046,7.0,0.0,30.0,6755.0,6.853483668377948,0.44893807103550276,0.8154526747574132
ID5103,5103,20,0.13150416314601898,307.6639594348282,449.305381465427,0.0,146.0,146,15.0,1,,8.348464619492656,7.0,0.0,28.0,6253.0,6.488580130097472,0.4382282503340577,0.7840784002935847
ID5082,5082,20,0.13973762094974518,306.64334421013734,454.1471734278342,0.0,147.0,147,15.0,1,,9.248331108144193,8.0,0.0,34.0,6927.0,6.877442241361916,0.4189835348131847,0.7941197809673625
ID5124,5124,20,0.1341352015733719,302.6893945105175,450.0053608517578,0.0,148.0,148,15.0,1,,8.718291054739653,7.0,0.0,28.0,6530.0,6.307151468170604,0.45501938135241654,0.864548209568639
ID5146,5146,20,0.11107058823108673,304.25089274021127,452.6733642116742,0.0,149.0,149,15.0,1,,7.563417890520694,6.0,0.0,28.0,5665.0,5.738070355442762,0.406997631540816,0.7625717962211678
ID5168,5168,20,0.13593128323554993,303.70750599876584,457.6044289830456,0.0,150.0,150,15.0,1,,9.124165554072096,8.0,0.0,32.0,6834.0,6.398472056440279,0.4534099544004082,0.889712710705435
ID5188,5188,20,0.15163196623325348,297.93235632379105,458.828686290449,0.0,151.0,151,15.0,1,,9.288384512683578,7.0,0.0,30.0,6957.0,7.354807528214875,0.46360488463092947,0.8000608555722297
ID5232,5232,20,0.14211244881153107,296.75138845090686,460.0042110038994,0.0,152.0,152,15.0,1,,9.02803738317757,7.0,0.0,30.0,6762.0,7.014157876408141,0.45300948059286783,0.802576890730602
ID5211,5211,20,0.12525425851345062,289.9999248823088,459.7680634526574,0.0,153.0,153,15.0,1,,8.057409879839787,7.0,0.0,27.0,6035.0,6.4684064951981295,0.4158217359188014,0.7316893934862952
ID5255,5255,20,0.12197274714708328,293.19878088174613,467.806951362952,0.0,154.0,154,15.0,1,,8.534045393858477,7.0,0.0,27.0,6392.0,5.7634267605891,0.4261277074117842,0.884882327236563
ID5276,5276,20,0.12191519886255264,283.90440487396927,467.46293277929885,0.0,155.0,155,15.0,1,,8.081441922563418,7.0,0.0,28.0,6053.0,6.0746285776648365,0.40946970456714393,0.772974474343804
ID5318,5318,20,0.10189995169639587,287.03534503826484,461.7517909793567,0.0,156.0,156,15.0,1,,7.481975967957276,7.0,0.0,22.0,5604.0,5.024140477154377,0.387633306801033,0.8320145117651435
ID2070,2070,21,0.2755521833896637,384.3329558992929,413.2368437137256,0.0,0.0,0,15.0,1,,24.871829105473964,24.0,11.0,38.0,18629.0,5.026094420704428,0.5172893492017161,3.3742107515699638
ID2004,2004,21,0.2748931050300598,383.042336171571,413.9712350686656,0.0,1.0,1,15.0,1,,24.16822429906542,24.0,9.0,39.0,18102.0,5.320830287114497,0.5279181028162228,3.13878674391054
ID2009,2009,21,0.26918259263038635,383.5237745060242,413.5141056512785,0.0,2.0,2,15.0,1,,23.492656875834445,24.0,11.0,35.0,17596.0,5.214799181024957,0.5407352641558674,3.162140866921382
ID2047,2047,21,0.2590945363044739,383.3722772799618,413.87809817659684,0.0,3.0,3,15.0,1,,22.753004005340454,23.0,9.0,38.0,17042.0,4.922026470216651,0.5440609155431535,3.257676028101147
ID2120,2120,21,0.27074602246284485,382.8573104620784,414.20327141856,0.0,4.0,4,15.0,1,,24.121495327102803,24.0,10.0,38.0,18067.0,4.941089306661878,0.5293323587033398,3.379388213233338
ID2096,2096,21,0.28089815378189087,380.9442528181291,413.61415744538715,0.0,5.0,5,15.0,1,,24.826435246995995,25.0,8.0,39.0,18595.0,5.028719202839056,0.5422942113674462,3.4718001284327205
ID2168,2168,21,0.26342952251434326,382.9336431191433,414.43012466535714,0.0,6.0,6,15.0,1,,23.826435246995995,24.0,13.0,35.0,17846.0,4.473546216536,0.5286460427625854,3.6837927379094952
ID2145,2145,21,0.27540460228919983,383.0527835854298,414.81674206085233,0.0,7.0,7,15.0,1,,24.428571428571427,25.0,13.0,36.0,18297.0,4.878665298572215,0.5327762317824941,3.4809126580537892
ID2191,2191,21,0.27911466360092163,384.88594241871084,413.63346113680194,0.0,8.0,8,15.0,1,,25.15487316421896,25.0,10.0,40.0,18841.0,5.100072704859578,0.5174995593964036,3.364009169847614
ID2215,2215,21,0.2889675199985504,385.6230798861877,413.1989438351866,0.0,9.0,9,15.0,1,,25.759679572763684,26.0,13.0,41.0,19294.0,5.080204625954959,0.5301617160400921,3.5136643959224028
ID2263,2263,21,0.26977717876434326,385.38216474730524,413.83344562270526,0.0,10.0,10,15.0,1,,24.124165554072096,24.0,10.0,36.0,18069.0,5.116484395704292,0.5331052728777784,3.27907720901873
ID2239,2239,21,0.28478825092315674,384.74043844588516,415.4475763792072,0.0,11.0,11,15.0,1,,25.678237650200266,26.0,12.0,39.0,19233.0,5.028455827882514,0.5259043032978136,3.5199783865799525
ID2286,2286,21,0.2784813344478607,382.4508137159167,414.87091706139665,0.0,12.0,12,15.0,1,,24.595460614152202,25.0,10.0,39.0,18422.0,5.46212341499649,0.5328395665376119,3.130568503138463
ID2309,2309,21,0.2873316705226898,383.7137388801852,414.8395314541212,0.0,13.0,13,15.0,1,,26.639519359145527,27.0,14.0,38.0,19953.0,4.813732337803221,0.5005309009222176,3.6919889567402255
ID2333,2333,21,0.27951666712760925,383.46881437443307,414.1416958122247,0.0,14.0,14,15.0,1,,25.130841121495326,25.0,12.0,38.0,18823.0,5.002563189275253,0.5335403959369137,3.4955580870809175
ID2358,2358,21,0.28795143961906433,383.738884607273,414.0579604263067,0.0,15.0,15,15.0,1,,25.973297730307078,26.0,12.0,39.0,19454.0,5.10104659946381,0.5249612513584294,3.5056313034422524
ID2383,2383,21,0.2807495594024658,383.9291502690077,413.9244099585083,0.0,16.0,16,15.0,1,,24.412550066755674,24.0,10.0,36.0,18285.0,5.0004708373729905,0.5532169674831612,3.4777279790354645
ID2408,2408,21,0.27831196784973145,382.52798059056494,416.7201139894202,0.0,17.0,17,15.0,1,,24.98931909212283,25.0,10.0,40.0,18717.0,5.031174812137822,0.5254830002469711,3.421892086199568
ID2457,2457,21,0.27597835659980774,383.58004041393696,417.04383189051725,0.0,18.0,18,15.0,1,,24.5260347129506,25.0,12.0,39.0,18370.0,5.031019065593556,0.5304146721680909,3.3791524034883254
ID2433,2433,21,0.2831539809703827,383.6218369326965,416.90509492324804,0.0,19.0,19,15.0,1,,25.16021361815754,26.0,11.0,37.0,18845.0,5.069144150071032,0.5407684874101201,3.484044285625445
ID2483,2483,21,0.2730220556259155,382.72405904243107,418.0628279001483,0.0,20.0,20,15.0,1,,24.194926568758344,25.0,10.0,36.0,18122.0,5.02660578021933,0.540970193881697,3.379547667799081
ID2507,2507,21,0.28048276901245117,383.8441472297449,417.30990244514476,0.0,21.0,21,15.0,1,,25.225634178905207,25.0,11.0,38.0,18894.0,4.843385122363953,0.5316027088867873,3.6154648622723937
ID2531,2531,21,0.27426132559776306,383.56302741456113,416.1947081254266,0.0,22.0,22,15.0,1,,24.49933244325768,25.0,8.0,39.0,18350.0,5.218904558852746,0.5268807122457894,3.2397543615188975
ID2555,2555,21,0.2772289514541626,383.8088609426161,415.8752759098161,0.0,23.0,23,15.0,1,,25.001335113484647,25.0,11.0,39.0,18726.0,5.138327026591558,0.5176795901691885,3.319345086399434
ID2576,2576,21,0.2827732563018799,383.7460669990874,417.5726565660278,0.0,24.0,24,15.0,1,,24.720961281708945,24.0,13.0,38.0,18516.0,5.183102031436863,0.5359813217142048,3.3286590460470444
ID2599,2599,21,0.2720387876033783,382.8068286999422,418.65711947704665,0.0,25.0,25,15.0,1,,24.307076101468624,24.0,10.0,37.0,18206.0,5.126914993295576,0.5213409900745654,3.2493904912655354
ID2621,2621,21,0.2730676829814911,381.81906175714926,417.714351828813,0.0,26.0,26,15.0,1,,25.11882510013351,25.0,12.0,40.0,18814.0,4.701294702504514,0.5141272124317282,3.628441021914981
ID2641,2641,21,0.2864857017993927,381.10923531979995,416.80751092487213,0.0,27.0,27,15.0,1,,26.16421895861148,26.0,11.0,42.0,19597.0,4.80902686578514,0.5189420316176444,3.7175619561295674
ID2664,2664,21,0.27351754903793335,379.7134605332711,415.78802599203567,0.0,28.0,28,15.0,1,,24.085447263017357,24.0,11.0,38.0,18040.0,5.183856493829558,0.5294558011436158,3.2168034132245857
ID2687,2687,21,0.28005722165107727,379.28446443621243,414.9082174236897,0.0,29.0,29,15.0,1,,25.241655540720963,25.0,12.0,39.0,18906.0,5.147459311395531,0.5209847660722381,3.359348571807833
ID2711,2711,21,0.28835082054138184,378.7800890890518,413.2435197065722,0.0,30.0,30,15.0,1,,25.966622162883844,26.0,12.0,41.0,19449.0,5.447631771440565,0.503952744984935,3.1944296968766315
ID2734,2734,21,0.2703511118888855,381.0073853281161,413.83265198019717,0.0,31.0,31,15.0,1,,23.514018691588785,24.0,10.0,36.0,17612.0,5.22886665818339,0.5332462817004873,3.127988901344312
ID2757,2757,21,0.287227988243103,382.43097764117203,417.28430037447265,0.0,32.0,32,15.0,1,,25.15086782376502,25.0,11.0,40.0,18838.0,5.235107721480117,0.5422043624702709,3.3781461000874837
ID2781,2781,21,0.2858201265335083,382.1276063061622,417.98227798046605,0.0,33.0,33,15.0,1,,25.690253671562083,26.0,13.0,39.0,19242.0,4.909085058545563,0.5157191357303061,3.5611670290674806
ID2804,2804,21,0.2681681215763092,383.515114155669,418.5348525030452,0.0,34.0,34,15.0,1,,24.149532710280372,24.0,12.0,34.0,18088.0,4.793496643940205,0.5276829380700964,3.480375665852838
ID2827,2827,21,0.27706265449523926,383.8472722409328,418.19703280911745,0.0,35.0,35,15.0,1,,24.43124165554072,25.0,11.0,40.0,18299.0,5.281856360344412,0.5313741932077523,3.2100225493582926
ID2848,2848,21,0.2836877107620239,382.124271042766,419.0326353265572,0.0,36.0,36,15.0,1,,24.98531375166889,25.0,12.0,39.0,18714.0,5.037139930373806,0.5426346500071857,3.4895966206833537
ID2872,2872,21,0.28556790947914124,381.83885097297383,420.63988443487364,0.0,37.0,37,15.0,1,,25.635514018691588,26.0,11.0,38.0,19201.0,5.273216469540115,0.512883615688051,3.296170982170307
ID2896,2896,21,0.28184354305267334,383.08422725426374,419.39888085924076,0.0,38.0,38,15.0,1,,24.779706275033377,25.0,10.0,37.0,18560.0,5.032335486468449,0.5426540714986462,3.4642647902840764
ID2918,2918,21,0.27969226241111755,381.7747825390431,418.71018587752087,0.0,39.0,39,15.0,1,,24.690253671562083,25.0,12.0,38.0,18493.0,5.182774179683765,0.5322246661522293,3.309526096288725
ID2943,2943,21,0.2839990258216858,379.7663506644461,418.8922858477008,0.0,40.0,40,15.0,1,,25.341789052069426,25.0,11.0,38.0,18981.0,5.2407930476480145,0.5269496286748929,3.3374490849261766
ID2966,2966,21,0.2810605764389038,379.84100039248796,419.21251986809835,0.0,41.0,41,15.0,1,,25.208277703604807,25.0,11.0,37.0,18881.0,4.9833289828842755,0.523551881234388,3.476610905065209
ID2987,2987,21,0.28619858622550964,379.61212071092694,419.57555364932745,0.0,42.0,42,15.0,1,,25.544726301735647,25.0,12.0,40.0,19133.0,5.101346114278357,0.5274956917774495,3.4584809038022417
ID3010,3010,21,0.289798766374588,377.90019333328854,418.8847324809859,0.0,43.0,43,15.0,1,,25.744993324432578,26.0,12.0,38.0,19283.0,5.12859939143912,0.5263078950003383,3.461957538362224
ID3034,3034,21,0.2801305651664734,379.68248488320677,418.280231922847,0.0,44.0,44,15.0,1,,25.895861148197596,26.0,11.0,39.0,19396.0,5.2123204991675225,0.49581152127027467,3.2935858006626937
ID3054,3054,21,0.27736586332321167,380.83654562190037,416.0631415919614,0.0,45.0,45,15.0,1,,24.572763684913216,25.0,10.0,36.0,18405.0,5.008987160951051,0.5363415579708459,3.4252143283087535
ID3079,3079,21,0.28703105449676514,384.436685074575,414.85184065836563,0.0,46.0,46,15.0,1,,25.255006675567422,25.0,14.0,38.0,18916.0,5.06142665058581,0.5357040149638074,3.4811434298022648
ID3101,3101,21,0.2870582044124603,387.04361825884536,412.93440947298933,0.0,47.0,47,15.0,1,,25.02803738317757,25.0,9.0,38.0,18746.0,5.344347207921142,0.5407971525223374,3.2873886726608608
ID3123,3123,21,0.28107088804244995,386.42405740935175,411.4988260279333,0.0,48.0,48,15.0,1,,25.22162883845127,25.0,11.0,37.0,18891.0,5.182138391234363,0.5215921342119815,3.3367748085809956
ID3145,3145,21,0.2697167992591858,386.7632156254841,412.2819265103771,0.0,49.0,49,15.0,1,,24.230974632843793,25.0,11.0,38.0,18149.0,4.960679802436044,0.5319501040185443,3.392235234855985
ID3167,3167,21,0.2856299579143524,386.60795675449907,411.222176305781,0.0,50.0,50,15.0,1,,25.54072096128171,26.0,11.0,37.0,19130.0,4.989830300861097,0.5351803562427492,3.5687664849096845
ID3187,3187,21,0.2800726890563965,386.58140883468343,411.08419930725444,0.0,51.0,51,15.0,1,,25.22429906542056,26.0,10.0,38.0,18893.0,5.0370708316289186,0.5289042282268966,3.4647172774626416
ID3207,3207,21,0.2829408645629883,386.7774423241405,410.9560080014962,0.0,52.0,52,15.0,1,,24.913217623497996,25.0,9.0,41.0,18660.0,5.08186446604387,0.5492620380947428,3.4760934541546438
ID3228,3228,21,0.2832246422767639,385.62040739207544,409.48577065258763,0.0,53.0,53,15.0,1,,24.598130841121495,25.0,11.0,41.0,18424.0,5.207722230795833,0.5388064018959762,3.307752862083113
ID3249,3249,21,0.28447213768959045,385.79383839716814,407.2935164102385,0.0,54.0,54,15.0,1,,24.901201602136183,25.0,10.0,39.0,18651.0,5.484627144834768,0.5286264853923877,3.140152426718639
ID3270,3270,21,0.28398093581199646,383.99661181167636,406.6537799386411,0.0,55.0,55,15.0,1,,25.524699599465954,26.0,13.0,40.0,19118.0,4.925758045493147,0.5316280559930088,3.5972625716408753
ID3290,3290,21,0.2854093015193939,382.8154936084785,406.03176450691586,0.0,56.0,56,15.0,1,,25.356475300400533,25.0,13.0,38.0,18992.0,5.106593867625234,0.5258012950051519,3.4222460622412916
ID3309,3309,21,0.28378716111183167,382.7194792297833,404.51518315322016,0.0,57.0,57,15.0,1,,25.026702269692922,25.0,11.0,41.0,18745.0,5.322169599338777,0.533782033725278,3.272994070798566
ID3330,3330,21,0.27238887548446655,383.3248989531352,404.2964084762228,0.0,58.0,58,15.0,1,,24.61014686248331,25.0,8.0,39.0,18433.0,4.978585543689666,0.5205885931670143,3.384707524961791
ID3350,3350,21,0.300824910402298,383.5294459862545,404.19174424354253,0.0,59.0,59,15.0,1,,27.089452603471294,27.0,12.0,43.0,20290.0,5.134423861524888,0.526932826449194,3.6414456295377273
ID3371,3371,21,0.2751389145851135,383.7610335782293,403.9435853848569,0.0,60.0,60,15.0,1,,24.682242990654206,25.0,10.0,39.0,18487.0,4.857649273011921,0.5342295020065103,3.53855542185213
ID3392,3392,21,0.287291944026947,383.807634531618,403.62879712868806,0.0,61.0,61,15.0,1,,25.599465954606142,26.0,13.0,39.0,19174.0,5.055287879368617,0.5288693107379178,3.5034265137006964
ID3412,3412,21,0.27548927068710327,386.54395226551947,403.55913849090336,0.0,62.0,62,15.0,1,,25.117489986648867,25.0,11.0,40.0,18813.0,4.87595608082206,0.5189772793646196,3.5200069059408556
ID3433,3433,21,0.27884775400161743,386.9724577009394,404.6975457673827,0.0,63.0,63,15.0,1,,25.11615487316422,25.0,11.0,36.0,18812.0,4.6227891848579885,0.5381759303772687,3.8018704897517495
ID3452,3452,21,0.29130008816719055,386.25697470297246,402.46215254629254,0.0,64.0,64,15.0,1,,25.556742323097463,26.0,11.0,40.0,19142.0,5.455806705383596,0.5329969062237948,3.2573162388811987
ID3473,3473,21,0.2880801558494568,386.770444107838,402.58032204932886,0.0,65.0,65,15.0,1,,25.375166889185582,26.0,11.0,38.0,19006.0,5.3898272798984435,0.5302719598630246,3.2628273721650753
ID3492,3492,21,0.2837997376918793,386.19037957513353,402.85713403116483,0.0,66.0,66,15.0,1,,25.22429906542056,25.0,9.0,41.0,18893.0,5.086197869337705,0.5275364570765291,3.425442999108297
ID3513,3513,21,0.27323928475379944,386.13166949006495,402.62848353466086,0.0,67.0,67,15.0,1,,24.8411214953271,25.0,9.0,37.0,18606.0,5.022954456078558,0.5038970778474283,3.3141005331307936
ID3533,3533,21,0.28372621536254883,386.9378019243504,404.0342089142227,0.0,68.0,68,15.0,1,,25.85981308411215,26.0,13.0,39.0,19369.0,5.061953129349598,0.5055944728749869,3.4310856814522808
ID3556,3556,21,0.26817676424980164,388.1200140792494,404.14152157402583,0.0,69.0,69,15.0,1,,24.63417890520694,25.0,10.0,37.0,18451.0,4.7134131365452925,0.5186002549194707,3.5696187685444483
ID3576,3576,21,0.27689534425735474,389.6102268015151,402.4915485815442,0.0,70.0,70,15.0,1,,24.523364485981308,25.0,11.0,38.0,18368.0,5.211418089606028,0.5295728772135425,3.258439731131285
ID3597,3597,21,0.2859262228012085,391.6206124689749,402.4787013139529,0.0,71.0,71,15.0,1,,24.875834445927904,25.0,10.0,37.0,18632.0,5.121968596556012,0.554632865027667,3.465361115548215
ID3617,3617,21,0.2836786210536957,391.3333928638854,402.0307350550048,0.0,72.0,72,15.0,1,,25.954606141522028,26.0,11.0,39.0,19440.0,4.790316743573343,0.5100835095459342,3.6603324027771613
ID3638,3638,21,0.2782013714313507,391.174521747926,402.18123519837513,0.0,73.0,73,15.0,1,,23.748998664886514,24.0,10.0,40.0,17788.0,5.190851133803949,0.5590819784153342,3.281279811243798
ID3657,3657,21,0.2825137972831726,390.83810504668554,401.96437620049846,0.0,74.0,74,15.0,1,,25.033377837116156,25.0,11.0,39.0,18750.0,4.94220143446349,0.5319786618584201,3.5177948116710493
ID3675,3675,21,0.2808581292629242,390.68822563175456,402.35420545693694,0.0,75.0,75,15.0,1,,24.907877169559413,25.0,9.0,38.0,18656.0,5.1905719143199285,0.5299181257548699,3.324237798107516
ID3715,3715,21,0.28363895416259766,390.0908402391662,403.12132865631554,0.0,76.0,76,15.0,1,,24.7369826435247,25.0,11.0,39.0,18528.0,5.3934979646934735,0.5358436521290165,3.200348580014084
ID3695,3695,21,0.29432350397109985,392.40272208092716,402.03865843254704,0.0,77.0,77,15.0,1,,26.580774365821096,27.0,12.0,38.0,19909.0,5.160312756200129,0.5248681100560828,3.5460063184276316
ID3730,3730,21,0.28575384616851807,390.7890421715254,401.78218359881606,0.0,78.0,78,15.0,1,,25.005340453938583,25.0,13.0,38.0,18729.0,5.080630439819607,0.5415553008150035,3.4580308537848996
ID3750,3750,21,0.27230656147003174,388.74490523514265,399.98575385928746,0.0,79.0,79,15.0,1,,24.255006675567422,24.0,12.0,39.0,18167.0,4.854059126817464,0.5354800705291068,3.4851819808655415
ID3772,3772,21,0.27493247389793396,387.28161129020145,399.97485250737236,0.0,80.0,80,15.0,1,,24.535380507343124,25.0,9.0,40.0,18377.0,5.170141602824429,0.5234025593731221,3.2609303016427575
ID3791,3791,21,0.282107412815094,386.02310416128387,398.6802816763371,0.0,81.0,81,15.0,1,,25.23898531375167,25.0,11.0,38.0,18904.0,4.86615255415049,0.530082955588953,3.593726559697005
ID3809,3809,21,0.273846834897995,388.03372313641563,399.21975874400886,0.0,82.0,82,15.0,1,,24.563417890520693,25.0,10.0,39.0,18398.0,4.834180558418418,0.5357476534806678,3.5451640951270376
ID3828,3828,21,0.2781790494918823,389.85765767786233,398.62336746643575,0.0,83.0,83,15.0,1,,24.97863818424566,25.0,12.0,38.0,18709.0,5.148809401204359,0.5215062215896794,3.325658866841299
ID3867,3867,21,0.28517311811447144,388.67979819861637,399.39988338213385,0.0,84.0,84,15.0,1,,25.487316421895862,25.0,13.0,40.0,19090.0,5.0060297206650475,0.5268287585274948,3.5134989282330618
ID3847,3847,21,0.2806369662284851,387.6554877938729,398.73987659676595,0.0,85.0,85,15.0,1,,24.991989319092124,25.0,11.0,39.0,18719.0,5.051863628160684,0.5253523838728557,3.407687222852006
ID3885,3885,21,0.2859016954898834,386.8386405540603,398.8448168017382,0.0,86.0,86,15.0,1,,25.352469959946596,26.0,12.0,39.0,18989.0,4.946903629762523,0.5387083447353029,3.5885104588835985
ID3905,3905,21,0.28144964575767517,385.2715156581914,397.1960854297408,0.0,87.0,87,15.0,1,,25.624833110814418,26.0,9.0,36.0,19193.0,4.792984247854951,0.522083056993187,3.6676365101288586
ID3924,3924,21,0.2812480628490448,383.67390649155044,396.06378148643824,0.0,88.0,88,15.0,1,,25.16955941255007,25.0,12.0,40.0,18852.0,5.291940440816822,0.5215290673027625,3.2605354511296794
ID3945,3945,21,0.2821059823036194,384.05864476760297,396.06955166463547,0.0,89.0,89,15.0,1,,24.757009345794394,25.0,11.0,38.0,18543.0,5.259543871783697,0.5365870828918042,3.287480080200736
ID3965,3965,21,0.2747015058994293,383.66572179890187,396.18361745536805,0.0,90.0,90,15.0,1,,24.656875834445927,25.0,11.0,37.0,18468.0,4.816251605902016,0.5261159969256517,3.5298222744943857
ID3985,3985,21,0.290050208568573,382.7000052565936,395.6103563386747,0.0,91.0,91,15.0,1,,25.813084112149532,26.0,14.0,40.0,19334.0,5.252428999550779,0.5320208725363627,3.413293947178126
ID4023,4023,21,0.2759915590286255,382.25073782003466,397.40212700366254,0.0,92.0,92,15.0,1,,24.417890520694257,24.0,11.0,38.0,18289.0,4.777145942048942,0.5461843103053161,3.611167116966287
ID4004,4004,21,0.2874602973461151,379.1822478263749,395.2167542440667,0.0,93.0,93,15.0,1,,25.40320427236315,25.0,11.0,40.0,19027.0,5.261126776609149,0.5337352392813325,3.3605875224757704
ID4042,4042,21,0.27645906805992126,377.076209654078,397.98797147749485,0.0,94.0,94,15.0,1,,24.17089452603471,24.0,10.0,38.0,18104.0,5.263907667443811,0.5386571935376151,3.215030138813246
ID4061,4061,21,0.2867811322212219,378.20423469627366,400.34797917358634,0.0,95.0,95,15.0,1,,25.61682242990654,26.0,11.0,38.0,19187.0,5.234734367687133,0.5249963393714947,3.369365144808394
ID4099,4099,21,0.28839096426963806,378.7040026862342,399.76973978506425,0.0,96.0,96,15.0,1,,26.0173564753004,26.0,13.0,37.0,19487.0,4.752254512224598,0.5273253160457296,3.7804242696320354
ID4080,4080,21,0.28517699241638184,379.0358734197731,399.910120694101,0.0,97.0,97,15.0,1,,25.833110814419225,26.0,12.0,40.0,19349.0,5.000553291820285,0.5300505672442556,3.5793169906121314
ID4119,4119,21,0.28425443172454834,378.8607714866982,401.43144224214444,0.0,98.0,98,15.0,1,,25.35113484646195,25.0,10.0,39.0,18988.0,5.03976852231629,0.5259755589152699,3.467646335159432
ID4137,4137,21,0.2751731276512146,379.2993736855009,400.01551770674695,0.0,99.0,99,15.0,1,,24.731642189586115,25.0,12.0,38.0,18524.0,4.768583136932038,0.5256896790066514,3.5740188094769607
ID4156,4156,21,0.27184489369392395,377.4310376953386,401.44288485586094,0.0,100.0,100,15.0,1,,24.225634178905207,24.0,11.0,37.0,18145.0,4.731404329601049,0.5400601298208306,3.5910340768398994
ID4174,4174,21,0.2902117073535919,377.3149889360353,400.08502207647973,0.0,101.0,101,15.0,1,,26.15086782376502,26.0,14.0,40.0,19587.0,4.741436403207505,0.532224852612154,3.8315881338909907
ID4195,4195,21,0.27138185501098633,378.0968210641061,400.49457176582064,0.0,102.0,102,15.0,1,,24.411214953271028,24.0,12.0,39.0,18284.0,4.963684400395335,0.5243222695912907,3.3832706364663774
ID4214,4214,21,0.2856005132198334,377.15227719991765,402.7119326169722,0.0,103.0,103,15.0,1,,25.27636849132176,25.0,7.0,39.0,18932.0,5.047076736682099,0.5407933515016959,3.5155373295956958
ID4236,4236,21,0.2781156897544861,376.0878193997485,400.8280484313219,0.0,104.0,104,15.0,1,,25.098798397863817,25.0,10.0,40.0,18799.0,5.155430255668957,0.5158285419491855,3.3133956564075593
ID4255,4255,21,0.27806949615478516,375.46465033997634,399.27104198722907,0.0,105.0,105,15.0,1,,24.977303070761014,25.0,11.0,38.0,18708.0,4.895514447002092,0.5280872010964553,3.526425443948296
ID4273,4273,21,0.2822205424308777,376.44827424416076,399.4381712175671,0.0,106.0,106,15.0,1,,26.124165554072096,26.0,12.0,40.0,19567.0,4.959117973406086,0.5027988919810712,3.5250187290631763
ID4294,4294,21,0.281563401222229,377.26123545946115,400.11160204944855,0.0,107.0,107,15.0,1,,24.82109479305741,25.0,12.0,36.0,18591.0,4.9742689117339465,0.538481532547311,3.4930129453117202
ID4313,4313,21,0.2932277023792267,377.3310335705824,400.2398721559361,0.0,108.0,108,15.0,1,,25.802403204272363,26.0,10.0,39.0,19326.0,5.246179622735046,0.5377027630960451,3.439670727017916
ID4332,4332,21,0.2855934202671051,377.34898125453935,400.57936711021836,0.0,109.0,109,15.0,1,,24.9305740987984,25.0,12.0,39.0,18673.0,5.168858552344071,0.5369995625152533,3.37029421919433
ID4373,4373,21,0.28604960441589355,377.49632089017723,399.7921195161656,0.0,110.0,110,15.0,1,,25.39919893190921,26.0,11.0,41.0,19024.0,5.149066620074637,0.537815249866502,3.450249118745201
ID4353,4353,21,0.2916882336139679,376.2942595173358,398.5435918238318,0.0,111.0,111,15.0,1,,26.436582109479307,27.0,12.0,38.0,19801.0,4.757802155463713,0.5343449342819468,3.87014837726115
ID4393,4393,21,0.28168854117393494,373.67139379025446,398.8190511962538,0.0,112.0,112,15.0,1,,25.134846461949266,25.0,11.0,39.0,18826.0,5.278270016596907,0.5271384619378147,3.287463342091305
ID4413,4413,21,0.2883042097091675,371.6736870646852,398.7100135004298,0.0,113.0,113,15.0,1,,25.54072096128171,26.0,8.0,39.0,19130.0,5.274295453200193,0.5346772011660935,3.37421940240239
ID4452,4452,21,0.2867507040500641,373.0317928779518,398.5684455577888,0.0,114.0,114,15.0,1,,24.959946595460615,25.0,10.0,39.0,18695.0,5.3636225683736996,0.5424278284297024,3.273049308955779
ID4432,4432,21,0.2840481102466583,372.5552884060148,399.18698932285537,0.0,115.0,115,15.0,1,,25.871829105473964,26.0,13.0,40.0,19378.0,5.182459050521126,0.5129920879303944,3.3852851825201653
ID4491,4491,21,0.273908406496048,373.5200174157986,398.9642991885716,0.0,116.0,116,15.0,1,,24.587449933244326,25.0,11.0,38.0,18416.0,4.916892472900968,0.5248591939776733,3.442435723410135
ID4471,4471,21,0.2758321762084961,373.39023973697476,399.7201308449133,0.0,117.0,117,15.0,1,,24.672897196261683,25.0,10.0,37.0,18480.0,4.744664863812679,0.5311947312981292,3.608011688609463
ID4510,4510,21,0.2828361392021179,371.1323243058238,398.9436694658426,0.0,118.0,118,15.0,1,,25.226969292389853,25.0,11.0,39.0,18895.0,5.2719385292326475,0.5175085159756749,3.2637065295951344
ID4529,4529,21,0.28293198347091675,371.6173367824013,399.4929922369783,0.0,119.0,119,15.0,1,,25.4739652870494,25.0,11.0,37.0,19080.0,4.90916722997312,0.5335532171572515,3.610751607857661
ID4571,4571,21,0.28470271825790405,371.9249742505156,398.8842019538547,0.0,120.0,120,15.0,1,,25.25634178905207,25.0,11.0,38.0,18917.0,5.1090752818846985,0.5335400204240348,3.439774928369504
ID4550,4550,21,0.27413854002952576,372.8390577200615,399.18393009064835,0.0,121.0,121,15.0,1,,25.22162883845127,25.0,11.0,37.0,18891.0,4.931781903572759,0.5055731114340808,3.4346412507521573
ID4589,4589,21,0.27354973554611206,373.59920256831384,399.3563992442639,0.0,122.0,122,15.0,1,,24.218958611481977,24.0,9.0,40.0,18140.0,4.9036288521265154,0.534242256921568,3.4396334618381275
ID4611,4611,21,0.2822764217853546,375.3936564373203,399.08578935225535,0.0,123.0,123,15.0,1,,25.30440587449933,25.0,10.0,38.0,18953.0,5.027011989867883,0.528218062027036,3.4797187132113603
ID4632,4632,21,0.279641330242157,377.4299289934283,400.1699660357897,0.0,124.0,124,15.0,1,,25.142857142857142,25.0,10.0,38.0,18832.0,4.997822291228274,0.5249798152852445,3.463716385318808
ID4652,4652,21,0.28543755412101746,380.1944154486228,400.47348750200007,0.0,125.0,125,15.0,1,,25.82910547396529,26.0,12.0,38.0,19346.0,4.802256251788769,0.5217387534618715,3.6881368408111896
ID4673,4673,21,0.28833112120628357,380.349440292662,400.7624482296749,0.0,126.0,126,15.0,1,,26.013351134846463,26.0,13.0,39.0,19484.0,5.026649101343437,0.5202510154856014,3.5419739605450355
ID4692,4692,21,0.27992409467697144,380.2430038530799,399.6683436607704,0.0,127.0,127,15.0,1,,25.077436582109478,26.0,11.0,38.0,18783.0,4.819399950200959,0.5317152131210361,3.612611233804181
ID4733,4733,21,0.2855900228023529,377.1794053610746,398.72273399121667,0.0,128.0,128,15.0,1,,25.316421895861147,25.0,10.0,37.0,18962.0,5.139759041913516,0.5297745038071643,3.4115614313924896
ID4714,4714,21,0.28044119477272034,377.0525769896777,398.47243258313506,0.0,129.0,129,15.0,1,,25.562082777036046,26.0,9.0,40.0,19146.0,4.957892636953324,0.5143703068486309,3.5024578629105156
ID4755,4755,21,0.2826040983200073,377.0582228753677,397.7779928155662,0.0,130.0,130,15.0,1,,25.076101468624834,25.0,10.0,40.0,18782.0,5.265499429909262,0.5279628829902935,3.291099641635567
ID4775,4775,21,0.281827449798584,377.6631495462114,399.55658583719327,0.0,131.0,131,15.0,1,,25.157543391188252,25.0,10.0,38.0,18843.0,4.7761956925887725,0.5361126315106486,3.6766229430598525
ID4813,4813,21,0.28143754601478577,376.78918796292135,401.72808991730153,0.0,132.0,132,15.0,1,,24.630173564753004,24.0,12.0,36.0,18448.0,4.970307299250175,0.5500560939381597,3.517011536257465
ID4793,4793,21,0.2721061110496521,374.86006567485185,403.0344574195261,0.0,133.0,133,15.0,1,,24.142857142857142,24.0,10.0,39.0,18083.0,5.101079141060386,0.5237049225340713,3.2534368713183817
ID4833,4833,21,0.2798517048358917,375.1528747527224,404.92034283504256,0.0,134.0,134,15.0,1,,25.15086782376502,25.0,11.0,37.0,18838.0,4.710886234264767,0.5393940321421623,3.7414219749378628
ID4853,4853,21,0.28162866830825806,375.0870544063377,406.0849596320686,0.0,135.0,135,15.0,1,,24.79706275033378,25.0,12.0,39.0,18573.0,5.179550692070272,0.5220235359641132,3.284028100951401
ID4893,4893,21,0.28528892993927,374.38969592014945,407.2867530483871,0.0,136.0,136,15.0,1,,25.497997329773032,26.0,13.0,40.0,19098.0,5.117241355022675,0.5262322669300159,3.4360304918029647
ID4873,4873,21,0.27917200326919556,374.89412314654044,407.6169754482166,0.0,137.0,137,15.0,1,,24.51935914552737,24.0,11.0,38.0,18365.0,5.049086497087033,0.5402577174477028,3.4066999628179504
ID4914,4914,21,0.2707233130931854,376.5111489628793,406.6611884098697,0.0,138.0,138,15.0,1,,24.819759679572762,25.0,6.0,37.0,18590.0,4.95928173662663,0.5161635479220545,3.407611430766051
ID4936,4936,21,0.288033664226532,377.37874372380037,408.59728869689167,0.0,139.0,139,15.0,1,,26.16822429906542,27.0,12.0,39.0,19600.0,5.275410080914575,0.5146219413888026,3.3707929687758957
ID4956,4956,21,0.2716158628463745,378.7586410043916,409.0552860387353,0.0,140.0,140,15.0,1,,24.311081441922564,25.0,12.0,37.0,18209.0,4.775790947739799,0.5317711904022698,3.5344339796840263
ID4976,4976,21,0.2865712344646454,379.1881983102633,407.90772001629125,0.0,141.0,141,15.0,1,,26.269692923898532,26.0,15.0,38.0,19676.0,4.842095111210215,0.5110882003204908,3.669929454341444
ID5019,5019,21,0.28419455885887146,381.7702466537789,408.42456934620975,0.0,142.0,142,15.0,1,,24.401869158878505,25.0,8.0,36.0,18277.0,5.464767729844199,0.545620173300395,3.1526011071166464
ID4997,4997,21,0.2793748080730438,382.38327614814386,409.42431415408385,0.0,143.0,143,15.0,1,,25.068090787716955,25.0,12.0,39.0,18776.0,4.9098187352627365,0.5220917987849117,3.5026103047952137
ID5059,5059,21,0.27761736512184143,382.3274974482882,409.5737942046965,0.0,144.0,144,15.0,1,,24.882510013351133,25.0,13.0,38.0,18637.0,4.917726976073039,0.5288467687342121,3.500464397256047
ID5039,5039,21,0.2840631902217865,383.8788458153445,409.74081533189417,0.0,145.0,145,15.0,1,,25.074766355140188,25.0,8.0,41.0,18781.0,4.9380944553964525,0.5504900214096651,3.6056865783798075
ID5101,5101,21,0.27708396315574646,382.83294070827213,410.76937124036755,0.0,146.0,146,15.0,1,,24.99332443257677,25.0,11.0,37.0,18720.0,4.7962449971212235,0.5368832672338066,3.6407566349704945
ID5080,5080,21,0.28115540742874146,384.7541429467584,410.5025807557001,0.0,147.0,147,15.0,1,,24.628838451268358,25.0,11.0,39.0,18447.0,5.301702013244062,0.5348451476473538,3.2375919090319636
ID5122,5122,21,0.27139368653297424,385.8078155741526,409.938970994484,0.0,148.0,148,15.0,1,,23.826435246995995,24.0,9.0,36.0,17846.0,5.005536584637721,0.54277327024634,3.349305579362925
ID5144,5144,21,0.2812228798866272,385.92098498660266,411.0104837841102,0.0,149.0,149,15.0,1,,24.846461949265688,25.0,11.0,42.0,18610.0,5.486656531861372,0.5235747062261464,3.1124449645341326
ID5166,5166,21,0.2766963541507721,386.2448076817056,411.29205377028075,0.0,150.0,150,15.0,1,,24.33644859813084,24.0,9.0,41.0,18228.0,5.146674196519698,0.5347363082824672,3.2950835195418917
ID5186,5186,21,0.2798546552658081,386.6243767305848,411.33163678241357,0.0,151.0,151,15.0,1,,25.19626168224299,26.0,11.0,37.0,18872.0,5.0690617549814485,0.5241327659635703,3.4186688460433308
ID5230,5230,21,0.28484857082366943,386.90561349377236,410.42044432311747,0.0,152.0,152,15.0,1,,25.16021361815754,25.0,13.0,38.0,18845.0,5.424096362038624,0.5291694353409354,3.210377226741342
ID5209,5209,21,0.26892757415771484,386.3754274323902,410.2154406715423,0.0,153.0,153,15.0,1,,24.093457943925234,24.0,11.0,35.0,18046.0,4.887703924917508,0.5233333270662404,3.3869414533151616
ID5253,5253,21,0.2846710681915283,385.45627112000477,410.6847565242861,0.0,154.0,154,15.0,1,,25.503337783711615,25.0,12.0,39.0,19102.0,4.97039923179721,0.5270141563409755,3.5417260280721825
ID5274,5274,21,0.28507211804389954,385.2608215047204,409.3951424548667,0.0,155.0,155,15.0,1,,25.360480640854473,26.0,11.0,38.0,18995.0,5.264992626989944,0.529183196468955,3.3337746253801503
ID5316,5316,21,0.2784745395183563,385.66410762344253,408.9306207600061,0.0,156.0,156,15.0,1,,24.548731642189587,24.0,12.0,42.0,18387.0,5.280813735587847,0.5307469688285616,3.2236086991695525
ID5295,5295,21,0.2806205153465271,387.1965686350562,409.75213265825505,0.0,157.0,157,15.0,1,,24.82510013351135,25.0,8.0,37.0,18594.0,4.972933171499012,0.5433648033722612,3.515048268433145
ID5338,5338,21,0.286981463432312,387.10481568780733,411.837381540044,0.0,158.0,158,15.0,1,,25.763684913217624,26.0,11.0,37.0,19297.0,5.049907637959778,0.527784073059585,3.5249165670339706
ID5359,5359,21,0.2741970419883728,388.0623761639018,413.9132050545939,0.0,159.0,159,15.0,1,,24.72630173564753,25.0,13.0,38.0,18520.0,4.699085679612785,0.5153059137245568,3.5788261745298495
ID5380,5380,21,0.2824292778968811,390.588226215962,415.55265150408474,0.0,160.0,160,15.0,1,,24.87716955941255,25.0,14.0,37.0,18633.0,4.9216725233495096,0.5530412246432802,3.599919340592196
ID5400,5400,21,0.2793615758419037,390.29097827487107,416.3658689172199,0.0,161.0,161,15.0,1,,24.897196261682243,25.0,11.0,37.0,18648.0,4.909758387401546,0.5271621214389376,3.500897303246485
ID5419,5419,21,0.28688621520996094,390.5995423195507,416.11487472039965,0.0,162.0,162,15.0,1,,25.711615487316422,26.0,13.0,39.0,19258.0,5.042825812261214,0.5327849508965492,3.544509254431059
ID5440,5440,21,0.28657427430152893,391.31647917533326,416.56630809000336,0.0,163.0,163,15.0,1,,25.27636849132176,25.0,10.0,40.0,18932.0,5.0507837749242315,0.5433591662249856,3.523756494199237
ID5462,5462,21,0.27977627515792847,392.3886044319794,417.7699115743371,0.0,164.0,164,15.0,1,,24.959946595460615,25.0,11.0,38.0,18695.0,4.831491836496069,0.5370310922827802,3.610016402289535
ID5483,5483,21,0.2807770073413849,392.55018364628285,419.7830402564689,0.0,165.0,165,15.0,1,,25.44192256341789,25.0,12.0,43.0,19056.0,4.962253729325967,0.5231320004862605,3.5218811796504426
ID5505,5505,21,0.2733566462993622,392.85653918252586,419.355315594849,0.0,166.0,166,15.0,1,,24.73297730307076,25.0,10.0,37.0,18525.0,4.836718329475262,0.5219750908451639,3.5075012289850385
ID5524,5524,21,0.27956345677375793,392.8624440740893,420.28260434168345,0.0,167.0,167,15.0,1,,25.584779706275032,26.0,11.0,38.0,19163.0,4.616273598553266,0.5161449899193329,3.773558766476573
ID5546,5546,21,0.27514851093292236,393.5739169051201,420.846227082203,0.0,168.0,168,15.0,1,,24.63818424566088,25.0,9.0,37.0,18454.0,4.996114523806689,0.5296309192908963,3.4150179160219354
ID5569,5569,21,0.27667438983917236,394.90492441696495,420.72943159997544,0.0,169.0,169,15.0,1,,25.591455273698266,25.0,13.0,37.0,19168.0,4.903478154640552,0.5089462899840119,3.52061800034305
ID5589,5589,21,0.2782796323299408,392.4841238399378,420.5588221034699,0.0,170.0,170,15.0,1,,24.88384512683578,25.0,9.0,39.0,18638.0,5.24033290340881,0.5240989249615562,3.2657934986732062
ID2113,2113,23,0.12148915976285934,2820.0719950609855,1909.6881989697615,0.0,5.0,5,15.0,1,,8.405874499332443,7.0,0.0,28.0,6296.0,6.4880200328602085,0.39306794017246294,0.7311324175995992
ID2184,2184,23,0.12009455263614655,2824.7162217403597,1911.0267028777218,0.0,6.0,6,15.0,1,,8.137516688918558,6.0,0.0,30.0,6095.0,6.997405533428317,0.3399331712203059,0.5900587447100962
ID2161,2161,23,0.10911465436220169,2820.6913729536714,1910.0961373597659,0.0,7.0,7,15.0,1,,8.242990654205608,7.0,0.0,26.0,6174.0,5.492797386541025,0.37876297164490536,0.8245160755814223
ID2207,2207,23,0.1316228210926056,2822.0756313255106,1917.2598479705007,0.0,8.0,8,15.0,1,,8.612817089452603,7.0,0.0,29.0,6451.0,6.818867046809229,0.4125057246631002,0.7377390302006008
ID2232,2232,23,0.1374627947807312,2825.4336966160636,1918.1908843856754,0.0,9.0,9,15.0,1,,8.551401869158878,6.0,0.0,32.0,6405.0,7.469659756803047,0.4108534086162283,0.6667630039927546
ID2280,2280,23,0.11357074975967407,2825.4924178840683,1915.1973039248921,0.0,10.0,10,15.0,1,,8.365821094793057,7.0,0.0,27.0,6266.0,5.5605280281559075,0.3884234159625484,0.8417943531786142
ID2255,2255,23,0.1260380893945694,2818.491721905052,1918.5784700993445,0.0,11.0,11,15.0,1,,7.959946595460615,6.0,0.0,29.0,5962.0,6.7238101941202775,0.40805380928881396,0.6861560374103638
ID2302,2302,23,0.14190523326396942,2815.3466557541005,1929.9237075554956,0.0,12.0,12,15.0,1,,9.522029372496663,8.0,0.0,29.0,7132.0,6.963319337571491,0.4245585637983048,0.8150804897757938
ID2326,2326,23,0.12101820111274719,2811.7150804987555,1930.8070023984965,0.0,13.0,13,15.0,1,,7.830440587449933,6.0,0.0,29.0,5865.0,6.400353636892332,0.40605540978538507,0.7066349097733056
ID2351,2351,23,0.11826317012310028,2807.3017211070346,1934.4639278602156,0.0,14.0,14,15.0,1,,7.7930574098798395,6.0,0.0,29.0,5837.0,6.436331940500278,0.3879151814720121,0.6768201622185227
ID2376,2376,23,0.10642427951097488,2810.816920697804,1939.4102776581065,0.0,15.0,15,15.0,1,,7.484646194926569,6.0,0.0,27.0,5606.0,5.648230217264646,0.37497968863619957,0.7227703741918073
ID2401,2401,23,0.11062166839838028,2813.6598203839853,1942.5301951447686,0.0,16.0,16,15.0,1,,7.3004005340453935,6.0,0.0,24.0,5468.0,5.9450930064550604,0.387915972565423,0.6864240937978648
ID2425,2425,23,0.11024511605501175,2807.268035453827,1940.322985927221,0.0,17.0,17,15.0,1,,7.409879839786382,6.0,0.0,26.0,5550.0,5.904222961773512,0.39810638455986724,0.7147223042062782
ID2476,2476,23,0.12708094716072083,2806.925174793543,1942.475746491048,0.0,18.0,18,15.0,1,,8.017356475300401,6.0,0.0,32.0,6005.0,6.929435621258974,0.39923488510434446,0.6602390148472799
ID2450,2450,23,0.10451002418994904,2804.8444968559843,1931.176559965021,0.0,19.0,19,15.0,1,,7.658210947930574,7.0,0.0,24.0,5736.0,5.346859491391385,0.3824583398471115,0.7924842356234861
ID2523,2523,23,0.13029514253139496,2805.97931676904,1916.1921869178886,0.0,21.0,21,15.0,1,,8.708945260347129,7.0,0.0,28.0,6523.0,6.334751583870709,0.4148505576052777,0.8062079484746505
ID2547,2547,23,0.10993697494268417,2818.4240432139195,1912.4383510995224,0.0,22.0,22,15.0,1,,7.967957276368491,7.0,0.0,23.0,5968.0,5.286097062918927,0.4018274493223404,0.864145554271399
ID2568,2568,23,0.15635782480239868,2824.8554368623936,1914.0402598181322,0.0,23.0,23,15.0,1,,9.49799732977303,7.0,0.0,34.0,7114.0,7.750560355453164,0.46416923658890696,0.7769874644775714
ID2592,2592,23,0.1309521198272705,2822.7849529043983,1915.1022635333027,0.0,24.0,24,15.0,1,,8.562082777036048,7.0,0.0,31.0,6413.0,6.81167242442983,0.3918700213635268,0.707781200522207
ID2613,2613,23,0.11554908007383347,2818.386263390195,1916.79716833382,0.0,25.0,25,15.0,1,,8.0347129506008,6.0,0.0,26.0,6018.0,6.108543314203733,0.3779859367290715,0.7215950746446006
ID2163,2163,24,0.11220839619636536,1156.682716439169,109.21459965308237,0.0,6.0,6,15.0,1,,7.878504672897196,7.0,0.0,26.0,5901.0,5.848115918233232,0.3740464802005726,0.7334693470135861
ID2140,2140,24,0.1104326918721199,1164.1145627515448,109.09257921204137,0.0,7.0,7,15.0,1,,7.381842456608812,6.0,0.0,26.0,5529.0,5.900103445278454,0.37574794942154355,0.6834281872278349
ID2210,2210,24,0.11709332466125488,1157.9625442007039,98.8164855206413,0.0,9.0,9,15.0,1,,7.88785046728972,6.0,0.0,27.0,5908.0,5.979977670541671,0.39169800573003627,0.7424982899911494
ID2258,2258,24,0.1341082900762558,1158.6175957344049,98.93023158124028,0.0,10.0,10,15.0,1,,9.032042723631509,8.0,0.0,28.0,6765.0,6.417226041915507,0.4316178816316635,0.8486741151316491
ID2235,2235,24,0.1579963117837906,1159.8914187969906,91.31405227020217,0.0,11.0,11,15.0,1,,9.63150867823765,8.0,0.0,32.0,7214.0,7.431172275216649,0.4802013923730754,0.8409488731416512
ID2282,2282,24,0.1405399888753891,1155.5409490254212,89.40998495703988,0.0,12.0,12,15.0,1,,8.604806408544727,7.0,0.0,29.0,6445.0,6.975417367856039,0.44427859307972684,0.7589362812941997
ID2304,2304,24,0.17533238232135773,1147.9578607192334,91.72256394773655,0.0,13.0,13,15.0,1,,10.439252336448599,8.0,0.0,35.0,7819.0,8.243007568345607,0.5029670664038789,0.8476250387063731
ID2329,2329,24,0.1737692654132843,1153.3890707433804,93.86512902650644,0.0,14.0,14,15.0,1,,10.445927903871828,8.0,0.0,33.0,7824.0,7.689935439193645,0.5337544397908623,0.945453107624484
ID2354,2354,24,0.18040916323661804,1147.2654626585609,91.96090057169836,0.0,15.0,15,15.0,1,,10.883845126835782,9.0,0.0,35.0,8152.0,8.315542959659963,0.49931840803256927,0.8717770694538945
ID2379,2379,24,0.18285179138183594,1148.0859829002518,93.63810440876468,0.0,16.0,16,15.0,1,,10.886515353805073,9.0,0.0,34.0,8154.0,8.116576571894354,0.5285495535616714,0.9275817229579382
ID2404,2404,24,0.17625026404857635,1149.7175113771814,92.7288752033518,0.0,17.0,17,15.0,1,,11.001335113484647,9.0,0.0,33.0,8240.0,7.533969299264149,0.5169529830347368,0.9952460645194268
ID2453,2453,24,0.16569417715072632,1147.2960255377698,84.8098096711898,0.0,18.0,18,15.0,1,,9.93324432576769,7.0,0.0,32.0,7440.0,7.647363515509994,0.509135302720482,0.8764243024756524
ID2428,2428,24,0.16518419981002808,1143.1058427524717,80.10733781253576,0.0,19.0,19,15.0,1,,10.070761014686248,8.0,0.0,35.0,7543.0,7.608682212335965,0.5034212604563679,0.8864080783118938
ID2478,2478,24,0.15976782143115997,1141.7780280651746,73.8511076378128,0.0,20.0,20,15.0,1,,10.357810413885181,9.0,0.0,29.0,7758.0,6.942093067790852,0.4964403909493922,0.9899544418838498
ID2503,2503,24,0.17740729451179504,1135.3996266951053,70.02047790550884,0.0,21.0,21,15.0,1,,10.311081441922564,8.0,0.0,34.0,7723.0,8.292329264510604,0.5189053004034254,0.8496011345286667
ID2526,2526,24,0.15679830312728882,1124.5185182687617,73.79063716883333,0.0,22.0,22,15.0,1,,9.277703604806408,7.0,0.0,31.0,6949.0,7.4844078252671435,0.49028816660329505,0.8156319015668683
ID2550,2550,24,0.1592976450920105,1117.1604100753564,75.84840886238008,0.0,23.0,23,15.0,1,,9.409879839786381,7.0,0.0,29.0,7048.0,7.7679554713446715,0.4820970465018271,0.7880706891519895
ID2571,2571,24,0.1325235515832901,1117.5583378839483,76.08816347561509,0.0,24.0,24,15.0,1,,8.467289719626168,7.0,0.0,27.0,6342.0,6.413393467806429,0.4502148911138323,0.8197360330402925
ID2595,2595,24,0.1653231680393219,1115.7265070278615,76.11092405208751,0.0,25.0,25,15.0,1,,10.312416555407209,8.0,0.0,38.0,7724.0,7.841928863285961,0.4634940576128058,0.8329534893556291
ID2615,2615,24,0.16401976346969604,1118.3558143275138,77.42797613959766,0.0,26.0,26,15.0,1,,9.628838451268358,7.0,0.0,35.0,7212.0,8.234434115335606,0.45453505372274944,0.730824884390249
ID2637,2637,24,0.1532258689403534,1119.5897904710553,77.28811650924254,0.0,27.0,27,15.0,1,,9.548731642189587,8.0,0.0,33.0,7152.0,7.619061314509256,0.44572162636699875,0.7727753207692528
ID2659,2659,24,0.14719729125499725,1120.7414882288547,73.08702270010302,0.0,28.0,28,15.0,1,,9.261682242990654,7.0,0.0,32.0,6937.0,7.00484078994508,0.4542800939992436,0.8260327209494613
ID2682,2682,24,0.15129956603050232,1120.2713584055866,70.7659584233553,0.0,29.0,29,15.0,1,,9.830440587449933,8.0,0.0,28.0,7363.0,6.994025903228769,0.45269464965778916,0.8760053663777756
ID2706,2706,24,0.15445446968078613,1116.0718651369139,70.94613053156985,0.0,30.0,30,15.0,1,,9.890520694259012,8.0,0.0,31.0,7408.0,7.242830005820992,0.45031260396457284,0.8479950966247276
ID2729,2729,24,0.14152218401432037,1115.1284781074628,57.535725447752924,0.0,31.0,31,15.0,1,,9.104138851802404,8.0,0.0,26.0,6819.0,6.341852026425671,0.4861636193648651,0.9392227308766492
ID2752,2752,24,0.1505376696586609,1109.1192593988324,61.81612712633787,0.0,32.0,32,15.0,1,,9.535380507343124,8.0,0.0,29.0,7142.0,6.855880065023252,0.49527487752347976,0.9213615296354133
ID2776,2776,24,0.15897884964942932,1108.8628087927598,58.65068847980514,0.0,33.0,33,15.0,1,,9.833110814419225,8.0,0.0,30.0,7365.0,7.193667265891314,0.5048493149234559,0.9171478225365506
ID2799,2799,24,0.14993293583393097,1108.4576176904422,56.26425526756715,0.0,34.0,34,15.0,1,,9.210947930574099,7.0,0.0,31.0,6899.0,7.4182415564650945,0.46152347678850014,0.7841900971622947
ID2822,2822,24,0.1457541584968567,1115.578483297508,62.32416804824013,0.0,35.0,35,15.0,1,,9.0,7.0,0.0,31.0,6741.0,7.045497671077259,0.46493045279668543,0.8108337465185472
ID2843,2843,24,0.15028192102909088,1109.1014434955,62.66639315556321,0.0,36.0,36,15.0,1,,9.428571428571429,8.0,0.0,31.0,7062.0,6.889446762968039,0.4822754766097543,0.8905489542888094
ID2867,2867,24,0.14879927039146423,1104.680580284779,55.70899947411188,0.0,37.0,37,15.0,1,,9.076101468624833,7.0,0.0,32.0,6798.0,7.40019711909453,0.45878462316388763,0.7714427939523081
ID2891,2891,24,0.15696224570274353,1103.4177986496122,53.21378123393071,0.0,38.0,38,15.0,1,,9.620827770360481,8.0,0.0,35.0,7206.0,7.467426151263598,0.48496537193051825,0.8415228301225253
ID2913,2913,24,0.1609857827425003,1104.9660529416828,53.54238089137547,0.0,39.0,39,15.0,1,,9.88785046728972,8.0,0.0,31.0,7406.0,7.5102941331824615,0.4850539174230652,0.8600480872133681
ID2938,2938,24,0.14764288067817688,1104.674723298795,48.046635934897246,0.0,40.0,40,15.0,1,,9.269692923898532,7.0,0.0,29.0,6943.0,7.145500999317447,0.44667752689801493,0.8010968550687738
ID2962,2962,24,0.14450228214263916,1105.5064909066812,41.51432666735049,0.0,41.0,41,15.0,1,,8.643524699599466,6.0,0.0,29.0,6474.0,7.104060476967975,0.4702284620325174,0.7782843717307131
ID2983,2983,24,0.14551043510437012,1103.4397282454677,43.81962509371147,0.0,42.0,42,15.0,1,,9.339118825100133,8.0,0.0,31.0,6995.0,6.9712802569078764,0.4415222865022032,0.8206436688941618
ID3006,3006,24,0.16707469522953033,1105.3327864321748,46.96178957338202,0.0,43.0,43,15.0,1,,10.532710280373832,8.0,0.0,33.0,7889.0,7.43100606021956,0.4975758165122321,0.9418743384163881
ID3030,3030,24,0.17170551419258118,1111.3566117435485,45.02311694104713,0.0,44.0,44,15.0,1,,10.550066755674232,9.0,0.0,36.0,7902.0,7.644628019883156,0.5136321712921327,0.9366141474838783
ID3050,3050,24,0.163473442196846,1107.5999563354271,50.06281394446113,0.0,45.0,45,15.0,1,,10.17890520694259,8.0,0.0,31.0,7624.0,7.498130489122704,0.4871265553759983,0.8893484410763124
ID3075,3075,24,0.1695679873228073,1107.2489003080293,54.316099187449744,0.0,46.0,46,15.0,1,,10.455273698264353,8.0,0.0,35.0,7831.0,8.041648910789425,0.46700430308035396,0.8277702009219559
ID3097,3097,24,0.15913769602775574,1109.691303955797,41.947438569226854,0.0,47.0,47,15.0,1,,9.68090787716956,7.0,0.0,33.0,7251.0,7.228206871398101,0.5173297727767229,0.9132780148760807
ID3119,3119,24,0.17101965844631195,1109.380257286179,47.182552471954175,0.0,48.0,48,15.0,1,,10.460614152202938,8.0,0.0,34.0,7835.0,7.696975595138161,0.5093022561428743,0.9172050728279756
ID3141,3141,24,0.12069684267044067,1108.3539874565322,38.37338076286077,0.0,49.0,49,15.0,1,,8.962616822429906,8.0,0.0,24.0,6713.0,5.117725471212817,0.43377067484333215,1.0596643759789781
ID3163,3163,24,0.15824924409389496,1118.8758374338959,39.15239237750572,0.0,50.0,50,15.0,1,,10.136181575433913,8.0,0.0,30.0,7592.0,6.966891668297162,0.4923307455390413,0.9599689611488915
ID3183,3183,24,0.17901775240898132,1117.7960863263195,39.86664465476394,0.0,51.0,51,15.0,1,,10.722296395193592,8.0,0.0,33.0,8031.0,8.171968329434074,0.5076705111630396,0.8836222153261843
ID3204,3204,24,0.1596013456583023,1125.5997798568114,43.926361554075626,0.0,52.0,52,15.0,1,,9.966622162883844,8.0,0.0,31.0,7465.0,7.219640987014505,0.49809666103143446,0.9179862635432208
ID3225,3225,24,0.18582208454608917,1129.2763190682067,46.38311719019259,0.0,53.0,53,15.0,1,,11.15086782376502,9.0,0.0,36.0,8352.0,8.235500297794058,0.5196666168502994,0.926030246306024
ID3246,3246,24,0.170089989900589,1128.6877495085903,40.78714246275487,0.0,54.0,54,15.0,1,,10.129506008010681,8.0,0.0,33.0,7587.0,8.1436335421613,0.4892393636386712,0.8172537558895904
ID3267,3267,24,0.1663292795419693,1126.57978527,40.58173987007379,0.0,55.0,55,15.0,1,,10.412550066755674,9.0,0.0,33.0,7799.0,7.333492323916102,0.5039327273705799,0.9515254539032434
ID3286,3286,24,0.17655621469020844,1116.0256162872502,36.0873324807475,0.0,56.0,56,15.0,1,,10.556742323097463,8.0,0.0,36.0,7907.0,8.064814187321824,0.5168311192351823,0.8920248976944117
ID3305,3305,24,0.1580190807580948,1107.19262461955,29.24475583224408,0.0,57.0,57,15.0,1,,9.524699599465954,8.0,0.0,31.0,7134.0,7.578007253032851,0.47725253881013996,0.8121191823283583
ID3326,3326,24,0.14674831926822662,1109.6933327961087,33.301429986446436,0.0,58.0,58,15.0,1,,9.408544726301736,8.0,0.0,28.0,7047.0,6.612961801525704,0.47960595759138624,0.9223482609265333
ID3347,3347,24,0.16289985179901123,1110.541844076581,33.52081152162546,0.0,59.0,59,15.0,1,,10.267022696929239,9.0,0.0,30.0,7690.0,7.267298693114157,0.49375794508068854,0.9339752677036642
ID3368,3368,24,0.17145967483520508,1106.4600532592267,37.25805926862028,0.0,60.0,60,15.0,1,,10.164218958611482,8.0,0.0,33.0,7613.0,7.850951189697276,0.5100158028473976,0.8745484431797124
ID3389,3389,24,0.1520840972661972,1107.0279051590062,35.78774292367189,0.0,61.0,61,15.0,1,,9.770360480640855,8.0,0.0,31.0,7318.0,7.019691745089891,0.46753225267103204,0.8868424293695444
ID3409,3409,24,0.1448046863079071,1105.1177245218735,42.83907773505095,0.0,62.0,62,15.0,1,,9.110814419225635,7.0,0.0,29.0,6824.0,6.768498360623255,0.469066601378297,0.8595831507245313
ID3430,3430,24,0.17031046748161316,1104.289401494873,41.9491298130345,0.0,63.0,63,15.0,1,,10.479305740987984,9.0,0.0,36.0,7849.0,7.461391645850076,0.5250454613298289,0.9670675015919954
ID3449,3449,24,0.1697346568107605,1110.9218869257245,45.38352951721959,0.0,64.0,64,15.0,1,,10.148197596795727,8.0,0.0,32.0,7601.0,7.6054573414534365,0.5348554979560745,0.9299563108179302
ID3470,3470,24,0.1880497932434082,1111.728923322955,49.910100117236375,0.0,65.0,65,15.0,1,,10.974632843791722,8.0,0.0,37.0,8220.0,8.743104083566987,0.511553681428109,0.8496146375964818
ID3489,3489,24,0.1793416142463684,1107.9654790453014,49.58393909191966,0.0,66.0,66,15.0,1,,10.566088117489986,9.0,0.0,33.0,7914.0,8.195307989679241,0.5268214511275598,0.889721615359317
ID3510,3510,24,0.14990995824337006,1106.565152637789,42.61662791967723,0.0,67.0,67,15.0,1,,9.275033377837117,8.0,0.0,28.0,6947.0,6.862022815312423,0.49800083920352706,0.8986929547791842
ID3530,3530,24,0.1368904411792755,1103.374978898315,44.37991414798053,0.0,68.0,68,15.0,1,,9.397863818424566,8.0,0.0,29.0,7039.0,6.150891916336726,0.44167658185109065,0.9361761582226893
ID3552,3552,24,0.1858670860528946,1098.050754877212,46.80053060886054,0.0,69.0,69,15.0,1,,10.974632843791722,8.0,0.0,37.0,8220.0,8.456598697434725,0.517682142523395,0.8853329617421212
ID3572,3572,24,0.11937875300645828,1094.5816008422632,53.527037602339036,0.0,70.0,70,15.0,1,,8.687583444592791,8.0,0.0,25.0,6507.0,5.1510466365504755,0.4447191616079362,1.0383312194361398
ID3593,3593,24,0.18466702103614807,1090.7065868049199,67.02832440929635,0.0,71.0,71,15.0,1,,11.303070761014686,9.0,0.0,35.0,8466.0,8.126852149014278,0.5191020649452591,0.9505388803916944
ID3613,3613,24,0.18229499459266663,1085.1308662562549,64.46142424471437,0.0,72.0,72,15.0,1,,10.671562082777037,9.0,0.0,34.0,7993.0,8.123314656335374,0.5485191316031236,0.9306790105092384
ID3634,3634,24,0.15401335060596466,1086.9064778199477,65.14770662382782,0.0,73.0,73,15.0,1,,9.89853137516689,8.0,0.0,34.0,7414.0,6.862504530307633,0.4774043179665609,0.9321914048363448
ID3654,3654,24,0.1779281497001648,1092.5453889382923,69.39251849201506,0.0,74.0,74,15.0,1,,10.923898531375167,9.0,0.0,34.0,8182.0,7.708480486590728,0.5282757416833296,0.979710639819896
ID3672,3672,24,0.1733885556459427,1097.4436754220112,63.09267230439537,0.0,75.0,75,15.0,1,,10.702269692923899,9.0,0.0,37.0,8016.0,7.588568497875896,0.508182965020729,0.9504124124256997
ID3712,3712,24,0.1531202793121338,1106.6341901163967,66.524990102812,0.0,76.0,76,15.0,1,,9.814419225634179,8.0,0.0,31.0,7351.0,6.47942076209365,0.5154892244116881,1.030445806509024
ID3691,3691,24,0.16932612657546997,1111.5683339731422,65.39315599263148,0.0,77.0,77,15.0,1,,10.699599465954606,9.0,0.0,29.0,8014.0,7.072713428411172,0.520461744055204,1.0356780442968783
ID3728,3728,24,0.17134268581867218,1113.730294128586,64.84679764125637,0.0,78.0,78,15.0,1,,10.97863818424566,9.0,0.0,32.0,8223.0,7.116266878968989,0.5234641701995786,1.0601832960272302
ID3747,3747,24,0.17476312816143036,1119.9181415239257,61.78052582182801,0.0,79.0,79,15.0,1,,11.038718291054739,9.0,0.0,32.0,8268.0,7.36717292166403,0.5235284152883031,1.0297634716124533
ID3768,3768,24,0.1426299810409546,1118.0457465797942,58.57351241812781,0.0,80.0,80,15.0,1,,9.421895861148197,8.0,0.0,26.0,7057.0,6.105651903847704,0.48817487411107807,1.0124129925910428
ID3788,3788,24,0.17767581343650818,1123.5061592045456,55.24782257215081,0.0,81.0,81,15.0,1,,11.065420560747663,9.0,0.0,32.0,8288.0,7.314898940796704,0.5417341905362806,1.0630809413219033
ID3807,3807,24,0.15079066157341003,1116.7871704035224,51.70206729060649,0.0,82.0,82,15.0,1,,9.806408544726303,9.0,0.0,29.0,7345.0,6.449197732200324,0.5270942035864458,1.0496794553387783
ID3825,3825,24,0.16701790690422058,1118.042918451209,51.29177645659417,0.0,83.0,83,15.0,1,,10.567423230974633,9.0,0.0,32.0,7915.0,7.085407645750865,0.5270676757666909,1.0295379352833716
ID3864,3864,24,0.1763402372598648,1123.2218696384393,50.41021937151966,0.0,84.0,84,15.0,1,,10.89452603471295,9.0,0.0,35.0,8160.0,7.622148590786581,0.5281809437062134,0.9880271397725957
ID3843,3843,24,0.1847836822271347,1121.8608888863278,40.68434702091885,0.0,85.0,85,15.0,1,,11.248331108144193,9.0,0.0,36.0,8425.0,7.905170785773894,0.5430132530561298,1.00149227465495
ID3882,3882,24,0.17528240382671356,1118.8266477621628,42.46061749585192,0.0,86.0,86,15.0,1,,10.7716955941255,9.0,0.0,33.0,8068.0,7.604702312043964,0.5286525683255275,0.9797006709864743
ID3901,3901,24,0.17805597186088562,1120.8898084651705,45.81234150502622,0.0,87.0,87,15.0,1,,10.833110814419225,9.0,0.0,36.0,8114.0,7.937602485910663,0.5166223708171772,0.9298000945237833
ID3921,3921,24,0.17840753495693207,1125.1833618000505,42.414015294529634,0.0,88.0,88,15.0,1,,10.743658210947931,9.0,0.0,32.0,8047.0,8.133148515883603,0.49486210286788257,0.8745940949684713
ID3939,3939,24,0.14734825491905212,1117.6318154759615,46.265735145851345,0.0,89.0,89,15.0,1,,9.751668891855807,8.0,0.0,27.0,7304.0,6.638065807569412,0.45509431064535755,0.9189198912553626
ID3961,3961,24,0.16070325672626495,1116.909723911495,51.244236675984205,0.0,90.0,90,15.0,1,,9.899866488651535,8.0,0.0,32.0,7415.0,7.477371387717168,0.4810229689748703,0.8600315867851969
ID3981,3981,24,0.1715640127658844,1113.5974026797492,52.089758433701945,0.0,91.0,91,15.0,1,,10.376502002670227,8.0,0.0,35.0,7772.0,8.006500236459527,0.502885260365616,0.8673239330931735
ID4020,4020,24,0.1663939356803894,1104.4923154414091,53.13769839821775,0.0,92.0,92,15.0,1,,10.401869158878505,8.0,0.0,31.0,7791.0,7.316931264716807,0.49603035073254226,0.9427146436443347
ID4002,4002,24,0.16709968447685242,1101.9061257142562,54.760355357685,0.0,93.0,93,15.0,1,,10.401869158878505,8.0,0.0,35.0,7791.0,7.826497343812062,0.48006526890783985,0.8621708988533237
ID4039,4039,24,0.15569527447223663,1107.9131837585244,54.59884770254163,0.0,94.0,94,15.0,1,,9.953271028037383,9.0,0.0,35.0,7455.0,7.057950014254733,0.4720212302780254,0.9044086477157359
ID4058,4058,24,0.16149993240833282,1110.8206974473533,59.25673113863881,0.0,95.0,95,15.0,1,,9.554072096128172,7.0,0.0,34.0,7156.0,7.737078246097761,0.49489630861302103,0.8176071220601719
ID4096,4096,24,0.1221761554479599,1108.5309715309124,69.2724364082719,0.0,96.0,96,15.0,1,,8.68090787716956,7.0,0.0,29.0,6502.0,5.924066859735332,0.392845362606546,0.8265971812980897
ID4077,4077,24,0.18310405313968658,1108.7085642900097,75.36657632562634,0.0,97.0,97,15.0,1,,10.70493991989319,8.0,0.0,39.0,8018.0,8.527071683784303,0.5195643609970669,0.8584886742853033
ID4116,4116,24,0.1699228584766388,1106.2180625530573,78.77234091414492,0.0,98.0,98,15.0,1,,9.699599465954606,7.0,0.0,31.0,7265.0,8.186774410012013,0.509819161771224,0.8001330229464677
ID4134,4134,24,0.1704561859369278,1112.945749304459,80.68293153426049,0.0,99.0,99,15.0,1,,9.806408544726303,7.0,0.0,32.0,7345.0,8.333211791902146,0.485251828036718,0.7689438767555067
ID4152,4152,24,0.17089571058750153,1113.1315460661242,80.12662660885677,0.0,100.0,100,15.0,1,,10.500667556742323,8.0,0.0,32.0,7865.0,7.9969286940505855,0.46613303028336195,0.8349494472888597
ID4170,4170,24,0.16013076901435852,1112.2659532676842,86.03889968617592,0.0,101.0,101,15.0,1,,9.548731642189587,7.0,0.0,32.0,7152.0,7.834814606178125,0.4682035040313684,0.7773119830749909
ID4191,4191,24,0.1511145383119583,1112.0541946125961,87.2397741808987,0.0,102.0,102,15.0,1,,9.963951935914553,8.0,0.0,31.0,7463.0,7.043222811318648,0.44325739147923815,0.8689652075812052
ID4210,4210,24,0.13599058985710144,1102.9800758962997,88.446418023427,0.0,103.0,103,15.0,1,,8.759679572763686,7.0,0.0,27.0,6561.0,6.400904674016961,0.45794219774620054,0.8597005690903564
ID4232,4232,24,0.15278229117393494,1103.8478572012843,93.7016208578251,0.0,104.0,104,15.0,1,,9.522029372496663,8.0,0.0,30.0,7132.0,7.101713896037222,0.48195114058923394,0.8720983553443672
ID4251,4251,24,0.16017690300941467,1105.7582832297353,94.35880223931912,0.0,105.0,105,15.0,1,,9.62483311081442,7.0,0.0,35.0,7209.0,7.828336887742709,0.4567713718219756,0.7710120665826262
ID4269,4269,24,0.16056464612483978,1113.1949428455528,87.12696666741012,0.0,106.0,106,15.0,1,,9.744993324432576,7.0,0.0,31.0,7299.0,7.3559512198549655,0.5071880474688489,0.8916086434023761
ID4290,4290,24,0.1228327825665474,1112.6450651869661,77.96438281916241,0.0,107.0,107,15.0,1,,8.834445927903872,8.0,0.0,23.0,6617.0,5.502487441287265,0.43301171765217755,0.9702868819633887
ID4308,4308,24,0.18676500022411346,1117.306103364838,70.94881636040085,0.0,108.0,108,15.0,1,,11.353805073431241,9.0,0.0,34.0,8504.0,8.271402448797554,0.5163048482074198,0.9347854779738216
ID4328,4328,24,0.17772547900676727,1117.2775907295143,71.88506240608837,0.0,109.0,109,15.0,1,,10.83845126835781,9.0,0.0,32.0,8118.0,7.905140529812528,0.5123295939596237,0.9289463281093576
ID4369,4369,24,0.1726461499929428,1121.0830061209774,68.8905298396013,0.0,110.0,110,15.0,1,,10.421895861148197,8.0,0.0,32.0,7806.0,8.12211947358269,0.510510694085346,0.867338033722381
ID4349,4349,24,0.18083880841732025,1127.019248340207,68.486906091298,0.0,111.0,111,15.0,1,,10.376502002670227,8.0,0.0,34.0,7772.0,8.437551856465479,0.5222267007968179,0.843809192757306
ID4388,4388,24,0.1592290997505188,1129.8052784551244,70.97342878630664,0.0,112.0,112,15.0,1,,9.837116154873165,8.0,0.0,30.0,7368.0,7.175057823733763,0.5046348026162356,0.9196413399499377
ID4409,4409,24,0.1688026487827301,1131.1909257426585,69.82623468281494,0.0,113.0,113,15.0,1,,10.496662216288385,8.0,0.0,32.0,7862.0,7.518359138696658,0.5052579683229547,0.9372606557220086
ID4448,4448,24,0.15619131922721863,1127.3655303476683,65.19710529999149,0.0,114.0,114,15.0,1,,9.572763684913218,7.0,0.0,30.0,7170.0,7.33401754437083,0.48404063603193087,0.8514544489362971
ID4428,4428,24,0.1615910679101944,1126.4341921072657,65.35836078986542,0.0,115.0,115,15.0,1,,9.781041388518023,8.0,0.0,31.0,7326.0,7.626832276365745,0.4860035772623529,0.8388619729008704
ID4488,4488,24,0.13115301728248596,1124.936594298957,67.08508573655035,0.0,116.0,116,15.0,1,,8.281708945260347,7.0,0.0,28.0,6203.0,6.594800193256091,0.4203250971421767,0.7432687574481609
ID4468,4468,24,0.12171627581119537,1120.3149007098834,62.39299938862981,0.0,117.0,117,15.0,1,,7.7650200267022695,6.0,0.0,30.0,5816.0,6.10017133150066,0.43602996165989,0.773006906839909
ID4507,4507,24,0.1355360895395279,1116.3827621095145,63.058469338748395,0.0,118.0,118,15.0,1,,9.064085447263018,8.0,0.0,29.0,6789.0,6.436331940500274,0.43408821287277527,0.8525457226524477
ID4526,4526,24,0.17181764543056488,1117.1554935843806,58.00714986078711,0.0,119.0,119,15.0,1,,10.343124165554071,8.0,0.0,34.0,7747.0,8.132165050486819,0.4922268868844057,0.8390851229218638
ID4567,4567,24,0.15432986617088318,1122.6324518481802,58.04722135686651,0.0,120.0,120,15.0,1,,9.356475300400534,7.0,0.0,31.0,7008.0,7.689306163179723,0.4534717646027361,0.759274420646093
ID4547,4547,24,0.1425362229347229,1118.2173127374406,58.84175281880141,0.0,121.0,121,15.0,1,,8.974632843791722,7.0,0.0,29.0,6722.0,7.068658513976231,0.4357223853239511,0.7706356313221828
ID4586,4586,24,0.13853950798511505,1122.307397770147,55.24594800400096,0.0,122.0,122,15.0,1,,8.395193591455273,7.0,0.0,29.0,6288.0,6.927337024999349,0.45512042800332647,0.758091775940323
ID4607,4607,24,0.1520526111125946,1122.1868543936448,53.54647981501784,0.0,123.0,123,15.0,1,,9.675567423230975,8.0,0.0,29.0,7247.0,7.2001710916099855,0.4578998876860935,0.8441244066527694
ID4629,4629,24,0.12453668564558029,1122.5665710600063,46.509467973493244,0.0,124.0,124,15.0,1,,9.36849132176235,8.0,0.0,24.0,7017.0,5.404283357041868,0.4197284256900822,1.0250018451481664
ID4649,4649,24,0.15459738671779633,1120.6369784955157,46.51225635668511,0.0,125.0,125,15.0,1,,9.598130841121495,7.0,0.0,33.0,7189.0,7.312544838125486,0.46597959281660917,0.8344245867656108
ID4670,4670,24,0.15098457038402557,1119.1867537709559,49.40085612175153,0.0,126.0,126,15.0,1,,9.797062750333778,8.0,0.0,29.0,7338.0,6.8812651120886565,0.4558510175878807,0.8915867167706575
ID4689,4689,24,0.1495596468448639,1118.1869595249823,55.497142839661876,0.0,127.0,127,15.0,1,,9.460614152202938,8.0,0.0,32.0,7086.0,6.957864795324299,0.477940114092593,0.8794071385946737
ID4730,4730,24,0.13404114544391632,1116.7097338373796,61.10720119660859,0.0,128.0,128,15.0,1,,9.180240320427236,8.0,0.0,25.0,6876.0,5.892153256293068,0.4605780218790285,0.9826264734015456
ID4710,4710,24,0.1705891489982605,1110.9036771151345,61.481514114969016,0.0,129.0,129,15.0,1,,9.886515353805073,7.0,0.0,35.0,7405.0,8.377088198847774,0.47673472025775726,0.7619990841807359
ID4751,4751,24,0.16572239995002747,1107.569536429333,65.35403483659267,0.0,130.0,130,15.0,1,,9.92256341789052,8.0,0.0,32.0,7432.0,7.616958692960353,0.5049921254479198,0.8742238631815588
ID4771,4771,24,0.1449871063232422,1114.6590454538812,66.97182664049642,0.0,131.0,131,15.0,1,,9.714285714285714,9.0,0.0,28.0,7276.0,6.272644235010217,0.48322939490982636,1.0091023853084742
ID4809,4809,24,0.17129167914390564,1119.6204065111447,67.64314706633519,0.0,132.0,132,15.0,1,,10.020026702269693,8.0,0.0,36.0,7505.0,8.219149057489625,0.49506696267380734,0.8073750392848572
ID4790,4790,24,0.16130699217319489,1122.0901315259887,67.73973726528047,0.0,133.0,133,15.0,1,,10.054739652870493,8.0,0.0,31.0,7531.0,7.127632797577475,0.5009911513436146,0.9416888567021137
ID4829,4829,24,0.17580446600914001,1119.6175457465022,72.94303390276916,0.0,134.0,134,15.0,1,,10.445927903871828,8.0,0.0,33.0,7824.0,8.103364660662395,0.511958294658473,0.8729842501590428
ID4850,4850,24,0.16128508746623993,1116.6502936338354,72.64199457261878,0.0,135.0,135,15.0,1,,9.662216288384514,8.0,0.0,29.0,7237.0,7.315606780584242,0.5196575764232496,0.9032914941289207
ID4890,4890,24,0.14859944581985474,1118.6008917892143,77.37943879879023,0.0,136.0,136,15.0,1,,9.667556742323097,8.0,0.0,27.0,7241.0,6.443317396806346,0.49444246527376307,0.9928274214831164
ID4869,4869,24,0.15912866592407227,1120.2699534990709,70.38007872983636,0.0,137.0,137,15.0,1,,10.45260347129506,9.0,0.0,29.0,7829.0,7.006830836641023,0.470751042566159,0.9549595232042323
ID4910,4910,24,0.14604295790195465,1109.6481564392213,67.89259137975627,0.0,138.0,138,15.0,1,,9.256341789052069,8.0,0.0,30.0,6933.0,6.67772079745772,0.48625972731247075,0.907015509964493
ID4931,4931,24,0.17067568004131317,1105.0895239347362,68.81714392496852,0.0,139.0,139,15.0,1,,10.118825100133511,8.0,0.0,32.0,7579.0,7.783880966191584,0.5198921022272328,0.8893329039635641
ID4952,4952,24,0.18031011521816254,1104.44780307784,67.5278680564779,0.0,140.0,140,15.0,1,,11.232309746328438,10.0,0.0,31.0,8413.0,7.3887088761028155,0.5549344401898709,1.0850758746577087
ID4972,4972,24,0.1972232162952423,1101.2871876481615,72.21661969115986,0.0,141.0,141,15.0,1,,12.213618157543392,10.0,0.0,37.0,9148.0,8.229968477629264,0.5287887211647709,1.0266227295966255
ID5016,5016,24,0.17840681970119476,1103.7329593158865,69.76824452989105,0.0,142.0,142,15.0,1,,10.903871829105475,9.0,0.0,32.0,8167.0,7.8526774932138474,0.5110155052036031,0.9392000972716205
ID4994,4994,24,0.17960256338119507,1106.9757910326682,73.40224098070865,0.0,143.0,143,15.0,1,,10.23898531375167,8.0,0.0,34.0,7669.0,8.230001009483173,0.5463152429932792,0.879087912179381
ID5056,5056,24,0.17798283696174622,1105.5642110961771,68.96378814188691,0.0,144.0,144,15.0,1,,10.843791722296395,9.0,0.0,32.0,8122.0,7.69529368912647,0.5328222982048975,0.9796626388605266
ID5036,5036,24,0.1914195865392685,1107.3158050243687,62.826408919419805,0.0,145.0,145,15.0,1,,11.025367156208278,8.0,0.0,32.0,8258.0,8.533710913621466,0.5520832443423065,0.919125226268242
ID5098,5098,24,0.1556093841791153,1103.522526008751,57.84081497139901,0.0,146.0,146,15.0,1,,10.572763684913218,9.0,0.0,32.0,7919.0,6.483966689945776,0.49818170748324214,1.0844287740485576
ID5077,5077,24,0.1747107356786728,1097.92292395741,54.23866763424128,0.0,147.0,147,15.0,1,,10.878504672897197,9.0,0.0,31.0,8148.0,7.359916727218833,0.5275526766471388,1.0209299231013336
ID5119,5119,24,0.17972862720489502,1103.0202122342882,52.55554743560154,0.0,148.0,148,15.0,1,,10.927903871829105,9.0,0.0,35.0,8185.0,8.197275764463546,0.4974678514683534,0.8857370854878803
ID5140,5140,24,0.14108310639858246,1105.3910758278228,44.570971460986286,0.0,149.0,149,15.0,1,,9.044058744993324,8.0,0.0,27.0,6774.0,6.58221819288835,0.4694421349723836,0.877911371242931
ID5161,5161,24,0.16919678449630737,1101.7888333258743,36.63239451431172,0.0,150.0,150,15.0,1,,10.40720961281709,8.0,0.0,31.0,7795.0,7.653142469810876,0.4966150310190462,0.9024730814312442
ID5182,5182,24,0.18252603709697723,1098.586383985202,34.662369189477104,0.0,151.0,151,15.0,1,,11.176234979973298,9.0,0.0,33.0,8371.0,7.748791261840579,0.5399220197175776,1.011402140805742
ID5226,5226,24,0.14359904825687408,1104.8556495845341,39.02824292478783,0.0,152.0,152,15.0,1,,9.333778371161548,8.0,0.0,29.0,6991.0,6.45040265368491,0.469501761778804,0.9246295521115906
ID5205,5205,24,0.1657663732767105,1104.3529075172141,45.319819364677706,0.0,153.0,153,15.0,1,,10.586114819759679,8.0,0.0,33.0,7929.0,7.525153505827244,0.46527752665306454,0.8933947987070073
ID5249,5249,24,0.162704735994339,1096.9887527208127,40.68292312328966,0.0,154.0,154,15.0,1,,10.16822429906542,8.0,0.0,32.0,7616.0,7.323028264704801,0.49637269032318365,0.9211969868130271
ID5270,5270,24,0.15189963579177856,1089.2358013547566,38.64222446591614,0.0,155.0,155,15.0,1,,9.349799732977303,8.0,0.0,29.0,7003.0,7.024817776954191,0.492085311880269,0.8778978552983817
ID5313,5313,24,0.17268547415733337,1082.2972177414867,45.68060207147677,0.0,156.0,156,15.0,1,,10.481975967957275,9.0,0.0,32.0,7851.0,7.867808801799124,0.5004773855300907,0.8887392525111779
ID5292,5292,24,0.1598106026649475,1081.5273046986504,49.52903707193951,0.0,157.0,157,15.0,1,,9.682242990654206,7.0,0.0,33.0,7252.0,7.733735203826742,0.4794404064696309,0.8114351789198667
ID5335,5335,24,0.17227496206760406,1079.7278960399256,47.314463149084006,0.0,158.0,158,15.0,1,,10.241655540720961,8.0,0.0,31.0,7671.0,7.669062470775318,0.5440223684799199,0.9410681049577994
ID5355,5355,24,0.1706806868314743,1079.4246904305182,45.14095111505066,0.0,159.0,159,15.0,1,,10.289719626168225,9.0,0.0,31.0,7707.0,7.852426550358311,0.5113057801737046,0.8866618304857364
ID5377,5377,24,0.15842321515083313,1071.8420985490563,40.85853711051803,0.0,160.0,160,15.0,1,,10.246995994659546,9.0,0.0,28.0,7675.0,6.790732295435647,0.4941078306956822,0.9980441350440978
ID5397,5397,24,0.17036108672618866,1080.2433156852355,37.79950072964055,0.0,161.0,161,15.0,1,,9.763684913217624,7.0,0.0,32.0,7313.0,8.004441633774446,0.5339040162560303,0.8491368970348054
ID5416,5416,24,0.16998687386512756,1079.3617790093685,35.359549242507136,0.0,162.0,162,15.0,1,,10.551401869158878,9.0,0.0,32.0,7903.0,7.413788915275635,0.5188288177558292,0.9723334018289347
ID5436,5436,24,0.17207874357700348,1086.4344015355248,31.740927115531594,0.0,163.0,163,15.0,1,,10.376502002670227,8.0,0.0,33.0,7772.0,7.7033767888416875,0.5200474797032448,0.9216916893629187
ID5458,5458,24,0.1808817982673645,1088.5318347558841,29.59260100133239,0.0,164.0,164,15.0,1,,10.938584779706275,9.0,0.0,35.0,8193.0,8.093304067051138,0.5221843124468121,0.9273034046284636
ID5479,5479,24,0.18490800261497498,1089.1298252711924,26.065275445142706,0.0,165.0,165,15.0,1,,10.91588785046729,8.0,0.0,35.0,8176.0,8.11627573032861,0.5850955615967173,0.9928956815847712
ID5500,5500,24,0.18344388902187347,1089.2842065433838,29.62548631239803,0.0,166.0,166,15.0,1,,10.921228304405874,9.0,0.0,34.0,8180.0,8.22643713936768,0.5284792650525395,0.9180325902174772
ID5520,5520,24,0.15496546030044556,1092.2642238142735,22.864706695517174,0.0,167.0,167,15.0,1,,9.910547396528704,8.0,0.0,32.0,7423.0,7.418452088168296,0.5967075203774387,0.9985055494475603
ID5542,5542,24,0.14089535176753998,1086.2491208507763,24.09462209372779,0.0,168.0,168,15.0,1,,9.586114819759679,9.0,0.0,28.0,7180.0,6.680814537153904,0.5743418556363601,1.0469227365980944
ID5565,5565,24,0.17306187748908997,1082.7410430060584,26.13842106037218,0.0,169.0,169,15.0,1,,10.303070761014686,8.0,0.0,35.0,7717.0,7.94181741290068,0.6046263414989155,0.9776646822383227
ID5586,5586,24,0.18063776195049286,1084.9947820287334,30.515753646560597,0.0,170.0,170,15.0,1,,10.83177570093458,9.0,0.0,33.0,8113.0,7.8837478989107455,0.5466479841198353,0.9712101146705205
ID2313,2313,26,0.1195724830031395,2579.2136153933025,1040.002730205197,0.0,13.0,13,15.0,1,,9.392523364485982,9.0,0.0,21.0,7035.0,4.310569979005712,0.48053904745961334,1.414446082241264
ID2338,2338,26,0.1181473359465599,2579.8706815346586,1040.4295018697287,0.0,14.0,14,15.0,1,,9.255006675567424,9.0,0.0,23.0,6932.0,4.404405567424713,0.48101569762628543,1.3649571469642752
ID2363,2363,26,0.11088521033525467,2583.567039120032,1038.7189641156854,0.0,15.0,15,15.0,1,,9.081441922563418,9.0,0.0,20.0,6802.0,3.952260580159256,0.46538404271356926,1.4594837530042537
ID2388,2388,26,0.10829386860132217,2586.3718138518316,1030.5799392038205,0.0,16.0,16,15.0,1,,8.857142857142858,8.0,0.0,20.0,6634.0,3.9028500291306916,0.46202904764456826,1.434349746023636
ID2413,2413,26,0.10412069410085678,2593.0316797581745,1025.3483047402367,0.0,17.0,17,15.0,1,,8.379172229639519,8.0,0.0,21.0,6276.0,4.264063721478848,0.4441654370205459,1.208746530610468
ID2462,2462,26,0.11159822344779968,2597.4363259774445,1022.6599534289595,0.0,18.0,18,15.0,1,,8.766355140186915,8.0,0.0,20.0,6566.0,4.020022106906502,0.5112047823084465,1.4753402934135433
ID2437,2437,26,0.10667926073074341,2592.356247470103,1028.4588243612538,0.0,19.0,19,15.0,1,,8.813084112149532,9.0,0.0,21.0,6601.0,4.030603479135255,0.4434886977395478,1.3435598087123408
ID2488,2488,26,0.10572549700737,2597.4377775235807,1036.0200693867653,0.0,20.0,20,15.0,1,,9.109479305740988,9.0,0.0,19.0,6823.0,3.7798761221194095,0.44757555733770926,1.490291080285143
ID2511,2511,26,0.11101043224334717,2602.1868990661055,1040.9360183379736,0.0,21.0,21,15.0,1,,8.955941255006676,8.0,0.0,20.0,6708.0,4.364040292628919,0.43691802232541177,1.2480168456878034
ID2535,2535,26,0.11565528064966202,2602.631868605621,1040.8466512642149,0.0,22.0,22,15.0,1,,9.0347129506008,9.0,0.0,23.0,6767.0,4.459427534434433,0.4511810402301279,1.259779360781811
ID2579,2579,26,0.11198383569717407,2606.0932702344157,1046.5695628412225,0.0,24.0,24,15.0,1,,8.692923898531376,8.0,0.0,22.0,6511.0,4.31688831546034,0.4742041798827147,1.295486226282059
ID2602,2602,26,0.131399005651474,2602.6640365203407,1045.9038213596693,0.0,25.0,25,15.0,1,,9.937249666221629,9.0,0.0,24.0,7443.0,4.793607978578275,0.4854920804781705,1.3550193327093703
ID2624,2624,26,0.11391667276620865,2596.503698300356,1047.3056748599224,0.0,26.0,26,15.0,1,,9.221628838451268,9.0,0.0,21.0,6907.0,3.8989937020714622,0.47768609298655346,1.529133884145099
ID2644,2644,26,0.11728686094284058,2599.8322480767984,1038.3470789681849,0.0,27.0,27,15.0,1,,9.154873164218959,9.0,0.0,22.0,6857.0,4.443350303060673,0.4734208663094282,1.3240133190373051
ID2667,2667,26,0.10644888877868652,2604.338971434164,1033.7247498855252,0.0,28.0,28,15.0,1,,8.663551401869158,8.0,0.0,21.0,6489.0,4.204850610200751,0.43778127380483634,1.2546995406550254
ID2691,2691,26,0.11844799667596817,2608.1163174913368,1028.642137449316,0.0,29.0,29,15.0,1,,9.34045393858478,9.0,0.0,21.0,6996.0,4.376068890916735,0.4586172372654945,1.3422173880667907
ID2714,2714,26,0.11546171456575394,2617.076067023735,1038.6760603073342,0.0,30.0,30,15.0,1,,9.268357810413885,9.0,0.0,25.0,6942.0,4.387796043321728,0.4391663306469662,1.2891528167552402
ID2737,2737,26,0.10319404304027557,2617.8345032471416,1041.3324024215403,0.0,31.0,31,15.0,1,,8.891855807743658,9.0,0.0,21.0,6660.0,3.9684990091466528,0.41196176967995196,1.307465109000383
ID2784,2784,26,0.11686094105243683,2616.598850234513,1043.3740630759237,0.0,33.0,33,15.0,1,,9.345794392523365,9.0,0.0,21.0,7000.0,4.188001586582773,0.4863147568760636,1.4603132940820076
ID2807,2807,26,0.10568293929100037,2623.543051543338,1037.7167466469716,0.0,34.0,34,15.0,1,,8.748998664886516,9.0,0.0,20.0,6553.0,4.271659458658528,0.43813082695066313,1.2479498654555174
ID2851,2851,26,0.10271818190813065,2610.582493887148,1051.966554427544,0.0,36.0,36,15.0,1,,8.667556742323097,8.0,0.0,20.0,6492.0,4.055467958128824,0.4218843900590944,1.268279243317055
ID2876,2876,26,0.11540885269641876,2608.541187372665,1058.5116188504853,0.0,37.0,37,15.0,1,,9.024032042723631,9.0,0.0,22.0,6759.0,4.2905142579768185,0.4811225306718256,1.3664255736850812
ID2900,2900,26,0.1287676990032196,2599.5846163747874,1059.844800040648,0.0,38.0,38,15.0,1,,9.925233644859814,10.0,0.0,24.0,7434.0,4.582256683737613,0.4932045579679278,1.4308664341071842
ID2922,2922,26,0.13685262203216553,2596.412508462108,1060.1433272372483,0.0,39.0,39,15.0,1,,10.341789052069426,10.0,0.0,23.0,7746.0,5.101968530995702,0.4862320630679679,1.3263094452581459
ID2948,2948,26,0.11816711723804474,2598.8403836186912,1059.436430411898,0.0,40.0,40,15.0,1,,9.372496662216289,9.0,0.0,24.0,7020.0,4.322103591254108,0.47622187373886926,1.3990969880958184
ID2970,2970,26,0.11193525791168213,2613.4910864806907,1065.6867381396123,0.0,41.0,41,15.0,1,,9.267022696929239,9.0,0.0,21.0,6941.0,4.14325614359157,0.43829597972811,1.3631625929220095
ID2991,2991,26,0.13089537620544434,2617.2455345752887,1065.8655142059447,0.0,42.0,42,15.0,1,,10.118825100133511,9.0,0.0,23.0,7579.0,4.685628352341613,0.48476668896574215,1.4101548323754354
ID3015,3015,26,0.12533330917358398,2620.4615403660237,1065.124858157196,0.0,43.0,43,15.0,1,,9.511348464619493,9.0,0.0,24.0,7124.0,4.587991990557019,0.49432204247530886,1.3715612655677594
ID3061,3061,26,0.11056697368621826,2615.572951476696,1068.6642666733528,0.0,45.0,45,15.0,1,,9.009345794392523,9.0,0.0,21.0,6748.0,4.170005991903653,0.4377539907198159,1.315624962377143
ID3084,3084,26,0.12901495397090912,2611.442682439778,1066.4271986908393,0.0,46.0,46,15.0,1,,9.913217623497998,10.0,0.0,22.0,7425.0,4.548220423207811,0.50438156310632,1.4615185532060542
ID3105,3105,26,0.11371956765651703,2608.3651118440407,1060.6628035088681,0.0,47.0,47,15.0,1,,9.068090787716956,8.0,0.0,23.0,6792.0,4.524373589434597,0.44418302765997486,1.2328979200000239
ID3127,3127,26,0.1262364536523819,2608.170969153934,1068.6354015844888,0.0,48.0,48,15.0,1,,9.879839786381842,9.0,0.0,27.0,7400.0,4.584207018121283,0.4866226335373847,1.4109357581356368
ID3149,3149,26,0.1207827776670456,2601.4157388877884,1070.316948325859,0.0,49.0,49,15.0,1,,9.556742323097463,9.0,0.0,23.0,7158.0,4.109601131364805,0.5017827447474297,1.55399212076867
ID2660,2660,34,0.12110134214162827,2202.8746313800198,132.43740185034358,0.0,28.0,28,15.0,1,,8.181575433911883,6.0,0.0,30.0,6128.0,6.678373763448366,0.3672488447459202,0.6581260578142285
ID2683,2683,34,0.10894529521465302,2215.2913568290105,132.38004320825038,0.0,29.0,29,15.0,1,,8.237650200267023,7.0,0.0,26.0,6170.0,5.206394960215241,0.39686672318004834,0.8990543464753445
ID2707,2707,34,0.13432957231998444,2225.9296421369004,134.6468174792701,0.0,30.0,30,15.0,1,,8.975967957276369,7.0,0.0,29.0,6723.0,6.589731055107712,0.4214682883433805,0.8077395108513344
ID2730,2730,34,0.12466699630022049,2225.20938212636,135.75348416614796,0.0,31.0,31,15.0,1,,8.595460614152202,7.0,0.0,28.0,6438.0,6.214355530587693,0.3915670072584786,0.7784039345931857
ID2753,2753,34,0.12438089400529861,2231.4783257716213,139.170252723878,0.0,32.0,32,15.0,1,,8.360480640854473,7.0,0.0,32.0,6262.0,6.224699617666133,0.42924985494977247,0.8067609018378595
ID2777,2777,34,0.11287002265453339,2239.77146014879,137.63839047704624,0.0,33.0,33,15.0,1,,7.893190921228304,7.0,0.0,24.0,5912.0,5.477403176056383,0.4109860971807127,0.8394837431957869
ID2800,2800,34,0.12057673186063766,2239.856612439446,135.46460465264718,0.0,34.0,34,15.0,1,,8.041388518024032,6.0,0.0,31.0,6023.0,6.4656348824439975,0.3915689965115208,0.6999280827630525
ID2823,2823,34,0.12429001182317734,2237.178469914004,135.94507248562218,0.0,35.0,35,15.0,1,,8.439252336448599,7.0,0.0,28.0,6321.0,6.535023493498173,0.38099597713494426,0.7125490931064282
ID2844,2844,34,0.11937309801578522,2235.7531345437706,135.74982887702285,0.0,36.0,36,15.0,1,,8.044058744993324,6.0,0.0,27.0,6025.0,6.136759807725965,0.3766610615287522,0.717281783161678
ID2868,2868,34,0.13445788621902466,2227.6395222814376,140.03468866760917,0.0,37.0,37,15.0,1,,8.562082777036048,7.0,0.0,30.0,6413.0,6.825397204056246,0.42698233178092737,0.7507110290678998
ID2892,2892,34,0.1435791552066803,2228.835249057773,142.96464779934576,0.0,38.0,38,15.0,1,,9.02803738317757,7.0,0.0,29.0,6762.0,6.776059935927756,0.4846702141705945,0.8698861986577403
ID2914,2914,34,0.1446104645729065,2235.0235167512724,142.89692452063537,0.0,39.0,39,15.0,1,,8.667556742323097,6.0,0.0,29.0,6492.0,7.513999557051288,0.4399769642401284,0.7049039078587016
ID2939,2939,34,0.15172450244426727,2233.992080804466,143.4925642736189,0.0,40.0,40,15.0,1,,9.449933244325768,7.0,0.0,31.0,7078.0,7.436484393127419,0.456593575071218,0.7966773525869902
ID2963,2963,34,0.18200503289699554,2231.6875759481973,147.54588461613483,0.0,41.0,41,15.0,1,,10.363150867823766,7.0,0.0,36.0,7762.0,8.680547353607645,0.521352175647024,0.8182313894546446
ID2984,2984,34,0.1651366949081421,2231.096970468114,150.21615258409778,0.0,42.0,42,15.0,1,,9.855807743658211,7.0,0.0,33.0,7382.0,7.980962243822456,0.48183442568787954,0.8030916462805858
ID3007,3007,34,0.16839617490768433,2227.3671778900766,146.36032748381533,0.0,43.0,43,15.0,1,,10.192256341789053,8.0,0.0,31.0,7634.0,7.607194305145173,0.5125630688671546,0.9080497500335339
ID3031,3031,34,0.1881595253944397,2225.071910470119,144.79717362593843,0.0,44.0,44,15.0,1,,10.500667556742323,7.0,0.0,34.0,7865.0,9.009742919096555,0.5398685384958457,0.8172197975159722
ID3052,3052,34,0.18100829422473907,2222.7789525487965,148.65917695959294,0.0,45.0,45,15.0,1,,10.297730307076101,8.0,0.0,37.0,7713.0,8.748919424608472,0.5112905927891864,0.7964103872619581
ID3076,3076,34,0.14533363282680511,2224.1229275509395,146.2010527562553,0.0,46.0,46,15.0,1,,9.141522029372497,8.0,0.0,31.0,6847.0,6.833485368335827,0.4673738864454413,0.8521771683560141
ID3098,3098,34,0.16491495072841644,2221.7609754441087,138.25950564543464,0.0,47.0,47,15.0,1,,9.421895861148197,7.0,0.0,38.0,7057.0,8.295405025027273,0.4898327889306308,0.7468631376156575
ID3120,3120,34,0.10983619838953018,2224.5635166047946,136.81471366491547,0.0,48.0,48,15.0,1,,7.479305740987984,6.0,0.0,25.0,5602.0,5.969500158110483,0.36007201393929245,0.6634081124056115
ID3142,3142,34,0.11372828483581543,2228.5799993311307,137.52161207979105,0.0,49.0,49,15.0,1,,7.874499332443258,6.0,0.0,23.0,5898.0,5.750401396969577,0.4023531532600609,0.7857869267900903
ID3164,3164,34,0.11949243396520615,2229.4254245929446,142.84929008840587,0.0,50.0,50,15.0,1,,8.001335113484647,7.0,0.0,30.0,5993.0,6.089901198772508,0.4291614914221424,0.7890811140818093
ID3185,3185,34,0.11529844254255295,2231.817741534289,149.00727873873757,0.0,51.0,51,15.0,1,,7.530040053404539,6.0,0.0,29.0,5640.0,6.314673314001667,0.3869167408999098,0.6653398332503296
ID2974,2974,42,0.12339726090431213,3044.517828407055,1395.6396906566326,0.0,41.0,41,15.0,1,,9.797062750333778,9.0,0.0,25.0,7338.0,4.595852806475028,0.4750301964271936,1.3730301718160312
ID2995,2995,42,0.10742677748203278,3034.653371609168,1395.4334589871291,0.0,42.0,42,15.0,1,,8.392523364485982,8.0,0.0,22.0,6286.0,4.395944614292442,0.461790775090955,1.2062307034638242
ID3019,3019,42,0.10481932759284973,3038.3909577922705,1398.2520547216661,0.0,43.0,43,15.0,1,,8.814419225634179,8.0,0.0,21.0,6602.0,3.948059205117951,0.42997720310502474,1.3426300332898506
ID3041,3041,42,0.12293096631765366,3040.8099206328534,1401.960285567957,0.0,44.0,44,15.0,1,,9.097463284379172,9.0,0.0,25.0,6814.0,4.846836608270712,0.4798409576695773,1.217234350665856
ID3065,3065,42,0.11659236997365952,3047.7218901115925,1407.8711294926711,0.0,45.0,45,15.0,1,,9.229639519359145,9.0,0.0,26.0,6913.0,4.430464238943109,0.49571302561425523,1.3808533389720747
ID3088,3088,42,0.12951168417930603,3044.055842405301,1406.0579110305787,0.0,46.0,46,15.0,1,,9.95460614152203,10.0,0.0,24.0,7456.0,4.820086177698849,0.46822442337336806,1.3172278175114753
ID3108,3108,42,0.12220435589551926,3044.2806914728844,1405.3779622454674,0.0,47.0,47,15.0,1,,9.316421895861149,9.0,0.0,24.0,6978.0,4.714582000213721,0.46431623415972895,1.253184285990041
ID3130,3130,42,0.12841691076755524,3047.9854342673134,1408.1161817264126,0.0,48.0,48,15.0,1,,9.675567423230975,9.0,0.0,25.0,7247.0,4.737799259500378,0.49475529187803274,1.3519173200368721
ID3152,3152,42,0.11661215126514435,3041.7412930481046,1403.872216108748,0.0,49.0,49,15.0,1,,8.781041388518023,8.0,0.0,22.0,6577.0,4.5090655546456855,0.4668801080933726,1.2396532462020535
ID3173,3173,42,0.11805674433708191,3034.7778299886377,1404.8676290966305,0.0,50.0,50,15.0,1,,9.108144192256342,9.0,0.0,23.0,6822.0,4.704111343280788,0.45066077344990374,1.2030015597417045
ID3194,3194,42,0.12308763712644577,3032.3529514892844,1402.4694012747746,0.0,51.0,51,15.0,1,,9.012016021361816,8.0,0.0,24.0,6750.0,4.953377804981904,0.46199521292557355,1.1498522037365546
ID3214,3214,42,0.12327460944652557,3031.8270869451694,1401.8728136572934,0.0,52.0,52,15.0,1,,9.333778371161548,9.0,0.0,24.0,6991.0,4.450343285324421,0.49976833366154555,1.39777903729201
ID3235,3235,42,0.11196140944957733,3038.369644151943,1408.7627110166818,0.0,53.0,53,15.0,1,,8.779706275033378,8.0,0.0,21.0,6576.0,4.53722740601914,0.4249955158620286,1.1542244929929382
ID3256,3256,42,0.10636366903781891,3038.3033674679577,1413.6157664501752,0.0,54.0,54,15.0,1,,8.785046728971963,8.0,0.0,20.0,6580.0,4.071288625732239,0.4345540222661098,1.3072812923666024
ID3276,3276,42,0.11346700042486191,3045.2585061123473,1417.0225762265795,0.0,55.0,55,15.0,1,,8.851802403204273,8.0,0.0,24.0,6630.0,4.72004345845177,0.42343322804130273,1.1157413918127674
ID3295,3295,42,0.12220962345600128,3049.079488207211,1416.043523337619,0.0,56.0,56,15.0,1,,9.411214953271028,9.0,0.0,23.0,7049.0,4.890423058697294,0.4852880787764508,1.2575295108610873
ID3314,3314,42,0.12089452892541885,3046.976066813743,1414.14569944546,0.0,57.0,57,15.0,1,,8.925233644859814,8.0,0.0,23.0,6685.0,4.876799418916308,0.4840809187880689,1.1939195919249808
ID3336,3336,42,0.10682250559329987,3048.809610683625,1410.5479121427022,0.0,58.0,58,15.0,1,,8.18291054739653,8.0,0.0,21.0,6129.0,4.5729297140667935,0.4564813571617679,1.121660402516575
ID3357,3357,42,0.10719840973615646,3051.0478369792004,1410.4310109911619,0.0,59.0,59,15.0,1,,9.060080106809078,8.0,0.0,23.0,6786.0,4.316721683156209,0.4522439538716145,1.3071974043530556
ID3377,3377,42,0.10786966234445572,3052.369339212298,1406.3091072438317,0.0,60.0,60,15.0,1,,9.261682242990654,9.0,0.0,24.0,6937.0,4.405075809586064,0.4624215613607322,1.3296335957940262
ID3398,3398,42,0.1096118688583374,3048.449943494635,1413.6470275255392,0.0,61.0,61,15.0,1,,9.02803738317757,9.0,0.0,24.0,6762.0,4.099434422799795,0.45327527161723036,1.3737684680336135
ID3419,3419,42,0.10524535179138184,3043.618657686278,1415.980475637507,0.0,62.0,62,15.0,1,,8.237650200267023,8.0,0.0,20.0,6170.0,4.136329565997626,0.44498109915967227,1.2265848768151628
ID3033,3033,44,0.15785083174705505,2466.019410507727,378.0537142925184,0.0,44.0,44,15.0,1,,9.942590120160213,9.0,0.0,29.0,7447.0,6.915120549404031,0.5250063330943753,0.9899714530547157
ID3053,3053,44,0.1765947937965393,2474.8349480026636,375.38012587578396,0.0,45.0,45,15.0,1,,10.516688918558078,8.0,0.0,35.0,7877.0,8.071459041224738,0.5110325544619446,0.8813161367782743
ID3078,3078,44,0.17735637724399567,2476.414918830245,374.63351371569024,0.0,46.0,46,15.0,1,,10.688918558077436,9.0,0.0,35.0,8006.0,7.757394094264686,0.5366362043100094,0.9624026637263794
ID3100,3100,44,0.1739320158958435,2473.359754508217,371.8043130891353,0.0,47.0,47,15.0,1,,10.185580774365821,7.0,0.0,35.0,7629.0,8.566287943688062,0.4762548733747172,0.7671869605517866
ID3122,3122,44,0.17011141777038574,2472.7270325195564,368.372220879947,0.0,48.0,48,15.0,1,,10.572763684913218,9.0,0.0,32.0,7919.0,7.38361428198977,0.515903244898538,0.9746446352300872
ID3144,3144,44,0.1847262680530548,2465.76622413829,360.34809643317783,0.0,49.0,49,15.0,1,,10.372496662216289,8.0,0.0,36.0,7769.0,8.794221595128636,0.5326156981694524,0.8197786200916191
ID3166,3166,44,0.19989463686943054,2463.0940006021037,358.3954367838088,0.0,50.0,50,15.0,1,,11.373831775700934,8.0,0.0,40.0,8519.0,9.113171925507327,0.5362762657825647,0.87133766622943
ID3186,3186,44,0.19567209482192993,2458.283241554213,353.5448833771068,0.0,51.0,51,15.0,1,,10.639519359145527,7.0,0.0,36.0,7969.0,9.494909290902799,0.5280706654456722,0.7744792544023597
ID3206,3206,44,0.1940465122461319,2458.2841986742346,353.75947699585754,0.0,52.0,52,15.0,1,,10.80373831775701,8.0,0.0,37.0,8092.0,9.177843985974937,0.5403293186774317,0.8258636146189551
ID3227,3227,44,0.1854906529188156,2462.2212155466577,354.38006675631397,0.0,53.0,53,15.0,1,,10.63150867823765,8.0,0.0,40.0,7963.0,8.751645864702693,0.5168997390715286,0.8279127948437277
ID3248,3248,44,0.16951380670070648,2469.28167440638,356.0479054639446,0.0,54.0,54,15.0,1,,10.213618157543392,8.0,0.0,33.0,7650.0,7.979236180222802,0.4829718615121044,0.8337526194704691
ID3269,3269,44,0.170637845993042,2474.3138689020643,352.77692362289196,0.0,55.0,55,15.0,1,,10.51268357810414,9.0,0.0,31.0,7874.0,7.475908678517241,0.5005499250236113,0.9381592219240825
ID3288,3288,44,0.1855345517396927,2478.0928972858787,348.94924308441216,0.0,56.0,56,15.0,1,,11.2456608811749,8.0,0.0,40.0,8423.0,8.632329358728864,0.493968288264465,0.8614789430577343
ID3307,3307,44,0.1543595790863037,2476.9762850197867,353.61029954414494,0.0,57.0,57,15.0,1,,9.696929238985314,7.0,0.0,30.0,7263.0,7.294987926418415,0.4624209543929053,0.8406297373340064
ID3328,3328,44,0.16053499281406403,2477.5630437688988,354.8230905008781,0.0,58.0,58,15.0,1,,9.522029372496663,7.0,0.0,33.0,7132.0,7.933285199585329,0.4814271397425564,0.780111567732159
ID3349,3349,44,0.16501417756080627,2473.256253350728,351.6925292522689,0.0,59.0,59,15.0,1,,10.08411214953271,8.0,0.0,34.0,7553.0,8.044138010355839,0.4583410126924447,0.7879846909535766
ID3370,3370,44,0.16274791955947876,2473.147735180834,349.8737128041356,0.0,60.0,60,15.0,1,,9.472630173564752,7.0,0.0,34.0,7095.0,8.215406236075047,0.4679634539264354,0.7351369100730327
ID3391,3391,44,0.16696301102638245,2477.4024812096386,348.29220489499875,0.0,61.0,61,15.0,1,,9.376502002670227,7.0,0.0,36.0,7023.0,8.504153313324808,0.48606571733357656,0.7212681267554519
ID3411,3411,44,0.14400070905685425,2483.2808812591816,341.2599049043224,0.0,62.0,62,15.0,1,,8.595460614152202,6.0,0.0,31.0,6438.0,7.507787807480303,0.4460506001320308,0.7062977107772823
ID3432,3432,44,0.1435455083847046,2475.7198367796896,339.56302382773623,0.0,63.0,63,15.0,1,,9.048064085447264,7.0,0.0,33.0,6777.0,6.853145350402874,0.46307967113237947,0.8357636161410192
ID3451,3451,44,0.17990607023239136,2477.4244857228095,335.81419841709504,0.0,64.0,64,15.0,1,,10.344459279038718,7.0,0.0,38.0,7748.0,8.817757477565705,0.49261834483778005,0.7743573873569605
ID3472,3472,44,0.1735537201166153,2482.0310934593012,337.16342542885195,0.0,65.0,65,15.0,1,,9.975967957276369,7.0,0.0,37.0,7472.0,8.790609919586373,0.4768704871442712,0.7328651427571409
ID3491,3491,44,0.10393582284450531,2477.2987936773334,341.394848224311,0.0,66.0,66,15.0,1,,7.102803738317757,6.0,0.0,27.0,5320.0,5.868556212697489,0.35161789955991585,0.6297172382960569
ID3512,3512,44,0.1134393960237503,2479.622690123342,352.14599798838526,0.0,67.0,67,15.0,1,,7.722296395193592,6.0,0.0,30.0,5784.0,5.895053402011471,0.40335499202721925,0.7530236410576175
ID3532,3532,44,0.11312396079301834,2479.6044857532775,357.80163824463,0.0,68.0,68,15.0,1,,7.672897196261682,6.0,0.0,29.0,5747.0,6.215262804477551,0.37785619856020064,0.6770995650714046
ID3554,3554,44,0.12947098910808563,2481.092492131236,359.501604882404,0.0,69.0,69,15.0,1,,8.387182910547397,6.0,0.0,32.0,6282.0,6.69301225478501,0.4233217390552095,0.7454044460771472
ID3574,3574,44,0.13137221336364746,2484.4660317626476,361.51772940365487,0.0,70.0,70,15.0,1,,8.271028037383177,6.0,0.0,29.0,6195.0,6.435403135306968,0.4566762269616779,0.8058590780320717
ID3595,3595,44,0.13217663764953613,2484.9311924524754,353.1453824175571,0.0,71.0,71,15.0,1,,8.349799732977303,6.0,0.0,30.0,6254.0,6.736082152655657,0.41660855851368744,0.7290830571899639
ID3615,3615,44,0.1389235407114029,2477.455574641812,356.2903897572387,0.0,72.0,72,15.0,1,,8.610146862483312,7.0,0.0,33.0,6449.0,7.006506037252826,0.44684458918079883,0.7590557479559938
ID3636,3636,44,0.1364019364118576,2477.9378598252147,357.1258758583695,0.0,73.0,73,15.0,1,,8.994659546061415,7.0,0.0,30.0,6737.0,6.745168466734644,0.41151821491239554,0.7775431513573997
ID3655,3655,44,0.1400492787361145,2474.766949409581,352.1195080440968,0.0,74.0,74,15.0,1,,8.543391188251002,6.0,0.0,31.0,6399.0,7.3340681660417495,0.4344690132255683,0.7056396604045041
ID3673,3673,44,0.11789114773273468,2472.7955497715034,347.4912573886073,0.0,75.0,75,15.0,1,,8.052069425901202,6.0,0.0,29.0,6031.0,6.0515796864170985,0.38510985505212986,0.7398934168223293
ID3713,3713,44,0.10613784939050674,2474.0631400869806,349.42381095893654,0.0,76.0,76,15.0,1,,7.712950600801068,7.0,0.0,29.0,5777.0,5.556622052583484,0.3810965359246579,0.7660385975789703
ID3693,3693,44,0.1176859512925148,2478.001572530081,339.528512157615,0.0,77.0,77,15.0,1,,8.31909212283044,7.0,0.0,25.0,6231.0,5.674167113919823,0.4328662614254992,0.885833065750307
ID3748,3748,44,0.106663778424263,2483.7733576943465,329.37469017568014,0.0,79.0,79,15.0,1,,7.5327102803738315,6.0,0.0,27.0,5642.0,5.8188391024477415,0.34715179427141396,0.6671873317971937
ID3770,3770,44,0.10226186364889145,2490.8724390606903,327.4428487629521,0.0,80.0,80,15.0,1,,7.683578104138852,7.0,0.0,25.0,5755.0,4.958384031798328,0.3823978100006071,0.8573056875285762
ID3789,3789,44,0.1179458349943161,2497.2912288509656,328.8357040584276,0.0,81.0,81,15.0,1,,7.898531375166889,6.0,0.0,27.0,5916.0,6.252303146177526,0.39355467045642034,0.7135384423293109
ID3117,3117,47,0.10144238919019699,2807.1108986554436,1975.5777300421541,0.0,47.0,47,15.0,1,,7.013351134846462,6.0,0.0,26.0,5253.0,5.778656386845876,0.3636588905801975,0.6473172328837686
ID3139,3139,47,0.10117919743061066,2805.2009881053327,1976.387767785815,0.0,48.0,48,15.0,1,,6.584779706275033,5.0,0.0,24.0,4932.0,5.6592013108571155,0.37095179020434826,0.6296676640703737
ID3161,3161,47,0.12032047659158707,2805.3907352453903,1982.0782913245325,0.0,49.0,49,15.0,1,,7.931909212283044,6.0,0.0,26.0,5941.0,6.516487457456698,0.3801061430044736,0.6704811400436589
ID3181,3181,47,0.11042452603578568,2805.832835057859,1979.8425669311132,0.0,50.0,50,15.0,1,,7.166889185580774,5.0,0.0,27.0,5368.0,6.169415122761245,0.3831350655471287,0.6435821662524227
ID3202,3202,47,0.12981583178043365,2805.0346696169977,1972.4811526067624,0.0,51.0,51,15.0,1,,8.377837116154874,6.0,0.0,29.0,6275.0,6.926859303295976,0.3916545986875906,0.680765146570591
ID3223,3223,47,0.10457324236631393,2803.2744757224214,1969.6695198170669,0.0,52.0,52,15.0,1,,7.3885180240320425,6.0,0.0,25.0,5534.0,5.5270290216497475,0.3741583001060912,0.7279712135166378
ID3244,3244,47,0.1139373928308487,2803.5540540835505,1956.859168844921,0.0,53.0,53,15.0,1,,7.907877169559413,7.0,0.0,25.0,5923.0,5.693678303750904,0.40423748754577904,0.7996372339055493
ID3265,3265,47,0.10562174022197723,2799.305597980479,1958.0388564996595,0.0,54.0,54,15.0,1,,7.534045393858478,6.0,0.0,25.0,5643.0,5.487514004520477,0.373236836785571,0.7463140917450815
ID3285,3285,47,0.11669885367155075,2798.3702130623074,1961.5981652428623,0.0,55.0,55,15.0,1,,8.142857142857142,7.0,0.0,27.0,6099.0,5.781645571605095,0.4292960090271326,0.8460382854522737
ID3304,3304,47,0.10725472122430801,2791.9391886599674,1965.9598985426476,0.0,56.0,56,15.0,1,,7.05607476635514,5.0,0.0,26.0,5285.0,6.037277786769165,0.3665917276360472,0.6270409205282668
ID3324,3324,47,0.12569105625152588,2789.0176673636024,1969.6566783178434,0.0,57.0,57,15.0,1,,8.647530040053404,7.0,0.0,29.0,6477.0,6.10108125011897,0.41548850018655437,0.8320854519099087
ID3346,3346,47,0.1352551430463791,2791.6309950339037,1974.8228321936253,0.0,58.0,58,15.0,1,,8.506008010680908,6.0,0.0,32.0,6371.0,7.1885625663263975,0.39984031301804457,0.6759612626347272
ID3367,3367,47,0.1429959237575531,2791.511821101057,1968.9665888315687,0.0,59.0,59,15.0,1,,8.857142857142858,7.0,0.0,32.0,6634.0,7.322563682525721,0.42670362428743275,0.7235241887612411
ID3387,3387,47,0.1215837374329567,2789.276741171551,1970.0110255973586,0.0,60.0,60,15.0,1,,8.086782376502002,6.0,0.0,28.0,6057.0,6.495510496617451,0.38807645306017924,0.6961396458148639
ID3407,3407,47,0.13711132109165192,2783.5713278983135,1976.124574537931,0.0,61.0,61,15.0,1,,8.791722296395193,7.0,0.0,32.0,6585.0,7.024927795529522,0.4210520120534873,0.7416309841493967
ID3428,3428,47,0.1341625601053238,2776.783160126483,1974.460874486407,0.0,62.0,62,15.0,1,,8.225634178905207,6.0,0.0,30.0,6161.0,7.0233441750177255,0.42119801848872285,0.6942040796246329
ID3447,3447,47,0.12059691548347473,2777.4537208256324,1964.956983147918,0.0,63.0,63,15.0,1,,8.0347129506008,6.0,0.0,25.0,6018.0,6.259868942359246,0.4058784271313001,0.7411111075750081
ID3468,3468,47,0.12870346009731293,2769.100333833214,1962.1202439025558,0.0,64.0,64,15.0,1,,8.120160213618158,6.0,0.0,29.0,6082.0,6.785599881344201,0.41346705444648607,0.7001023995142528
ID3487,3487,47,0.12537087500095367,2770.3580187804296,1962.9417420953134,0.0,65.0,65,15.0,1,,7.809078771695594,6.0,0.0,29.0,5849.0,6.567186525148046,0.42200821778370035,0.7057798411626807
ID3508,3508,47,0.11307228356599808,2771.0811279431164,1962.576275749731,0.0,66.0,66,15.0,1,,7.688918558077437,6.0,0.0,28.0,5759.0,6.0630067486575845,0.3856959685836875,0.7059669190354726
ID3529,3529,47,0.1534499078989029,2759.898484116673,1961.4414136583384,0.0,67.0,67,15.0,1,,9.369826435246996,7.0,0.0,32.0,7018.0,7.407771435703995,0.4838685185389859,0.8249087568635755
ID3550,3550,47,0.12041891366243362,2756.7762012494786,1958.1254037410326,0.0,68.0,68,15.0,1,,8.524699599465954,8.0,0.0,25.0,6385.0,5.5041055480648025,0.4248668530039919,0.9236360865834561
ID3571,3571,47,0.12035465240478516,2761.3121116918496,1959.7312367551126,0.0,69.0,69,15.0,1,,8.17222963951936,7.0,0.0,27.0,6121.0,5.875124572180497,0.409120777049608,0.8077124832673911
ID3592,3592,47,0.14477060735225677,2760.6998752213976,1960.8306305441727,0.0,70.0,70,15.0,1,,8.716955941255007,6.0,0.0,33.0,6529.0,7.604002135410613,0.4294723607113347,0.6888300317239793
ID3612,3612,47,0.10898507386445999,2758.307466505913,1963.9870627896887,0.0,71.0,71,15.0,1,,7.423230974632844,6.0,0.0,29.0,5560.0,6.310253495107397,0.3565109057898629,0.6183376533596452
ID3633,3633,47,0.12146252393722534,2764.497436145619,1971.1793357014299,0.0,72.0,72,15.0,1,,8.05607476635514,7.0,0.0,29.0,6034.0,6.210613313274518,0.40793675717953826,0.7516725415265795
ID3653,3653,47,0.11965397745370865,2760.411831198418,1966.0182802174677,0.0,73.0,73,15.0,1,,8.013351134846461,6.0,0.0,26.0,6002.0,6.061832298381837,0.4154810603137033,0.7760459204738015
ID3143,3143,48,0.13876473903656006,992.4983746028358,141.86979899283963,0.0,49.0,49,15.0,1,,9.391188251001335,8.0,0.0,26.0,7034.0,5.712869167146336,0.4980896327082064,1.0931152861946394
ID3165,3165,48,0.1523633897304535,990.0690285425522,145.1374002119617,0.0,50.0,50,15.0,1,,10.403204272363151,9.0,0.0,26.0,7792.0,5.910227733171506,0.5270733398564859,1.2150777287716024
ID3184,3184,48,0.1417005956172943,992.0313490222164,147.40992877777896,0.0,51.0,51,15.0,1,,10.241655540720961,10.0,0.0,27.0,7671.0,5.539993188465845,0.4796366498743867,1.1985280726927225
ID3205,3205,48,0.15220922231674194,990.0937922334848,149.33100029101507,0.0,52.0,52,15.0,1,,10.248331108144193,10.0,0.0,27.0,7676.0,6.0390673765012455,0.5298440853953983,1.1754771409275855
ID3226,3226,48,0.1380823403596878,990.8999147177348,152.05494474646366,0.0,53.0,53,15.0,1,,9.608811748998665,9.0,0.0,29.0,7197.0,5.769222906463294,0.4741867876798228,1.0714682240481164
ID3247,3247,48,0.14723356068134308,995.4120992377091,152.7680437678379,0.0,54.0,54,15.0,1,,10.520694259012016,9.0,0.0,27.0,7880.0,5.7600097991534716,0.48509052126154734,1.193221405160602
ID3268,3268,48,0.152682363986969,999.51623111376,152.03726522684647,0.0,55.0,55,15.0,1,,10.09479305740988,9.0,0.0,27.0,7561.0,6.067608142705621,0.5343991993989774,1.158876953463343
ID3287,3287,48,0.16304224729537964,997.5945750455445,151.98277577001895,0.0,56.0,56,15.0,1,,10.930574098798397,10.0,0.0,31.0,8187.0,6.232396584247383,0.5366516029353481,1.2249966613463283
ID3306,3306,48,0.15093667805194855,986.0259480365972,146.63399319560693,0.0,57.0,57,15.0,1,,10.110814419225635,9.0,0.0,25.0,7573.0,6.00643620960988,0.5182547151456675,1.1492060117112517
ID3327,3327,48,0.13919097185134888,985.1437737069162,146.53795513845742,0.0,58.0,58,15.0,1,,9.934579439252337,9.0,0.0,26.0,7441.0,5.562694975555822,0.4846326302394387,1.165971368934875
ID3348,3348,48,0.15453389286994934,993.1876739151753,141.4095009944524,0.0,59.0,59,15.0,1,,10.700934579439252,10.0,0.0,27.0,8015.0,5.77716893846592,0.526125585777164,1.2771319975751312
ID3369,3369,48,0.14096762239933014,985.1465344422763,140.26701543630628,0.0,60.0,60,15.0,1,,10.054739652870493,9.0,0.0,26.0,7531.0,5.234188780011905,0.522322152758792,1.318206114234726
ID3390,3390,48,0.12765762209892273,980.2333735959476,137.8637150202043,0.0,61.0,61,15.0,1,,9.600801068090787,9.0,0.0,23.0,7191.0,4.827455945757981,0.48047510110057234,1.290889078848219
ID3410,3410,48,0.13241776823997498,977.887344783742,133.07465136123878,0.0,62.0,62,15.0,1,,10.198931909212282,9.0,0.0,24.0,7639.0,4.895889242821756,0.480561474778706,1.3523079797480428
ID3431,3431,48,0.13549865782260895,977.5745903371892,137.27612674390258,0.0,63.0,63,15.0,1,,9.84245660881175,9.0,0.0,26.0,7372.0,5.07739694453823,0.4972411625553634,1.287560669418236
ID3450,3450,48,0.13737472891807556,983.7295312305523,140.94115888277125,0.0,64.0,64,15.0,1,,10.484646194926569,10.0,0.0,25.0,7853.0,4.939889127017064,0.48794070078401824,1.3920280799696978
ID3471,3471,48,0.1323242485523224,983.3229733724653,140.05478164899532,0.0,65.0,65,15.0,1,,10.332443257676903,10.0,0.0,22.0,7739.0,4.410461195044408,0.49876992202977355,1.559244806404677
ID3490,3490,48,0.10368502140045166,984.0902602858363,149.50531307835465,0.0,66.0,66,15.0,1,,8.583444592790388,8.0,0.0,21.0,6429.0,4.032958255429999,0.4399787909627022,1.3005993224815349
ID3511,3511,48,0.11718693375587463,986.0850282484677,145.55947011874431,0.0,67.0,67,15.0,1,,9.291054739652871,9.0,0.0,22.0,6959.0,4.34669800097792,0.474593960047806,1.3758950340816893
ID3531,3531,48,0.11315301060676575,985.9248360306648,148.1838467755011,0.0,68.0,68,15.0,1,,8.642189586114819,8.0,0.0,20.0,6473.0,4.555966119810889,0.44733752948673516,1.1725700862623107
ID3553,3553,48,0.10157451033592224,979.5099884819062,152.7093166803851,0.0,69.0,69,15.0,1,,8.36849132176235,8.0,0.0,18.0,6268.0,3.9312773629959143,0.4290300697788991,1.2781736046974534
ID3573,3573,48,0.10021596401929855,977.0356429097117,149.40408406213862,0.0,70.0,70,15.0,1,,7.998664886515354,8.0,0.0,20.0,5991.0,4.219416328228088,0.4265346352050201,1.1336189579257474
ID3594,3594,48,0.10518725961446762,984.4364537933777,148.87035485067042,0.0,71.0,71,15.0,1,,8.732977303070761,9.0,0.0,20.0,6541.0,3.9472788062262687,0.4470795820864094,1.367058012912822
ID3220,3220,50,0.10609501600265503,2597.705575966182,1860.611310498135,0.0,52.0,52,15.0,1,,8.801068090787718,9.0,0.0,20.0,6592.0,3.821792133847862,0.45941769411118766,1.4498611899148088
ID3241,3241,50,0.10446038097143173,2600.675845192049,1865.9276991384822,0.0,53.0,53,15.0,1,,8.190921228304406,8.0,0.0,21.0,6135.0,4.178455415368823,0.45775247661042795,1.2311015758516033
ID3262,3262,50,0.12081636488437653,2601.32730084273,1866.7116588502058,0.0,54.0,54,15.0,1,,9.544726301735647,9.0,0.0,23.0,7149.0,4.48493492356043,0.466143429765868,1.3532574852753767
ID3281,3281,50,0.11493032425642014,2605.294269702886,1864.0245031793265,0.0,55.0,55,15.0,1,,9.181575433911883,9.0,0.0,24.0,6877.0,4.322758103530852,0.4464109540768299,1.3110806547772689
ID3300,3300,50,0.11894897371530533,2611.6153394986563,1859.08115540071,0.0,56.0,56,15.0,1,,9.149532710280374,9.0,0.0,22.0,6853.0,4.661145049992572,0.4615351208151699,1.239743358636842
ID3319,3319,50,0.12782521545886993,2612.8914749443097,1857.5137123453158,0.0,57.0,57,15.0,1,,9.802403204272363,9.0,0.0,25.0,7342.0,4.609156730649362,0.5006486670088071,1.4190415741260136
ID3341,3341,50,0.1308727115392685,2615.072340122264,1860.8251847546946,0.0,58.0,58,15.0,1,,9.56875834445928,9.0,0.0,27.0,7167.0,5.021572306508427,0.4880761099485467,1.249994977570192
ID3362,3362,50,0.11355425417423248,2608.2994433428657,1860.1543717541222,0.0,59.0,59,15.0,1,,8.688918558077436,8.0,0.0,21.0,6508.0,4.401706952569595,0.47300328173682615,1.2677541359684243
ID3382,3382,50,0.11726446449756622,2606.808249608057,1853.6489088339283,0.0,60.0,60,15.0,1,,9.53671562082777,9.0,0.0,21.0,7143.0,4.0990804238788465,0.46254500476746907,1.471591074706029
ID3403,3403,50,0.12261269986629486,2603.751043092437,1855.4414897678896,0.0,61.0,61,15.0,1,,9.170894526034713,9.0,0.0,23.0,6869.0,4.753569655125825,0.4931353842248732,1.2743502561955304
ID3444,3444,50,0.12239859253168106,2613.8606105777494,1862.5311350389795,0.0,63.0,63,15.0,1,,9.766355140186915,9.0,0.0,21.0,7315.0,4.480813546609838,0.4839419281046595,1.4216149450455897
ID3463,3463,50,0.12419343739748001,2617.9293766932565,1863.5323986978067,0.0,64.0,64,15.0,1,,9.324432576769025,9.0,0.0,23.0,6984.0,4.831127192660592,0.4828636540031132,1.2569767163605852
ID3484,3484,50,0.12701132893562317,2614.8474362859656,1862.0956046392516,0.0,65.0,65,15.0,1,,9.714285714285714,9.0,0.0,23.0,7276.0,4.590861817030767,0.48673762459874975,1.3855022442743068
ID3504,3504,50,0.15508368611335754,2621.5019255754123,1857.363217996369,0.0,66.0,66,15.0,1,,11.377837116154874,10.0,0.0,27.0,8522.0,5.505717992214726,0.494168698311796,1.3669459541841302
ID3524,3524,50,0.14267085492610931,2627.2063063205383,1854.8917334843018,0.0,67.0,67,15.0,1,,10.44192256341789,10.0,0.0,27.0,7821.0,5.202930533687775,0.5129618284062184,1.3608790048625996
ID3546,3546,50,0.16710953414440155,2622.516479165891,1850.764098487195,0.0,68.0,68,15.0,1,,11.730307076101468,11.0,0.0,28.0,8786.0,5.9925892323533425,0.5279862300055161,1.3527826450540053
ID3567,3567,50,0.10427147895097733,2621.332739178752,1856.4029897984992,0.0,69.0,69,15.0,1,,8.530040053404539,8.0,0.0,19.0,6389.0,3.8171044298447026,0.4634088697728212,1.4152907996014814
ID3587,3587,50,0.148538276553154,2619.1753699496367,1858.3490259693463,0.0,70.0,70,15.0,1,,10.81708945260347,10.0,0.0,26.0,8102.0,5.195115617264636,0.5281516004851156,1.439253715115652
ID3608,3608,50,0.13841736316680908,2619.904720348901,1859.555779773916,0.0,71.0,71,15.0,1,,10.116154873164218,10.0,0.0,24.0,7577.0,4.94094733794068,0.522342782655097,1.4050066696251549
ID3628,3628,50,0.14605149626731873,2619.443873715773,1860.723341288812,0.0,72.0,72,15.0,1,,10.436582109479305,10.0,0.0,27.0,7817.0,5.4760340329671315,0.5108819494659212,1.2888790871919888
ID3649,3649,50,0.13465875387191772,2609.2842621380923,1865.4564272414957,0.0,73.0,73,15.0,1,,10.118825100133511,10.0,0.0,23.0,7579.0,4.814253648277936,0.5087158248444429,1.4174211827360617
ID3668,3668,50,0.11446821689605713,2608.8468644200593,1865.1292810751818,0.0,74.0,74,15.0,1,,9.264352469959947,9.0,0.0,23.0,6939.0,4.214131150253235,0.4635325542711795,1.39256306218619
ID3687,3687,50,0.10675501823425293,2615.0797322968033,1875.960839472494,0.0,75.0,75,15.0,1,,9.109479305740988,9.0,0.0,22.0,6823.0,4.125216360705545,0.4290981894021135,1.326085208222743
ID3725,3725,50,0.1168057918548584,2619.091279898891,1877.4539871403297,0.0,76.0,76,15.0,1,,9.720961281708945,9.0,0.0,22.0,7281.0,4.1539043079777,0.45152417877157436,1.4559265248147824
ID3708,3708,50,0.1251954436302185,2620.382100153026,1881.0637119837843,0.0,77.0,77,15.0,1,,9.380507343124165,9.0,0.0,24.0,7026.0,4.664485718167229,0.49956612875428136,1.3399232359801054
ID3742,3742,50,0.11686854809522629,2617.2104233993637,1880.902009842731,0.0,78.0,78,15.0,1,,9.269692923898532,9.0,0.0,21.0,6943.0,4.185779661683884,0.46913666988538655,1.4143476121176144
ID3763,3763,50,0.11111482977867126,2617.444877656251,1883.7677508231611,0.0,79.0,79,15.0,1,,9.15086782376502,9.0,0.0,24.0,6854.0,4.141215807407544,0.4561480823451605,1.3844099939884005
ID3783,3783,50,0.10391288250684738,2615.237286045945,1886.456962110634,0.0,80.0,80,15.0,1,,8.439252336448599,8.0,0.0,19.0,6321.0,4.061440891364608,0.4482700550519044,1.2863051503608849
ID3802,3802,50,0.10448228567838669,2619.650217976943,1880.559914812906,0.0,81.0,81,15.0,1,,8.583444592790388,8.0,0.0,21.0,6429.0,3.881264939511689,0.4582151128648064,1.3898442306229561
ID3820,3820,50,0.10239654034376144,2621.8967006803737,1881.7592182581627,0.0,82.0,82,15.0,1,,8.934579439252337,9.0,0.0,20.0,6692.0,3.868803376006209,0.42750436847422574,1.3832177810480515
ID3746,3746,59,0.11454126238822937,2897.9122362394683,-12.939921127661336,0.0,79.0,79,15.0,1,,6.08411214953271,4.0,0.0,32.0,4557.0,7.008751303358211,0.4571893399915144,0.5447116537491945
ID3767,3767,59,0.16247569024562836,2899.0750749372273,-13.083192641305919,0.0,80.0,80,15.0,1,,7.663551401869159,6.0,0.0,25.0,5740.0,7.238047029678527,0.6265462445400477,0.8156904649990824
ID3787,3787,59,0.17388825118541718,2901.1144018277855,-13.851198169484494,0.0,81.0,81,15.0,1,,7.369826435246996,4.0,0.0,38.0,5520.0,8.869867128896205,0.5809204357268751,0.6106280954272469
ID3806,3806,59,0.21362169086933136,2895.7415010729983,-13.85783373423381,0.0,82.0,82,15.0,1,,9.759679572763686,7.0,0.0,37.0,7310.0,9.876019024325883,0.6554395399397436,0.7825335205778999
ID3824,3824,59,0.23118074238300323,2891.3835465862985,-14.175592659091002,0.0,83.0,83,15.0,1,,10.699599465954606,8.0,0.0,41.0,8014.0,10.753025309897382,0.6673646015737391,0.796525048957677
ID3863,3863,59,0.18329554796218872,2897.697005936006,-13.915684951100372,0.0,84.0,84,15.0,1,,9.164218958611482,6.0,0.0,35.0,6864.0,9.743831249423076,0.627203592416577,0.7250406255223601
ID3842,3842,59,0.2035466581583023,2901.9796675433586,0.7672784935314905,0.0,85.0,85,15.0,1,,11.94392523364486,8.0,0.0,45.0,8946.0,10.915428715226144,0.6084797017825084,0.8278788439859196
ID3881,3881,59,0.18873970210552216,2900.0360875193933,1.2868670668473143,0.0,86.0,86,15.0,1,,11.425901201602136,8.0,0.0,39.0,8558.0,9.898896492047948,0.5911001963142279,0.857624642510241
ID3900,3900,59,0.1680435687303543,2897.3428088570586,-0.7513936616323296,0.0,87.0,87,15.0,1,,10.598130841121495,8.0,0.0,35.0,7938.0,8.807055188909906,0.585797236868451,0.8890541565811205
ID3920,3920,59,0.16538669168949127,2899.404484543608,1.7900130330669626,0.0,88.0,88,15.0,1,,9.759679572763686,7.0,0.0,34.0,7310.0,8.445542944009832,0.5457931612061282,0.8160460903137869
ID3938,3938,59,0.16594693064689636,2898.999465345473,-2.048256614962561,0.0,89.0,89,15.0,1,,10.946595460614152,8.0,0.0,35.0,8199.0,8.651130788999499,0.5694805647373535,0.918246224873637
ID3960,3960,59,0.18607158958911896,2897.604161163691,-11.222371472245856,0.0,90.0,90,15.0,1,,11.30173564753004,9.0,0.0,40.0,8465.0,10.09141424026024,0.6685548373553258,0.8974694162685053
ID3980,3980,59,0.18352873623371124,2901.556798721998,-17.4399015102569,0.0,91.0,91,15.0,1,,9.124165554072096,5.0,0.0,37.0,6834.0,9.881750897830814,0.6147559836043434,0.7030482192967399
ID4019,4019,59,0.1632496416568756,2906.6911609255926,-16.16327186102899,0.0,92.0,92,15.0,1,,8.627503337783711,6.0,0.0,36.0,6462.0,9.117846506060355,0.582268848027498,0.6964118183867141
ID4001,4001,59,0.15315592288970947,2908.6803364608404,-0.7303971988936588,0.0,93.0,93,15.0,1,,9.83177570093458,7.0,0.0,34.0,7364.0,7.550967970877378,0.5327365479917271,0.9051161387548203
ID4038,4038,59,0.17000994086265564,2917.196649829431,0.38819076005558095,0.0,94.0,94,15.0,1,,10.874499332443257,7.0,0.0,40.0,8145.0,9.250104995592109,0.5277611699790965,0.8122216666361955
ID4057,4057,59,0.16656120121479034,2918.9366125780066,-2.1190984373111803,0.0,95.0,95,15.0,1,,11.102803738317757,8.0,0.0,38.0,8316.0,9.29572698915391,0.6196022939408371,0.9138689717869716
ID4095,4095,59,0.15671581029891968,2925.5616235587504,-2.0614664958610316,0.0,96.0,96,15.0,1,,10.655540720961282,8.0,0.0,36.0,7981.0,8.470073892593858,0.6203238977472652,0.9632410109523366
ID4076,4076,59,0.14088550209999084,2927.046122688758,-0.21479608982195764,0.0,97.0,97,15.0,1,,9.77570093457944,7.0,0.0,32.0,7322.0,7.832838948000063,0.5557652114213395,0.8916738036595397
ID4115,4115,59,0.18308156728744507,2924.940094900705,-11.621823172766039,0.0,98.0,98,15.0,1,,9.30841121495327,6.0,0.0,41.0,6972.0,10.15150979322845,0.6008521513094595,0.6883214680741562
ID4133,4133,59,0.1809975802898407,2930.9876078699212,1.3526200644395345,0.0,99.0,99,15.0,1,,11.475300400534046,9.0,0.0,41.0,8595.0,9.82499221383329,0.5856004104163439,0.8627192069942702
ID4151,4151,59,0.2223901003599167,2935.159698748958,-11.780395832257154,0.0,100.0,100,15.0,1,,9.67022696929239,7.0,0.0,40.0,7243.0,10.188828556553169,0.6538977229299396,0.750487709476469
ID4169,4169,59,0.20697057247161865,2927.806552810912,-13.151196418543837,0.0,101.0,101,15.0,1,,9.260347129506007,5.0,0.0,39.0,6936.0,10.357527959935101,0.6316639819254335,0.6922397517811179
ID4190,4190,59,0.15105955302715302,2928.595757873357,0.42427432691578737,0.0,102.0,102,15.0,1,,10.51268357810414,8.0,0.0,36.0,7874.0,8.748348163868862,0.5258437875715184,0.828255261514598
ID4209,4209,59,0.14422707259655,2932.9004835108503,-0.015219170002044535,0.0,103.0,103,15.0,1,,10.599465954606142,9.0,0.0,33.0,7939.0,7.568743757543605,0.595659274697589,1.0455575082469635
ID4231,4231,59,0.16244521737098694,2933.133058424472,-6.30292984449244,0.0,104.0,104,15.0,1,,10.110814419225635,8.0,0.0,39.0,7573.0,8.910412883716141,0.6593781818750437,0.9017943364280886
ID4250,4250,59,0.1324363499879837,2943.11950009508,-3.3210278429420033,0.0,105.0,105,15.0,1,,10.041388518024032,8.0,0.0,35.0,7521.0,7.2993403991013865,0.5657390237187291,0.9941156489862232
ID4268,4268,59,0.15141892433166504,2943.0799536716017,1.2211453377117358,0.0,106.0,106,15.0,1,,9.769025367156209,7.0,0.0,34.0,7317.0,8.684382795000706,0.54501759085079,0.7936323568447061
ID4289,4289,59,0.15800319612026215,2946.8082616208167,2.9792615840749193,0.0,107.0,107,15.0,1,,10.138851802403204,8.0,0.0,33.0,7594.0,8.03547943161595,0.5622555585946357,0.9082149700713605
ID4307,4307,59,0.18701505661010742,2943.2434623626364,3.8933252841657584,0.0,108.0,108,15.0,1,,11.197596795727637,8.0,0.0,38.0,8387.0,9.275690993923257,0.5886848074104759,0.894650963693518
ID4327,4327,59,0.18732687830924988,2948.1825941105535,7.4767719472575145,0.0,109.0,109,15.0,1,,11.082777036048064,8.0,0.0,39.0,8301.0,9.146963189674967,0.5102841183645543,0.8187570581748261
ID4368,4368,59,0.2139003574848175,2953.8000856811454,5.745712603739195,0.0,110.0,110,15.0,1,,12.142857142857142,9.0,0.0,45.0,9095.0,10.2804077645019,0.5716464887988671,0.8592374826622137
ID4348,4348,59,0.15974386036396027,2962.209154389788,4.176457511684681,0.0,111.0,111,15.0,1,,10.388518024032043,8.0,0.0,33.0,7781.0,7.4492885615700395,0.5214817235009919,0.9559631417014696
ID4387,4387,59,0.1877523511648178,2968.759858408326,2.0468491886070908,0.0,112.0,112,15.0,1,,10.966622162883844,7.0,0.0,41.0,8214.0,9.993993219597375,0.5790895505556956,0.8048274766616331
ID4408,4408,59,0.14805848896503448,2960.5543209713774,0.827566821940291,0.0,113.0,113,15.0,1,,9.907877169559413,7.0,0.0,33.0,7421.0,7.947575852511029,0.5430465344375348,0.8774733818067484
ID4447,4447,59,0.1668970137834549,2956.2584241872223,3.980610425807722,0.0,114.0,114,15.0,1,,10.17222963951936,8.0,0.0,34.0,7619.0,7.994214349777582,0.5549056038958262,0.9082082541235812
ID4427,4427,59,0.1859564632177353,2960.5549781018417,2.914881027343272,0.0,115.0,115,15.0,1,,10.923898531375167,7.0,0.0,40.0,8182.0,9.77218183019075,0.5551252657963198,0.7980713690038794
ID4487,4487,59,0.12350326776504517,2964.4666212706893,-7.094377407054416,0.0,116.0,116,15.0,1,,8.604806408544727,7.0,0.0,31.0,6445.0,7.16432623841489,0.585503495202703,0.8870702900047411
ID4467,4467,59,0.1573120504617691,2967.3721740806964,-13.439408976251334,0.0,117.0,117,15.0,1,,6.962616822429907,4.0,0.0,30.0,5215.0,8.29655502173325,0.5249320339932378,0.5777730516801386
ID4506,4506,59,0.185505211353302,2962.852707833626,-14.060423487678593,0.0,118.0,118,15.0,1,,7.762349799732977,4.0,0.0,39.0,5814.0,9.153306455592428,0.6061164724504841,0.6400652556013893
ID4525,4525,59,0.1762944608926773,2964.1275100182543,-13.379895209522221,0.0,119.0,119,15.0,1,,7.321762349799733,4.0,0.0,37.0,5484.0,8.95095484358491,0.5992827035205481,0.6130314576647574
ID4566,4566,59,0.14162003993988037,2964.915291555401,-14.231263875386283,0.0,120.0,120,15.0,1,,6.499332443257677,4.0,0.0,32.0,4868.0,7.674986253556087,0.5369367978225484,0.5916819229443944
ID4546,4546,59,0.10643096268177032,2957.927494442799,-13.763801813098242,0.0,121.0,121,15.0,1,,5.341789052069426,3.0,0.0,28.0,4001.0,6.174652992335878,0.48168485050380266,0.5624854858635812
ID4585,4585,59,0.1480361968278885,2956.5030003972497,-1.4804975378890664,0.0,122.0,122,15.0,1,,9.826435246995995,7.0,0.0,37.0,7360.0,8.739197807483718,0.5672624125474689,0.8139480974698639
ID4606,4606,59,0.17317217588424683,2953.0132296115194,4.702121237363473,0.0,123.0,123,15.0,1,,10.267022696929239,8.0,0.0,37.0,7690.0,8.989045283442117,0.49375794508068854,0.7550832183353625
ID4628,4628,59,0.1803164929151535,2960.202234890103,6.865718684566179,0.0,124.0,124,15.0,1,,10.642189586114819,8.0,0.0,35.0,7971.0,8.528977564802696,0.5344206455623234,0.8691661598004684
ID4648,4648,59,0.17731285095214844,2956.9200026793187,10.3435603133149,0.0,125.0,125,15.0,1,,10.61415220293725,8.0,0.0,34.0,7950.0,8.070667989722576,0.5249155640127774,0.9054187373863527
ID4669,4669,59,0.2023046910762787,2953.2404038034956,8.01052739368492,0.0,126.0,126,15.0,1,,11.110814419225635,8.0,0.0,43.0,8322.0,9.930359273379882,0.5688813005868653,0.8114140062025504
ID4688,4688,59,0.17720311880111694,2947.8158945902796,5.953190238372576,0.0,127.0,127,15.0,1,,10.136181575433913,7.0,0.0,36.0,7592.0,8.71795963282118,0.5473153859422789,0.822523541286332
ID4729,4729,59,0.15244601666927338,2952.0853623424186,13.873269076760351,0.0,128.0,128,15.0,1,,9.678237650200266,7.0,0.0,30.0,7249.0,7.319983569436203,0.4707489468860964,0.8463830989104505
ID4709,4709,59,0.19325347244739532,2958.3063596862758,16.746570025752654,0.0,129.0,129,15.0,1,,10.4913217623498,7.0,0.0,40.0,7858.0,9.76263705878274,0.5174870331867119,0.7329385112195174
ID4750,4750,59,0.1939423680305481,2953.649694894176,11.092326480909303,0.0,130.0,130,15.0,1,,11.024032042723631,8.0,0.0,42.0,8257.0,9.434659012002946,0.5003382397401815,0.7793252937923665
ID4770,4770,59,0.20900239050388336,2950.687914820577,16.095374738981892,0.0,131.0,131,15.0,1,,11.457943925233645,9.0,0.0,42.0,8582.0,10.027897265847473,0.5408239512091458,0.8021022012343513
ID4808,4808,59,0.18939629197120667,2954.1756870280183,18.503899835113927,0.0,132.0,132,15.0,1,,11.125500667556743,9.0,0.0,36.0,8333.0,8.331388600489465,0.5532935213927365,0.9513366370337885
ID4789,4789,59,0.18405045568943024,2950.623917628878,24.495565807839334,0.0,133.0,133,15.0,1,,11.360480640854473,9.0,0.0,39.0,8509.0,8.272810810066726,0.4983372440993536,0.9134554688501522
ID4828,4828,59,0.18347784876823425,2955.74960933648,18.22194948789653,0.0,134.0,134,15.0,1,,10.516688918558078,8.0,0.0,38.0,7877.0,8.894437469513644,0.5130582847960666,0.8018656029072758
ID4849,4849,59,0.18144488334655762,2958.2845702238424,14.965625023230249,0.0,135.0,135,15.0,1,,10.718291054739653,8.0,0.0,37.0,8028.0,8.717764104364432,0.5072909232950593,0.8275808572855704
ID4889,4889,59,0.1908915936946869,2955.630111437558,18.636597147617245,0.0,136.0,136,15.0,1,,10.886515353805073,8.0,0.0,36.0,8154.0,8.639802944892253,0.5568676799162742,0.9013954415213613
ID4868,4868,59,0.1959424763917923,2955.16656481806,23.323904749422418,0.0,137.0,137,15.0,1,,10.668891855807743,7.0,0.0,42.0,7991.0,9.882321301452107,0.5191181610756755,0.737844774128482
ID4909,4909,59,0.1736455261707306,2957.129053918601,22.951327319890055,0.0,138.0,138,15.0,1,,9.901201602136181,7.0,0.0,38.0,7416.0,8.846030630317232,0.4969529146871164,0.7431501370041834
ID4930,4930,59,0.20232905447483063,2952.8240161823182,21.408564443581966,0.0,139.0,139,15.0,1,,11.185580774365821,8.0,0.0,41.0,8378.0,10.167133024949049,0.5152284296300176,0.7481897199596814
ID4951,4951,59,0.19724498689174652,2950.0944590673125,25.969519219007097,0.0,140.0,140,15.0,1,,11.144192256341789,8.0,0.0,41.0,8347.0,9.55874234032719,0.5074431204632445,0.7849179685830234
ID4971,4971,59,0.19956934452056885,2948.0393130274424,35.182730279703996,0.0,141.0,141,15.0,1,,11.323097463284379,9.0,0.0,38.0,8481.0,9.328082092616057,0.5343983244003848,0.8455316209769043
ID5015,5015,59,0.1966562569141388,2945.215195703049,38.039115327394015,0.0,142.0,142,15.0,1,,11.267022696929239,8.0,0.0,40.0,8439.0,9.183846800749924,0.5228302111737784,0.8424104102915729
ID4993,4993,59,0.19357642531394958,2942.1132177158297,37.449032366946426,0.0,143.0,143,15.0,1,,11.149532710280374,8.0,0.0,37.0,8351.0,9.015083345290002,0.5392189721669729,0.8665261471636241
ID5055,5055,59,0.21269768476486206,2937.56496945102,42.47618446588202,0.0,144.0,144,15.0,1,,11.865153538050734,9.0,0.0,44.0,8887.0,10.08475980662953,0.537102707548155,0.8222279834982218
ID5035,5035,59,0.18013134598731995,2937.232105163914,35.15358607534692,0.0,145.0,145,15.0,1,,10.811748998664887,9.0,0.0,34.0,8098.0,8.22400755587931,0.5319591911510689,0.9130058708561405
ID5097,5097,59,0.20964138209819794,2934.59169074138,30.62996924906196,0.0,146.0,146,15.0,1,,11.515353805073431,8.0,0.0,44.0,8625.0,9.869270722156806,0.5667255403180201,0.8441159012717186
ID5076,5076,59,0.2217862457036972,2931.1689901354716,35.46061975354964,0.0,147.0,147,15.0,1,,12.380507343124165,10.0,0.0,44.0,9273.0,9.905337742098427,0.5762167020976625,0.9138376918756311
ID5118,5118,59,0.22256305813789368,2927.0532298556495,37.49006971663521,0.0,148.0,148,15.0,1,,12.596795727636849,10.0,0.0,40.0,9435.0,9.66277882038837,0.5858649368257405,0.9632063867024656
ID5139,5139,59,0.20032288134098053,2921.849131243787,35.9052245929964,0.0,149.0,149,15.0,1,,11.35113484646195,8.0,0.0,39.0,8502.0,9.442384500077301,0.5358476744956081,0.8388432287355552
ID5162,5162,59,0.21079179644584656,2924.9231667239474,37.399355631299684,0.0,150.0,150,15.0,1,,12.038718291054739,9.0,0.0,45.0,9017.0,9.778145798331181,0.5283653127008818,0.8512573306562204
ID5183,5183,59,0.18685530126094818,2920.0124709819393,42.99570520695626,0.0,151.0,151,15.0,1,,10.826435246995995,8.0,0.0,36.0,8109.0,8.338063980244398,0.5726145499241738,0.9455627275592307
ID5227,5227,59,0.21899457275867462,2921.860903645608,46.72157934174503,0.0,152.0,152,15.0,1,,12.269692923898532,9.0,0.0,45.0,9190.0,10.372572973604195,0.5448890442930341,0.8344262789356537
ID5206,5206,59,0.1975908726453781,2917.943552365234,45.308955119093554,0.0,153.0,153,15.0,1,,11.117489986648865,8.0,0.0,38.0,8327.0,9.24298121348305,0.5407653868166887,0.8443004959945991
ID5250,5250,59,0.22357413172721863,2915.7990895782773,43.249668704407306,0.0,154.0,154,15.0,1,,11.997329773030708,8.0,0.0,41.0,8986.0,10.455788935901513,0.5802440556698465,0.8426443614369757
ID5271,5271,59,0.19908848404884338,2912.1797242215584,43.0332983403752,0.0,155.0,155,15.0,1,,11.09078771695594,8.0,0.0,39.0,8307.0,9.478502727270001,0.5360847405992095,0.8167157287552017
ID5312,5312,59,0.19296795129776,2908.7788746182073,37.2959082695689,0.0,156.0,156,15.0,1,,11.363150867823766,9.0,0.0,37.0,8511.0,8.936587578342772,0.5199722537402758,0.869964562651232
ID5291,5291,59,0.20344917476177216,2910.6697324122406,37.254917106800335,0.0,157.0,157,15.0,1,,11.381842456608812,8.0,0.0,41.0,8525.0,9.642457988814645,0.532577193821332,0.8203799103321391
ID5334,5334,59,0.2008126974105835,2907.747873036855,37.83126337072824,0.0,158.0,158,15.0,1,,10.94392523364486,7.0,0.0,43.0,8197.0,9.917281199508492,0.5261251633526177,0.7608681516298049
ID5356,5356,59,0.20442017912864685,2903.6787276208447,47.10990112271245,0.0,159.0,159,15.0,1,,11.360480640854473,8.0,0.0,42.0,8509.0,9.62024034874421,0.550579328138064,0.8386228488751151
ID5376,5376,59,0.19637040793895721,2903.3430496629676,37.13633016666256,0.0,160.0,160,15.0,1,,11.51268357810414,9.0,0.0,37.0,8623.0,8.851955998988714,0.5423199367937118,0.9146362614845196
ID5398,5398,59,0.1369534730911255,2894.506568368902,42.933778857937014,0.0,161.0,161,15.0,1,,9.532710280373832,8.0,0.0,26.0,7140.0,6.070711729821469,0.4688324745507101,1.0024257161161676
ID5417,5417,59,0.2139391154050827,2892.8841600763526,49.742893248824466,0.0,162.0,162,15.0,1,,12.070761014686248,9.0,0.0,44.0,9041.0,9.915367108754259,0.5477285425041358,0.8616411468891042
ID5437,5437,59,0.22996139526367188,2886.330797277583,48.389894331411384,0.0,163.0,163,15.0,1,,13.287049399198931,10.0,0.0,41.0,9952.0,10.033985323363861,0.5614492957239222,0.9522867444435715
ID5459,5459,59,0.19826504588127136,2887.539075209434,49.63445521829561,0.0,164.0,164,15.0,1,,11.744993324432576,9.0,0.0,39.0,8797.0,8.941004929594053,0.524379605761505,0.9037516401698257
ID5480,5480,59,0.19785253703594208,2891.366098938662,44.48253924279845,0.0,165.0,165,15.0,1,,11.642189586114819,9.0,0.0,39.0,8720.0,8.60000208377967,0.5654886780544053,0.978002780442892
ID5501,5501,59,0.21148085594177246,2892.23476337363,40.46509667647031,0.0,166.0,166,15.0,1,,12.408544726301736,10.0,0.0,38.0,9294.0,8.92009877659211,0.5846611791608081,1.0264765254681552
ID5521,5521,59,0.18825702369213104,2895.978743995882,31.727199533665534,0.0,167.0,167,15.0,1,,11.576769025367156,9.0,0.0,34.0,8671.0,8.132002188902957,0.5304494553025756,0.9868357948181488
ID5543,5543,59,0.18066757917404175,2900.246455025594,27.080402880933846,0.0,168.0,168,15.0,1,,11.30173564753004,9.0,0.0,35.0,8465.0,7.896202274035555,0.5690506342151868,1.0381756259454984
ID5566,5566,59,0.16554045677185059,2900.1560394134294,31.306419723713432,0.0,169.0,169,15.0,1,,10.911882510013351,9.0,0.0,30.0,8173.0,7.044566329230372,0.5074906496569044,1.042914803644983
ID5585,5585,59,0.15707413852214813,2901.9281399786564,28.84869350199216,0.0,170.0,170,15.0,1,,10.38584779706275,9.0,0.0,30.0,7779.0,6.371675497485133,0.5397916956175751,1.1428323509014093
ID3902,3902,65,0.11208252608776093,1331.8924242346366,303.1921317519728,0.0,87.0,87,15.0,1,,8.246995994659546,7.0,0.0,26.0,6177.0,5.606683576165676,0.36194308450132545,0.7818097046990645
ID3922,3922,65,0.11673036962747574,1332.544226316449,299.8621104636709,0.0,88.0,88,15.0,1,,7.528704939919893,6.0,0.0,27.0,5639.0,5.965658500280382,0.4146774985621794,0.7398520950725644
ID3942,3942,65,0.11589992046356201,1331.898578426409,298.2950788352649,0.0,89.0,89,15.0,1,,7.65954606141522,6.0,0.0,26.0,5737.0,5.941356036997816,0.4093589590838798,0.7489108603670869
ID3962,3962,65,0.13792432844638824,1328.1558988397287,299.8859253799162,0.0,90.0,90,15.0,1,,8.520694259012016,6.0,0.0,29.0,6382.0,6.898125107494321,0.4397194882886411,0.7545217123488086
ID3983,3983,65,0.1047082170844078,1325.0614748811588,306.31831247378994,0.0,91.0,91,15.0,1,,7.356475300400534,6.0,0.0,23.0,5510.0,5.544643931754067,0.3651689562696584,0.7097960225998523
ID4021,4021,65,0.10949347913265228,1323.8448071547537,310.9388932219528,0.0,92.0,92,15.0,1,,7.567423230974633,6.0,0.0,24.0,5668.0,5.423242356395074,0.4124716639976665,0.814954536013989
ID4040,4040,65,0.11240313947200775,1316.1529622520113,319.20355486188873,0.0,94.0,94,15.0,1,,8.110814419225635,7.0,0.0,28.0,6075.0,5.584284001711442,0.3736670342112469,0.7901877124608019
ID4059,4059,65,0.12347516417503357,1311.2964558037559,316.10324243680793,0.0,95.0,95,15.0,1,,8.51268357810414,7.0,0.0,26.0,6376.0,5.911912372129049,0.4126855073746732,0.841283218685817
ID4097,4097,65,0.14084365963935852,1304.7334573038697,309.3312720438547,0.0,96.0,96,15.0,1,,9.036048064085447,7.0,0.0,28.0,6768.0,6.570272817477405,0.463688251389165,0.8713700529979622
ID4078,4078,65,0.1369050294160843,1301.9740864558214,310.6515766474181,0.0,97.0,97,15.0,1,,8.471295060080108,6.0,0.0,30.0,6345.0,7.093213677343207,0.42642506853921874,0.7140531293868427
ID4117,4117,65,0.14441326260566711,1299.355624549867,309.77691380747217,0.0,98.0,98,15.0,1,,9.118825100133511,7.0,0.0,30.0,6830.0,7.006340192699729,0.4469410956500671,0.8040389703812367
ID4135,4135,65,0.11123301088809967,1291.1244511490356,312.4605779896415,0.0,99.0,99,15.0,1,,7.751668891855807,6.0,0.0,26.0,5806.0,5.667220976938428,0.38581985535318103,0.7616103843427307
ID4153,4153,65,0.16478370130062103,1286.9930524094666,315.3084229681145,0.0,100.0,100,15.0,1,,9.483311081441922,6.0,0.0,35.0,7103.0,8.249375392699523,0.4767704404738639,0.7422757227002773
ID4171,4171,65,0.16468167304992676,1287.7869641644234,312.6246219259722,0.0,101.0,101,15.0,1,,9.703604806408546,7.0,0.0,36.0,7268.0,8.141972217278111,0.46913368467853706,0.7611474228435366
ID4192,4192,65,0.16602757573127747,1279.72265699174,309.56092231633454,0.0,102.0,102,15.0,1,,9.719626168224298,8.0,0.0,35.0,7280.0,8.058204167525007,0.48917371361067674,0.7924265911339697
ID4211,4211,65,0.15936368703842163,1284.1098040949548,312.54691966416203,0.0,103.0,103,15.0,1,,9.640854472630174,7.0,0.0,32.0,7221.0,7.673517715833501,0.469699486504418,0.8030499618550067
ID4234,4234,65,0.14413046836853027,1288.1911860206133,317.7139547136889,0.0,104.0,104,15.0,1,,8.707610146862484,7.0,0.0,29.0,6522.0,7.019164619437504,0.46375785378356277,0.7860778947373727
ID4252,4252,65,0.15528953075408936,1286.960381126041,314.55745051515714,0.0,105.0,105,15.0,1,,9.428571428571429,7.0,0.0,33.0,7062.0,7.498612043713402,0.4709234299259979,0.8051100332986549
ID4270,4270,65,0.12428600341081619,1287.8629229217258,314.85531323651514,0.0,106.0,106,15.0,1,,9.129506008010681,9.0,0.0,24.0,6838.0,5.635596129922975,0.4334124618251121,0.9796425288640714
ID4291,4291,65,0.15426494181156158,1291.3453987456912,318.3797795374581,0.0,107.0,107,15.0,1,,9.380507343124165,7.0,0.0,32.0,7026.0,7.3933193039726115,0.4675221991072506,0.8084151020335727
ID4310,4310,65,0.14944392442703247,1292.2593522801724,319.9034835630521,0.0,108.0,108,15.0,1,,9.759679572763686,8.0,0.0,32.0,7310.0,7.199296452842162,0.42854852337054133,0.8133556802430448
ID4329,4329,65,0.1447652131319046,1295.6798635096616,319.066048471288,0.0,109.0,109,15.0,1,,8.92256341789052,7.0,0.0,28.0,6683.0,6.940109405030567,0.46131935591663087,0.8117267581857089
ID4370,4370,65,0.15068675577640533,1290.4100329370865,312.0050745193351,0.0,110.0,110,15.0,1,,9.20694259012016,7.0,0.0,31.0,6896.0,7.114694808443154,0.4843229202668067,0.8444924748358308
ID4350,4350,65,0.17078576982021332,1286.5871456391055,312.51032705460807,0.0,111.0,111,15.0,1,,10.209612817089452,8.0,0.0,32.0,7647.0,8.175554633568696,0.48223435944249293,0.8125747399997477
ID4390,4390,65,0.16263148188591003,1291.1792449848022,311.72266924768394,0.0,112.0,112,15.0,1,,9.875834445927904,8.0,0.0,33.0,7397.0,7.485230788102981,0.509078638006778,0.8901672322236166
ID4410,4410,65,0.17908252775669098,1293.5592180725941,314.7582849661844,0.0,113.0,113,15.0,1,,10.554072096128172,8.0,0.0,35.0,7905.0,8.002594839879494,0.5353428806629122,0.9196993393143083
ID4449,4449,65,0.16439570486545563,1298.0953422555333,318.2379810606556,0.0,114.0,114,15.0,1,,9.499332443257677,7.0,0.0,34.0,7115.0,8.151576212054817,0.49336391359993437,0.7699866881264454
ID4429,4429,65,0.17530442774295807,1298.8713688899868,325.3934239077039,0.0,115.0,115,15.0,1,,10.506008010680908,8.0,0.0,36.0,7869.0,7.641466437150414,0.541897921740384,0.966390997729892
ID4489,4489,65,0.17376333475112915,1299.27376474167,330.7684214008391,0.0,116.0,116,15.0,1,,10.483311081441922,8.0,0.0,33.0,7852.0,7.584906327394223,0.5535390173522171,0.9849276294597499
ID4469,4469,65,0.15234418213367462,1301.7402822159288,325.2110620038895,0.0,117.0,117,15.0,1,,9.63818424566088,8.0,0.0,33.0,7219.0,6.759321938054511,0.49624255337449946,0.9458321861646652
ID4508,4508,65,0.15480473637580872,1304.7233633630656,323.79991096001345,0.0,118.0,118,15.0,1,,9.811748998664887,8.0,0.0,30.0,7349.0,6.788679690257465,0.5043006569254675,0.9690495767423036
ID4527,4527,65,0.155959352850914,1306.9455284478756,309.49718320579166,0.0,119.0,119,15.0,1,,9.69158878504673,8.0,0.0,29.0,7259.0,6.942637100233782,0.518003586411559,0.9527094621655042
ID4569,4569,65,0.15921562910079956,1303.66559530284,310.77941397205615,0.0,120.0,120,15.0,1,,10.218958611481977,8.0,0.0,31.0,7654.0,6.856833391201938,0.5120000660873725,1.009325500336681
ID4548,4548,65,0.16706502437591553,1301.5685875133843,314.60264549554904,0.0,121.0,121,15.0,1,,9.934579439252337,8.0,0.0,32.0,7441.0,7.819811873952922,0.5060133310450551,0.8537216985811295
ID4587,4587,65,0.16394925117492676,1293.574593760674,312.36937152027843,0.0,122.0,122,15.0,1,,10.403204272363151,9.0,0.0,34.0,7792.0,7.4385389275492875,0.47973187110715704,0.906828217925083
ID4609,4609,65,0.161185160279274,1294.232807921011,305.3229039063692,0.0,123.0,123,15.0,1,,9.523364485981308,7.0,0.0,32.0,7133.0,7.740514388375714,0.47558582758327894,0.7930763672056212
ID4630,4630,65,0.1253606230020523,1300.4901642877505,306.92861622382674,0.0,124.0,124,15.0,1,,8.531375166889186,8.0,0.0,24.0,6390.0,5.82206212015869,0.44638438884343573,0.9044768868407589
ID4650,4650,65,0.15803280472755432,1312.0031162231248,315.4161478979199,0.0,125.0,125,15.0,1,,9.102803738317757,6.0,0.0,31.0,6818.0,7.930773686906414,0.4729364763493611,0.7370694514579216
ID4671,4671,65,0.17142726480960846,1314.367283278937,309.40647700681376,0.0,126.0,126,15.0,1,,10.240320427236314,8.0,0.0,35.0,7670.0,8.025755859508838,0.49922979446007315,0.8497474881075106
ID4690,4690,65,0.16353774070739746,1318.7041590467268,306.9386168209603,0.0,127.0,127,15.0,1,,9.975967957276369,8.0,0.0,35.0,7472.0,7.524253780332215,0.5054382840729,0.8902803421534617
ID4731,4731,65,0.1709890216588974,1318.2585429741368,306.79697226195304,0.0,128.0,128,15.0,1,,10.061415220293725,8.0,0.0,32.0,7536.0,7.892931151707641,0.5205761629197132,0.8728243488517605
ID4711,4711,65,0.1683933436870575,1313.181414800487,304.85924458021924,0.0,129.0,129,15.0,1,,9.883845126835782,7.0,0.0,34.0,7403.0,8.003249217002935,0.5035863497003809,0.8272469254847565
ID4752,4752,65,0.15605223178863525,1313.1375738090958,312.7049712201995,0.0,130.0,130,15.0,1,,9.9652870493992,8.0,0.0,33.0,7464.0,6.979448197631982,0.4923866767263049,0.9421578051234467
ID4772,4772,65,0.16101232171058655,1312.0573182129951,315.4335043007791,0.0,131.0,131,15.0,1,,9.57543391188251,7.0,0.0,33.0,7172.0,7.880880198674118,0.47268258460721696,0.7799633281166087
ID4811,4811,65,0.113489530980587,1312.7545836210388,323.78398349237665,0.0,132.0,132,15.0,1,,8.265687583444592,7.0,0.0,23.0,6191.0,5.34456195346804,0.40212454780345797,0.8870964861437618
ID4791,4791,65,0.14806890487670898,1308.8547648616288,333.1991551404107,0.0,133.0,133,15.0,1,,9.647530040053404,8.0,0.0,31.0,7226.0,7.063212287735859,0.4315983192957205,0.823573645761615
ID4831,4831,65,0.1573503017425537,1306.9631001778607,336.641127798356,0.0,134.0,134,15.0,1,,10.230974632843791,9.0,0.0,30.0,7663.0,7.2957977602118085,0.43491270818601413,0.8500624506856987
ID4851,4851,65,0.12424318492412567,1309.2648757682769,328.1692136026462,0.0,135.0,135,15.0,1,,8.260347129506007,7.0,0.0,27.0,6187.0,5.825932289781211,0.45186028866008404,0.8825558743427717
ID4891,4891,65,0.10769778490066528,1314.6892015724295,320.8781928040039,0.0,136.0,136,15.0,1,,7.487316421895861,6.0,0.0,23.0,5608.0,5.185480746230712,0.4350330752814866,0.8754422919164018
ID4871,4871,65,0.13760560750961304,1320.6531046200848,315.3199399684645,0.0,137.0,137,15.0,1,,9.046728971962617,7.0,0.0,31.0,6776.0,6.6470777309233835,0.4297064892333958,0.8181177998005474
ID4912,4912,65,0.12763561308383942,1319.1433660242878,325.83846481290834,0.0,138.0,138,15.0,1,,8.016021361815755,6.0,0.0,29.0,6004.0,6.346270088983268,0.4461493623719354,0.779358787518631
ID4934,4934,65,0.13960474729537964,1311.578659272683,325.88672340471317,0.0,139.0,139,15.0,1,,8.675567423230975,7.0,0.0,33.0,6498.0,6.787469077331314,0.4621417078540511,0.8079895060123955
ID4954,4954,65,0.12207932025194168,1316.2477922240798,326.67028172864576,0.0,140.0,140,15.0,1,,8.347129506008011,8.0,0.0,24.0,6252.0,5.700612867938324,0.4330012230269119,0.8848877042066339
ID4974,4974,65,0.10709214955568314,1323.7264682580462,332.8782308714956,0.0,141.0,141,15.0,1,,7.835781041388518,7.0,0.0,24.0,5869.0,4.917338236451933,0.42000974512178896,0.94264951342427
ID4154,4154,70,0.12203655391931534,2488.826026243018,330.55189347637605,0.0,100.0,100,15.0,1,,7.886515353805073,6.0,0.0,31.0,5907.0,6.529176988397544,0.39034391738177043,0.6782376314032347
ID4172,4172,70,0.12183910608291626,2481.3223704982424,332.8240524501214,0.0,101.0,101,15.0,1,,8.443257676902537,7.0,0.0,26.0,6324.0,6.201694443640692,0.4186465430024429,0.8035316351344014
ID4193,4193,70,0.10398299247026443,2476.068785067996,335.77163980915486,0.0,102.0,102,15.0,1,,7.408544726301735,6.0,0.0,25.0,5549.0,5.51844080534782,0.36461285601952736,0.7174126553862255
ID4212,4212,70,0.11411019414663315,2482.1410382663107,338.7659734942379,0.0,103.0,103,15.0,1,,7.425901201602136,6.0,0.0,30.0,5562.0,6.432198574223835,0.3896729077438287,0.6474516477036827
ID4235,4235,70,0.12093054503202438,2484.6836899473547,339.9163541950209,0.0,104.0,104,15.0,1,,7.853137516688919,6.0,0.0,32.0,5882.0,6.398513063275205,0.4029209016122629,0.704986415563746
ID4253,4253,70,0.11294969171285629,2482.946229917527,338.91449053949725,0.0,105.0,105,15.0,1,,7.464619492656876,6.0,0.0,26.0,5591.0,6.098600744283536,0.38151344920785535,0.6760241379472434
ID4271,4271,70,0.12955091893672943,2482.8766834254557,344.3095032591127,0.0,106.0,106,15.0,1,,8.233644859813085,7.0,0.0,29.0,6167.0,6.688456028873738,0.42187726386563257,0.7305000684752273
ID4292,4292,70,0.1132834181189537,2483.143790153251,350.14211468527697,0.0,107.0,107,15.0,1,,7.694259012016022,6.0,0.0,24.0,5763.0,5.65507974214707,0.4124167593064091,0.794568799378404
ID4311,4311,70,0.1428549885749817,2494.8717849951663,353.4503683074788,0.0,108.0,108,15.0,1,,9.130841121495328,7.0,0.0,29.0,6839.0,6.783037349295896,0.4605176432216462,0.8488990333166554
ID4330,4330,70,0.14917980134487152,2497.605768009412,355.7070602408718,0.0,109.0,109,15.0,1,,8.819759679572764,7.0,0.0,35.0,6606.0,7.54670551388431,0.4669886669038768,0.7440616590506315
ID4371,4371,70,0.14602822065353394,2503.7059818368593,358.79799665326374,0.0,110.0,110,15.0,1,,8.534045393858477,6.0,0.0,30.0,6392.0,7.469759161339668,0.46622204416005464,0.7265598655615754
ID4351,4351,70,0.13138732314109802,2494.7969691746,355.82928347453895,0.0,111.0,111,15.0,1,,8.722296395193592,7.0,0.0,26.0,6533.0,6.389772665715003,0.43046813728417477,0.8215580423750338
ID4391,4391,70,0.12985488772392273,2483.873981345584,349.4659442313968,0.0,112.0,112,15.0,1,,8.59279038718291,7.0,0.0,27.0,6436.0,6.2681608945624125,0.4538771709340184,0.855923005918657
ID4411,4411,70,0.1787804365158081,2476.069094131854,355.016028463951,0.0,113.0,113,15.0,1,,10.009345794392523,7.0,0.0,38.0,7497.0,8.684374573751318,0.5185776337528724,0.7871797696143986
ID4450,4450,70,0.15530754625797272,2474.7510241913237,352.8276555747308,0.0,114.0,114,15.0,1,,9.380507343124165,7.0,0.0,32.0,7026.0,7.939490026525396,0.4554132111995973,0.7394060983150209
ID4430,4430,70,0.15493790805339813,2475.710509767267,351.07009984463247,0.0,115.0,115,15.0,1,,9.037383177570094,6.0,0.0,35.0,6769.0,7.988708046029086,0.4689914304229824,0.7223402035101611
ID4490,4490,70,0.13623136281967163,2479.2634619487767,349.828628623474,0.0,116.0,116,15.0,1,,8.874499332443257,7.0,0.0,29.0,6647.0,6.623185145148161,0.4500332056751338,0.8317131592749607
ID4470,4470,70,0.1632056087255478,2481.1785225047774,341.1803073311749,0.0,117.0,117,15.0,1,,9.506008010680908,7.0,0.0,36.0,7120.0,8.233655253216082,0.46974894212840085,0.7380030337998394
ID4509,4509,70,0.16059866547584534,2476.1490642385575,337.3466462112007,0.0,118.0,118,15.0,1,,9.288384512683578,6.0,0.0,39.0,6957.0,8.171270670178625,0.466967145059898,0.7236799209533846
ID4528,4528,70,0.17850720882415771,2484.3401599629797,340.1351718120936,0.0,119.0,119,15.0,1,,10.279038718291055,7.0,0.0,36.0,7699.0,8.805737746294758,0.48878966730150614,0.7664881078914284
ID4570,4570,70,0.1688561588525772,2487.3553203408096,339.992695442573,0.0,120.0,120,15.0,1,,9.853137516688918,7.0,0.0,36.0,7380.0,8.32975507972973,0.49424245906145164,0.7825125053857414
ID4549,4549,70,0.1617499589920044,2485.2951755652803,339.01383654108804,0.0,121.0,121,15.0,1,,9.622162883845126,7.0,0.0,35.0,7207.0,7.964163727085796,0.4665513557511319,0.768713840352616
ID4588,4588,70,0.17236532270908356,2488.158944469114,344.2104886315705,0.0,122.0,122,15.0,1,,9.862483311081442,7.0,0.0,36.0,7387.0,8.49211932419495,0.49254437285083513,0.7665108372127947
ID4610,4610,70,0.13042977452278137,2480.5834483746416,341.9524576043399,0.0,123.0,123,15.0,1,,9.042723631508679,8.0,0.0,26.0,6773.0,6.19066841783782,0.44652059791511384,0.901796583939562
ID4631,4631,70,0.16961799561977386,2480.4295352184786,331.26099215195757,0.0,124.0,124,15.0,1,,9.841121495327103,7.0,0.0,35.0,7371.0,8.439790961145862,0.4826818839007475,0.7591995063845517
ID4651,4651,70,0.18064549565315247,2484.383441226386,330.81281134486125,0.0,125.0,125,15.0,1,,10.218958611481977,7.0,0.0,38.0,7654.0,8.909084079071398,0.49580350137123613,0.7603938964781468
ID4672,4672,70,0.14825224876403809,2484.4090833070436,330.0436821016385,0.0,126.0,126,15.0,1,,8.942590120160213,6.0,0.0,34.0,6698.0,7.717655584490108,0.43401105072917734,0.7013845858181542
ID4691,4691,70,0.14960284531116486,2486.326737844885,327.83018222009264,0.0,127.0,127,15.0,1,,8.56475300400534,5.0,0.0,32.0,6415.0,8.020704281099464,0.4380559659835009,0.650558185330814
ID4732,4732,70,0.12723888456821442,2491.9804361892307,331.1973557386449,0.0,128.0,128,15.0,1,,8.184245660881174,6.0,0.0,29.0,6130.0,6.606650159898887,0.40818870188046863,0.7181703422310977
ID4712,4712,70,0.14616654813289642,2494.9054536111025,329.5244963733285,0.0,129.0,129,15.0,1,,8.632843791722296,6.0,0.0,33.0,6466.0,7.574234403230801,0.4504960805291865,0.70797772564055
ID4753,4753,70,0.14629413187503815,2499.4538954903073,327.8953797316324,0.0,130.0,130,15.0,1,,8.496662216288385,6.0,0.0,34.0,6364.0,7.741412497337388,0.4340546916182705,0.6644111006713098
ID4773,4773,70,0.13055719435214996,2499.059616148772,322.5967893908249,0.0,131.0,131,15.0,1,,8.288384512683578,6.0,0.0,33.0,6208.0,7.005699450670784,0.39580776308714133,0.6709761492132273
ID4810,4810,70,0.10379471629858017,2496.8416918072144,312.5657171805957,0.0,132.0,132,15.0,1,,7.21762349799733,6.0,0.0,25.0,5406.0,5.578742044035162,0.3857168931172112,0.7202480436872034
ID4453,4453,76,0.10192085802555084,2143.5994725903633,399.99696773325,0.0,114.0,114,15.0,1,,7.638184245660881,7.0,0.0,26.0,5721.0,5.2375326796389725,0.3889900505484581,0.8168319908136172
ID4433,4433,76,0.11133214831352234,2143.8611187073566,403.39215188096665,0.0,115.0,115,15.0,1,,8.136181575433913,7.0,0.0,27.0,6094.0,5.485044016234899,0.3868885611124281,0.8275892372385533
ID4473,4473,76,0.1102713793516159,2146.2910557479718,419.51266277852704,0.0,117.0,117,15.0,1,,7.9879839786381845,7.0,0.0,25.0,5983.0,5.57626893256585,0.3791536110839415,0.7876368483734761
ID4512,4512,76,0.14183373749256134,2141.3889699492283,413.86372787154903,0.0,118.0,118,15.0,1,,8.974632843791722,7.0,0.0,30.0,6722.0,7.044028648743619,0.445391897032394,0.7852035753917432
ID4531,4531,76,0.12334743142127991,2139.1300935692025,414.40387177897827,0.0,119.0,119,15.0,1,,8.445927903871828,7.0,0.0,29.0,6326.0,6.110289830959303,0.4033467276384848,0.7945644064809458
ID4572,4572,76,0.10911047458648682,2138.7087125962225,417.9517573959522,0.0,120.0,120,15.0,1,,7.8718291054739655,7.0,0.0,25.0,5896.0,5.567247564703033,0.3786576018838139,0.7767037090575921
ID4552,4552,76,0.11371371895074844,2137.570642935313,423.5310312707159,0.0,121.0,121,15.0,1,,7.546061415220294,6.0,0.0,25.0,5652.0,6.066659663011538,0.38561914227986527,0.692333599974226
ID4590,4590,76,0.10810345411300659,2134.0491467149345,420.79434539264787,0.0,122.0,122,15.0,1,,7.578104138851803,6.0,0.0,27.0,5676.0,5.844541411893997,0.3500096732746746,0.6723312400898954
ID4612,4612,76,0.11857255548238754,2127.5245738001813,421.06473360775254,0.0,123.0,123,15.0,1,,8.403204272363151,7.0,0.0,25.0,6294.0,5.786328196446088,0.41956648517817197,0.8584537573421656
ID4634,4634,76,0.14029757678508759,2125.492523219001,424.49398950417117,0.0,124.0,124,15.0,1,,8.64886515353805,7.0,0.0,30.0,6478.0,7.46244174597069,0.4140270118291164,0.6787020142812964
ID4654,4654,76,0.15167048573493958,2130.784048957704,421.613880048607,0.0,125.0,125,15.0,1,,9.31909212283044,7.0,0.0,34.0,6980.0,7.517425121547907,0.45419730671408554,0.7743828180498716
ID4674,4674,76,0.14226023852825165,2130.0051720039546,412.50406241256525,0.0,126.0,126,15.0,1,,8.62483311081442,7.0,0.0,29.0,6460.0,7.208467438576653,0.43923673059330487,0.7303048269576913
ID4693,4693,76,0.14225326478481293,2129.533172949283,405.4827286356928,0.0,127.0,127,15.0,1,,8.54739652870494,6.0,0.0,34.0,6402.0,7.39124060842239,0.4455777600010839,0.7128999026927633
ID4734,4734,76,0.13453391194343567,2121.838468452086,398.71406774339374,0.0,128.0,128,15.0,1,,8.404539385847798,7.0,0.0,28.0,6295.0,6.57966651525666,0.4669943225868505,0.813248362938149
ID4713,4713,76,0.15750868618488312,2120.755883228199,394.1528314353155,0.0,129.0,129,15.0,1,,9.134846461949266,6.0,0.0,34.0,6842.0,8.180564265031414,0.4551377870689812,0.6985327333618566
ID4754,4754,76,0.1615583300590515,2120.2941745654184,393.0497599422762,0.0,130.0,130,15.0,1,,9.80373831775701,7.0,0.0,33.0,7343.0,8.153453840901339,0.4470353582506661,0.7429213189393306
ID4774,4774,76,0.168930321931839,2118.2162439862964,394.83736915588617,0.0,131.0,131,15.0,1,,9.700934579439252,7.0,0.0,37.0,7266.0,8.503145796127821,0.4929183461398784,0.753360548322763
ID4812,4812,76,0.12930068373680115,2117.992018635066,397.0315677517569,0.0,132.0,132,15.0,1,,8.64886515353805,7.0,0.0,28.0,6478.0,6.287736508068203,0.4490243441803929,0.8524894106207581
ID4792,4792,76,0.17939667403697968,2121.857817014032,393.40447189125695,0.0,133.0,133,15.0,1,,10.17890520694259,7.0,0.0,36.0,7624.0,8.782733021934876,0.5043597174787193,0.7771235703351242
ID4832,4832,76,0.17138001322746277,2116.4909747970178,396.37760162106764,0.0,134.0,134,15.0,1,,9.571428571428571,6.0,0.0,35.0,7169.0,8.485393912768643,0.5217368861175062,0.7734757891876436
ID4852,4852,76,0.15473565459251404,2117.351904853935,401.019027083732,0.0,135.0,135,15.0,1,,9.336448598130842,7.0,0.0,32.0,6993.0,7.387590309379596,0.49067766893227793,0.8319964075873363
ID4892,4892,76,0.16945001482963562,2123.705603501419,397.16076697712725,0.0,136.0,136,15.0,1,,9.619492656875835,6.0,0.0,40.0,7205.0,8.688039246312565,0.47410367828438177,0.712206091573984
ID4872,4872,76,0.15514260530471802,2122.7881379973574,399.9113743360961,0.0,137.0,137,15.0,1,,9.197596795727637,7.0,0.0,37.0,6889.0,7.841917027493091,0.45805751677964385,0.7369321062478388
ID4913,4913,76,0.16978520154953003,2119.8513874003665,399.14984993354733,0.0,138.0,138,15.0,1,,9.795727636849133,7.0,0.0,37.0,7337.0,8.54147997236032,0.48878435712968094,0.7530417789454057
ID4935,4935,76,0.1524842381477356,2116.9800393368496,396.1727421675808,0.0,139.0,139,15.0,1,,9.383177570093459,7.0,0.0,31.0,7028.0,7.415930608355597,0.4650814407651217,0.8033069339230681
ID4955,4955,76,0.1459018737077713,2120.7644929579415,391.13932806656,0.0,140.0,140,15.0,1,,8.90520694259012,7.0,0.0,35.0,6670.0,7.318048680342738,0.4612062389941516,0.7681788991174724
ID4975,4975,76,0.15550021827220917,2121.69863684055,388.7520398278163,0.0,141.0,141,15.0,1,,9.432576769025367,7.0,0.0,33.0,7065.0,7.4188880502530115,0.4849312864598973,0.8304153594819483
ID5018,5018,76,0.14120306074619293,2127.741430000445,391.4416438957002,0.0,142.0,142,15.0,1,,8.647530040053404,6.0,0.0,29.0,6477.0,6.974260155745451,0.46350887380766503,0.7853922735504741
ID4996,4996,76,0.12432488799095154,2131.215422886565,389.0484140612379,0.0,143.0,143,15.0,1,,8.339118825100133,7.0,0.0,33.0,6246.0,6.133525804517747,0.4201352948298413,0.8044506507930282
ID5058,5058,76,0.1452767550945282,2134.614799046313,380.89543032650266,0.0,144.0,144,15.0,1,,9.013351134846461,7.0,0.0,32.0,6751.0,7.086164354021712,0.45727207188732677,0.7982503185687397
ID5038,5038,76,0.16786237061023712,2129.811431411213,380.772186241814,0.0,145.0,145,15.0,1,,9.963951935914553,7.0,0.0,35.0,7463.0,8.647279154031065,0.4461614549695229,0.7109800360890922
ID5100,5100,76,0.17231500148773193,2129.0850838476526,380.3754043209064,0.0,146.0,146,15.0,1,,9.874499332443257,7.0,0.0,36.0,7396.0,8.538228201752387,0.5018821755563395,0.772935458797971
ID5079,5079,76,0.17819032073020935,2129.7986232632325,380.7234336948404,0.0,147.0,147,15.0,1,,10.355140186915888,7.0,0.0,36.0,7756.0,8.351689181208744,0.509930443842493,0.8374630501987285
ID5121,5121,76,0.16693058609962463,2131.4986217475007,383.96396930982286,0.0,148.0,148,15.0,1,,9.89452603471295,8.0,0.0,37.0,7411.0,8.189652689346195,0.4708100469960624,0.7734792029646685
ID5143,5143,76,0.1664130687713623,2131.8856638879906,386.9855015318771,0.0,149.0,149,15.0,1,,9.602136181575434,7.0,0.0,36.0,7192.0,8.097949547538438,0.4936664037727953,0.7837954712257741
ID5165,5165,76,0.1373971849679947,2127.7538063010247,389.81106518836725,0.0,150.0,150,15.0,1,,8.265687583444592,6.0,0.0,30.0,6191.0,7.262471126241038,0.42274845267931876,0.6763608604321768
ID5185,5185,76,0.14493513107299805,2129.7032124007433,386.2515086339084,0.0,151.0,151,15.0,1,,9.248331108144193,7.0,0.0,30.0,6927.0,7.011431690469082,0.446267481758423,0.8140166330071257
ID5229,5229,76,0.1384754478931427,2127.2766799807223,382.3893551040783,0.0,152.0,152,15.0,1,,8.352469959946596,6.0,0.0,31.0,6256.0,7.192255558177568,0.4446985200059181,0.714937806769894
ID5208,5208,76,0.13182950019836426,2125.0723643412407,380.94703327165473,0.0,153.0,153,15.0,1,,8.291054739652871,6.0,0.0,27.0,6210.0,6.655638724210728,0.43194308450728147,0.7515377618629878
ID5252,5252,76,0.1240646094083786,2123.9618039033994,382.76542189103594,0.0,154.0,154,15.0,1,,7.762349799732977,6.0,0.0,28.0,5814.0,6.693010388005313,0.3952979219270008,0.6571420983484922
ID5273,5273,76,0.15554434061050415,2124.555246705284,386.0249528852315,0.0,155.0,155,15.0,1,,9.938584779706275,8.0,0.0,33.0,7444.0,7.255753286081639,0.47531933662159004,0.8826153636515425
ID5315,5315,76,0.14364705979824066,2122.0420456705197,389.7213216898727,0.0,156.0,156,15.0,1,,8.468624833110814,6.0,0.0,33.0,6343.0,7.594723812679405,0.4443749866413479,0.686120744994563
ID5294,5294,76,0.1468852311372757,2124.975103614281,389.1940481160591,0.0,157.0,157,15.0,1,,9.114819759679573,7.0,0.0,32.0,6827.0,7.424497453299272,0.43676207852677595,0.7463990628800312
ID5337,5337,76,0.12843698263168335,2127.2535652084857,389.49012196698243,0.0,158.0,158,15.0,1,,8.387182910547397,7.0,0.0,35.0,6282.0,6.664387451336082,0.41059106852242827,0.7326460971327631
ID5358,5358,76,0.12222763150930405,2123.6650045925035,394.96471471595845,0.0,159.0,159,15.0,1,,8.695594125500667,7.0,0.0,30.0,6513.0,5.842014919214866,0.4061074005962556,0.859783297754474
ID5379,5379,76,0.11295336484909058,2119.710953787347,396.4705990255704,0.0,160.0,160,15.0,1,,7.64218958611482,6.0,0.0,25.0,5724.0,5.713772975575371,0.3982821831114744,0.761940182273353
ID5399,5399,76,0.12936340272426605,2116.7809677239134,393.7847353349813,0.0,161.0,161,15.0,1,,8.268357810413885,6.0,0.0,28.0,6193.0,6.659906785824017,0.40632532609254945,0.7174129336358541
ID5418,5418,76,0.12137024104595184,2121.227564826452,394.240252947079,0.0,162.0,162,15.0,1,,8.355140186915888,7.0,0.0,26.0,6258.0,5.932275166418659,0.4187318334988207,0.8313772086387412
ID5439,5439,76,0.14933644235134125,2121.881606451582,388.6673785854224,0.0,163.0,163,15.0,1,,8.863818424566087,6.0,0.0,30.0,6639.0,7.633491981959776,0.46993111377338076,0.742445895220214
ID5461,5461,76,0.13858456909656525,2122.7001165863426,389.8784233328675,0.0,164.0,164,15.0,1,,8.510013351134846,6.0,0.0,28.0,6374.0,6.799966076105467,0.45549311954934807,0.7832946411622467
ID5482,5482,76,0.1426611989736557,2121.5616605804994,379.61058127061176,0.0,165.0,165,15.0,1,,9.225634178905207,7.0,0.0,29.0,6910.0,6.970034009669008,0.42488862960993934,0.7893789051296353
ID5504,5504,76,0.14141196012496948,2118.6514648900934,378.6265279315915,0.0,166.0,166,15.0,1,,9.005340453938585,7.0,0.0,32.0,6745.0,6.9274292673586375,0.4383570141883513,0.7923540761994445
ID5523,5523,76,0.13152694702148438,2123.560303748817,381.68669482188926,0.0,167.0,167,15.0,1,,8.687583444592791,7.0,0.0,28.0,6507.0,6.255574468680023,0.4403641026017693,0.8491832246158438
ID5545,5545,76,0.1486029326915741,2124.6936425523,381.2644098965567,0.0,168.0,168,15.0,1,,8.801068090787718,6.0,0.0,32.0,6592.0,7.662094974118786,0.4587579795944479,0.7224673622594739
ID5568,5568,76,0.15381008386611938,2130.3156076336863,376.2359018091008,0.0,169.0,169,15.0,1,,9.121495327102803,7.0,0.0,36.0,6832.0,8.026688764388817,0.44988112352282217,0.7052205962323408
ID5588,5588,76,0.15320158004760742,2122.803554591201,380.2481878861333,0.0,170.0,170,15.0,1,,9.344459279038718,7.0,0.0,33.0,6999.0,7.691679780272758,0.43270933338792045,0.7338396085488829
ID4535,4535,77,0.10247383266687393,2600.7129177648303,1112.7153487641442,0.0,119.0,119,15.0,1,,8.811748998664887,9.0,0.0,21.0,6600.0,3.820934561186746,0.4241813237843873,1.3737533689421049
ID4575,4575,77,0.10820146650075912,2603.6713713100085,1114.2867005992377,0.0,120.0,120,15.0,1,,8.700934579439252,8.0,0.0,20.0,6517.0,3.882465956855561,0.48722044728434505,1.46837979850736
ID4555,4555,77,0.10750468820333481,2611.0839699790167,1115.1161979664425,0.0,121.0,121,15.0,1,,8.89853137516689,9.0,0.0,19.0,6665.0,3.9407863816119506,0.4482660463640699,1.3978254190255457
ID4595,4595,77,0.12025272101163864,2617.481248514428,1114.3627876343783,0.0,122.0,122,15.0,1,,9.560747663551401,9.0,0.0,20.0,7161.0,4.181140171064768,0.49129069931170427,1.5066187139053906
ID4638,4638,77,0.1057153269648552,2627.102348857325,1100.7806034330054,0.0,124.0,124,15.0,1,,8.363150867823766,8.0,0.0,22.0,6264.0,4.223885316987038,0.45538533921684654,1.2390500736917551
ID4657,4657,77,0.11600781232118607,2630.297253752362,1104.18545977229,0.0,125.0,125,15.0,1,,9.489986648865154,9.0,0.0,22.0,7108.0,4.477390452842052,0.42453544954862893,1.263314054202797
ID4678,4678,77,0.13968254625797272,2631.5536616518734,1108.4579973747263,0.0,126.0,126,15.0,1,,11.050734312416555,11.0,0.0,24.0,8277.0,4.797792509346177,0.48810415209039965,1.510980448181331
ID4697,4697,77,0.11904340237379074,2629.8342815182345,1108.79821567389,0.0,127.0,127,15.0,1,,9.288384512683578,9.0,0.0,22.0,6957.0,4.345030498600735,0.48412063932171107,1.3946388065627349
ID4739,4739,77,0.12097825855016708,2630.239201407495,1108.908566656964,0.0,128.0,128,15.0,1,,9.184245660881174,9.0,0.0,21.0,6879.0,4.65444616641342,0.4647208031429487,1.252110738023281
ID4718,4718,77,0.10903746634721756,2631.5919386135297,1109.999580878366,0.0,129.0,129,15.0,1,,8.317757009345794,8.0,0.0,20.0,6230.0,4.483537002543447,0.458495812597441,1.16639501094723
ID4759,4759,77,0.10996956378221512,2626.4279796235473,1109.2178706461216,0.0,130.0,130,15.0,1,,8.591455273698264,8.0,0.0,22.0,6435.0,4.254752818019965,0.467644031684607,1.2868177944782633
ID4779,4779,77,0.15062405169010162,2622.6918609819427,1103.9131521100207,0.0,131.0,131,15.0,1,,11.264352469959947,11.0,0.0,26.0,8437.0,5.493513215401541,0.49446058691720185,1.356854463116199
ID4817,4817,77,0.14567969739437103,2625.748460555773,1104.4797563525592,0.0,132.0,132,15.0,1,,10.708945260347129,10.0,0.0,25.0,8021.0,5.190559878659671,0.5125784481529025,1.3983146980499221
ID4797,4797,77,0.13117237389087677,2631.389078202393,1105.0440988387613,0.0,133.0,133,15.0,1,,9.656875834445929,9.0,0.0,26.0,7233.0,5.140904575287246,0.5030089506985465,1.2573067485702074
ID4837,4837,77,0.13098347187042236,2629.125944930235,1109.7810439511477,0.0,134.0,134,15.0,1,,9.51935914552737,9.0,0.0,23.0,7130.0,5.100719422413826,0.4985436822712901,1.2417669108087137
ID4857,4857,77,0.13301372528076172,2632.451148343683,1108.4698323454438,0.0,135.0,135,15.0,1,,10.044058744993324,10.0,0.0,23.0,7523.0,4.685217688431159,0.5182234329245684,1.4634935820915047
ID4897,4897,77,0.14738993346691132,2638.788890386623,1100.6449736638974,0.0,136.0,136,15.0,1,,10.71562082777036,10.0,0.0,25.0,8026.0,5.424546512049067,0.5013910263885807,1.3193700981707537
ID4878,4878,77,0.15645970404148102,2636.0258333925835,1100.7858290610834,0.0,137.0,137,15.0,1,,11.033377837116156,11.0,0.0,26.0,8264.0,5.597956745518428,0.5385117263411024,1.3797592110289512
ID4919,4919,77,0.14625975489616394,2642.0343226949767,1097.815318722057,0.0,138.0,138,15.0,1,,10.218958611481977,10.0,0.0,24.0,7654.0,5.784463192214258,0.5111362027852386,1.1951064931794666
ID4941,4941,77,0.14425836503505707,2642.981252877952,1093.7787787335392,0.0,139.0,139,15.0,1,,10.619492656875835,10.0,1.0,27.0,7954.0,5.069115276730536,0.5160916220533334,1.4262739763522465
ID4960,4960,77,0.13891778886318207,2643.3799031502285,1099.7137027877181,0.0,140.0,140,15.0,1,,9.843791722296395,9.0,0.0,24.0,7373.0,5.26829935719204,0.5303568835727359,1.2950825624730335
ID4982,4982,77,0.1293485313653946,2643.7587325514005,1094.104057406223,0.0,141.0,141,15.0,1,,10.128170894526034,10.0,0.0,26.0,7586.0,4.682670234695775,0.4847733597005187,1.41236198760647
ID5024,5024,77,0.14393174648284912,2639.7435942105776,1100.652960306791,0.0,142.0,142,15.0,1,,10.526034712950601,10.0,0.0,29.0,7884.0,5.290838404278098,0.49617636055497094,1.3195430903276144
ID5002,5002,77,0.14142842590808868,2637.6841384721556,1098.4076948135653,0.0,143.0,143,15.0,1,,10.56875834445928,10.0,0.0,25.0,7916.0,4.918548999285204,0.5234112332946077,1.4765319424795935
ID5065,5065,77,0.13512952625751495,2635.5999790498945,1097.152500235299,0.0,144.0,144,15.0,1,,10.012016021361816,10.0,0.0,23.0,7499.0,5.07759204581268,0.482241768260936,1.2830379509243126
ID5044,5044,77,0.13703840970993042,2639.8557873528557,1099.095431574266,0.0,145.0,145,15.0,1,,10.153538050734312,10.0,0.0,27.0,7605.0,5.140192770392842,0.48370656343949625,1.2879587455718182
ID5106,5106,77,0.1356707364320755,2633.7435035111234,1100.6024250434136,0.0,146.0,146,15.0,1,,9.700934579439252,9.0,0.0,23.0,7266.0,5.004143917259469,0.5269926849989152,1.3380779390346342
ID5085,5085,77,0.132011279463768,2638.1068733266466,1099.7759359649626,0.0,147.0,147,15.0,1,,9.92256341789052,9.0,0.0,25.0,7432.0,4.939948022826982,0.5042143420798727,1.3465949118689664
ID5127,5127,77,0.13184499740600586,2647.6149831915536,1102.3762057024546,0.0,148.0,148,15.0,1,,9.76502002670227,9.0,0.0,25.0,7314.0,4.9568517270255334,0.5005246212983985,1.3142546600152052
ID5149,5149,77,0.15253928303718567,2645.6853986612264,1096.450974926424,0.0,149.0,149,15.0,1,,10.695594125500667,10.0,0.0,30.0,8011.0,5.776426770138055,0.5320054596633556,1.2859717077397321
ID5170,5170,77,0.14940039813518524,2646.958443010516,1097.7451186336887,0.0,150.0,150,15.0,1,,10.530040053404539,10.0,0.0,25.0,7887.0,5.673676681302449,0.49525735740833776,1.229448731515979
ID5193,5193,77,0.14142091572284698,2654.578011204049,1091.0851492292845,0.0,151.0,151,15.0,1,,10.23898531375167,9.0,0.0,24.0,7669.0,5.297085974821471,0.5059461567882407,1.2988073890744496
ID5237,5237,77,0.14307801425457,2655.806154219654,1084.4658029023865,0.0,152.0,152,15.0,1,,10.009345794392523,9.0,0.0,26.0,7497.0,5.179522434193058,0.5344504043708587,1.3461719108589254
ID5214,5214,77,0.15747004747390747,2653.933521062992,1077.2693438507204,0.0,153.0,153,15.0,1,,10.907877169559413,10.0,0.0,26.0,8170.0,5.7140697359639825,0.5450086931451907,1.3467816806384165
ID5258,5258,77,0.1527709662914276,2654.024173509486,1075.6296573698992,0.0,154.0,154,15.0,1,,11.009345794392523,11.0,0.0,26.0,8246.0,5.474898306803388,0.5193134129122293,1.3746673553476436
ID5279,5279,77,0.1697206348180771,2662.312194879246,1072.5200206219815,0.0,155.0,155,15.0,1,,11.647530040053404,11.0,0.0,26.0,8724.0,6.049588743985447,0.5510972796154938,1.3681295207666802
ID5322,5322,77,0.16494449973106384,2663.659053834667,1070.7904935159174,0.0,156.0,156,15.0,1,,10.982643524699599,10.0,0.0,27.0,8226.0,6.334353155676627,0.5304485664983631,1.2018745849892425
ID5300,5300,77,0.17283055186271667,2665.4704855610125,1075.2545703539677,0.0,157.0,157,15.0,1,,11.392523364485982,10.0,0.0,27.0,8533.0,6.2879434472044995,0.5770901457741036,1.3259539362098887
ID5343,5343,77,0.15751215815544128,2665.325518212006,1068.7089997518024,0.0,158.0,158,15.0,1,,10.759679572763686,9.0,0.0,27.0,8059.0,6.058619872834014,0.5369825536642039,1.2409288079140108
ID5364,5364,77,0.15042011439800262,2654.8445541429714,1058.149033253218,0.0,159.0,159,15.0,1,,10.522029372496663,10.0,0.0,29.0,7881.0,5.7278854573018725,0.5381313197512173,1.28537554963945
ID5385,5385,77,0.16265814006328583,2657.704599083538,1050.619261738767,0.0,160.0,160,15.0,1,,11.269692923898532,10.0,0.0,29.0,8441.0,5.978294297963665,0.5422894621072198,1.325653618633755
ID5405,5405,77,0.1452387124300003,2654.451188164654,1039.8785293363333,0.0,161.0,161,15.0,1,,10.854472630173564,10.0,0.0,26.0,8130.0,5.208120140381061,0.4827667535607003,1.3571324783788068
ID5425,5425,77,0.12350247800350189,2654.959133786888,1033.1940189213092,0.0,162.0,162,15.0,1,,9.436582109479305,9.0,0.0,21.0,7068.0,4.413796680481721,0.48684858161275585,1.400101630188064
ID5446,5446,77,0.14561066031455994,2653.6415819246336,1028.0761311491485,0.0,163.0,163,15.0,1,,10.419225634178906,10.0,0.0,28.0,7804.0,5.379994030033147,0.5077831241807663,1.304436763059388
ID5467,5467,77,0.12049264460802078,2650.7400629899876,1027.528330149336,0.0,164.0,164,15.0,1,,9.296395193591454,9.0,0.0,23.0,6963.0,4.71063767539532,0.450909411219813,1.2266308244402866
ID5488,5488,77,0.13361623883247375,2642.3562719495594,1027.630877428202,0.0,165.0,165,15.0,1,,9.82777036048064,9.0,0.0,27.0,7361.0,5.1260556988204025,0.50052215098315,1.279035404477901
ID5508,5508,77,0.12338033318519592,2635.1875129097148,1033.4611441789257,0.0,166.0,166,15.0,1,,9.427236315086782,9.0,0.0,22.0,7061.0,4.651387634247112,0.4961211771280555,1.3441658289352159
ID5530,5530,77,0.14104099571704865,2631.5514223053356,1029.6618283043515,0.0,167.0,167,15.0,1,,10.485981308411215,10.0,0.0,23.0,7854.0,4.919825494130691,0.5309445041920491,1.478356101117991
ID5552,5552,77,0.14669036865234375,2634.3564499711974,1028.3521749259237,0.0,168.0,168,15.0,1,,11.072096128170895,10.0,0.0,25.0,8293.0,4.891893710651192,0.5171217112942647,1.5429618191919428
ID5573,5573,77,0.15031708776950836,2635.5356953200007,1024.881183562316,0.0,169.0,169,15.0,1,,10.967957276368491,10.0,0.0,28.0,8215.0,5.156019141600097,0.5341991956426128,1.4813671296802362
ID5593,5593,77,0.1147264689207077,2637.51294541915,1020.0587330496231,0.0,170.0,170,15.0,1,,9.257676902536716,9.0,0.0,22.0,6934.0,4.067161493891483,0.4852850669886466,1.4873997733900424
ID4825,4825,80,0.1292666643857956,2827.2997405009864,1871.999271754409,0.0,132.0,132,15.0,1,,8.411214953271028,6.0,0.0,30.0,6300.0,6.725256271521338,0.4003482482209212,0.7151246848121818
ID4805,4805,80,0.13070882856845856,2828.632329261236,1873.297965197269,0.0,133.0,133,15.0,1,,8.985313751668892,7.0,0.0,29.0,6730.0,6.583771009858403,0.3912242745426912,0.7675685503465584
ID4846,4846,80,0.12388801574707031,2830.3266941274983,1869.5144752148349,0.0,134.0,134,15.0,1,,8.186915887850468,6.0,0.0,31.0,6132.0,6.339106173571633,0.412687801273706,0.7545668731904308
ID4865,4865,80,0.1116890013217926,2822.4270393898473,1869.4546349809232,0.0,135.0,135,15.0,1,,7.606141522029373,6.0,0.0,26.0,5697.0,5.921592382875463,0.3744997473547646,0.6999431263880873
ID4906,4906,80,0.13560937345027924,2819.4892942619317,1861.9844127903439,0.0,136.0,136,15.0,1,,8.551401869158878,7.0,0.0,31.0,6405.0,7.080257162090474,0.44504365460369877,0.7439434528268991
ID4886,4886,80,0.12232357263565063,2815.359477618988,1860.9788082172577,0.0,137.0,137,15.0,1,,8.10547396528705,6.0,0.0,28.0,6071.0,6.3646613300247346,0.40669843205922634,0.7363844450828734
ID4926,4926,80,0.13086789846420288,2810.5867214720333,1857.5481481791403,0.0,138.0,138,15.0,1,,8.271028037383177,6.0,0.0,29.0,6195.0,6.855847781860133,0.4165882704745025,0.7095642371014919
ID4949,4949,80,0.16014720499515533,2816.4786545982224,1858.8897441820031,0.0,139.0,139,15.0,1,,9.727636849132177,7.0,0.0,34.0,7286.0,8.146259756334661,0.4439609130990772,0.7342913112452127
ID4967,4967,80,0.15754427015781403,2822.103960269317,1854.0486916015473,0.0,140.0,140,15.0,1,,9.950600801068092,8.0,0.0,32.0,7453.0,7.416844918312556,0.46772280478582223,0.8550757778112773
ID4989,4989,80,0.16101811826229095,2819.666086851393,1851.4325283561316,0.0,141.0,141,15.0,1,,9.735647530040053,7.0,0.0,33.0,7292.0,7.897543973715827,0.46855310892823143,0.7866326205380081
ID5030,5030,80,0.13028500974178314,2820.335015176923,1846.7993623376437,0.0,142.0,142,15.0,1,,8.706275033377837,8.0,0.0,27.0,6521.0,6.06883206254712,0.4402004165640816,0.8769700775099681
ID5010,5010,80,0.19344758987426758,2813.741897908697,1841.501297342333,0.0,143.0,143,15.0,1,,11.277703604806408,9.0,0.0,41.0,8447.0,8.809347069393883,0.5297483048974723,0.8866588365130272
ID5071,5071,80,0.10196108371019363,2809.49435223407,1834.6923076964213,0.0,144.0,144,15.0,1,,8.164218958611482,8.0,0.0,21.0,6115.0,4.580066241390229,0.42209670627582485,1.0581706530980453
ID5050,5050,80,0.1506890207529068,2807.9716886919236,1835.502778376237,0.0,145.0,145,15.0,1,,9.837116154873165,8.0,0.0,28.0,7368.0,6.400422798001279,0.5032238966750575,1.0290268739778896
ID5113,5113,80,0.190792515873909,2811.062548294127,1839.782964966699,0.0,146.0,146,15.0,1,,10.833110814419225,7.0,0.0,39.0,8114.0,9.047715081588095,0.5305502574595977,0.8300862122609742
ID5092,5092,80,0.17063389718532562,2803.860586870135,1837.2796632972909,0.0,147.0,147,15.0,1,,10.013351134846461,8.0,0.0,31.0,7500.0,7.8409887725562,0.5241879623052612,0.878389479148818
ID5135,5135,80,0.16752362251281738,2792.9453507934195,1841.4021754025082,0.0,148.0,148,15.0,1,,10.355140186915888,8.0,0.0,32.0,7756.0,7.448892957827109,0.5042971764497512,0.932067019750602
ID5157,5157,80,0.17348450422286987,2785.285751187078,1846.4022309555553,0.0,149.0,149,15.0,1,,10.299065420560748,7.0,0.0,37.0,7714.0,8.278976769181373,0.49963505004144343,0.8289311560510269
ID5178,5178,80,0.16638149321079254,2787.9118087983325,1847.398563575803,0.0,150.0,150,15.0,1,,9.730307076101468,7.0,0.0,36.0,7288.0,8.232542867872214,0.4751689945120946,0.7614280295759265
ID5200,5200,80,0.1800621747970581,2784.8943598347137,1844.812300233031,0.0,151.0,151,15.0,1,,10.353805073431241,7.0,0.0,36.0,7755.0,8.880011325655559,0.49915051652198134,0.776430784994673
ID5244,5244,80,0.1502312868833542,2781.299573529909,1829.8587995231678,0.0,152.0,152,15.0,1,,10.050734312416555,9.0,0.0,30.0,7528.0,6.633659923359124,0.46669524202561513,0.9642021043840647
ID5221,5221,80,0.17217972874641418,2781.9811104541045,1835.0477097458984,0.0,153.0,153,15.0,1,,10.461949265687583,8.0,0.0,34.0,7836.0,7.730950847607165,0.5217235678517623,0.9279282185225823
ID5265,5265,80,0.18362197279930115,2775.138318307237,1829.7945731779892,0.0,154.0,154,15.0,1,,10.656875834445929,8.0,0.0,36.0,7982.0,8.535927303604653,0.5213179129847634,0.8556415438519279
ID5286,5286,80,0.15157602727413177,2771.616082639562,1824.7856604521146,0.0,155.0,155,15.0,1,,9.815754339118826,8.0,0.0,28.0,7352.0,6.714237217696867,0.49850216026248245,0.9726725653817485
ID5329,5329,80,0.17067785561084747,2775.7961071269415,1817.9803193141174,0.0,156.0,156,15.0,1,,9.959946595460615,7.0,0.0,32.0,7460.0,8.22452300177765,0.4991256850916234,0.806395619697319
ID5307,5307,80,0.1795496940612793,2776.895772169282,1815.6489470762306,0.0,157.0,157,15.0,1,,10.465954606141523,8.0,0.0,33.0,7839.0,8.255963801522762,0.5262004919367785,0.8741394548895075
ID5350,5350,80,0.17385558784008026,2774.479006899545,1813.548985130808,0.0,158.0,158,15.0,1,,10.15086782376502,8.0,0.0,35.0,7603.0,8.162450869218087,0.5294828190815477,0.8610331215030027
ID5371,5371,80,0.16665616631507874,2777.870875157787,1811.2681880690423,0.0,159.0,159,15.0,1,,10.15086782376502,8.0,0.0,33.0,7603.0,7.937081450155957,0.48567851864174993,0.8361734670801072
ID5392,5392,80,0.1613563895225525,2779.2672447003993,1805.4956661184442,0.0,160.0,160,15.0,1,,10.148197596795727,8.0,0.0,31.0,7601.0,7.335773279482002,0.5028277214026907,0.9257272015912854
ID5411,5411,80,0.16237854957580566,2779.3080874394777,1802.820567293136,0.0,161.0,161,15.0,1,,9.559412550066755,7.0,0.0,35.0,7160.0,7.946058631974938,0.49097342050239895,0.7923143382174641
ID5431,5431,80,0.1827075481414795,2770.4973016293284,1807.6348305668682,0.0,162.0,162,15.0,1,,10.949265687583445,8.0,0.0,36.0,8201.0,8.441531536040612,0.5160709342248715,0.8830465959592646
ID5453,5453,80,0.16898062825202942,2773.3203360339467,1812.01579808341,0.0,163.0,163,15.0,1,,10.174899866488651,8.0,0.0,36.0,7621.0,8.347250349208792,0.4530485706414024,0.7601185541404137
ID5474,5474,80,0.14187541604042053,2774.2481378217462,1808.677195317998,0.0,164.0,164,15.0,1,,8.977303070761014,7.0,0.0,32.0,6724.0,7.03549197016835,0.4425548613186064,0.7829178378748546
ID5495,5495,80,0.14351129531860352,2775.4055750037437,1805.0173281876985,0.0,165.0,165,15.0,1,,9.149532710280374,7.0,0.0,30.0,6853.0,6.969303621106386,0.4403572203606778,0.8027391278143561
ID5515,5515,80,0.12893269956111908,2780.1959692013356,1800.9887908179564,0.0,166.0,166,15.0,1,,8.10146862483311,6.0,0.0,31.0,6068.0,6.838891651190875,0.4184693322257253,0.6989590173777795
ID5537,5537,80,0.1524970680475235,2783.69628635397,1799.0995332082048,0.0,167.0,167,15.0,1,,9.109479305740988,7.0,0.0,32.0,6823.0,7.708858601098049,0.4693864206027347,0.7549669999611283
ID5560,5560,80,0.13638527691364288,2784.0952829172275,1793.4247928200357,0.0,168.0,168,15.0,1,,8.61415220293725,7.0,0.0,28.0,6452.0,6.797834074945711,0.4432837695142604,0.7783986593188855
ID5580,5580,80,0.113957479596138,2778.0441425754498,1792.8977040920013,0.0,169.0,169,15.0,1,,7.596795727636849,6.0,0.0,26.0,5690.0,5.842659857538403,0.4214744384988603,0.7710490864886115
ID5600,5600,80,0.12856626510620117,2776.654556192917,1801.3683635698299,0.0,170.0,170,15.0,1,,8.138851802403204,6.0,0.0,29.0,6096.0,6.997283603246693,0.3852039065452155,0.6469051894695499
ID4870,4870,82,0.1013987734913826,886.337288293774,187.6873714932005,0.0,137.0,137,15.0,1,,8.241655540720961,8.0,0.0,23.0,6173.0,4.087489120352086,0.4339751461272792,1.220424954209896
ID4911,4911,82,0.10980851203203201,885.0612106196153,189.36725775585052,0.0,138.0,138,15.0,1,,8.854472630173564,8.0,0.0,23.0,6632.0,4.205792020492408,0.46913212970842555,1.3445570175783534
ID4932,4932,82,0.1070999950170517,890.6451777327031,190.95764513913468,0.0,139.0,139,15.0,1,,8.863818424566087,9.0,0.0,21.0,6639.0,4.516178504869119,0.4276907870309436,1.175913795404368
ID4953,4953,82,0.11354342848062515,887.4193306180473,192.06417362929378,0.0,140.0,140,15.0,1,,8.743658210947931,8.0,0.0,24.0,6549.0,4.443462778724695,0.48540636036574,1.28606170152215
ID4973,4973,82,0.11956559866666794,885.0948088081092,192.16765731946379,0.0,141.0,141,15.0,1,,8.974632843791722,9.0,0.0,24.0,6722.0,4.553091155419746,0.4884880071402815,1.2937456628095487
ID5017,5017,82,0.11096128076314926,891.4935571215095,198.7754801617653,0.0,142.0,142,15.0,1,,8.527369826435248,8.0,0.0,20.0,6387.0,4.413865022468965,0.4653432615656076,1.2270439087967586
ID4995,4995,82,0.11243294924497604,893.8315538992874,202.02605856337263,0.0,143.0,143,15.0,1,,9.461949265687583,9.0,0.0,21.0,7087.0,4.023687475583293,0.4505978550198552,1.4609268084865537
ID5057,5057,82,0.12438961863517761,894.5793427200521,208.1095071490575,0.0,144.0,144,15.0,1,,10.024032042723631,10.0,0.0,22.0,7508.0,4.395483739451754,0.4638543168241904,1.4452717341077819
ID5037,5037,82,0.11433111131191254,899.9345836156109,205.63394328181136,0.0,145.0,145,15.0,1,,8.794392523364486,8.0,0.0,26.0,6587.0,4.488895456335765,0.46669524202561513,1.2467800386702943
ID5099,5099,82,0.11992218345403671,904.5792564400607,204.71342974137121,0.0,146.0,146,15.0,1,,8.929238985313752,9.0,0.0,24.0,6688.0,4.804917499197362,0.477054414029688,1.2004109019381937
ID5078,5078,82,0.12178806215524673,903.9118043121144,200.53570866829443,0.0,147.0,147,15.0,1,,9.712950600801069,9.0,0.0,22.0,7275.0,4.6579935863234345,0.441066718913026,1.2764461271449021
ID5120,5120,82,0.1200353354215622,900.0311179164952,194.84147174777297,0.0,148.0,148,15.0,1,,9.383177570093459,9.0,0.0,23.0,7028.0,4.688566711052349,0.4409966415018514,1.224932463167278
ID5141,5141,82,0.13277611136436462,900.5299507638529,193.73746493400878,0.0,149.0,149,15.0,1,,9.97196261682243,9.0,0.0,23.0,7469.0,4.834481100037734,0.49294501753291375,1.3621202149187943
ID5163,5163,82,0.13297335803508759,896.3030733369297,195.15128765994876,0.0,150.0,150,15.0,1,,9.38584779706275,9.0,0.0,26.0,7030.0,5.5405035083948695,0.4709858829676936,1.0848099351442277
ID5184,5184,82,0.14738866686820984,889.3811596183288,193.5858763934293,0.0,151.0,151,15.0,1,,10.256341789052069,10.0,0.0,25.0,7682.0,5.676999091523882,0.5129400760999799,1.2250351805793716
ID5228,5228,82,0.1471208781003952,893.7868370888392,188.02674461777139,0.0,152.0,152,15.0,1,,10.057409879839787,9.0,0.0,26.0,7533.0,6.003400481933522,0.48566961632348626,1.0953111853540374
ID5207,5207,82,0.11986059695482254,890.8590051724997,190.79760992231678,0.0,153.0,153,15.0,1,,9.109479305740988,9.0,0.0,25.0,6823.0,5.040348257550476,0.4371429935066424,1.099478002281317
ID5251,5251,82,0.11719126254320145,894.4222607778353,190.50736752909458,0.0,154.0,154,15.0,1,,9.29506008010681,9.0,0.0,25.0,6962.0,4.192843361922255,0.4859596680563785,1.4499958643494384
ID5272,5272,82,0.11533039808273315,895.5731035838122,189.23818312783985,0.0,155.0,155,15.0,1,,9.005340453938585,8.0,0.0,25.0,6745.0,4.648899967375456,0.4450188067167325,1.1931218415597833
ID5314,5314,82,0.11280129104852676,897.0060429796418,191.85064089030425,0.0,156.0,156,15.0,1,,8.630173564753004,8.0,0.0,21.0,6464.0,4.527184389799787,0.4702521500840359,1.2194396417000584
ID5293,5293,82,0.10696418583393097,899.5467194730774,199.99453506991964,0.0,157.0,157,15.0,1,,9.230974632843791,9.0,0.0,18.0,6914.0,3.7185474905122966,0.4360598704451339,1.5075710736913213
ID5336,5336,82,0.1245855763554573,904.2239369674913,207.26916527529323,0.0,158.0,158,15.0,1,,9.88785046728972,9.0,0.0,22.0,7406.0,4.484163971473907,0.4676700832011805,1.4052757372417937
ID5357,5357,82,0.10368715971708298,903.9914512947977,211.0442198962557,0.0,159.0,159,15.0,1,,8.45260347129506,8.0,0.0,20.0,6331.0,4.05700810166061,0.43398541943574187,1.2610869159559355
ID5378,5378,82,0.11374832689762115,904.423677236161,205.42631349705178,0.0,160.0,160,15.0,1,,9.285714285714286,9.0,0.0,20.0,6955.0,4.187270169741608,0.44542265977985107,1.36675848010547
ID4948,4948,84,0.10306894034147263,2479.780151704824,1856.6251071298016,0.0,139.0,139,15.0,1,,8.70493991989319,8.0,0.0,21.0,6520.0,3.863616057594656,0.4466659186578199,1.391285879657063
ID4968,4968,84,0.11423242837190628,2472.9634323334076,1862.8123024719432,0.0,140.0,140,15.0,1,,9.341789052069426,9.0,0.0,20.0,6997.0,4.052876116587338,0.46925814938415505,1.4723478897126017
ID4990,4990,84,0.12174636870622635,2465.3902818910847,1860.401798420155,0.0,141.0,141,15.0,1,,9.712950600801069,9.0,0.0,22.0,7275.0,4.140139432145961,0.48943124990548553,1.541833373217312
ID5032,5032,84,0.10090558975934982,2460.7667741427285,1854.5611809252275,0.0,142.0,142,15.0,1,,8.367156208277704,8.0,0.0,20.0,6267.0,4.020673853837861,0.4520730276650486,1.2957737111733092
ID5011,5011,84,0.11562157422304153,2458.746222111187,1849.438781517115,0.0,143.0,143,15.0,1,,9.082777036048064,9.0,0.0,20.0,6803.0,4.226993062760692,0.4771412767403446,1.3881681254086942
ID5072,5072,84,0.11287785321474075,2461.0274310301415,1844.987260104838,0.0,144.0,144,15.0,1,,9.311081441922564,9.0,0.0,21.0,6974.0,4.219973835998675,0.44866368640096577,1.3667016200637911
ID5051,5051,84,0.11037519574165344,2460.216574415037,1841.7127222456763,0.0,145.0,145,15.0,1,,8.830440587449933,9.0,0.0,21.0,6614.0,4.336061008911524,0.4481004454729097,1.260357276053931
ID5114,5114,84,0.10519814491271973,2462.149009036934,1840.368545285682,0.0,146.0,146,15.0,1,,8.453938584779706,8.0,0.0,21.0,6332.0,4.174928492322864,0.4336073609353315,1.2249164492717797
ID5093,5093,84,0.10926210880279541,2460.872433021777,1840.23587745494,0.0,147.0,147,15.0,1,,8.975967957276369,8.0,0.0,20.0,6723.0,4.043474875461771,0.4617147085820816,1.4023862114820835
ID5134,5134,84,0.10422805696725845,2459.9498918062664,1838.3225945805177,0.0,148.0,148,15.0,1,,8.643524699599466,8.0,0.0,22.0,6474.0,4.221763877063763,0.42751517764710156,1.2263028473389053
ID5156,5156,84,0.11807819455862045,2461.706036565466,1836.421143951884,0.0,149.0,149,15.0,1,,9.152202937249665,9.0,0.0,21.0,6855.0,4.2155570145259125,0.5000343900862257,1.4474358597855024
ID5177,5177,84,0.10631339997053146,2468.991904942754,1844.11530348519,0.0,150.0,150,15.0,1,,8.695594125500667,8.0,0.0,21.0,6513.0,4.224102515285897,0.43559991421627753,1.2492494542375348
ID5201,5201,84,0.11148452758789062,2473.631167618301,1852.6100702060442,0.0,151.0,151,15.0,1,,9.033377837116156,9.0,0.0,20.0,6766.0,4.154465021846186,0.44342824001043013,1.3359592606385473
ID5245,5245,84,0.11693020910024643,2468.16469305144,1858.1628143399012,0.0,152.0,152,15.0,1,,9.065420560747663,8.0,0.0,23.0,6790.0,4.642830478955123,0.4555524483156107,1.2222094895688784
ID5223,5223,84,0.12144485116004944,2477.677280244709,1862.2100487823304,0.0,153.0,153,15.0,1,,9.60347129506008,9.0,0.0,21.0,7193.0,4.428763388718389,0.46747027648441625,1.3815304088373674
ID5267,5267,84,0.14591294527053833,2478.7829330442923,1863.2566131732856,0.0,154.0,154,15.0,1,,10.82109479305741,10.0,0.0,26.0,8105.0,5.0253404256238055,0.505952740397345,1.4468860171109375
ID5288,5288,84,0.1496814489364624,2484.977963304348,1867.5833601856993,0.0,155.0,155,15.0,1,,10.612817089452603,10.0,0.0,27.0,7949.0,5.534978340988861,0.5247704131867295,1.3198045894105934
ID5331,5331,84,0.12589481472969055,2485.2808116297397,1865.623428853097,0.0,156.0,156,15.0,1,,9.574098798397864,9.0,0.0,23.0,7171.0,4.446824486862936,0.4916085554806157,1.419196327370266
ID5309,5309,84,0.12571607530117035,2476.90638517454,1861.2506310638792,0.0,157.0,157,15.0,1,,9.13351134846462,8.0,0.0,24.0,6841.0,5.134116889674044,0.4680494500764717,1.134365659970184
ID5351,5351,84,0.16388684511184692,2475.952696181305,1854.058344454724,0.0,158.0,158,15.0,1,,11.291054739652871,11.0,0.0,29.0,8457.0,5.823444005847881,0.5595222608320134,1.3912667181870384
ID5373,5373,84,0.13378199934959412,2480.378005919426,1860.3167269725375,0.0,159.0,159,15.0,1,,9.925233644859814,9.0,0.0,24.0,7434.0,4.93348987076722,0.49740290578455504,1.3365528624204406
ID5394,5394,84,0.13883911073207855,2472.5641852049616,1865.9210039705556,0.0,160.0,160,15.0,1,,10.43124165554072,10.0,0.0,26.0,7813.0,5.3500098637097855,0.462740003253351,1.2336197852541189
ID5413,5413,84,0.1438930332660675,2466.9362388963464,1869.1612436837702,0.0,161.0,161,15.0,1,,10.14018691588785,9.0,0.0,28.0,7595.0,5.298355154639484,0.5251314443512313,1.3179399992657272
ID5433,5433,84,0.14726082980632782,2471.24468483602,1874.0286745120952,0.0,162.0,162,15.0,1,,10.813084112149532,10.0,0.0,26.0,8099.0,5.2927444757102755,0.5098820934769701,1.379829339138741
ID5455,5455,84,0.13589756190776825,2472.957234292782,1877.9394359161574,0.0,163.0,163,15.0,1,,9.790387182910548,9.0,0.0,25.0,7333.0,4.965131195755603,0.5129926884899836,1.3371295308817257
ID5476,5476,84,0.14635342359542847,2469.1567631799585,1886.296859529402,0.0,164.0,164,15.0,1,,10.925233644859814,10.0,0.0,23.0,8183.0,5.019189524358814,0.5190471549613564,1.4875195884783174
ID5497,5497,84,0.15362007915973663,2476.9640589362607,1894.1967353457983,0.0,165.0,165,15.0,1,,11.129506008010681,11.0,0.0,26.0,8336.0,5.34309964281771,0.5324183071144537,1.4473989695283391
ID5517,5517,84,0.13767437636852264,2468.410650251175,1892.6212348342324,0.0,166.0,166,15.0,1,,10.09479305740988,9.0,0.0,23.0,7561.0,4.8391603457110755,0.527171556941588,1.4401958220153268
ID5539,5539,84,0.1382192224264145,2464.1707480246782,1897.517247061629,0.0,167.0,167,15.0,1,,10.36181575433912,9.0,0.0,24.0,7761.0,5.102288981267246,0.4921288590324845,1.3395943659042497
ID5562,5562,84,0.13034935295581818,2456.5672293834377,1900.933315843421,0.0,168.0,168,15.0,1,,9.823765020026702,9.0,0.0,22.0,7358.0,5.048526149972545,0.47977224400463986,1.2617798674619087
ID5582,5582,84,0.1284961700439453,2456.7979490948683,1899.7320583070953,0.0,169.0,169,15.0,1,,9.59279038718291,9.0,0.0,22.0,7185.0,4.69907276495999,0.5148428871600175,1.387617937847724
ID5602,5602,84,0.1341746747493744,2463.574909069767,1897.4526059459158,0.0,170.0,170,15.0,1,,10.255006675567424,10.0,0.0,24.0,7681.0,4.711218509707661,0.5038663940255081,1.4586088170663125
ID4970,4970,85,0.11498168110847473,435.4066774358683,1944.745130448469,0.0,140.0,140,15.0,1,,8.801068090787718,8.0,0.0,26.0,6592.0,4.951011232732251,0.4215933306350403,1.0543621806727037
ID4992,4992,85,0.13290822505950928,433.84577608965526,1950.1948599031534,0.0,141.0,141,15.0,1,,9.377837116154874,8.0,0.0,29.0,7024.0,6.089360417066915,0.41916217928383964,0.9097269530059057
ID5034,5034,85,0.1141781210899353,430.3925973695905,1938.9251097640015,0.0,142.0,142,15.0,1,,8.437917222963952,8.0,0.0,23.0,6320.0,5.024054857089295,0.4513204834826181,1.0445581054034017
ID5014,5014,85,0.1226530373096466,427.61881784967267,1940.2414277595528,0.0,143.0,143,15.0,1,,8.829105473965287,8.0,0.0,27.0,6613.0,5.477484968343824,0.45275111384558603,1.004694018306023
ID5075,5075,85,0.12653785943984985,427.06548011126233,1946.4970868483597,0.0,144.0,144,15.0,1,,8.608811748998665,7.0,0.0,24.0,6448.0,5.7201190390992815,0.45780738189690495,0.9452589238478324
ID5054,5054,85,0.1240229383111,432.4114355344871,1949.1789219279704,0.0,145.0,145,15.0,1,,8.763684913217624,8.0,0.0,28.0,6564.0,5.730252328724714,0.4320753420303621,0.922861693411674
ID5117,5117,85,0.1365106850862503,438.5918025901805,1950.7766767657959,0.0,146.0,146,15.0,1,,9.84913217623498,9.0,0.0,28.0,7377.0,5.683256195513547,0.4699653376967165,1.1081268067490786
ID5096,5096,85,0.11773756146430969,438.8149221774373,1947.6635415576743,0.0,147.0,147,15.0,1,,8.291054739652871,7.0,0.0,28.0,6210.0,5.720606114201928,0.39274594665513896,0.8174054717810648
ID5138,5138,85,0.13582280278205872,434.0187348876046,1935.9863389701557,0.0,148.0,148,15.0,1,,9.261682242990654,8.0,0.0,28.0,6937.0,6.017433483007929,0.4711856263504312,0.9859006087316524
ID5160,5160,85,0.13739840686321259,436.49066101902827,1932.502375032059,0.0,149.0,149,15.0,1,,9.411214953271028,8.0,0.0,26.0,7049.0,5.955869997377251,0.4784472633309842,1.022724632329681
ID5181,5181,85,0.17653152346611023,440.86809340133937,1925.345930060987,0.0,150.0,150,15.0,1,,10.690253671562083,9.0,0.0,36.0,8007.0,7.906213190973678,0.519063053870884,0.9240464480969687
ID5204,5204,85,0.18027156591415405,439.77484781885494,1925.954431639505,0.0,151.0,151,15.0,1,,10.686248331108144,8.0,0.0,35.0,8004.0,8.362386211611677,0.5243922629872723,0.8791937176745463
ID5248,5248,85,0.15675273537635803,434.67438802637236,1927.3420901515403,0.0,152.0,152,15.0,1,,9.881174899866489,8.0,0.0,35.0,7401.0,7.160537331405325,0.5037975223665431,0.9246122250315205
ID5225,5225,85,0.1643902212381363,427.97847476950324,1927.4847724184142,0.0,153.0,153,15.0,1,,9.903871829105475,7.0,0.0,33.0,7418.0,8.074774112475687,0.4615555568392245,0.7746638331101606
ID5269,5269,85,0.16317865252494812,423.5710970053499,1930.1918558215616,0.0,154.0,154,15.0,1,,10.137516688918558,8.0,0.0,35.0,7593.0,7.213404391535991,0.5217063560204035,0.9636438878584447
ID5290,5290,85,0.15413743257522583,424.97333537651855,1927.1720061085225,0.0,155.0,155,15.0,1,,9.62483311081442,8.0,0.0,29.0,7209.0,6.821009744606329,0.5103898226250487,0.9536466526760318
ID5333,5333,85,0.16927602887153625,424.49235653155966,1926.157926514846,0.0,156.0,156,15.0,1,,10.53671562082777,9.0,0.0,35.0,7892.0,7.294074981801555,0.5197630512728773,0.9880855604396632
ID5311,5311,85,0.17764931917190552,413.74230375441357,1918.31713777331,0.0,157.0,157,15.0,1,,10.033377837116156,8.0,0.0,34.0,7515.0,8.505123145768984,0.5271804026535418,0.8144519581939832
ID5354,5354,85,0.17119565606117249,410.4230820835166,1920.2994230354238,0.0,158.0,158,15.0,1,,10.69826435246996,9.0,0.0,34.0,8013.0,7.63749263665401,0.5161557591467124,0.9537388498969803
ID5375,5375,85,0.17204618453979492,404.8258230215155,1920.3742221572531,0.0,159.0,159,15.0,1,,10.636849132176234,9.0,0.0,35.0,7967.0,7.6699307811154,0.5060992318613791,0.9320380480610831
ID5396,5396,85,0.1595447063446045,399.344483167228,1920.5640983258127,0.0,160.0,160,15.0,1,,10.098798397863819,8.0,0.0,32.0,7564.0,7.291733004709919,0.46967616085697783,0.8852089735874374
ID5415,5415,85,0.16030171513557434,394.41728440393643,1922.3126748871912,0.0,161.0,161,15.0,1,,10.15086782376502,8.0,0.0,33.0,7603.0,7.1006846035757665,0.4972830827850758,0.9495825236608477
ID5434,5434,85,0.17227905988693237,390.7107454134326,1916.5187157091284,0.0,162.0,162,15.0,1,,10.974632843791722,9.0,0.0,31.0,8220.0,7.435688441494399,0.5070249914977757,0.9931337093929643
ID5456,5456,85,0.1770055890083313,392.23316368376743,1916.1686013856813,0.0,163.0,163,15.0,1,,10.044058744993324,7.0,0.0,37.0,7523.0,8.523759343396424,0.5236671709776137,0.8099781407298969
ID5477,5477,85,0.1655196249485016,392.9062804108104,1909.9471149555059,0.0,164.0,164,15.0,1,,10.061415220293725,8.0,0.0,33.0,7536.0,7.714765939579459,0.4938436794658665,0.8622846581869782
ID5498,5498,85,0.13204394280910492,387.05126388091645,1910.0019066585899,0.0,165.0,165,15.0,1,,9.088117489986649,8.0,0.0,25.0,6807.0,6.106911163983586,0.43639930450396264,0.904255564031388
ID5518,5518,85,0.17448024451732635,383.47711826367356,1911.8719237845048,0.0,166.0,166,15.0,1,,10.795727636849133,9.0,0.0,34.0,8086.0,7.606265564661649,0.5145810739177751,0.9644322268907594
ID5540,5540,85,0.16641883552074432,382.14489204177784,1911.6525586931546,0.0,167.0,167,15.0,1,,10.220293724966622,8.0,0.0,36.0,7655.0,7.635990942086099,0.4958527635349095,0.8873436757338636
ID5563,5563,85,0.15981166064739227,387.34963434448804,1915.6075840856506,0.0,168.0,168,15.0,1,,9.81041388518024,8.0,0.0,30.0,7348.0,7.050342159150173,0.5137982292823355,0.9445647663536754
ID5583,5583,85,0.1803055852651596,385.0888344245558,1915.8042112146145,0.0,169.0,169,15.0,1,,10.80373831775701,8.0,0.0,34.0,8092.0,8.069065966918947,0.5353542915150726,0.9337131328582228
ID5603,5603,85,0.15365825593471527,373.6560122268867,1916.5229064263635,0.0,170.0,170,15.0,1,,9.591455273698264,8.0,0.0,29.0,7184.0,6.914971097970286,0.5093740669254712,0.9361901748036503
ID4978,4978,86,0.10871265828609467,2775.650872451348,451.08865906426644,0.0,141.0,141,15.0,1,,8.841121495327103,9.0,0.0,23.0,6622.0,4.141238650946874,0.4539433812986079,1.3330955820694577
ID5021,5021,86,0.1178130954504013,2774.18411897812,447.9073261341366,0.0,142.0,142,15.0,1,,9.060080106809078,9.0,0.0,25.0,6786.0,4.587284272739359,0.4675340096868333,1.2584368084276236
ID4999,4999,86,0.12368285655975342,2784.8638619666376,443.6745736761705,0.0,143.0,143,15.0,1,,9.296395193591454,9.0,0.0,24.0,6963.0,4.934355208084334,0.4756145889585042,1.2144968445191568
ID5061,5061,86,0.14449743926525116,2790.0681727370156,444.39258139949385,0.0,144.0,144,15.0,1,,10.643524699599466,10.0,0.0,27.0,7972.0,5.510299192017814,0.4915084901916503,1.2730503538038056
ID5041,5041,86,0.12302356213331223,2784.8834729132946,444.3550822228867,0.0,145.0,145,15.0,1,,9.471295060080108,9.0,0.0,23.0,7094.0,4.810393277166117,0.4619862771808624,1.244355745930179
ID5102,5102,86,0.116363525390625,2782.505606928041,444.9278783865712,0.0,146.0,146,15.0,1,,9.073431241655541,9.0,0.0,22.0,6796.0,4.670845015344105,0.46305180637168103,1.229634300172218
ID5081,5081,86,0.10700026154518127,2788.183590574513,443.63796431255145,0.0,147.0,147,15.0,1,,8.5086782376502,8.0,0.0,20.0,6373.0,4.422413983688289,0.43451805095400836,1.1655596575923384
ID5123,5123,86,0.11159323155879974,2789.777737950445,446.5732952773136,0.0,148.0,148,15.0,1,,8.805073431241656,8.0,0.0,20.0,6595.0,4.412479373989653,0.45499260319426477,1.2480265960043784
ID5145,5145,86,0.12369634211063385,2790.554319750387,450.768995501445,0.0,149.0,149,15.0,1,,9.532710280373832,9.0,0.0,23.0,7140.0,4.808699864051398,0.4678558217588694,1.263709809566894
ID5167,5167,86,0.11725357919931412,2789.5782965024914,447.35333510950437,0.0,150.0,150,15.0,1,,9.069425901201603,9.0,0.0,23.0,6793.0,4.758666433022203,0.44822554432013423,1.17973626325005
ID5187,5187,86,0.13427311182022095,2787.7072961246,449.8497237532926,0.0,151.0,151,15.0,1,,9.963951935914553,9.0,0.0,25.0,7463.0,5.23996707523611,0.4813935273101762,1.2358417571623654
ID5231,5231,86,0.12699991464614868,2788.064449474472,453.9087155648453,0.0,152.0,152,15.0,1,,9.233644859813085,8.0,0.0,24.0,6916.0,5.228228622723081,0.47689882502424863,1.1405756604524038
ID5210,5210,86,0.1214645504951477,2789.4083354052127,452.86655390588646,0.0,153.0,153,15.0,1,,9.40720961281709,9.0,0.0,24.0,7046.0,4.765461897484651,0.46442333749213116,1.2520832598644782
ID5254,5254,86,0.13644012808799744,2792.4607766437975,452.9239494889857,0.0,154.0,154,15.0,1,,9.647530040053404,9.0,0.0,26.0,7226.0,5.452878836698922,0.49276575957505586,1.168070740725917
ID5275,5275,86,0.14819401502609253,2794.0484656406693,455.946082702945,0.0,155.0,155,15.0,1,,10.029372496662216,9.0,0.0,25.0,7512.0,5.919847181177395,0.5172184658626533,1.1550988819509649
ID5317,5317,86,0.1389644742012024,2791.4962852025556,455.0142952453811,0.0,156.0,156,15.0,1,,9.622162883845126,9.0,0.0,24.0,7207.0,5.908399723638289,0.48924958930434875,1.070029649238432
ID5296,5296,86,0.12271454185247421,2798.4801488684852,453.41982964839644,0.0,157.0,157,15.0,1,,9.09479305740988,9.0,0.0,22.0,6812.0,4.93436461309103,0.4697281688402506,1.178151571049903
ID5339,5339,86,0.14545732736587524,2808.332111409368,461.00882496026054,0.0,158.0,158,15.0,1,,9.806408544726303,8.0,0.0,26.0,7345.0,5.922734368943158,0.527256360835132,1.1432141942371044
ID5360,5360,86,0.1608199030160904,2806.569640253547,460.4048455879414,0.0,159.0,159,15.0,1,,11.050734312416555,10.0,0.0,29.0,8277.0,6.10208083385046,0.5377066583076622,1.26652887688266
ID5381,5381,86,0.14442135393619537,2809.4493629462104,464.65269850598526,0.0,160.0,160,15.0,1,,10.316421895861149,10.0,0.0,27.0,7727.0,5.585984180573394,0.49596495411207536,1.224585065733195
ID5401,5401,86,0.17002694308757782,2807.8798480590713,466.9280967177529,0.0,161.0,161,15.0,1,,10.97863818424566,10.0,0.0,30.0,8223.0,6.917355740631218,0.5222639496264309,1.0890264894926023
ID5420,5420,86,0.16424985229969025,2809.906477537083,475.00015608084885,0.0,162.0,162,15.0,1,,11.020026702269693,10.0,0.0,31.0,8254.0,6.37327093039573,0.5470129410305892,1.2227957363751385
ID5442,5442,86,0.13673655688762665,2821.140621652837,478.68335940122773,0.0,163.0,163,15.0,1,,9.846461949265688,9.0,0.0,23.0,7375.0,5.320898049046768,0.48339764894500936,1.2060691599464948
ID5463,5463,86,0.16743727028369904,2824.244908790899,472.4757451721789,0.0,164.0,164,15.0,1,,10.618157543391188,9.0,0.0,30.0,7953.0,6.809555359522256,0.553242333226257,1.110801841668405
ID5484,5484,86,0.16123414039611816,2824.7991714033833,473.6794479209624,0.0,165.0,165,15.0,1,,10.734312416555408,10.0,0.0,33.0,8040.0,6.214969010434514,0.551125447270548,1.2273510563584404
ID5506,5506,86,0.17480766773223877,2826.824851292259,472.83705689789616,0.0,166.0,166,15.0,1,,11.457943925233645,10.0,0.0,30.0,8582.0,6.760407428633975,0.5348196706385787,1.1811738769892282
ID5525,5525,86,0.12087266147136688,2822.2238095223247,482.1433808602779,0.0,167.0,167,15.0,1,,8.85981308411215,8.0,0.0,23.0,6636.0,5.013655200319364,0.47548481554494276,1.1389430268764709
ID5548,5548,86,0.1446000188589096,2825.802764497752,480.7572575450142,0.0,168.0,168,15.0,1,,9.979973297730307,9.0,0.0,26.0,7475.0,5.8926106631181385,0.5011613119008819,1.1308416663388634
ID5570,5570,86,0.14496123790740967,2829.4046621976418,479.7254805950729,0.0,169.0,169,15.0,1,,9.833110814419225,9.0,0.0,25.0,7365.0,5.680219319102449,0.5453773255768484,1.2218513321046602
ID5590,5590,86,0.16450469195842743,2838.4165458350085,470.7066659656267,0.0,170.0,170,15.0,1,,10.994659546061415,10.0,0.0,29.0,8235.0,6.275320755611444,0.5413769353194694,1.2307412179356
