LABEL,ID,TRACK_ID,QUALITY,POSITION_X,POSITION_Y,POSITION_Z,POSITION_T,FRAME,RADIUS,VISIBILITY,MANUAL_SPOT_COLOR,MEAN_INTENSITY_CH1,MEDIAN_INTENSITY_CH1,MIN_INTENSITY_CH1,MAX_INTENSITY_CH1,TOTAL_INTENSITY_CH1,STD_INTENSITY_CH1,CONTRAST_CH1,SNR_CH1
Label,Spot ID,Track ID,Quality,X,Y,Z,T,Frame,Radius,Visibility,Manual spot color,Mean intensity ch1,Median intensity ch1,Min intensity ch1,Max intensity ch1,Sum intensity ch1,Std intensity ch1,Contrast ch1,Signal/Noise ratio ch1
Label,Spot ID,Track ID,Quality,X,Y,Z,T,Frame,R,Visibility,Spot color,Mean ch1,Median ch1,Min ch1,Max ch1,Sum ch1,Std ch1,Ctrst ch1,SNR ch1
,,,(quality),(pixel),(pixel),(pixel),(frame),,(pixel),,,(counts),(counts),(counts),(counts),(counts),(counts),,
ID2067,2067,18,0.16013996303081512,952.891299363299,152.8924991252663,0.0,0.0,0,15.0,1,,10.289719626168225,9.0,0.0,33.0,7707.0,6.629230648081008,0.5213610472028927,1.0638409301593692
ID2068,2068,19,0.11580966413021088,2190.1588968946244,163.52843895980257,0.0,0.0,0,15.0,1,,8.149532710280374,7.0,0.0,27.0,6104.0,5.431298228766086,0.4309994431604023,0.9038498638917682
ID2069,2069,20,0.1838747262954712,236.0920294900262,382.1025128036708,0.0,0.0,0,15.0,1,,11.5086782376502,10.0,0.0,32.0,8620.0,7.510704801787429,0.5441722926276522,1.0799792728436202
ID2070,2070,21,0.2755521833896637,384.3329558992929,413.2368437137256,0.0,0.0,0,15.0,1,,24.871829105473964,24.0,11.0,38.0,18629.0,5.026094420704428,0.5172893492017161,3.3742107515699638
ID2071,2071,0,0.1763988435268402,2544.7776196400987,423.6255614750402,0.0,0.0,0,15.0,1,,10.141522029372497,8.0,0.0,34.0,7596.0,8.19212797641332,0.5268490975654125,0.8543317165937928
ID2072,2072,2,0.2338659167289734,2951.532369512996,623.049580792496,0.0,0.0,0,15.0,1,,13.643524699599466,11.0,0.0,41.0,10219.0,9.529564263202943,0.6034162012519909,1.0775916884999888
ID2073,2073,,0.1059238463640213,1277.5751082245013,700.5751967414498,0.0,0.0,0,15.0,1,,9.995994659546062,10.0,0.0,26.0,7487.0,5.607122569374848,0.33093645076206196,0.8865500259788845
ID2074,2074,,0.23621365427970886,2216.000003883673,786.2981836419272,0.0,0.0,0,15.0,1,,13.118825100133511,10.0,0.0,45.0,9826.0,10.32638646581147,0.5976685503662624,0.9504959715572536
ID2075,2075,4,0.20903103053569794,1227.0492987869113,1183.8176084518157,0.0,0.0,0,15.0,1,,11.91588785046729,9.0,0.0,42.0,8925.0,9.617393232385584,0.5481140604079073,0.877338154779027
ID2076,2076,5,0.1975371241569519,2346.7534060490307,1245.942312767872,0.0,0.0,0,15.0,1,,11.253671562082777,8.0,0.0,36.0,8429.0,8.80081139939417,0.5544683399400069,0.9122132781053436
ID2077,2077,6,0.13887840509414673,394.48944373102574,1342.8445260665005,0.0,0.0,0,15.0,1,,13.526034712950601,13.0,0.0,23.0,10131.0,3.334462395856615,0.477511032757885,2.6219677587705306
ID2078,2078,7,0.11251556873321533,2991.072891110038,1373.1085624538762,0.0,0.0,0,15.0,1,,9.10146862483311,9.0,0.0,22.0,6817.0,4.087984281686562,0.47532129337870704,1.4346068964324334
ID2079,2079,8,0.18398092687129974,705.6121522730404,1458.0338857290378,0.0,0.0,0,15.0,1,,11.380507343124165,9.0,0.0,32.0,8524.0,7.472279914586841,0.5689325125513639,1.1045744077645876
ID2080,2080,9,0.17510978877544403,2310.9544014323687,1644.1693887896256,0.0,0.0,0,15.0,1,,11.317757009345794,10.0,0.0,30.0,8477.0,7.255126698512227,0.5137560206205366,1.0588791599554863
ID2081,2081,10,0.19177745282649994,2834.0852295930613,1684.1750027235632,0.0,0.0,0,15.0,1,,11.297730307076101,8.0,0.0,36.0,8462.0,8.8022394863635,0.5353966858626992,0.8951237870369345
ID2082,2082,11,0.13646890223026276,2538.8719625556973,1745.8035878623814,0.0,0.0,0,15.0,1,,9.619492656875835,9.0,0.0,25.0,7205.0,5.201366979827168,0.5159179030659872,1.258837244219061
ID2083,2083,12,0.15568436682224274,2602.445372992335,1783.7162281401904,0.0,0.0,0,15.0,1,,11.044058744993324,10.0,0.0,30.0,8272.0,5.828835986636718,0.5091762250011381,1.2785126533428401
ID2084,2084,13,0.1799391210079193,517.462668862017,1810.9880162787501,0.0,0.0,0,15.0,1,,11.201602136181576,10.0,0.0,37.0,8390.0,7.639308533033803,0.5390888373950726,1.0271946273283736
ID2085,2085,14,0.22311514616012573,2321.073441759619,1846.63068527005,0.0,0.0,0,15.0,1,,12.9652870493992,10.0,0.0,40.0,9711.0,9.769201404102118,0.5543098865776915,0.9466034524366391
ID2086,2086,,0.10073474794626236,2824.558602946126,1898.4552925997548,0.0,0.0,0,15.0,1,,7.6675567423230975,6.0,0.0,26.0,5743.0,5.342321896620432,0.3474620652357592,0.7401978017541077
ID2087,2087,,0.10399129241704941,702.0731402962707,1899.6545110924933,0.0,0.0,0,15.0,1,,9.08010680907877,9.0,0.0,20.0,6801.0,4.176454498865027,0.4381099324327084,1.32465935827984
ID2088,2088,16,0.14300976693630219,2848.34645605193,1936.5669552724953,0.0,0.0,0,15.0,1,,9.232309746328438,7.0,0.0,32.0,6915.0,7.219031045101004,0.41490935739835616,0.7500428298165612
ID2089,2089,17,0.20522497594356537,695.1188804801557,1961.9236892074557,0.0,0.0,0,15.0,1,,12.42456608811749,10.0,0.0,37.0,9306.0,8.833803268835274,0.5317032657475464,0.9764683978091857
ID2090,2090,,0.1406574547290802,1978.0,2047.0,0.0,0.0,0,15.0,1,,6.775700934579439,5.0,0.0,30.0,5075.0,7.279588135221789,0.5489294178598845,0.6597240155883216
ID2016,2016,5,0.19308802485466003,2351.8960890070034,1247.3265872381721,0.0,1.0,1,15.0,1,,11.76502002670227,10.0,0.0,34.0,8812.0,7.974612417844456,0.5615221054805507,1.0610401132639653
ID2018,2018,6,0.13722874224185944,394.6540379027617,1344.1381257828687,0.0,1.0,1,15.0,1,,13.743658210947931,14.0,3.0,23.0,10294.0,3.2388810985778007,0.4673402310444689,2.702960385208698
ID2020,2020,7,0.1201016902923584,2993.3951790993888,1375.8440940166208,0.0,1.0,1,15.0,1,,8.983978638184245,9.0,0.0,22.0,6729.0,4.740006056041256,0.4774760208809584,1.2250418759509234
ID2022,2022,8,0.2085617482662201,706.529128520597,1451.6418754983517,0.0,1.0,1,15.0,1,,13.102803738317757,12.0,0.0,38.0,9814.0,8.049901526629696,0.5608640316585571,1.1697584213674923
ID2024,2024,9,0.201071634888649,2305.528997297753,1643.2238786121552,0.0,1.0,1,15.0,1,,11.7369826435247,9.0,0.0,36.0,8791.0,8.349740267885101,0.5911923559712249,1.044526873681931
ID2026,2026,10,0.1640806943178177,2834.3790053691605,1682.961935210633,0.0,1.0,1,15.0,1,,9.969292389853138,8.0,0.0,33.0,7467.0,7.325537132846617,0.5143345741534355,0.9244400157656267
ID2027,2027,11,0.14271056652069092,2537.5660183959717,1738.978530163657,0.0,1.0,1,15.0,1,,9.882510013351135,9.0,0.0,26.0,7402.0,5.338496664098128,0.5323598858850904,1.2862424301246747
ID2028,2028,12,0.16552425920963287,2597.6148681870795,1781.3271970820892,0.0,1.0,1,15.0,1,,11.296395193591454,10.0,0.0,26.0,8461.0,5.879152903238358,0.5707252497404373,1.3963104211487634
ID2029,2029,13,0.16471712291240692,523.7333571588938,1805.9909123728353,0.0,1.0,1,15.0,1,,11.132176234979973,10.0,0.0,32.0,8338.0,6.412712407249957,0.5137024248978781,1.1782553339011486
ID2030,2030,14,0.22009959816932678,2322.596749492664,1846.0972800984252,0.0,1.0,1,15.0,1,,12.439252336448599,9.0,0.0,44.0,9317.0,10.105359803908776,0.5459752349360203,0.8694465797119175
ID2031,2031,16,0.10428884625434875,2845.905283146039,1924.9320563470212,0.0,1.0,1,15.0,1,,8.184245660881174,7.0,0.0,27.0,6130.0,5.228543382959008,0.3697825919585656,0.845128517022247
ID2000,2000,18,0.18327374756336212,956.4923982923732,147.52387410766906,0.0,1.0,1,15.0,1,,11.387182910547397,10.0,0.0,32.0,8529.0,7.540595743420845,0.5467034151400666,1.0675429975540327
ID2032,2032,17,0.21464525163173676,694.2379996983847,1960.1663394262164,0.0,1.0,1,15.0,1,,12.359145527369826,10.0,0.0,37.0,9257.0,8.970867127703494,0.5821952343180068,1.0138940900869051
ID2001,2001,19,0.13023871183395386,2197.9604985297356,165.93482486289514,0.0,1.0,1,15.0,1,,8.259012016021362,6.0,0.0,28.0,6186.0,6.521227336510693,0.44200242654216054,0.7764033768252867
ID2003,2003,20,0.163177490234375,243.92795753162494,384.7619502478695,0.0,1.0,1,15.0,1,,10.473965287049399,9.0,0.0,33.0,7845.0,7.239111528776606,0.4849161505043695,0.9449755597319356
ID2004,2004,21,0.2748931050300598,384.22747315118374,413.39889546924115,0.0,1.0,1,15.0,1,,24.16822429906542,24.0,9.0,39.0,18102.0,5.320830287114497,0.5279181028162228,3.13878674391054
ID2006,2006,0,0.19061139225959778,2546.149139201208,426.693011013602,0.0,1.0,1,15.0,1,,11.096128170894525,8.0,0.0,42.0,8311.0,8.606448798704761,0.5350969712013366,0.8988229415370681
ID2008,2008,1,0.10019732266664505,1439.846926920868,450.93457506780555,0.0,1.0,1,15.0,1,,8.440587449933245,8.0,0.0,23.0,6322.0,4.531618883789455,0.4111320077143318,1.0853328244911227
ID2010,2010,2,0.17708362638950348,2954.188421929636,623.1240692963969,0.0,1.0,1,15.0,1,,11.506008010680908,10.0,0.0,31.0,8618.0,6.7680460853018705,0.569071556800099,1.2331488151071974
ID2012,2012,3,0.20459765195846558,2225.0213193273025,771.8036449453857,0.0,1.0,1,15.0,1,,11.72630173564753,9.0,0.0,36.0,8783.0,9.016687726723168,0.5696015267600952,0.9438995169999067
ID2014,2014,4,0.2001762092113495,1221.0294672932455,1190.1534373217826,0.0,1.0,1,15.0,1,,11.58210947930574,9.0,0.0,39.0,8675.0,9.11250244947796,0.540423629815983,0.8918137447871697
ID2017,2017,,0.10233359783887863,1274.1041798494978,710.7630779384037,0.0,2.0,2,15.0,1,,10.017356475300401,10.0,0.0,22.0,7503.0,4.914887126102491,0.37334440887933973,1.108153095818977
ID2019,2019,3,0.2400444746017456,2223.2872146174695,773.0981256508963,0.0,2.0,2,15.0,1,,13.878504672897197,11.0,0.0,41.0,10395.0,9.958063397971134,0.5979558686359953,1.0430428162563425
ID2021,2021,4,0.18713121116161346,1223.3600569682126,1189.576003225327,0.0,2.0,2,15.0,1,,10.555407209612817,8.0,0.0,36.0,7906.0,8.59711357176215,0.5599877125361281,0.8814742784405022
ID2023,2023,5,0.17247019708156586,2352.1774083808273,1234.0486319527297,0.0,2.0,2,15.0,1,,11.05607476635514,10.0,0.0,32.0,8281.0,7.191762673179895,0.5464337132769529,1.0864301074291616
ID2025,2025,6,0.1279994249343872,393.92193564396655,1342.9873468596584,0.0,2.0,2,15.0,1,,13.300400534045394,13.0,3.0,20.0,9962.0,3.0799094281078165,0.4461643855592867,2.6646121783688184
ID2033,2033,7,0.10059987753629684,2993.618481550182,1376.0281070214185,0.0,2.0,2,15.0,1,,8.37516688918558,8.0,0.0,23.0,6273.0,3.9798251419645814,0.41551932530666197,1.2354776643721
ID2002,2002,18,0.16637711226940155,949.5114527352728,155.77817241123037,0.0,2.0,2,15.0,1,,10.32977303070761,9.0,0.0,30.0,7737.0,7.227171884706364,0.5229782136290687,0.9816175121371563
ID2034,2034,8,0.19044774770736694,701.5800321823773,1450.9103687181919,0.0,2.0,2,15.0,1,,12.0,11.0,0.0,35.0,8988.0,7.636809256160145,0.558027678597775,1.1255890781840987
ID2035,2035,9,0.19160255789756775,2316.473734644927,1638.3594964028823,0.0,2.0,2,15.0,1,,11.253671562082777,10.0,0.0,37.0,8429.0,8.244249527498765,0.5751378324174236,0.9968423431649296
ID2036,2036,10,0.19229881465435028,2845.8399237511917,1684.7691083438592,0.0,2.0,2,15.0,1,,11.213618157543392,9.0,0.0,36.0,8399.0,8.633957109423829,0.5401898418304268,0.9110412276927601
ID2005,2005,19,0.15172016620635986,2202.909938691242,165.10886980119676,0.0,2.0,2,15.0,1,,9.008010680907876,7.0,0.0,33.0,6747.0,7.643454430834881,0.4612275447407046,0.7439891342327396
ID2037,2037,11,0.141975998878479,2536.4593196926144,1739.63802119072,0.0,2.0,2,15.0,1,,9.72630173564753,9.0,0.0,25.0,7285.0,5.605680352432407,0.5233122760701491,1.1921238729053532
ID2038,2038,12,0.1349610537290573,2595.5699221177383,1787.963410030976,0.0,2.0,2,15.0,1,,9.567423230974633,9.0,0.0,26.0,7166.0,5.24861136802499,0.5058006736808484,1.2245949986183144
ID2007,2007,20,0.16221897304058075,243.04769256819074,381.8338311873706,0.0,2.0,2,15.0,1,,9.98931909212283,8.0,0.0,32.0,7482.0,6.981250151665497,0.5272860276487724,0.9880036899493039
ID2039,2039,13,0.18024618923664093,532.0258112933378,1806.2929728738484,0.0,2.0,2,15.0,1,,11.248331108144193,9.0,0.0,34.0,8425.0,7.535992993155907,0.5407555828802645,1.0477191051779915
ID2040,2040,14,0.20620857179164886,2320.1370261389748,1848.3816012456343,0.0,2.0,2,15.0,1,,12.152202937249665,9.0,0.0,36.0,9102.0,8.927414431365309,0.5583449577158345,0.9754349476108042
ID2009,2009,21,0.26918259263038635,384.6550413642891,412.8433880813414,0.0,2.0,2,15.0,1,,23.492656875834445,24.0,11.0,35.0,17596.0,5.214799181024957,0.5407352641558674,3.162140866921382
ID2041,2041,16,0.14907777309417725,2838.2433359784827,1923.309612397465,0.0,2.0,2,15.0,1,,9.475300400534046,7.0,0.0,35.0,7097.0,7.642653410057915,0.4100788022665987,0.7211120530718106
ID2042,2042,,0.10024692118167877,223.80954566254732,1924.7385889401926,0.0,2.0,2,15.0,1,,9.682242990654206,10.0,0.0,24.0,7252.0,4.068329130507847,0.3815656875626053,1.3145819598169264
ID2011,2011,0,0.1564405858516693,2541.0626653644313,428.4126324537052,0.0,2.0,2,15.0,1,,9.666221628838452,8.0,0.0,33.0,7240.0,7.23835552120437,0.49245004677492865,0.8812704602418242
ID2043,2043,17,0.194965198636055,690.0680294790019,1953.7304913176959,0.0,2.0,2,15.0,1,,11.785046728971963,10.0,0.0,36.0,8827.0,8.074220589805565,0.566161605612032,1.055272292806121
ID2013,2013,1,0.11245867609977722,1440.2661738263364,450.5359221856007,0.0,2.0,2,15.0,1,,8.381842456608812,7.0,0.0,25.0,6278.0,5.202168544307473,0.4158488634951773,0.9464631136979905
ID2015,2015,2,0.19464580714702606,2944.398885896112,629.460702558442,0.0,2.0,2,15.0,1,,11.89452603471295,10.0,0.0,33.0,8909.0,7.764469634960417,0.5877190299990824,1.1341263582804233
ID2048,2048,0,0.16890425980091095,2543.774436853419,424.24488806342356,0.0,3.0,3,15.0,1,,10.473965287049399,9.0,0.0,31.0,7845.0,7.310232218223652,0.5244572979716476,0.9858363379772168
ID2049,2049,1,0.11813544481992722,1438.2234987125119,454.6104140896591,0.0,3.0,3,15.0,1,,8.805073431241656,8.0,0.0,24.0,6595.0,5.3955245765199304,0.41730726662784023,0.9609952392406645
ID2050,2050,2,0.21434250473976135,2946.9076395512693,627.0362114582275,0.0,3.0,3,15.0,1,,12.833110814419225,10.0,0.0,39.0,9612.0,8.585690966606437,0.5982885801848615,1.1190312237341313
ID2051,2051,3,0.2240443229675293,2217.7018220164196,775.815545165288,0.0,3.0,3,15.0,1,,12.950600801068092,10.0,0.0,44.0,9700.0,9.94605585370264,0.5467886160416912,0.9205714789057907
ID2052,2052,4,0.15250909328460693,1233.2897898964952,1189.3078220558116,0.0,3.0,3,15.0,1,,10.025367156208278,8.0,0.0,32.0,7509.0,6.684097780084661,0.48584954026251287,0.9808767709311288
ID2053,2053,5,0.22689968347549438,2349.697074039247,1232.2349678343799,0.0,3.0,3,15.0,1,,13.363150867823766,11.0,0.0,38.0,10009.0,9.412219200202626,0.5748331650432638,1.0364637061243196
ID2054,2054,6,0.13368549942970276,394.9931026320145,1343.4002473801434,0.0,3.0,3,15.0,1,,12.873164218958612,13.0,2.0,23.0,9642.0,3.4719946417750744,0.4923063637625151,2.4463225438823697
ID2055,2055,7,0.10672271996736526,2992.0420605373597,1374.127351114367,0.0,3.0,3,15.0,1,,8.065420560747663,8.0,0.0,19.0,6041.0,4.377231194623029,0.4496123054416961,1.1429937353139537
ID2056,2056,8,0.19332686066627502,702.4457786604905,1450.4543280969513,0.0,3.0,3,15.0,1,,12.036048064085447,10.0,0.0,34.0,9015.0,7.674531348567584,0.5773553708163012,1.1480893964593668
ID2057,2057,9,0.19324758648872375,2318.005539655324,1637.9849325511173,0.0,3.0,3,15.0,1,,11.666221628838452,9.0,0.0,37.0,8738.0,8.257758902704762,0.5455816582014617,0.9973918742215573
ID2058,2058,10,0.19686219096183777,2842.0940419094327,1684.8079744258891,0.0,3.0,3,15.0,1,,11.272363150867823,9.0,0.0,43.0,8443.0,9.03561268983898,0.5292477922990608,0.863512350373538
ID2059,2059,11,0.16467590630054474,2539.0217378760126,1742.5142156600718,0.0,3.0,3,15.0,1,,11.411214953271028,10.0,0.0,29.0,8547.0,6.077413452331369,0.5274350639658212,1.2967293519899206
ID2060,2060,12,0.1442316621541977,2593.5443530682905,1791.1324391981157,0.0,3.0,3,15.0,1,,10.556742323097463,10.0,0.0,26.0,7907.0,4.958765594205189,0.5295176489704504,1.4740502362859376
ID2061,2061,13,0.16375432908535004,528.4299375839349,1807.3502477655657,0.0,3.0,3,15.0,1,,10.78237650200267,10.0,0.0,33.0,8076.0,6.6509143927076915,0.5208729046235445,1.1104575828373746
ID2062,2062,14,0.2131301909685135,2318.384969563456,1852.9872660517447,0.0,3.0,3,15.0,1,,11.878504672897197,8.0,0.0,40.0,8897.0,9.973892653292534,0.5518830776368887,0.8470619212157068
ID2063,2063,15,0.11539740860462189,445.3493590744623,1870.0324866694705,0.0,3.0,3,15.0,1,,8.192256341789053,7.0,0.0,24.0,6136.0,5.267993748801309,0.4306230939460551,0.9361821656407054
ID2064,2064,,0.1002122238278389,2817.1150239233075,1901.7986560148847,0.0,3.0,3,15.0,1,,8.086782376502002,7.0,0.0,25.0,6057.0,6.032372466470747,0.26056406112506864,0.5542008606808648
ID2065,2065,16,0.1280914545059204,2839.6394482975807,1920.9764474599174,0.0,3.0,3,15.0,1,,9.253671562082777,8.0,0.0,29.0,6931.0,6.672014584359776,0.3533671289027562,0.7242651922624407
ID2066,2066,17,0.19898274540901184,684.7705088362991,1953.7619211552148,0.0,3.0,3,15.0,1,,11.801068090787718,9.0,0.0,37.0,8839.0,8.360154984868753,0.5749385388208808,1.0306110480466149
ID2044,2044,18,0.156800776720047,954.2979211411944,153.99855412089354,0.0,3.0,3,15.0,1,,10.202937249666222,9.0,0.0,33.0,7642.0,6.736558565584834,0.4949128646230868,1.0028361598318567
ID2045,2045,19,0.16167590022087097,2196.8973132620918,162.53619370245218,0.0,3.0,3,15.0,1,,9.69425901201602,7.0,0.0,37.0,7261.0,8.149094083189453,0.44102049747962146,0.7281551060751846
ID2046,2046,20,0.16384607553482056,237.80819252088534,379.55945786701255,0.0,3.0,3,15.0,1,,10.395193591455273,9.0,0.0,33.0,7786.0,6.993027724855697,0.5165690471774163,1.0126596813921598
ID2047,2047,21,0.2590945363044739,383.86494361942135,413.05408410367113,0.0,3.0,3,15.0,1,,22.753004005340454,23.0,9.0,38.0,17042.0,4.922026470216651,0.5440609155431535,3.257676028101147
ID2116,2116,18,0.18274979293346405,960.8619202869361,160.51591205490806,0.0,4.0,4,15.0,1,,11.743658210947931,10.0,0.0,32.0,8796.0,7.402194931785953,0.524113585023311,1.0911412227806625
ID2117,2117,19,0.1345461755990982,2202.1826075281765,167.33406646293767,0.0,4.0,4,15.0,1,,8.785046728971963,7.0,0.0,31.0,6580.0,6.468185461130362,0.42719165879629367,0.8130777433125426
ID2118,2118,22,0.1114974319934845,2888.1314278216105,277.5744814149462,0.0,4.0,4,15.0,1,,8.114819759679573,7.0,0.0,29.0,6078.0,5.936622212139029,0.3702413954500005,0.73868171974414
ID2119,2119,20,0.16235457360744476,236.13407395816535,382.26183822826744,0.0,4.0,4,15.0,1,,10.244325767690254,9.0,0.0,30.0,7673.0,6.8206873491697255,0.5233961827737902,1.03205518847703
ID2120,2120,21,0.27074602246284485,384.4657784656137,413.6833201357417,0.0,4.0,4,15.0,1,,24.121495327102803,24.0,10.0,38.0,18067.0,4.941089306661878,0.5293323587033398,3.379388213233338
ID2121,2121,0,0.19190658628940582,2545.0508706261303,422.5700181404872,0.0,4.0,4,15.0,1,,11.297730307076101,9.0,0.0,36.0,8462.0,8.475712875348613,0.5462860217991244,0.9418358578773547
ID2122,2122,1,0.11736130714416504,1441.1704315105642,459.4435767300787,0.0,4.0,4,15.0,1,,8.77570093457944,8.0,0.0,27.0,6573.0,5.503319095375139,0.3895325646891377,0.8940507180947866
ID2123,2123,2,0.18382246792316437,2955.982202821678,620.2248505349604,0.0,4.0,4,15.0,1,,12.237650200267023,11.0,0.0,33.0,9166.0,6.9814209385573385,0.5451210327696502,1.236843187588127
ID2124,2124,3,0.22162029147148132,2209.7295132186046,780.0371980873847,0.0,4.0,4,15.0,1,,12.567423230974633,9.0,0.0,43.0,9413.0,9.698382157851224,0.5690855162820296,0.9399567315700368
ID2125,2125,,0.10210775583982468,2601.097942473721,1075.8160671198918,0.0,4.0,4,15.0,1,,8.304405874499333,8.0,0.0,21.0,6220.0,4.136474554350475,0.43727440508272486,1.2215818498922555
ID2126,2126,4,0.18073679506778717,1238.7604575765188,1190.2889837883733,0.0,4.0,4,15.0,1,,10.413885180240321,8.0,0.0,37.0,7800.0,8.350581618134761,0.5318352591519792,0.8659466176355085
ID2127,2127,5,0.2269747406244278,2349.9376523321507,1232.3228781638895,0.0,4.0,4,15.0,1,,12.759679572763686,9.0,0.0,41.0,9557.0,9.932845524724762,0.5913750551010227,0.9547431209711511
ID2128,2128,6,0.12476228177547455,393.05291743969366,1343.700567523651,0.0,4.0,4,15.0,1,,12.727636849132177,13.0,5.0,22.0,9533.0,3.036858670488751,0.4624959018406859,2.6507356613698967
ID2129,2129,7,0.12251214683055878,2997.3513690622854,1371.3630926720173,0.0,4.0,4,15.0,1,,8.762349799732977,8.0,0.0,23.0,6563.0,4.953486627132149,0.481425088540148,1.1497107999174008
ID2130,2130,8,0.18476945161819458,705.2301983460181,1450.2824175738256,0.0,4.0,4,15.0,1,,11.24966622162884,9.0,0.0,37.0,8426.0,7.700120876938181,0.5606178622939867,1.0496450151273384
ID2131,2131,9,0.2135029435157776,2318.4752708709225,1630.6586566541396,0.0,4.0,4,15.0,1,,12.341789052069426,10.0,0.0,38.0,9244.0,9.254172494595053,0.5724785024061393,0.9710575971934169
ID2132,2132,10,0.18481361865997314,2837.1998095248855,1687.3635007523383,0.0,4.0,4,15.0,1,,10.774365821094793,8.0,0.0,39.0,8070.0,8.417329004611798,0.5291363389897338,0.885867541150177
ID2133,2133,11,0.12409453839063644,2545.8466620544,1735.3558315477014,0.0,4.0,4,15.0,1,,9.316421895861149,9.0,0.0,23.0,6978.0,4.939203643766892,0.4591559933243205,1.187082068397512
ID2134,2134,12,0.14538519084453583,2593.339377541891,1794.1947582401986,0.0,4.0,4,15.0,1,,10.516688918558078,10.0,0.0,25.0,7877.0,5.414755215965064,0.5023004501205761,1.298784105462791
ID2135,2135,13,0.1980525106191635,522.7687402885663,1810.2066096897074,0.0,4.0,4,15.0,1,,11.977303070761014,9.0,0.0,40.0,8971.0,8.458977301951085,0.561436084164318,1.018233275041824
ID2136,2136,14,0.19332104921340942,2319.400876361248,1847.9290826550525,0.0,4.0,4,15.0,1,,11.357810413885181,9.0,0.0,36.0,8507.0,8.799163396751167,0.534924905311756,0.8996817561592799
ID2137,2137,15,0.10674398392438889,441.66468813398825,1875.8983650233984,0.0,4.0,4,15.0,1,,8.403204272363151,8.0,0.0,23.0,6294.0,4.789727241202293,0.3965111728306628,0.9962656317777528
ID2138,2138,16,0.1351182460784912,2844.352272156244,1919.9369676611939,0.0,4.0,4,15.0,1,,9.17890520694259,7.0,0.0,30.0,6875.0,7.1677779712973235,0.34864039437900946,0.662091293531212
ID2139,2139,17,0.19234809279441833,688.2015691411646,1956.230442312981,0.0,4.0,4,15.0,1,,11.339118825100133,9.0,0.0,37.0,8493.0,8.018516657270247,0.5865432439513389,1.045594738211138
ID2112,2112,15,0.132520854473114,435.62319070063694,1878.486101712122,0.0,5.0,5,15.0,1,,9.883845126835782,9.0,0.0,26.0,7403.0,5.4405998172723695,0.4527074879736378,1.1322664724654978
ID2113,2113,23,0.12148915976285934,2823.150916870093,1909.469075778914,0.0,5.0,5,15.0,1,,8.405874499332443,7.0,0.0,28.0,6296.0,6.4880200328602085,0.39306794017246294,0.7311324175995992
ID2114,2114,16,0.10566405951976776,2852.2307234585087,1927.3712684368156,0.0,5.0,5,15.0,1,,8.126835781041388,7.0,0.0,25.0,6087.0,5.626872902791801,0.3354506173519725,0.7255797211848884
ID2115,2115,17,0.19909289479255676,689.9430313177222,1957.7323204600295,0.0,5.0,5,15.0,1,,12.08010680907877,10.0,0.0,34.0,9048.0,8.078756190952568,0.5644474568395867,1.0789934471174008
ID2091,2091,18,0.1235765889286995,966.5163852792144,151.85771723737818,0.0,5.0,5,15.0,1,,9.085447263017356,8.0,0.0,25.0,6805.0,5.326822875355468,0.437416525354953,1.038055572992798
ID2092,2092,19,0.12079586088657379,2206.4622321844663,177.22986687330052,0.0,5.0,5,15.0,1,,8.076101468624833,7.0,0.0,27.0,6049.0,6.097542923253614,0.39953738221264107,0.7562228797176512
ID2093,2093,,0.10290437191724777,1932.2222052056184,264.8309093489429,0.0,5.0,5,15.0,1,,9.837116154873165,10.0,0.0,24.0,7368.0,4.959478605252298,0.38225034203226005,1.0970412318640796
ID2094,2094,22,0.11320604383945465,2884.8893923511014,269.50868745425436,0.0,5.0,5,15.0,1,,7.977303070761015,6.0,0.0,25.0,5975.0,5.730420530363973,0.40226279023412775,0.798693307245946
ID2095,2095,20,0.1813434660434723,231.21572954746821,386.3474766305465,0.0,5.0,5,15.0,1,,10.94392523364486,9.0,0.0,33.0,8197.0,7.846253649777614,0.5497002501224144,0.9895072961176717
ID2096,2096,21,0.28089815378189087,384.02317462723676,413.39503425453955,0.0,5.0,5,15.0,1,,24.826435246995995,25.0,8.0,39.0,18595.0,5.028719202839056,0.5422942113674462,3.4718001284327205
ID2097,2097,0,0.18102814257144928,2547.1639615413455,425.26993467091035,0.0,5.0,5,15.0,1,,10.879839786381842,9.0,0.0,35.0,8149.0,7.848769921402343,0.5432074721754945,0.9758707819987659
ID2098,2098,1,0.1271270364522934,1438.2540312026674,450.7028227960296,0.0,5.0,5,15.0,1,,9.220293724966622,8.0,0.0,26.0,6906.0,6.003636546732988,0.41644415665742596,0.9030622222260561
ID2099,2099,2,0.232917919754982,2963.817054655553,612.9661195215074,0.0,5.0,5,15.0,1,,13.412550066755674,11.0,0.0,39.0,10046.0,9.46055150605007,0.6151026257950478,1.0798721854490974
ID2100,2100,3,0.2594521939754486,2208.8138760229363,777.8113874348804,0.0,5.0,5,15.0,1,,14.95460614152203,12.0,0.0,44.0,11201.0,10.2182373795812,0.6278679321108876,1.1289588751321877
ID2101,2101,4,0.14112013578414917,1247.3367208791508,1196.120793211043,0.0,5.0,5,15.0,1,,9.2456608811749,8.0,0.0,25.0,6925.0,6.000534557054597,0.4997318743227642,1.026836844867441
ID2102,2102,5,0.22095024585723877,2351.848432883683,1232.8888579635566,0.0,5.0,5,15.0,1,,12.656875834445929,10.0,0.0,37.0,9480.0,9.339469540400014,0.5871537951342579,1.0026911128800695
ID2103,2103,6,0.1280468851327896,394.6249299815299,1344.4710608910193,0.0,5.0,5,15.0,1,,12.687583444592791,13.0,2.0,24.0,9503.0,3.393311785612668,0.4725108960460456,2.3995977850065535
ID2104,2104,7,0.12885808944702148,2995.741553687172,1375.5437287898876,0.0,5.0,5,15.0,1,,9.256341789052069,8.0,0.0,23.0,6933.0,5.12031478504957,0.48414748218134634,1.1794331628618566
ID2105,2105,8,0.1721147745847702,699.8405486943577,1449.314367850711,0.0,5.0,5,15.0,1,,11.220293724966622,9.0,0.0,31.0,8404.0,6.893833128799089,0.5349885109155228,1.1345216325591816
ID2106,2106,9,0.21670053899288177,2321.1753184443264,1623.837426927713,0.0,5.0,5,15.0,1,,12.666221628838452,10.0,0.0,38.0,9487.0,9.297414640296278,0.5667340785042515,0.9855959651831951
ID2107,2107,10,0.18986742198467255,2842.8205619830555,1684.9544117950566,0.0,5.0,5,15.0,1,,10.995994659546062,8.0,0.0,36.0,8236.0,8.957937058397844,0.511468040194646,0.8307608885774155
ID2108,2108,11,0.1694590002298355,2550.2241881269224,1740.021200091741,0.0,5.0,5,15.0,1,,11.599465954606142,11.0,0.0,27.0,8688.0,6.38491703076988,0.5216575635184318,1.2456077784433697
ID2109,2109,12,0.1484222263097763,2593.9242979328383,1794.1392575841949,0.0,5.0,5,15.0,1,,10.891855807743658,10.0,0.0,25.0,8158.0,5.205950975765,0.5295068760101581,1.4486116556602657
ID2110,2110,13,0.17444942891597748,522.9406277472568,1813.372135206115,0.0,5.0,5,15.0,1,,11.748998664886516,11.0,0.0,31.0,8800.0,6.953513687741838,0.5191719539827435,1.1548639525088822
ID2111,2111,14,0.1998586803674698,2320.989815453612,1842.6797529751232,0.0,5.0,5,15.0,1,,11.68090787716956,9.0,0.0,35.0,8749.0,8.971042018438116,0.5376974259677836,0.9106065581413518
ID2176,2176,8,0.17582738399505615,697.3125743604124,1451.226953264544,0.0,6.0,6,15.0,1,,11.31909212283044,10.0,0.0,32.0,8478.0,6.930203693891565,0.54805424613943,1.156466248654305
ID2177,2177,9,0.19854086637496948,2317.463546386304,1621.150212962849,0.0,6.0,6,15.0,1,,11.56475300400534,9.0,0.0,36.0,8662.0,8.520195376304963,0.5727327407428927,0.9885847037747174
ID2178,2178,10,0.13834528625011444,2834.5968521833493,1681.5607423662875,0.0,6.0,6,15.0,1,,8.879839786381842,7.0,0.0,28.0,6651.0,6.5630615961153564,0.4634185127212506,0.8569065843906642
ID2179,2179,11,0.16643087565898895,2548.985574613626,1735.6364193263867,0.0,6.0,6,15.0,1,,10.445927903871828,9.0,0.0,31.0,7824.0,6.842484858410431,0.546241170072515,1.0786247264172728
ID2180,2180,12,0.13260215520858765,2597.527829822249,1792.6192510833062,0.0,6.0,6,15.0,1,,10.024032042723631,9.0,0.0,24.0,7508.0,4.80635266776028,0.48865714115119563,1.3691983671286512
ID2181,2181,13,0.16509057581424713,527.0900425504993,1814.1676234834028,0.0,6.0,6,15.0,1,,11.002670226969292,10.0,0.0,33.0,8241.0,6.713781287062916,0.5068925861328597,1.1025404857585106
ID2182,2182,14,0.21295852959156036,2315.802284338289,1835.8424991741194,0.0,6.0,6,15.0,1,,12.142857142857142,9.0,0.0,43.0,9095.0,9.60000238731827,0.5515195765264215,0.8992557287549492
ID2183,2183,15,0.1257157027721405,424.6854745061069,1886.4547476348896,0.0,6.0,6,15.0,1,,8.41789052069426,7.0,0.0,26.0,6305.0,6.0115975555434895,0.4361458901001032,0.8505044580004356
ID2184,2184,23,0.12009455263614655,2826.429293780648,1909.41027176419,0.0,6.0,6,15.0,1,,8.137516688918558,6.0,0.0,30.0,6095.0,6.997405533428317,0.3399331712203059,0.5900587447100962
ID2185,2185,16,0.10365033894777298,2852.679581449968,1923.239757809496,0.0,6.0,6,15.0,1,,8.149532710280374,7.0,0.0,28.0,6104.0,5.875633125112603,0.2949326579667316,0.6318059524753774
ID2186,2186,17,0.19009272754192352,693.3173369389694,1957.3894764964496,0.0,6.0,6,15.0,1,,11.935914552736982,10.0,0.0,33.0,8940.0,7.557172806474247,0.5585827784923659,1.1320979718702415
ID2163,2163,24,0.11220839619636536,1158.3957884794575,107.59816853955046,0.0,6.0,6,15.0,1,,7.878504672897196,7.0,0.0,26.0,5901.0,5.848115918233232,0.3740464802005726,0.7334693470135861
ID2164,2164,18,0.18688303232192993,970.1719603102458,147.8699049384244,0.0,6.0,6,15.0,1,,11.436582109479305,10.0,0.0,31.0,8566.0,7.712084902479245,0.547504920122454,1.0493259997418933
ID2165,2165,19,0.1385812610387802,2203.5514244598867,176.970871386233,0.0,6.0,6,15.0,1,,9.145527369826436,7.0,0.0,32.0,6850.0,6.596986988146671,0.4454054904307826,0.8543955704116072
ID2166,2166,22,0.10953198373317719,2880.1802809315536,267.79076679190774,0.0,6.0,6,15.0,1,,7.268357810413885,6.0,0.0,25.0,5444.0,6.004350036301311,0.369838258710576,0.6536463435757913
ID2167,2167,20,0.16512827575206757,228.12708639800294,382.0145210300706,0.0,6.0,6,15.0,1,,10.14018691588785,8.0,0.0,31.0,7595.0,7.3464932496137125,0.5113377238316811,0.933989907717165
ID2168,2168,21,0.26342952251434326,384.64671515943184,412.8136935518252,0.0,6.0,6,15.0,1,,23.826435246995995,24.0,13.0,35.0,17846.0,4.473546216536,0.5286460427625854,3.6837927379094952
ID2169,2169,0,0.1754731386899948,2543.9286467963834,425.0665571098609,0.0,6.0,6,15.0,1,,11.04539385847797,9.0,0.0,32.0,8273.0,7.287126643448905,0.5305620673545363,1.0508485663049245
ID2170,2170,2,0.23757411539554596,2957.5966196240365,606.3796335139388,0.0,6.0,6,15.0,1,,13.293724966622163,11.0,0.0,41.0,9957.0,10.079323126527967,0.615937090478911,1.005442467203414
ID2171,2171,3,0.219633087515831,2198.2225080861763,776.849654927735,0.0,6.0,6,15.0,1,,12.316421895861149,9.0,0.0,39.0,9225.0,9.61296528749363,0.5888835926102468,0.9497177448378481
ID2172,2172,4,0.1344752311706543,1249.9893548528423,1193.9326691705296,0.0,6.0,6,15.0,1,,9.628838451268358,9.0,0.0,27.0,7212.0,5.705895380937047,0.45934485106890227,1.062333835325276
ID2173,2173,5,0.2098904252052307,2352.970831999565,1231.5390156553576,0.0,6.0,6,15.0,1,,11.833110814419225,9.0,0.0,39.0,8863.0,9.289904448818882,0.5829361197607192,0.938156424504455
ID2174,2174,6,0.13236454129219055,394.1255131535948,1343.224857406168,0.0,6.0,6,15.0,1,,12.554072096128172,13.0,1.0,22.0,9403.0,3.3289083981295544,0.4739167549748949,2.4251682652953823
ID2175,2175,7,0.11871399730443954,3002.972233094755,1376.4449852373493,0.0,6.0,6,15.0,1,,8.921228304405874,9.0,0.0,20.0,6682.0,4.501389041405502,0.48368470640242994,1.292197318729028
ID2144,2144,20,0.1496555656194687,226.08029417615256,377.95197671165533,0.0,7.0,7,15.0,1,,9.88785046728972,8.0,0.0,31.0,7406.0,6.940983016809806,0.4473585209533066,0.8806239558621678
ID2145,2145,21,0.27540460228919983,384.25189207741937,413.0789241115755,0.0,7.0,7,15.0,1,,24.428571428571427,25.0,13.0,36.0,18297.0,4.878665298572215,0.5327762317824941,3.4809126580537892
ID2146,2146,0,0.1751658171415329,2550.2754846192624,422.90967610377606,0.0,7.0,7,15.0,1,,10.543391188251002,8.0,0.0,32.0,7897.0,7.775582219924053,0.530373645516614,0.9398571626020097
ID2147,2147,2,0.2275843322277069,2954.787012529768,612.3795263255117,0.0,7.0,7,15.0,1,,13.75033377837116,11.0,0.0,43.0,10299.0,9.271910919961128,0.5727848210000905,1.0801801122581483
ID2148,2148,3,0.24077709019184113,2195.7198042817918,769.03564210993,0.0,7.0,7,15.0,1,,13.118825100133511,10.0,0.0,45.0,9826.0,10.523746039473137,0.6096531533723455,0.9442893648797502
ID2149,2149,4,0.13227517902851105,1248.8218115671218,1197.3826263841715,0.0,7.0,7,15.0,1,,8.878504672897197,7.0,0.0,30.0,6650.0,6.1182579313027174,0.4533423222671862,0.9053163957035677
ID2150,2150,5,0.21584369242191315,2355.1622197263346,1229.8767661110778,0.0,7.0,7,15.0,1,,12.867823765020027,10.0,0.0,35.0,9638.0,9.042525390886984,0.5647705384250883,1.027227732784722
ID2151,2151,6,0.13366249203681946,395.4828925929686,1343.9349527571646,0.0,7.0,7,15.0,1,,13.088117489986649,13.0,3.0,22.0,9803.0,3.41751235590381,0.4688923564996423,2.4450079158540743
ID2152,2152,7,0.1298069953918457,3006.28229143749,1381.1356688987337,0.0,7.0,7,15.0,1,,9.523364485981308,9.0,0.0,25.0,7133.0,5.125802548548375,0.4717506335263455,1.191068639491093
ID2153,2153,8,0.17339953780174255,695.3261143128327,1448.0121511564184,0.0,7.0,7,15.0,1,,10.945260347129507,9.0,0.0,30.0,8198.0,7.05448198963055,0.5484970612375227,1.099144731273451
ID2154,2154,9,0.20748856663703918,2313.759796767544,1614.7850847533396,0.0,7.0,7,15.0,1,,11.89452603471295,10.0,0.0,37.0,8909.0,8.752437976381444,0.5859388578728588,1.0041855209915016
ID2155,2155,10,0.14069747924804688,2829.0636175290106,1685.892039343893,0.0,7.0,7,15.0,1,,9.089452603471296,8.0,0.0,29.0,6808.0,6.550401738462363,0.47649769494395955,0.8956283240302715
ID2156,2156,11,0.16798986494541168,2541.809414529014,1739.4949016571095,0.0,7.0,7,15.0,1,,10.950600801068092,10.0,0.0,30.0,8202.0,6.45378181938663,0.5589899016516382,1.216786335223083
ID2157,2157,12,0.12418200075626373,2599.973734359348,1784.558365556621,0.0,7.0,7,15.0,1,,9.62483311081442,9.0,0.0,24.0,7209.0,4.617679653231127,0.4485496487747979,1.2908522568369598
ID2158,2158,13,0.1527649313211441,525.4724879106209,1812.8803377328609,0.0,7.0,7,15.0,1,,10.444592790387183,9.0,0.0,31.0,7823.0,6.049810024948649,0.5265254710876531,1.190954311974926
ID2159,2159,14,0.1930297166109085,2308.4792396583634,1840.3417058200816,0.0,7.0,7,15.0,1,,11.391188251001335,9.0,0.0,38.0,8532.0,8.66445053064167,0.5368191967470234,0.918466370680538
ID2160,2160,15,0.1173144280910492,428.06525036229675,1884.8861832123994,0.0,7.0,7,15.0,1,,8.268357810413885,7.0,0.0,25.0,6193.0,5.4734483162564915,0.4388062995693223,0.9214223865848501
ID2161,2161,23,0.10911465436220169,2821.890481445661,1908.358319410489,0.0,7.0,7,15.0,1,,8.242990654205608,7.0,0.0,26.0,6174.0,5.492797386541025,0.37876297164490536,0.8245160755814223
ID2162,2162,17,0.18776339292526245,696.8211840337253,1960.3559046768532,0.0,7.0,7,15.0,1,,11.148197596795727,9.0,0.0,34.0,8350.0,7.728735711888382,0.5910997500448986,1.071740308580415
ID2140,2140,24,0.1104326918721199,1165.3136712435344,107.35476126276448,0.0,7.0,7,15.0,1,,7.381842456608812,6.0,0.0,26.0,5529.0,5.900103445278454,0.37574794942154355,0.6834281872278349
ID2141,2141,18,0.18069596588611603,971.1724108147897,144.4718672970976,0.0,7.0,7,15.0,1,,11.281708945260347,9.0,0.0,33.0,8450.0,7.76006844790969,0.5212026518514566,0.9962283072945937
ID2142,2142,19,0.13735391199588776,2202.5911878572056,184.41483824355487,0.0,7.0,7,15.0,1,,8.696929238985314,7.0,0.0,29.0,6514.0,6.860742672849708,0.43792790202528314,0.7721297878440201
ID2143,2143,22,0.1062283143401146,2879.189216141136,267.4927557571061,0.0,7.0,7,15.0,1,,7.32977303070761,6.0,0.0,25.0,5490.0,5.745207961476119,0.3653239812747817,0.6827429624370069
ID2208,2208,16,0.10973970592021942,2852.6662734230504,1932.1176823092983,0.0,8.0,8,15.0,1,,7.87716955941255,7.0,0.0,27.0,5900.0,5.808750038057556,0.3681702362154346,0.7298372728916642
ID2209,2209,17,0.19134671986103058,696.5515462942816,1957.2047009775033,0.0,8.0,8,15.0,1,,11.506008010680908,9.0,0.0,33.0,8618.0,7.998263762457417,0.5663045103127756,1.0402381275327583
ID2187,2187,18,0.19564540684223175,970.8293751164107,141.83261071267884,0.0,8.0,8,15.0,1,,11.546061415220294,9.0,0.0,37.0,8648.0,8.43785562777378,0.5487988538028834,0.969728022443394
ID2188,2188,19,0.1469632387161255,2201.430801623205,187.3945236440118,0.0,8.0,8,15.0,1,,8.967957276368491,7.0,0.0,32.0,6717.0,7.559322517127997,0.42881985159800956,0.7120951995594481
ID2189,2189,22,0.10416927933692932,2878.164281304603,262.0277687374944,0.0,8.0,8,15.0,1,,7.451268357810414,6.0,0.0,27.0,5581.0,5.628597636803703,0.36448588264090065,0.7072478917886272
ID2190,2190,20,0.10698289424180984,214.03195007620712,384.9232598556044,0.0,8.0,8,15.0,1,,8.65954606141522,9.0,0.0,21.0,6486.0,4.509672351008483,0.4263467512406764,1.1479367869220638
ID2191,2191,21,0.27911466360092163,384.4567686730554,413.2572766890579,0.0,8.0,8,15.0,1,,25.15487316421896,25.0,10.0,40.0,18841.0,5.100072704859578,0.5174995593964036,3.364009169847614
ID2192,2192,0,0.16843703389167786,2546.4147849470796,415.59508391310425,0.0,8.0,8,15.0,1,,10.527369826435248,9.0,0.0,31.0,7885.0,7.3795758865569,0.5154126649431945,0.9703818078646702
ID2193,2193,2,0.2281685173511505,2951.062484219702,610.552649066496,0.0,8.0,8,15.0,1,,12.961281708945261,10.0,0.0,41.0,9708.0,9.736905176656343,0.592525384843897,0.9905527369933466
ID2194,2194,3,0.24951593577861786,2197.4182687358284,769.089117160251,0.0,8.0,8,15.0,1,,13.712950600801069,10.0,0.0,46.0,10271.0,11.001293335438746,0.5903476968578912,0.925407364671667
ID2195,2195,4,0.14277535676956177,1259.0074910967614,1197.8575084507145,0.0,8.0,8,15.0,1,,9.456608811748998,8.0,0.0,30.0,7083.0,6.445974553914131,0.4622488158628838,0.927537254299464
ID2196,2196,5,0.20427244901657104,2354.9061019175365,1231.1880512622201,0.0,8.0,8,15.0,1,,11.655540720961282,10.0,0.0,36.0,8730.0,8.904959375461535,0.5815727912165808,0.9625989289682352
ID2197,2197,6,0.13076823949813843,394.5522910252994,1342.9906336645104,0.0,8.0,8,15.0,1,,12.874499332443257,13.0,4.0,22.0,9643.0,3.4887525422614685,0.44720496407142757,2.2806925866281906
ID2198,2198,7,0.11984923481941223,3006.1371650688507,1382.8748893423513,0.0,8.0,8,15.0,1,,8.797062750333778,8.0,0.0,23.0,6589.0,4.952333423174615,0.45654746763882365,1.113574057282654
ID2199,2199,8,0.1756175458431244,698.5574029826719,1451.3563373452564,0.0,8.0,8,15.0,1,,11.130841121495328,9.0,0.0,32.0,8337.0,6.9932337017346065,0.553361451772253,1.1340085165570433
ID2200,2200,9,0.20525212585926056,2315.3757255864543,1613.6102120255307,0.0,8.0,8,15.0,1,,11.969292389853138,10.0,0.0,36.0,8965.0,8.555441534264144,0.5854587635423264,1.0332309442949157
ID2201,2201,10,0.15816697478294373,2819.103657915131,1693.7888703428725,0.0,8.0,8,15.0,1,,9.70493991989319,7.0,0.0,34.0,7269.0,7.526583167293968,0.48337554154737145,0.8403467787850402
ID2202,2202,11,0.16529209911823273,2533.3346479953584,1743.935369840311,0.0,8.0,8,15.0,1,,10.891855807743658,10.0,0.0,28.0,8158.0,6.183927796734336,0.560687672679596,1.2655300925355828
ID2203,2203,12,0.13019387423992157,2602.21253865637,1786.9185689504138,0.0,8.0,8,15.0,1,,9.612817089452603,9.0,0.0,26.0,7200.0,4.816931612032897,0.5043961561348568,1.3381960606482448
ID2204,2204,13,0.15831804275512695,524.9934250329374,1816.781537208441,0.0,8.0,8,15.0,1,,11.221628838451268,10.0,0.0,27.0,8405.0,5.932013393851668,0.5127852277352902,1.2824546109833999
ID2205,2205,14,0.19472305476665497,2299.5717236625314,1848.1819627924647,0.0,8.0,8,15.0,1,,11.404539385847798,9.0,0.0,35.0,8542.0,8.552638565100926,0.5606143600703823,0.958023682699845
ID2206,2206,15,0.11173819750547409,425.5000873926486,1878.5149351399534,0.0,8.0,8,15.0,1,,8.643524699599466,8.0,0.0,24.0,6474.0,4.511100553256919,0.4584448733017744,1.204579499149225
ID2207,2207,23,0.1316228210926056,2821.646457579855,1916.8836635227567,0.0,8.0,8,15.0,1,,8.612817089452603,7.0,0.0,29.0,6451.0,6.818867046809229,0.4125057246631002,0.7377390302006008
ID2210,2210,24,0.11709332466125488,1156.972515701497,98.7096891012279,0.0,9.0,9,15.0,1,,7.88785046728972,6.0,0.0,27.0,5908.0,5.979977670541671,0.39169800573003627,0.7424982899911494
ID2211,2211,18,0.18406318128108978,964.0064702530248,147.73126988026021,0.0,9.0,9,15.0,1,,11.194926568758344,9.0,0.0,34.0,8385.0,7.714277748289584,0.5467053967667845,1.0258922139021964
ID2212,2212,19,0.16037942469120026,2204.5607151777735,183.68279028036397,0.0,9.0,9,15.0,1,,9.995994659546062,8.0,0.0,36.0,7487.0,7.588425958967432,0.4834760265837564,0.8586154954034888
ID2213,2213,22,0.10137411206960678,2879.457372876112,261.6162114483614,0.0,9.0,9,15.0,1,,7.409879839786382,6.0,0.0,24.0,5550.0,5.3561857499232755,0.37708376966362267,0.757640202830219
ID2214,2214,20,0.17317530512809753,207.61471600093537,394.20156209340604,0.0,9.0,9,15.0,1,,10.674232309746328,8.0,0.0,33.0,7995.0,7.727521539870894,0.5083227230932065,0.9310471433925084
ID2215,2215,21,0.2889675199985504,384.6330513869808,413.0921474157732,0.0,9.0,9,15.0,1,,25.759679572763684,26.0,13.0,41.0,19294.0,5.080204625954959,0.5301617160400921,3.5136643959224028
ID2216,2216,0,0.18128712475299835,2543.5210711990067,413.06585320463705,0.0,9.0,9,15.0,1,,10.708945260347129,9.0,0.0,32.0,8021.0,7.974772226706853,0.5434962566747628,0.9456912772778592
ID2217,2217,2,0.2199583500623703,2950.2646158914877,612.4888614586168,0.0,9.0,9,15.0,1,,13.483311081441922,11.0,0.0,38.0,10099.0,8.859195756381643,0.5730113065541877,1.1088265065557206
ID2218,2218,25,0.10008198022842407,1287.8448608338404,691.3690480356797,0.0,9.0,9,15.0,1,,10.166889185580775,10.0,0.0,22.0,7615.0,4.777697022552609,0.3482248888688234,1.0992512000635017
ID2219,2219,3,0.26680123805999756,2200.8410463680916,776.6969761856343,0.0,9.0,9,15.0,1,,14.256341789052069,10.0,0.0,51.0,10678.0,11.761942524396007,0.6205430857122674,0.9282616326533116
ID2220,2220,4,0.177018404006958,1260.4469784875635,1197.6124453528762,0.0,9.0,9,15.0,1,,10.44192256341789,8.0,0.0,39.0,7821.0,8.275884981960372,0.5134103610320448,0.8560594850687457
ID2221,2221,5,0.21621759235858917,2356.445260308915,1232.512802987066,0.0,9.0,9,15.0,1,,12.222963951935915,9.0,0.0,39.0,9155.0,9.30612507601939,0.6051396985969872,0.9903311738057852
ID2222,2222,6,0.1530090719461441,393.36442823650907,1342.8612571764422,0.0,9.0,9,15.0,1,,14.559412550066755,15.0,4.0,23.0,10905.0,3.0740865652403087,0.5005587456302114,3.1598015387697242
ID2223,2223,7,0.11965233832597733,3004.168822499415,1387.0520459703575,0.0,9.0,9,15.0,1,,9.044058744993324,9.0,0.0,22.0,6774.0,4.596491637784569,0.48120164108172797,1.2784384124537085
ID2224,2224,8,0.16649310290813446,699.264833921736,1443.6629752862532,0.0,9.0,9,15.0,1,,10.84913217623498,10.0,0.0,31.0,8126.0,6.4464009707604815,0.5487149521830836,1.1925675388083123
ID2225,2225,9,0.20186473429203033,2310.877384261368,1614.761546779532,0.0,9.0,9,15.0,1,,12.15086782376502,10.0,0.0,35.0,9101.0,8.478342331162258,0.5637766649003869,1.0333768119998188
ID2226,2226,10,0.17165857553482056,2817.5797093472797,1697.2275988929046,0.0,9.0,9,15.0,1,,10.100133511348465,7.0,0.0,37.0,7565.0,8.352326038268068,0.48698891401204947,0.7920653511958466
ID2227,2227,11,0.20155103504657745,2535.5365645153493,1738.4502218676598,0.0,9.0,9,15.0,1,,12.098798397863819,10.0,0.0,33.0,9062.0,7.967739844734302,0.6013157899492704,1.1404144522359336
ID2228,2228,12,0.14547854661941528,2603.4610799127095,1786.8439078334927,0.0,9.0,9,15.0,1,,10.608811748998665,10.0,0.0,23.0,7946.0,5.292056129535154,0.50861929472747,1.351716049197018
ID2229,2229,13,0.17380556464195251,521.8600408857528,1812.6649728026653,0.0,9.0,9,15.0,1,,11.213618157543392,10.0,0.0,33.0,8399.0,7.199767997486992,0.5340602971591142,1.0844389804448566
ID2230,2230,14,0.19667932391166687,2294.105357961125,1850.992980427715,0.0,9.0,9,15.0,1,,11.433911882510014,9.0,0.0,40.0,8564.0,8.972177630955734,0.5371163363686149,0.8906121114631796
ID2231,2231,15,0.15518519282341003,425.6040858663709,1872.6124551512899,0.0,9.0,9,15.0,1,,10.339118825100133,9.0,0.0,29.0,7744.0,6.509748327444292,0.5247361974940048,1.0931899659424675
ID2232,2232,23,0.1374627947807312,2824.4436681168568,1918.0840879662621,0.0,9.0,9,15.0,1,,8.551401869158878,6.0,0.0,32.0,6405.0,7.469659756803047,0.4108534086162283,0.6667630039927546
ID2233,2233,16,0.10836353898048401,2856.7274285027415,1938.3259298988983,0.0,9.0,9,15.0,1,,7.858477970627503,6.0,0.0,26.0,5886.0,6.090998735410149,0.3462243403664992,0.6636209445858117
ID2234,2234,17,0.19909687340259552,702.7168451753432,1954.0901514882394,0.0,9.0,9,15.0,1,,11.914552736982644,9.0,0.0,34.0,8924.0,8.376224579253767,0.5584757439152107,1.0194447523145138
ID2258,2258,24,0.1341082900762558,1157.2780132219975,98.17767363619932,0.0,10.0,10,15.0,1,,9.032042723631509,8.0,0.0,28.0,6765.0,6.417226041915507,0.4316178816316635,0.8486741151316491
ID2259,2259,18,0.18124347925186157,965.2039156732642,152.71324794121443,0.0,10.0,10,15.0,1,,11.226969292389853,9.0,0.0,32.0,8409.0,7.535780534385585,0.5383561231476537,1.0427424667482863
ID2260,2260,19,0.14140689373016357,2203.435405683125,175.72402448136535,0.0,10.0,10,15.0,1,,8.62483311081442,6.0,0.0,31.0,6460.0,7.107047991625342,0.4474710937364334,0.7503200189200023
ID2261,2261,22,0.10083649307489395,2869.8060644736925,260.8334046350967,0.0,10.0,10,15.0,1,,7.27369826435247,6.0,0.0,25.0,5448.0,5.339902742986597,0.37138816494622423,0.7377676232841175
ID2262,2262,20,0.14965970814228058,203.8378889256348,395.07838606567447,0.0,10.0,10,15.0,1,,9.899866488651535,9.0,0.0,29.0,7415.0,6.08710063164705,0.5141248318096715,1.1044746446083031
ID2263,2263,21,0.26977717876434326,384.04258223489785,413.0808876776643,0.0,10.0,10,15.0,1,,24.124165554072096,24.0,10.0,36.0,18069.0,5.116484395704292,0.5331052728777784,3.27907720901873
ID2264,2264,0,0.171695739030838,2539.234359880568,418.8967149307253,0.0,10.0,10,15.0,1,,10.511348464619493,9.0,0.0,33.0,7873.0,7.481452425730147,0.544807268333984,0.9909941700422152
ID2265,2265,2,0.23113112151622772,2954.999773425255,614.2034156276734,0.0,10.0,10,15.0,1,,12.970627503337784,10.0,0.0,42.0,9715.0,9.853563771079976,0.6050779128910482,0.9924595906788671
ID2266,2266,25,0.10107403993606567,1293.3475271314271,685.7038403023812,0.0,10.0,10,15.0,1,,10.449933244325768,10.0,0.0,24.0,7827.0,5.262541995801069,0.301293297849058,0.9195221923697117
ID2267,2267,3,0.23846034705638885,2202.4554387017038,776.5271420594215,0.0,10.0,10,15.0,1,,13.969292389853138,11.0,0.0,42.0,10463.0,9.88180779517379,0.5771371096485277,1.034612092879589
ID2268,2268,4,0.17876967787742615,1256.3978147081257,1199.057620688199,0.0,10.0,10,15.0,1,,10.941255006675567,9.0,0.0,34.0,8195.0,7.935014735377615,0.5045278326591859,0.92477121129688
ID2269,2269,5,0.2190563678741455,2362.2788678956927,1229.2076312618237,0.0,10.0,10,15.0,1,,12.837116154873165,10.0,0.0,39.0,9615.0,9.107654429787392,0.5854672769987397,1.0409653321388532
ID2270,2270,6,0.12617766857147217,394.5975461016921,1343.7544527330583,0.0,10.0,10,15.0,1,,13.053404539385848,13.0,0.0,22.0,9777.0,3.3450945444430755,0.43106290854584284,2.3508630265485206
ID2271,2271,7,0.13135124742984772,3007.092990044266,1394.1112467399573,0.0,10.0,10,15.0,1,,9.686248331108144,9.0,0.0,24.0,7255.0,4.967981486534409,0.48134817812318537,1.2670910130817994
ID2272,2272,8,0.17329595983028412,696.8945565840338,1435.8982812053835,0.0,10.0,10,15.0,1,,10.806408544726303,9.0,0.0,31.0,8094.0,7.172337050689752,0.5477375307707227,1.0664140876178523
ID2273,2273,9,0.19197987020015717,2315.156673985003,1614.047100764338,0.0,10.0,10,15.0,1,,12.10146862483311,10.0,0.0,35.0,9064.0,7.72975087841753,0.5447982227011541,1.1042476876915155
ID2274,2274,10,0.17403919994831085,2823.3519002977505,1694.9676763765658,0.0,10.0,10,15.0,1,,11.17222963951936,9.0,0.0,35.0,8368.0,7.926701505672417,0.47555006110721404,0.9084889273876329
ID2275,2275,11,0.20063737034797668,2534.0462385564347,1736.7737033914418,0.0,10.0,10,15.0,1,,12.12283044058745,10.0,0.0,35.0,9080.0,8.151531105109928,0.5776892499503713,1.089099744098655
ID2276,2276,12,0.14078538119792938,2597.2788739388634,1785.9700046170376,0.0,10.0,10,15.0,1,,10.244325767690254,10.0,0.0,24.0,7673.0,5.008320401225054,0.5215962996958629,1.4023497129023952
ID2277,2277,13,0.1705920249223709,507.41840699458805,1805.3229369753242,0.0,10.0,10,15.0,1,,11.174899866488651,10.0,0.0,33.0,8370.0,7.0969308834565155,0.5142243467193841,1.0694622775855525
ID2278,2278,14,0.2012927532196045,2299.3574401142864,1853.079878649533,0.0,10.0,10,15.0,1,,11.485981308411215,9.0,0.0,37.0,8603.0,9.080235250119411,0.5639198292980175,0.9122290125220062
ID2279,2279,15,0.12272827327251434,423.22720723126946,1869.3921302566553,0.0,10.0,10,15.0,1,,8.377837116154874,7.0,0.0,27.0,6275.0,5.683505557543795,0.45435697378917944,0.9210258079232501
ID2280,2280,23,0.11357074975967407,2824.152835371661,1914.4447459798512,0.0,10.0,10,15.0,1,,8.365821094793057,7.0,0.0,27.0,6266.0,5.5605280281559075,0.3884234159625484,0.8417943531786142
ID2281,2281,17,0.1973108947277069,702.8603436145673,1954.4629439797625,0.0,10.0,10,15.0,1,,11.794392523364486,10.0,0.0,35.0,8834.0,8.080174493850182,0.5732214633328168,1.0636957253040225
ID2240,2240,0,0.16086316108703613,2539.8247499932627,423.35892347052754,0.0,11.0,11,15.0,1,,10.188251001335113,9.0,0.0,30.0,7631.0,6.8067731886501806,0.5165112851286376,1.0195828464984518
ID2241,2241,2,0.22252026200294495,2951.8181062272115,619.6394366383905,0.0,11.0,11,15.0,1,,13.44192256341789,11.0,0.0,39.0,10068.0,9.273093994705171,0.5442728179057169,1.0217845723347443
ID2242,2242,3,0.24556037783622742,2200.670464285075,786.1326200402326,0.0,11.0,11,15.0,1,,13.108144192256342,9.0,0.0,46.0,9818.0,10.883697291754261,0.6224813983945401,0.9241477342333495
ID2243,2243,4,0.1540968418121338,1261.6464399395288,1200.8972641133726,0.0,11.0,11,15.0,1,,9.57543391188251,8.0,0.0,28.0,7172.0,6.915937958046155,0.5167936805774821,0.9434699105183063
ID2244,2244,5,0.1784907430410385,2368.773582650063,1224.378518244482,0.0,11.0,11,15.0,1,,11.359145527369826,10.0,0.0,28.0,8508.0,6.859591615385207,0.5695280657454961,1.2017757680246899
ID2245,2245,6,0.12486522644758224,394.5914043941002,1343.6365618011025,0.0,11.0,11,15.0,1,,12.773030707610147,13.0,4.0,23.0,9567.0,3.1255834151218322,0.4575160698878381,2.5655817597837705
ID2246,2246,7,0.15260837972164154,3011.236088843586,1390.7944163842717,0.0,11.0,11,15.0,1,,10.459279038718291,9.0,0.0,26.0,7834.0,5.901147356339373,0.5244028236318878,1.2194403538840604
ID2247,2247,8,0.18958434462547302,698.4110298990763,1436.3963812073252,0.0,11.0,11,15.0,1,,11.333778371161548,10.0,0.0,33.0,8489.0,7.826712401448375,0.5719866884734879,1.0538101896686718
ID2248,2248,9,0.21738895773887634,2312.7668830453495,1617.0389559634043,0.0,11.0,11,15.0,1,,12.70493991989319,11.0,0.0,37.0,9516.0,8.879149381916354,0.588439337409745,1.060137782707673
ID2249,2249,10,0.1548611968755722,2828.65788405972,1688.1306135211669,0.0,11.0,11,15.0,1,,9.530040053404539,8.0,0.0,30.0,7138.0,7.278326012473482,0.48684650797098417,0.8574704037189305
ID2250,2250,11,0.17566153407096863,2542.202001831713,1732.1019750815567,0.0,11.0,11,15.0,1,,11.244325767690254,9.0,0.0,30.0,8422.0,6.903487491948371,0.5546689531979063,1.162226582743719
ID2251,2251,12,0.13572649657726288,2598.706599014054,1787.9194152107573,0.0,11.0,11,15.0,1,,9.791722296395193,10.0,0.0,25.0,7334.0,5.042269017274232,0.525417783878474,1.3377625503365123
ID2252,2252,13,0.12325836718082428,496.5046675768414,1805.5030742857666,0.0,11.0,11,15.0,1,,9.4913217623498,9.0,0.0,24.0,7109.0,4.890402254740933,0.4715275305010677,1.2438006286326777
ID2253,2253,14,0.1882692128419876,2308.0472023480565,1842.9174325367414,0.0,11.0,11,15.0,1,,11.104138851802404,8.0,0.0,38.0,8317.0,8.734641002081299,0.5119310375543495,0.8608932405424761
ID2254,2254,15,0.10207932442426682,424.25791505803426,1853.6308359930713,0.0,11.0,11,15.0,1,,7.763684913217624,7.0,0.0,22.0,5815.0,4.591198891234885,0.40281975213634497,0.9711373910918463
ID2255,2255,23,0.1260380893945694,2818.135940081649,1916.1466906897629,0.0,11.0,11,15.0,1,,7.959946595460615,6.0,0.0,29.0,5962.0,6.7238101941202775,0.40805380928881396,0.6861560374103638
ID2256,2256,,0.10275325179100037,2856.8051680078547,1943.57692814423,0.0,11.0,11,15.0,1,,7.449933244325767,6.0,0.0,27.0,5580.0,5.93248247006006,0.3317043206352607,0.6255891862166482
ID2257,2257,17,0.1713806837797165,700.7912485190564,1948.1118647342203,0.0,11.0,11,15.0,1,,11.060080106809078,9.0,0.0,32.0,8284.0,7.3437645341937134,0.4878344827406041,0.9876143694104228
ID2235,2235,24,0.1579963117837906,1159.5356369735875,88.88227286062059,0.0,11.0,11,15.0,1,,9.63150867823765,8.0,0.0,32.0,7214.0,7.431172275216649,0.4802013923730754,0.8409488731416512
ID2236,2236,18,0.19721297919750214,964.9518571856971,156.80414302859214,0.0,11.0,11,15.0,1,,12.240320427236314,10.0,0.0,36.0,9168.0,8.250971610514114,0.5358998192711885,1.03523372359146
ID2237,2237,19,0.1336480677127838,2207.3846330182987,170.97453001502342,0.0,11.0,11,15.0,1,,8.67022696929239,7.0,0.0,29.0,6494.0,6.587090971118056,0.4341998767757407,0.796978885953776
ID2238,2238,20,0.17389307916164398,202.94369677633208,391.53725102896124,0.0,11.0,11,15.0,1,,10.696929238985314,9.0,0.0,31.0,8012.0,7.459355370032323,0.5326488712078975,0.9967498112554616
ID2239,2239,21,0.28478825092315674,384.38465662248205,413.0157969696256,0.0,11.0,11,15.0,1,,25.678237650200266,26.0,12.0,39.0,19233.0,5.028455827882514,0.5259043032978136,3.5199783865799525
ID2282,2282,24,0.1405399888753891,1156.6321993447007,87.58479889320301,0.0,12.0,12,15.0,1,,8.604806408544727,7.0,0.0,29.0,6445.0,6.975417367856039,0.44427859307972684,0.7589362812941997
ID2283,2283,18,0.18713438510894775,967.711908651027,155.182205898429,0.0,12.0,12,15.0,1,,11.126835781041388,9.0,0.0,32.0,8334.0,8.302675829929754,0.5199633215212616,0.9169025779023927
ID2284,2284,19,0.12887342274188995,2205.647132989196,167.49389578188774,0.0,12.0,12,15.0,1,,8.347129506008011,7.0,0.0,29.0,6252.0,6.398502741851699,0.4363638015519672,0.7926346467557729
ID2285,2285,20,0.1682557910680771,210.08281099571136,390.7069421896441,0.0,12.0,12,15.0,1,,10.712950600801069,9.0,0.0,33.0,8024.0,7.19971816694135,0.5192495391982096,1.017116285804847
ID2286,2286,21,0.2784813344478607,383.5420640351964,413.0457309975598,0.0,12.0,12,15.0,1,,24.595460614152202,25.0,10.0,39.0,18422.0,5.46212341499649,0.5328395665376119,3.130568503138463
ID2287,2287,0,0.17692357301712036,2547.741680806495,428.048218909004,0.0,12.0,12,15.0,1,,10.682242990654206,9.0,0.0,38.0,8001.0,7.85483040795078,0.5185438260166426,0.9287819634465289
ID2288,2288,2,0.24194909632205963,2960.4208119134396,619.9218847547208,0.0,12.0,12,15.0,1,,13.230974632843791,9.0,0.0,44.0,9910.0,10.921881178960138,0.5795973577209487,0.8890053679749516
ID2289,2289,3,0.23868192732334137,2195.485676149949,786.6495783750041,0.0,12.0,12,15.0,1,,12.98931909212283,9.0,0.0,46.0,9729.0,10.818873051660098,0.588223057193965,0.8893340159786028
ID2290,2290,4,0.16316382586956024,1262.9747154247223,1202.4284293151795,0.0,12.0,12,15.0,1,,9.77570093457944,7.0,0.0,32.0,7322.0,7.430274622015579,0.522773443445232,0.9033400395532518
ID2291,2291,5,0.22959601879119873,2374.1111271616114,1226.5078909323236,0.0,12.0,12,15.0,1,,13.296395193591454,11.0,0.0,45.0,9959.0,9.467238772876216,0.6011830885167084,1.054645103108547
ID2292,2292,6,0.14168861508369446,393.57215852224965,1342.9663820033677,0.0,12.0,12,15.0,1,,13.291054739652871,13.0,1.0,24.0,9955.0,3.4386428711234234,0.49523565595980024,2.5603811991555543
ID2293,2293,7,0.15937943756580353,3009.367454864339,1387.3841200295135,0.0,12.0,12,15.0,1,,11.126835781041388,10.0,0.0,29.0,8334.0,5.971517802651282,0.5120299852795038,1.261978434827145
ID2294,2294,8,0.19564583897590637,697.9750531496524,1435.3885858181748,0.0,12.0,12,15.0,1,,11.72630173564753,10.0,0.0,34.0,8783.0,7.982341126555886,0.58600589025052,1.0855703242135515
ID2295,2295,9,0.18669335544109344,2312.0875416845265,1608.1316952572693,0.0,12.0,12,15.0,1,,11.863818424566087,11.0,0.0,37.0,8886.0,7.504910111018846,0.543242659183015,1.1129320224554353
ID2296,2296,10,0.16087570786476135,2834.95150063358,1695.5009699189277,0.0,12.0,12,15.0,1,,9.169559412550067,6.0,0.0,32.0,6868.0,8.080267934037654,0.48839841037599746,0.7447452584316546
ID2297,2297,11,0.1739278882741928,2550.2498690914085,1738.550920505617,0.0,12.0,12,15.0,1,,11.141522029372497,10.0,0.0,30.0,8345.0,7.203404448470451,0.5289802299833115,1.0702230254108152
ID2298,2298,12,0.12812870740890503,2596.600513595089,1794.9551870017276,0.0,12.0,12,15.0,1,,10.181575433911883,10.0,0.0,24.0,7626.0,4.462755219111376,0.4794175412897366,1.4786489146717248
ID2299,2299,13,0.13634833693504333,490.36989203036984,1808.0426858923927,0.0,12.0,12,15.0,1,,9.88785046728972,9.0,0.0,26.0,7406.0,5.27031078029803,0.517161768123112,1.2790578329216367
ID2300,2300,14,0.2073482722043991,2310.338845041197,1839.4292169475984,0.0,12.0,12,15.0,1,,11.93324432576769,9.0,0.0,41.0,8938.0,9.189090705270598,0.5552743233768521,0.9272921414963919
ID2301,2301,15,0.1263563185930252,435.03406798970286,1851.0685732327393,0.0,12.0,12,15.0,1,,9.144192256341789,8.0,0.0,27.0,6849.0,5.6905996268162,0.4294286146605654,0.9654856459152622
ID2302,2302,23,0.14190523326396942,2816.4379060733804,1928.0985214916589,0.0,12.0,12,15.0,1,,9.522029372496663,8.0,0.0,29.0,7132.0,6.963319337571491,0.4245585637983048,0.8150804897757938
ID2303,2303,17,0.19471433758735657,696.7424653342525,1944.2075932794157,0.0,12.0,12,15.0,1,,12.415220293724966,10.0,0.0,37.0,9299.0,7.810238249176046,0.5411110533990257,1.1162786375724896
ID2304,2304,24,0.17533238232135773,1148.3195789679603,90.04530503106997,0.0,13.0,13,15.0,1,,10.439252336448599,8.0,0.0,35.0,7819.0,8.243007568345607,0.5029670664038789,0.8476250387063731
ID2305,2305,18,0.1463938057422638,959.924041783557,156.6790837999388,0.0,13.0,13,15.0,1,,9.708945260347129,8.0,0.0,27.0,7272.0,6.374513724429137,0.4768151677439803,0.9835102843649651
ID2306,2306,19,0.12010708451271057,2205.2222107404727,164.42659909924916,0.0,13.0,13,15.0,1,,8.049399198931908,7.0,0.0,25.0,6029.0,5.8078837519348445,0.43397780782094025,0.838881540980581
ID2307,2307,,0.10265855491161346,2861.6717183243263,257.83722115701096,0.0,13.0,13,15.0,1,,7.97196261682243,7.0,0.0,25.0,5971.0,5.264959742439605,0.3827490888084344,0.8382450140333039
ID2308,2308,20,0.16373254358768463,215.50115003752225,389.6537077352436,0.0,13.0,13,15.0,1,,10.485981308411215,9.0,0.0,30.0,7854.0,7.206011936320129,0.4909704596494492,0.9583638452780402
ID2309,2309,21,0.2873316705226898,384.0754571289121,413.16227253745467,0.0,13.0,13,15.0,1,,26.639519359145527,27.0,14.0,38.0,19953.0,4.813732337803221,0.5005309009222176,3.6919889567402255
ID2310,2310,0,0.1784592717885971,2546.8605152545097,425.629553428581,0.0,13.0,13,15.0,1,,10.678237650200266,8.0,0.0,33.0,7998.0,7.845896716481368,0.5406124020979457,0.9551676515658035
ID2311,2311,2,0.19944730401039124,2963.6741681203584,616.3962298153034,0.0,13.0,13,15.0,1,,12.409879839786381,10.0,0.0,36.0,9295.0,8.087023910821918,0.5803394611513085,1.1270431984422684
ID2312,2312,3,0.21985815465450287,2193.8109120507856,786.373583670502,0.0,13.0,13,15.0,1,,12.465954606141523,10.0,0.0,37.0,9337.0,9.324969487301988,0.5995928869690929,1.0022016772722897
ID2313,2313,26,0.1195724830031395,2579.5753336420294,1038.3254712885305,0.0,13.0,13,15.0,1,,9.392523364485982,9.0,0.0,21.0,7035.0,4.310569979005712,0.48053904745961334,1.414446082241264
ID2314,2314,4,0.11623004078865051,1266.3887276586452,1199.7733639433966,0.0,13.0,13,15.0,1,,8.67022696929239,8.0,0.0,24.0,6494.0,5.049692379762776,0.44146151129371697,1.0516841651642195
ID2315,2315,5,0.21252460777759552,2377.476396033895,1230.820689332717,0.0,13.0,13,15.0,1,,12.40720961281709,10.0,0.0,39.0,9293.0,9.007038325434356,0.5707198870319536,1.0010283287512487
ID2316,2316,6,0.1509632021188736,394.15883351620363,1343.8256379767536,0.0,13.0,13,15.0,1,,14.675567423230975,15.0,6.0,25.0,10992.0,3.203474651798063,0.47863818342930287,2.965848961331015
ID2317,2317,7,0.14376749098300934,3011.6140714842495,1381.4727375827022,0.0,13.0,13,15.0,1,,10.345794392523365,10.0,0.0,27.0,7749.0,5.426396078569943,0.5016287066718706,1.2738027097182725
ID2318,2318,8,0.20174439251422882,690.8435085026493,1435.8279236951355,0.0,13.0,13,15.0,1,,12.587449933244326,11.0,0.0,37.0,9428.0,8.004804876371857,0.5680681877115575,1.1393378535549363
ID2319,2319,9,0.2057635486125946,2307.601628024658,1603.562638023544,0.0,13.0,13,15.0,1,,12.43524699599466,10.0,0.0,40.0,9314.0,8.205589385586347,0.5832120859654463,1.1165085409283657
ID2320,2320,10,0.14511200785636902,2833.9776610524955,1695.1159944424521,0.0,13.0,13,15.0,1,,9.149532710280374,7.0,0.0,33.0,6853.0,7.232322385016699,0.43465963968980764,0.7665695567320907
ID2321,2321,11,0.18975293636322021,2554.4980664339505,1737.977000301224,0.0,13.0,13,15.0,1,,11.626168224299066,9.0,0.0,34.0,8708.0,8.073801222486141,0.5469414021332621,1.018252493187781
ID2322,2322,12,0.12685006856918335,2589.528056852834,1801.3039892215775,0.0,13.0,13,15.0,1,,9.461949265687583,9.0,0.0,22.0,7087.0,4.545398677394543,0.5302556593028295,1.4426465699815978
ID2323,2323,13,0.14137601852416992,488.95635814416426,1809.2627322639657,0.0,13.0,13,15.0,1,,9.955941255006676,9.0,0.0,27.0,7457.0,5.836858045799276,0.4842460017373534,1.1129953391853702
ID2324,2324,14,0.2083164006471634,2308.032271381077,1841.3959273269195,0.0,13.0,13,15.0,1,,11.467289719626168,8.0,0.0,40.0,8589.0,9.598242973550905,0.5585832793241173,0.8563611558437176
ID2325,2325,15,0.1267889142036438,442.0517955402165,1857.4747623032058,0.0,13.0,13,15.0,1,,8.834445927903872,8.0,0.0,26.0,6617.0,5.922344087046477,0.42340890367330025,0.8874542726693586
ID2326,2326,23,0.12101820111274719,2812.0767987474824,1929.12974348183,0.0,13.0,13,15.0,1,,7.830440587449933,6.0,0.0,29.0,5865.0,6.400353636892332,0.40605540978538507,0.7066349097733056
ID2327,2327,17,0.16593413054943085,697.4354824730361,1945.2389496503401,0.0,13.0,13,15.0,1,,10.74766355140187,9.0,0.0,35.0,8050.0,7.371656625573914,0.4713271487191894,0.9340974111158624
ID2328,2328,27,0.11915069818496704,2860.9427836674363,1952.4459694534535,0.0,13.0,13,15.0,1,,8.082777036048064,6.0,0.0,30.0,6054.0,6.5328118586436075,0.39817840411269456,0.7047020833557279
ID2329,2329,24,0.1737692654132843,1153.683348545279,92.55276729585042,0.0,14.0,14,15.0,1,,10.445927903871828,8.0,0.0,33.0,7824.0,7.689935439193645,0.5337544397908623,0.945453107624484
ID2330,2330,19,0.12904922664165497,2206.7420973861244,154.60352313506672,0.0,14.0,14,15.0,1,,8.678237650200266,7.0,0.0,28.0,6500.0,6.4546396770508565,0.4014046876986803,0.7702086742436939
ID2331,2331,18,0.1908191740512848,959.0552645275068,161.1425204036488,0.0,14.0,14,15.0,1,,11.664886515353805,10.0,0.0,35.0,8737.0,7.738099930121604,0.5645752564898486,1.087931527766904
ID2332,2332,20,0.17728140950202942,215.43450939151555,390.538312718814,0.0,14.0,14,15.0,1,,11.444592790387183,10.0,0.0,32.0,8572.0,7.2529682841959415,0.5326287031747692,1.0967361883713274
ID2333,2333,21,0.27951666712760925,383.76309217633155,412.82933408156873,0.0,14.0,14,15.0,1,,25.130841121495326,25.0,12.0,38.0,18823.0,5.002563189275253,0.5335403959369137,3.4955580870809175
ID2334,2334,0,0.17827580869197845,2542.7433885992145,428.8331425370995,0.0,14.0,14,15.0,1,,10.439252336448599,8.0,0.0,40.0,7819.0,8.4050600672672,0.5135156441987957,0.84280156647319
ID2335,2335,2,0.2523942291736603,2962.113399133827,610.1141114509965,0.0,14.0,14,15.0,1,,13.7543391188251,10.0,0.0,45.0,10302.0,11.002357452649,0.6140772053541209,0.9512236627677413
ID2336,2336,,0.10068872570991516,1307.6366902303414,692.2379749313774,0.0,14.0,14,15.0,1,,9.590120160213619,9.0,0.0,24.0,7183.0,4.931505026912377,0.3396461542374175,0.9860777605220303
ID2337,2337,3,0.23257754743099213,2191.9060680648813,786.2038181657218,0.0,14.0,14,15.0,1,,13.012016021361816,10.0,0.0,41.0,9746.0,9.916556394047316,0.5953458390087772,0.9793280136779035
ID2338,2338,26,0.1181473359465599,2580.1649593365573,1039.1171401390727,0.0,14.0,14,15.0,1,,9.255006675567424,9.0,0.0,23.0,6932.0,4.404405567424713,0.48101569762628543,1.3649571469642752
ID2339,2339,4,0.10273323208093643,1277.491582154411,1194.4593442211146,0.0,14.0,14,15.0,1,,7.850467289719626,7.0,0.0,22.0,5880.0,4.905422670147008,0.4156564091584084,0.9397789047456182
ID2340,2340,5,0.22409532964229584,2380.9956841097983,1235.8519656853862,0.0,14.0,14,15.0,1,,12.823765020026702,10.0,0.0,41.0,9605.0,9.38002891734163,0.5998217490735878,1.0251607785047945
ID2341,2341,6,0.13416922092437744,393.7248149996266,1342.9072556018054,0.0,14.0,14,15.0,1,,13.332443257676903,13.0,2.0,23.0,9986.0,3.27039500076273,0.45708404580451123,2.5577081615519806
ID2342,2342,7,0.13067860901355743,3015.7609593684706,1382.3626124000898,0.0,14.0,14,15.0,1,,9.493991989319092,9.0,0.0,26.0,7111.0,5.290393746649496,0.46098285234857644,1.132479925598392
ID2343,2343,8,0.20426572859287262,691.2118158928303,1444.2840031841113,0.0,14.0,14,15.0,1,,12.57943925233645,11.0,0.0,39.0,9422.0,8.246740027157168,0.5623647994124512,1.098106992445331
ID2344,2344,9,0.20490308105945587,2305.2810840123525,1599.8967663284632,0.0,14.0,14,15.0,1,,12.714285714285714,11.0,0.0,34.0,9523.0,7.996728704731807,0.5748601487189181,1.1607262581661242
ID2345,2345,10,0.1427675187587738,2832.3735025524697,1685.8991474148472,0.0,14.0,14,15.0,1,,8.723631508678238,7.0,0.0,31.0,6534.0,7.401021728342029,0.437118349167432,0.7170379336325613
ID2346,2346,11,0.18969006836414337,2549.3083856329263,1732.5633850833904,0.0,14.0,14,15.0,1,,11.711615487316422,10.0,0.0,32.0,8772.0,8.026002939748452,0.5272751014723005,1.0075520216006637
ID2347,2347,12,0.11995457857847214,2582.5434612251074,1799.063163807642,0.0,14.0,14,15.0,1,,8.89853137516689,8.0,0.0,21.0,6665.0,4.748246001024679,0.4753336152595961,1.2076008529010571
ID2348,2348,13,0.15530818700790405,490.16444043098886,1813.7737574990738,0.0,14.0,14,15.0,1,,10.300400534045394,9.0,0.0,26.0,7715.0,6.232720485646077,0.5403577263691944,1.1594879293965181
ID2349,2349,14,0.208799347281456,2308.1840487791087,1846.8561437193025,0.0,14.0,14,15.0,1,,12.404539385847798,10.0,0.0,38.0,9291.0,9.068841332261995,0.545606262094071,0.965693508483208
ID2350,2350,15,0.13353414833545685,438.4034277952371,1861.8984607401194,0.0,14.0,14,15.0,1,,8.923898531375167,8.0,0.0,28.0,6684.0,6.169471828454745,0.45149223179516,0.8998543081917183
ID2351,2351,23,0.11826317012310028,2807.5959989089333,1933.1515661295593,0.0,14.0,14,15.0,1,,7.7930574098798395,6.0,0.0,29.0,5837.0,6.436331940500278,0.3879151814720121,0.6768201622185227
ID2352,2352,17,0.1665724217891693,701.406560271115,1952.364289487134,0.0,14.0,14,15.0,1,,10.83845126835781,9.0,0.0,34.0,8118.0,6.636619827285084,0.5414640015428794,1.14732507773943
ID2353,2353,27,0.10562203079462051,2853.521921610409,1957.2300403144602,0.0,14.0,14,15.0,1,,7.62483311081442,6.0,0.0,27.0,5711.0,5.332974070693415,0.39251139155713083,0.8060173211927654
ID2368,2368,8,0.15701813995838165,689.3270082295961,1448.7998573824036,0.0,15.0,15,15.0,1,,10.283044058744993,9.0,0.0,30.0,7702.0,6.55397118660904,0.5125815624552268,1.0633869903713342
ID2369,2369,9,0.19752193987369537,2309.4660459757533,1601.0892180588921,0.0,15.0,15,15.0,1,,12.15086782376502,10.0,0.0,34.0,9101.0,7.764752384556038,0.5718684365070059,1.138648334337719
ID2370,2370,10,0.16818317770957947,2829.9749352878366,1686.1945809382512,0.0,15.0,15,15.0,1,,9.91588785046729,7.0,0.0,35.0,7427.0,8.362420789660218,0.47742966986643504,0.7663588432572712
ID2371,2371,11,0.21066583693027496,2544.6261372258723,1726.3771903330874,0.0,15.0,15,15.0,1,,12.30173564753004,10.0,0.0,38.0,9214.0,9.000728412565428,0.5601072237001951,0.9813760485831642
ID2372,2372,12,0.13755051791667938,2591.440610855772,1797.431054187157,0.0,15.0,15,15.0,1,,10.251001335113484,10.0,0.0,23.0,7678.0,4.842825299728251,0.5012681803775728,1.41354402977185
ID2373,2373,13,0.17765039205551147,494.7312669769102,1812.7274448950425,0.0,15.0,15,15.0,1,,11.271028037383177,9.0,0.0,32.0,8442.0,7.571228726105801,0.5155128436172044,1.0127611378008456
ID2374,2374,14,0.17126379907131195,2310.593674258584,1849.044840929952,0.0,15.0,15,15.0,1,,10.461949265687583,8.0,0.0,33.0,7836.0,7.828557822846938,0.502550706902728,0.8939466323704317
ID2375,2375,15,0.13322074711322784,432.56688641497044,1858.3639078564086,0.0,15.0,15,15.0,1,,9.194926568758344,8.0,0.0,28.0,6887.0,5.92641380963196,0.47034141715102984,0.992616113293469
ID2376,2376,23,0.10642427951097488,2811.37393934362,1938.2564738103722,0.0,15.0,15,15.0,1,,7.484646194926569,6.0,0.0,27.0,5606.0,5.648230217264646,0.37497968863619957,0.7227703741918073
ID2377,2377,17,0.1815318912267685,704.6344451844053,1951.3060783763142,0.0,15.0,15,15.0,1,,11.190921228304406,9.0,0.0,32.0,8382.0,7.864978409388683,0.5240339443923978,0.9785050673651605
ID2378,2378,27,0.12412294745445251,2848.3406336756434,1967.4946995517362,0.0,15.0,15,15.0,1,,8.255006675567424,7.0,0.0,24.0,6183.0,6.332191513601643,0.4213268831358676,0.7728915927678021
ID2354,2354,24,0.18040916323661804,1147.8224813043767,90.8070967239639,0.0,15.0,15,15.0,1,,10.883845126835782,9.0,0.0,35.0,8152.0,8.315542959659963,0.49931840803256927,0.8717770694538945
ID2355,2355,19,0.11621749401092529,2203.5194778332548,151.65564113796404,0.0,15.0,15,15.0,1,,8.148197596795727,7.0,0.0,29.0,6103.0,5.928106494767935,0.40030546487391205,0.7858583759185053
ID2356,2356,18,0.17152106761932373,953.8020812332979,161.77951598057336,0.0,15.0,15,15.0,1,,11.082777036048064,9.0,0.0,31.0,8301.0,7.233950317602894,0.49299049375570225,1.0117764639054136
ID2357,2357,20,0.1643020659685135,212.63376508547213,396.8248025652245,0.0,15.0,15,15.0,1,,9.906542056074766,8.0,0.0,30.0,7420.0,7.43271583143847,0.5004026058879221,0.8890297762345045
ID2358,2358,21,0.28795143961906433,384.2959032530889,412.9041565785722,0.0,15.0,15,15.0,1,,25.973297730307078,26.0,12.0,39.0,19454.0,5.10104659946381,0.5249612513584294,3.5056313034422524
ID2359,2359,0,0.19510109722614288,2541.045497660349,420.6643942172371,0.0,15.0,15,15.0,1,,11.595460614152202,9.0,0.0,37.0,8685.0,8.509543601604268,0.534667054074986,0.9494694312066171
ID2360,2360,2,0.24239680171012878,2961.4373003186324,609.8585273030708,0.0,15.0,15,15.0,1,,13.599465954606142,10.0,0.0,48.0,10186.0,10.535643587872123,0.5847328417020965,0.952559709073901
ID2361,2361,3,0.2343933880329132,2189.146109383899,783.6604965513361,0.0,15.0,15,15.0,1,,13.706275033377837,11.0,0.0,40.0,10266.0,9.626263408110669,0.5934242429608628,1.0605363548958624
ID2362,2362,28,0.10698011517524719,1046.8609762915698,873.3093124238657,0.0,15.0,15,15.0,1,,9.953271028037383,10.0,0.0,24.0,7455.0,5.4298349515965265,0.32991592808464015,0.9094698222061779
ID2363,2363,26,0.11088521033525467,2584.1240577658473,1037.5651602679507,0.0,15.0,15,15.0,1,,9.081441922563418,9.0,0.0,20.0,6802.0,3.952260580159256,0.46538404271356926,1.4594837530042537
ID2364,2364,4,0.12127018719911575,1284.142600965403,1201.3420954858789,0.0,15.0,15,15.0,1,,9.71562082777036,10.0,0.0,24.0,7277.0,4.642921591429744,0.47626451612695,1.3501849045918863
ID2365,2365,5,0.15988634526729584,2383.6596450796046,1244.2880003570958,0.0,15.0,15,15.0,1,,10.881174899866489,9.0,0.0,31.0,8150.0,6.622601933664409,0.5182913675651726,1.1217497664823728
ID2366,2366,6,0.13864092528820038,393.34779653587395,1343.1434990595255,0.0,15.0,15,15.0,1,,13.400534045393858,13.0,3.0,21.0,10037.0,3.079134494160783,0.49649969700852215,2.887791260375256
ID2367,2367,7,0.10648664832115173,3018.383266532291,1380.8293295408005,0.0,15.0,15,15.0,1,,8.297730307076101,8.0,0.0,20.0,6215.0,4.465944538057783,0.4298583773015917,1.1171419396107123
ID2379,2379,24,0.18285179138183594,1148.719425228597,92.44704351056008,0.0,16.0,16,15.0,1,,10.886515353805073,9.0,0.0,34.0,8154.0,8.116576571894354,0.5285495535616714,0.9275817229579382
ID2380,2380,19,0.1056586503982544,2201.3237225681983,146.764851276812,0.0,16.0,16,15.0,1,,8.411214953271028,7.0,0.0,27.0,6300.0,5.114902442652355,0.37093622134665405,0.8898839322466697
ID2381,2381,18,0.17764343321323395,954.4625365246671,159.9622955102191,0.0,16.0,16,15.0,1,,11.214953271028037,9.0,0.0,32.0,8400.0,7.210582734667287,0.5394151505273954,1.0899949442069812
ID2382,2382,20,0.17606107890605927,214.05669757193544,394.526867989899,0.0,16.0,16,15.0,1,,11.044058744993324,10.0,0.0,34.0,8272.0,7.348609863574583,0.5475785982867054,1.0635239217278716
ID2383,2383,21,0.2807495594024658,384.5625925973528,412.7333490603037,0.0,16.0,16,15.0,1,,24.412550066755674,24.0,10.0,36.0,18285.0,5.0004708373729905,0.5532169674831612,3.4777279790354645
ID2384,2384,0,0.18365775048732758,2535.6584182614347,427.49484404790354,0.0,16.0,16,15.0,1,,11.506008010680908,9.0,0.0,35.0,8618.0,7.731561035655356,0.533287951042118,1.0352030135308574
ID2385,2385,2,0.21470369398593903,2955.6383308200625,606.7772986985038,0.0,16.0,16,15.0,1,,12.4913217623498,10.0,0.0,41.0,9356.0,9.225139564720797,0.5772365211878132,0.9911112867206475
ID2386,2386,3,0.23233191668987274,2186.9052491836824,774.7328370727762,0.0,16.0,16,15.0,1,,13.41789052069426,10.0,0.0,42.0,10050.0,9.70488329220249,0.5879861200963521,1.023868766388386
ID2387,2387,28,0.10181884467601776,1047.8811039231598,879.131070990364,0.0,16.0,16,15.0,1,,9.660881174899867,9.0,0.0,24.0,7236.0,5.316690476058818,0.33391781756726496,0.9097370417911552
ID2388,2388,26,0.10829386860132217,2587.0052561801767,1029.3888783056161,0.0,16.0,16,15.0,1,,8.857142857142858,8.0,0.0,20.0,6634.0,3.9028500291306916,0.46202904764456826,1.434349746023636
ID2389,2389,4,0.1123676672577858,1275.4973751784696,1200.422319009854,0.0,16.0,16,15.0,1,,8.432576769025367,8.0,0.0,23.0,6316.0,4.984178863124798,0.432690252495263,1.0219307933786972
ID2390,2390,5,0.19531142711639404,2376.9393528051573,1243.9163604142432,0.0,16.0,16,15.0,1,,11.068090787716956,9.0,0.0,35.0,8290.0,8.653268011905352,0.5631993491440631,0.9216591354869637
ID2391,2391,6,0.14023858308792114,395.37614343779046,1344.6164677870388,0.0,16.0,16,15.0,1,,14.287049399198931,14.0,6.0,24.0,10701.0,3.212459945685963,0.4407380932425997,2.72101145417498
ID2392,2392,7,0.11080436408519745,3020.911413844049,1385.64957234514,0.0,16.0,16,15.0,1,,8.710280373831775,8.0,0.0,21.0,6524.0,4.390395880875001,0.4502512335340184,1.2318848547515704
ID2393,2393,8,0.21128365397453308,697.1702416416973,1454.7482123831387,0.0,16.0,16,15.0,1,,12.719626168224298,10.0,0.0,34.0,9527.0,8.456962569554364,0.5825719410343694,1.1073273756629343
ID2394,2394,9,0.20404262840747833,2316.4185126787256,1606.3935677719987,0.0,16.0,16,15.0,1,,12.328437917222963,10.0,0.0,35.0,9234.0,8.268166214865015,0.5755849634897344,1.089422804553637
ID2395,2395,10,0.13597439229488373,2830.1469987640417,1687.9007863334587,0.0,16.0,16,15.0,1,,9.053404539385848,8.0,0.0,26.0,6781.0,6.216661223084274,0.4551330402752757,0.9110042088759762
ID2396,2396,11,0.22393442690372467,2542.7335000445096,1726.9119198266615,0.0,16.0,16,15.0,1,,12.83845126835781,10.0,0.0,39.0,9616.0,9.835101154056478,0.5604060823471354,0.9376246306054691
ID2397,2397,12,0.1221875473856926,2587.8969938034415,1803.4300674793717,0.0,16.0,16,15.0,1,,9.2283044058745,9.0,0.0,22.0,6912.0,4.731841162192396,0.4729791095481718,1.25246939212778
ID2398,2398,13,0.14612996578216553,496.8761785358577,1808.7257140152049,0.0,16.0,16,15.0,1,,10.479305740987984,9.0,0.0,29.0,7849.0,5.69910974835345,0.49058419051764945,1.2103543200966178
ID2399,2399,14,0.18082667887210846,2316.8652249499323,1853.761402120594,0.0,16.0,16,15.0,1,,10.923898531375167,9.0,0.0,32.0,8182.0,7.497473925424304,0.5701113271419986,1.0580883000559587
ID2400,2400,15,0.118662990629673,436.453813660413,1856.624034327231,0.0,16.0,16,15.0,1,,8.63818424566088,7.0,0.0,23.0,6470.0,5.181330627643832,0.450908647594941,1.0362383183818407
ID2401,2401,23,0.11062166839838028,2814.2932627123305,1941.3391342465638,0.0,16.0,16,15.0,1,,7.3004005340453935,6.0,0.0,24.0,5468.0,5.9450930064550604,0.387915972565423,0.6864240937978648
ID2402,2402,17,0.1612197905778885,701.9414364103612,1944.7886268431682,0.0,16.0,16,15.0,1,,11.141522029372497,10.0,0.0,29.0,8345.0,6.665318357237263,0.4684775249910735,1.066534916359461
ID2403,2403,27,0.1217346340417862,2850.404094754164,1969.1065812801548,0.0,16.0,16,15.0,1,,8.433911882510014,7.0,0.0,26.0,6317.0,6.174163287202387,0.40402426203711317,0.7861651298680504
ID2404,2404,24,0.17625026404857635,1151.0121771104605,88.82257047409117,0.0,17.0,17,15.0,1,,11.001335113484647,9.0,0.0,33.0,8240.0,7.533969299264149,0.5169529830347368,0.9952460645194268
ID2405,2405,19,0.1180218830704689,2210.9342887783537,145.94150402929301,0.0,17.0,17,15.0,1,,7.990654205607477,7.0,0.0,26.0,5985.0,5.954701393780379,0.42410292304506675,0.7992492409803904
ID2406,2406,18,0.17191582918167114,955.0320612346167,157.6416255510479,0.0,17.0,17,15.0,1,,10.918558077436582,9.0,0.0,32.0,8178.0,7.088066347678734,0.5271765072725632,1.0634922364194128
ID2407,2407,20,0.13581548631191254,205.3042056017774,390.993308158828,0.0,17.0,17,15.0,1,,9.767690253671562,9.0,0.0,24.0,7316.0,5.716050451102047,0.47705802696499044,1.1038230836946652
ID2408,2408,21,0.27831196784973145,383.82264632384414,412.8138092601596,0.0,17.0,17,15.0,1,,24.98931909212283,25.0,10.0,40.0,18717.0,5.031174812137822,0.5254830002469711,3.421892086199568
ID2409,2409,0,0.17746181786060333,2536.311295341656,428.64904886637487,0.0,17.0,17,15.0,1,,10.455273698264353,8.0,0.0,34.0,7831.0,7.945145464731138,0.5296872008896021,0.9113399214477343
ID2410,2410,2,0.23004448413848877,2960.0234934304913,601.1225774412153,0.0,17.0,17,15.0,1,,13.277703604806408,10.0,0.0,43.0,9945.0,10.035647535534888,0.5662308628157436,0.9566329271270076
ID2411,2411,3,0.22678419947624207,2186.7357563437786,765.9403947656763,0.0,17.0,17,15.0,1,,13.05607476635514,10.0,0.0,42.0,9779.0,9.71751030342013,0.5765019445951949,0.9826387357388918
ID2412,2412,28,0.1027466282248497,1046.17332202194,881.6121856110876,0.0,17.0,17,15.0,1,,10.020026702269693,10.0,0.0,25.0,7505.0,5.487309082041296,0.33689244205982977,0.9203102334434325
ID2413,2413,26,0.10412069410085678,2594.3263454914536,1021.4420000109759,0.0,17.0,17,15.0,1,,8.379172229639519,8.0,0.0,21.0,6276.0,4.264063721478848,0.4441654370205459,1.208746530610468
ID2414,2414,4,0.1215171292424202,1272.4941538269259,1200.6639379138132,0.0,17.0,17,15.0,1,,8.732977303070761,8.0,0.0,26.0,6541.0,5.568556137879379,0.4490987717774666,0.9720611894795649
ID2415,2415,5,0.16538791358470917,2374.5932637626024,1237.6270375652218,0.0,17.0,17,15.0,1,,10.471295060080108,9.0,0.0,29.0,7843.0,7.09585184650363,0.5287145856927957,1.020753166579601
ID2416,2416,6,0.14014168083667755,394.6684298265478,1342.8734084055166,0.0,17.0,17,15.0,1,,13.686248331108144,14.0,4.0,23.0,10251.0,3.2648812652556263,0.4615052761674166,2.6474227869674523
ID2417,2417,8,0.19594019651412964,698.010099684701,1453.961766480794,0.0,17.0,17,15.0,1,,11.763684913217624,9.0,0.0,34.0,8811.0,8.032951208605622,0.5641256664854353,1.05633693952297
ID2418,2418,9,0.21079108119010925,2317.304115755899,1607.3137770367941,0.0,17.0,17,15.0,1,,13.120160213618158,11.0,0.0,35.0,9827.0,7.9513212823231445,0.5958462556547267,1.2321767154185927
ID2419,2419,10,0.14261355996131897,2830.1878171538,1694.890067747414,0.0,17.0,17,15.0,1,,9.17890520694259,7.0,0.0,32.0,6875.0,6.994461779956316,0.4410822685045443,0.8033363228954097
ID2420,2420,11,0.21431709825992584,2541.004202890463,1729.7316366255202,0.0,17.0,17,15.0,1,,12.773030707610147,10.0,0.0,37.0,9567.0,8.92132990645778,0.5610325269622878,1.0291304796548402
ID2421,2421,12,0.11705119162797928,2579.781848905734,1802.8184543043521,0.0,17.0,17,15.0,1,,9.744993324432576,10.0,0.0,21.0,7299.0,4.192923393550131,0.45937823968873,1.463178014143994
ID2422,2422,13,0.14395038783550262,504.4863919736668,1804.0358011167712,0.0,17.0,17,15.0,1,,9.500667556742323,8.0,0.0,28.0,7116.0,6.448401707439627,0.47638077915412813,0.9507971712003135
ID2423,2423,15,0.13936591148376465,440.8807196309242,1845.9190389487223,0.0,17.0,17,15.0,1,,9.913217623497998,9.0,0.0,29.0,7425.0,5.850106167683177,0.4562647846869947,1.0618361118725557
ID2424,2424,14,0.17883655428886414,2319.1045589052824,1847.5870356848793,0.0,17.0,17,15.0,1,,10.461949265687583,8.0,0.0,35.0,7836.0,8.221707730968395,0.5143147596585746,0.8643574975871828
ID2425,2425,23,0.11024511605501175,2808.562701187106,1936.4166811979605,0.0,17.0,17,15.0,1,,7.409879839786382,6.0,0.0,26.0,5550.0,5.904222961773512,0.39810638455986724,0.7147223042062782
ID2426,2426,17,0.18511836230754852,706.9076053072981,1941.4660321624672,0.0,17.0,17,15.0,1,,11.795727636849133,10.0,0.0,35.0,8835.0,7.967660766256731,0.5041384701966883,0.9923980833495728
ID2427,2427,27,0.11655241996049881,2844.5072410902635,1980.3786489969923,0.0,17.0,17,15.0,1,,7.894526034712951,6.0,0.0,31.0,5913.0,6.112215737814836,0.4072833398287008,0.7476054888642709
ID2453,2453,24,0.16569417715072632,1147.763251796066,80.65156905546067,0.0,18.0,18,15.0,1,,9.93324432576769,7.0,0.0,32.0,7440.0,7.647363515509994,0.509135302720482,0.8764243024756524
ID2454,2454,19,0.11272622644901276,2209.9689569609222,147.0400242111191,0.0,18.0,18,15.0,1,,8.068090787716956,7.0,0.0,26.0,6043.0,5.5310894974841744,0.4141125982343218,0.8543277987345935
ID2455,2455,18,0.15912766754627228,959.7731150849389,163.92878482576575,0.0,18.0,18,15.0,1,,11.057409879839787,10.0,0.0,29.0,8282.0,6.2516876197665825,0.5004055617544972,1.1797761095262442
ID2456,2456,20,0.16648998856544495,199.35759890937072,388.14757037704254,0.0,18.0,18,15.0,1,,10.500667556742323,8.0,0.0,32.0,7865.0,7.171062025238315,0.5081025759024768,0.9866973025529199
ID2457,2457,21,0.27597835659980774,384.0472666722332,412.8855912747881,0.0,18.0,18,15.0,1,,24.5260347129506,25.0,12.0,39.0,18370.0,5.031019065593556,0.5304146721680909,3.3791524034883254
ID2458,2458,0,0.1787259727716446,2524.2609988167674,426.34721765488484,0.0,18.0,18,15.0,1,,10.799732977303071,9.0,0.0,32.0,8089.0,7.782123346418451,0.539449573982214,0.9725910975026325
ID2459,2459,2,0.17574100196361542,2956.135587719389,608.2746466686202,0.0,18.0,18,15.0,1,,11.220293724966622,10.0,0.0,33.0,8404.0,7.590686273020935,0.5262097307592123,1.0192901706772284
ID2460,2460,3,0.22982729971408844,2180.8545722655012,761.1393461610085,0.0,18.0,18,15.0,1,,13.23497997329773,11.0,0.0,39.0,9913.0,9.408200110068655,0.6015946767536154,1.0568129004169795
ID2461,2461,28,0.10948540270328522,1045.0560550893408,882.105763241403,0.0,18.0,18,15.0,1,,10.257676902536716,10.0,0.0,24.0,7683.0,5.0517731781090545,0.35492565568314305,1.0637929197193146
ID2462,2462,26,0.11159822344779968,2597.903552235741,1018.5017128132304,0.0,18.0,18,15.0,1,,8.766355140186915,8.0,0.0,20.0,6566.0,4.020022106906502,0.5112047823084465,1.4753402934135433
ID2463,2463,4,0.1310597062110901,1267.4837030635474,1196.0236014469388,0.0,18.0,18,15.0,1,,8.778371161548732,7.0,0.0,28.0,6575.0,6.166930265062234,0.44249448132425884,0.8733103273978905
ID2464,2464,5,0.20282262563705444,2378.010457713277,1231.8393112019148,0.0,18.0,18,15.0,1,,11.30173564753004,8.0,0.0,39.0,8465.0,9.511308196800096,0.5537061477223059,0.8469257692518558
ID2465,2465,6,0.1416296660900116,395.13461927610433,1343.7742703690017,0.0,18.0,18,15.0,1,,13.805073431241656,14.0,4.0,25.0,10340.0,3.417777665736622,0.45090382672376317,2.5105576827645604
ID2466,2466,7,0.10819024592638016,3021.1510451426425,1373.7330172052032,0.0,18.0,18,15.0,1,,8.380507343124165,8.0,0.0,23.0,6277.0,4.464739365654098,0.43808998356486445,1.1436192508475065
ID2467,2467,8,0.19735461473464966,693.2097957527346,1461.6800338523367,0.0,18.0,18,15.0,1,,12.114819759679573,10.0,0.0,35.0,9074.0,7.955266434150747,0.5636792897129308,1.097934970063319
ID2468,2468,9,0.16295111179351807,2315.090691100528,1614.206764421933,0.0,18.0,18,15.0,1,,11.13351134846462,10.0,0.0,31.0,8339.0,6.576844088312422,0.5001642176841656,1.1288036928094656
ID2469,2469,10,0.14078135788440704,2838.553966143341,1700.120376597057,0.0,18.0,18,15.0,1,,8.574098798397864,6.0,0.0,32.0,6422.0,7.407282288711858,0.4098437999563329,0.6729874325032452
ID2470,2470,11,0.21643251180648804,2547.384021777271,1731.4658912324567,0.0,18.0,18,15.0,1,,12.57543391188251,10.0,0.0,38.0,9419.0,9.202489489958984,0.5695679931078318,0.9917748407324531
ID2471,2471,13,0.1583339124917984,507.97160653884,1796.5731665215083,0.0,18.0,18,15.0,1,,10.790387182910548,10.0,0.0,33.0,8082.0,6.101644687952359,0.5343674173276753,1.2317730895089734
ID2472,2472,12,0.11216586828231812,2574.8337244423697,1805.7256399454761,0.0,18.0,18,15.0,1,,8.802403204272363,8.0,0.0,24.0,6593.0,4.371877139731803,0.4648872349104627,1.2779290177309408
ID2473,2473,15,0.14747034013271332,437.5088066547575,1840.2078527087751,0.0,18.0,18,15.0,1,,9.22429906542056,8.0,0.0,29.0,6909.0,6.813041692834514,0.4885290920925405,0.8887005076224729
ID2474,2474,14,0.20420368015766144,2315.961202464792,1849.0918826304094,0.0,18.0,18,15.0,1,,11.477970627503337,8.0,0.0,37.0,8597.0,9.257233514756424,0.5584704948708675,0.8886188765328561
ID2475,2475,17,0.21043027937412262,714.6846135774282,1937.1861644005348,0.0,18.0,18,15.0,1,,13.05607476635514,11.0,0.0,42.0,9779.0,8.5851853542364,0.5596807257331334,1.0914342892809294
ID2476,2476,23,0.12708094716072083,2807.3924010518394,1938.317505875319,0.0,18.0,18,15.0,1,,8.017356475300401,6.0,0.0,32.0,6005.0,6.929435621258974,0.39923488510434446,0.6602390148472799
ID2477,2477,27,0.12438759207725525,2841.5678711091227,1988.638506603804,0.0,18.0,18,15.0,1,,8.076101468624833,6.0,0.0,33.0,6049.0,6.548937765061816,0.4183063060105789,0.7274200660093063
ID2432,2432,20,0.16508826613426208,198.03216878412903,384.0009171205346,0.0,19.0,19,15.0,1,,10.484646194926569,9.0,0.0,33.0,7853.0,6.824487349381926,0.536302876270645,1.072622801629792
ID2433,2433,21,0.2831539809703827,384.02867972117645,413.0296231024511,0.0,19.0,19,15.0,1,,25.16021361815754,26.0,11.0,37.0,18845.0,5.069144150071032,0.5407684874101201,3.484044285625445
ID2434,2434,0,0.19478775560855865,2526.907940603161,427.9173908325719,0.0,19.0,19,15.0,1,,11.95460614152203,10.0,0.0,35.0,8954.0,8.059973776911901,0.5578740382902897,1.0622713058100242
ID2435,2435,2,0.21705369651317596,2953.7661287413325,610.4945356342911,0.0,19.0,19,15.0,1,,12.197596795727637,9.0,0.0,42.0,9136.0,10.092536798531981,0.5484224452535766,0.8561102367951432
ID2436,2436,3,0.2526293694972992,2173.3724158774003,760.6668625102805,0.0,19.0,19,15.0,1,,13.656875834445929,10.0,0.0,44.0,10229.0,10.975715603426034,0.6184127878184732,0.9509061833916407
ID2437,2437,26,0.10667926073074341,2592.763090258583,1024.5833525404569,0.0,19.0,19,15.0,1,,8.813084112149532,9.0,0.0,21.0,6601.0,4.030603479135255,0.4434886977395478,1.3435598087123408
ID2438,2438,4,0.13439960777759552,1265.412274068134,1200.3832677386595,0.0,19.0,19,15.0,1,,9.299065420560748,8.0,0.0,28.0,6965.0,5.937397265735969,0.4636369137386963,0.9922425406552638
ID2439,2439,5,0.20451344549655914,2386.68474019414,1228.2786360128277,0.0,19.0,19,15.0,1,,11.229639519359145,8.0,0.0,38.0,8411.0,9.769708040199342,0.5329991822270118,0.7992798143321715
ID2440,2440,6,0.13287952542304993,394.7970554103302,1344.8303027341487,0.0,19.0,19,15.0,1,,13.506008010680908,13.0,3.0,22.0,10116.0,3.1709794881667426,0.44860492885757164,2.638017354255414
ID2441,2441,7,0.12121220678091049,3018.624062415742,1373.9616861314714,0.0,19.0,19,15.0,1,,9.42056074766355,9.0,0.0,25.0,7056.0,4.629382352815993,0.4527592829097374,1.268403414648905
ID2442,2442,8,0.21301883459091187,688.9850708079879,1464.737192452813,0.0,19.0,19,15.0,1,,12.309746328437917,10.0,0.0,38.0,9220.0,8.861089222454092,0.593427074041648,1.0347302693098832
ID2443,2443,9,0.1812233328819275,2317.8977688997784,1616.2529120381832,0.0,19.0,19,15.0,1,,11.210947930574099,10.0,0.0,29.0,8397.0,7.270248345044462,0.5761770262817328,1.1273896140859434
ID2444,2444,10,0.1327132135629654,2840.3516634647676,1698.1261730276026,0.0,19.0,19,15.0,1,,8.762349799732977,7.0,0.0,30.0,6563.0,6.420607100623587,0.43334434091012985,0.8251959367093942
ID2445,2445,11,0.1928337961435318,2547.9172274147836,1738.4242780531224,0.0,19.0,19,15.0,1,,11.712950600801069,10.0,0.0,35.0,8773.0,7.875305305954472,0.5629348801966678,1.0713865339248476
ID2446,2446,13,0.140090212225914,508.14912436851415,1797.5409274748295,0.0,19.0,19,15.0,1,,10.244325767690254,10.0,0.0,25.0,7673.0,5.120250294751157,0.5184183536432561,1.3661900211734301
ID2447,2447,12,0.1131410151720047,2577.5713446302943,1815.1479576651172,0.0,19.0,19,15.0,1,,8.854472630173564,8.0,0.0,24.0,6632.0,4.40271208295671,0.45145339823277714,1.2510718143783028
ID2448,2448,15,0.12464097142219543,438.35618666169296,1840.4073627249518,0.0,19.0,19,15.0,1,,8.878504672897197,8.0,0.0,26.0,6650.0,5.464022328559492,0.454370348102499,1.015295188855981
ID2449,2449,14,0.22410644590854645,2316.5947005110984,1847.427680057328,0.0,19.0,19,15.0,1,,12.4913217623498,10.0,0.0,40.0,9356.0,10.01450776443745,0.5800931841362582,0.9158489387141193
ID2450,2450,23,0.10451002418994904,2805.251339644464,1927.3010881442237,0.0,19.0,19,15.0,1,,7.658210947930574,7.0,0.0,24.0,5736.0,5.346859491391385,0.3824583398471115,0.7924842356234861
ID2451,2451,17,0.16701380908489227,714.2739392777299,1931.9863753544082,0.0,19.0,19,15.0,1,,10.779706275033378,9.0,0.0,31.0,8074.0,7.338880010373404,0.4836768855648591,0.9576859995987504
ID2452,2452,27,0.1408243179321289,2839.2364757561077,1991.3876068161333,0.0,19.0,19,15.0,1,,8.393858477970628,6.0,0.0,33.0,6287.0,7.6312763901972005,0.4242521052058457,0.6552870586907923
ID2428,2428,24,0.16518419981002808,1143.5126855409517,76.23186599173886,0.0,19.0,19,15.0,1,,10.070761014686248,8.0,0.0,35.0,7543.0,7.608682212335965,0.5034212604563679,0.8864080783118938
ID2429,2429,19,0.12750503420829773,2211.775434326813,146.88660776821692,0.0,19.0,19,15.0,1,,8.598130841121495,7.0,0.0,28.0,6440.0,6.2593285871998185,0.4225205954485667,0.8160102516605422
ID2430,2430,18,0.16800729930400848,968.0216937316227,164.74862862399712,0.0,19.0,19,15.0,1,,11.17890520694259,10.0,0.0,32.0,8373.0,6.895517677482058,0.4971630415965318,1.0766936000529823
ID2431,2431,29,0.10188829153776169,2866.446950527014,241.03261307745763,0.0,19.0,19,15.0,1,,7.994659546061415,7.0,0.0,27.0,5988.0,5.072993747194052,0.381787138007375,0.8708548806484943
ID2496,2496,11,0.19423402845859528,2550.683911765879,1738.9029508292851,0.0,20.0,20,15.0,1,,11.612817089452603,9.0,0.0,35.0,8698.0,8.527692931417132,0.5227564983396427,0.9349857809176708
ID2497,2497,13,0.11877258121967316,507.90235283270533,1804.6645329919293,0.0,20.0,20,15.0,1,,9.005340453938585,9.0,0.0,23.0,6745.0,4.653786141639732,0.46950997056424665,1.236505328756245
ID2498,2498,12,0.11389271914958954,2583.4854716577693,1817.99955279222,0.0,20.0,20,15.0,1,,8.947930574098798,9.0,0.0,22.0,6702.0,4.449804612124299,0.4807519272024897,1.305720994027597
ID2499,2499,14,0.2038784623146057,2317.618473860113,1844.1100893810772,0.0,20.0,20,15.0,1,,12.15086782376502,10.0,0.0,37.0,9101.0,8.6577800269202,0.5472581726168639,0.9927964503122273
ID2500,2500,15,0.1351754069328308,438.5918696217495,1857.4700379862882,0.0,20.0,20,15.0,1,,9.113484646194927,8.0,0.0,28.0,6826.0,6.199809575852814,0.45015971630282475,0.912613529740886
ID2501,2501,17,0.18374168872833252,712.1446698229485,1930.1030548088072,0.0,20.0,20,15.0,1,,12.437917222963952,10.0,0.0,36.0,9316.0,7.596646736919208,0.4715305416073444,1.0492917884948827
ID2502,2502,27,0.1460348516702652,2843.382671327065,1988.0842001498993,0.0,20.0,20,15.0,1,,8.927903871829105,7.0,0.0,34.0,6687.0,7.8367455806322965,0.39829259154142954,0.6490048244746718
ID2478,2478,24,0.15976782143115997,1142.9688203440526,69.00870448562699,0.0,20.0,20,15.0,1,,10.357810413885181,9.0,0.0,29.0,7758.0,6.942093067790852,0.4964403909493922,0.9899544418838498
ID2479,2479,19,0.10564310103654861,2211.2786473802093,139.10033453586044,0.0,20.0,20,15.0,1,,7.30173564753004,6.0,0.0,25.0,5469.0,5.68817703188527,0.3608320531493374,0.6807436145673547
ID2480,2480,18,0.17402982711791992,969.2191333504151,158.24688556776488,0.0,20.0,20,15.0,1,,11.225634178905207,10.0,0.0,32.0,8408.0,7.124453992003727,0.5252976221152982,1.0852758434466703
ID2481,2481,29,0.1089082881808281,2871.6935416258834,242.13639226193874,0.0,20.0,20,15.0,1,,8.01068090787717,6.0,0.0,28.0,6000.0,5.8052063292401135,0.37203911101428305,0.7483484694819096
ID2482,2482,20,0.1855425387620926,194.6101969320812,381.2510161351753,0.0,20.0,20,15.0,1,,11.986648865153539,10.0,0.0,32.0,8978.0,7.842864062066757,0.49274909574129,1.0090021941405878
ID2483,2483,21,0.2730220556259155,383.91485132130913,413.2204247479625,0.0,20.0,20,15.0,1,,24.194926568758344,25.0,10.0,36.0,18122.0,5.02660578021933,0.540970193881697,3.379547667799081
ID2484,2484,0,0.17036230862140656,2524.8040244686317,422.2783063560508,0.0,20.0,20,15.0,1,,10.489986648865154,9.0,0.0,31.0,7857.0,7.379801065738487,0.5321489214289048,0.9873985444557718
ID2485,2485,2,0.2332489788532257,2954.4166965787017,613.5345895272638,0.0,20.0,20,15.0,1,,12.444592790387183,8.0,0.0,43.0,9321.0,10.861854375858409,0.5949445743499154,0.8547470739036599
ID2486,2486,,0.10133510828018188,1289.7299478416412,707.4109529562704,0.0,20.0,20,15.0,1,,9.930574098798397,10.0,0.0,23.0,7438.0,5.23363119885079,0.3485439135908678,0.980829786526198
ID2487,2487,3,0.2437678426504135,2174.874542544788,757.4322870774846,0.0,20.0,20,15.0,1,,13.281708945260347,10.0,0.0,43.0,9948.0,10.61614899742344,0.6024103222121955,0.9406663755594882
ID2488,2488,26,0.10572549700737,2598.628569802459,1031.1776662345794,0.0,20.0,20,15.0,1,,9.109479305740988,9.0,0.0,19.0,6823.0,3.7798761221194095,0.44757555733770926,1.490291080285143
ID2489,2489,4,0.14700622856616974,1274.0573992648308,1201.9456978722887,0.0,20.0,20,15.0,1,,9.405874499332443,8.0,0.0,27.0,7045.0,6.466141158906323,0.5053820150896603,0.9766907029518177
ID2490,2490,5,0.22363626956939697,2383.8770165814067,1227.9665553621776,0.0,20.0,20,15.0,1,,12.25233644859813,9.0,0.0,44.0,9177.0,9.993133231359376,0.5899388764917046,0.9098584235888638
ID2491,2491,6,0.13727061450481415,394.7625245584134,1342.9013119779897,0.0,20.0,20,15.0,1,,13.297730307076101,13.0,3.0,24.0,9960.0,3.5762522845996827,0.4669676208673332,2.3672580823546605
ID2492,2492,7,0.10663799941539764,3015.0467395128026,1370.183282315075,0.0,20.0,20,15.0,1,,8.777036048064085,9.0,0.0,21.0,6574.0,4.349344566152002,0.4116417006071812,1.176925431413008
ID2493,2493,8,0.21811802685260773,690.0370132465349,1461.804244026952,0.0,20.0,20,15.0,1,,13.016021361815755,10.0,0.0,37.0,9749.0,9.034678268870618,0.565484168156523,1.0408001048015119
ID2494,2494,9,0.1852583885192871,2317.464835216685,1612.7982747249034,0.0,20.0,20,15.0,1,,11.801068090787718,10.0,0.0,35.0,8839.0,7.278949131704044,0.5609245028856652,1.1652125166392928
ID2495,2495,10,0.12668652832508087,2844.654523834435,1688.6922465626847,0.0,20.0,20,15.0,1,,8.60347129506008,7.0,0.0,25.0,6444.0,6.244487512809789,0.40995142177908905,0.8011893272814572
ID2503,2503,24,0.17740729451179504,1135.3462679613133,65.9973089448912,0.0,21.0,21,15.0,1,,10.311081441922564,8.0,0.0,34.0,7723.0,8.292329264510604,0.5189053004034254,0.8496011345286667
ID2504,2504,19,0.13017438352108002,2203.1144720049992,144.1169433373762,0.0,21.0,21,15.0,1,,8.966622162883844,7.0,0.0,27.0,6716.0,6.082341139346792,0.4284487155422832,0.8843461369439454
ID2505,2505,18,0.17047660052776337,965.3574924825142,158.59951903163594,0.0,21.0,21,15.0,1,,10.867823765020027,9.0,0.0,31.0,8140.0,6.991200977892481,0.5384498416856249,1.0881348202721455
ID2506,2506,20,0.1519235223531723,188.9194433842276,376.2568074171003,0.0,21.0,21,15.0,1,,9.700934579439252,8.0,0.0,29.0,7266.0,6.642414489354618,0.4934929461954059,0.9651512397658496
ID2507,2507,21,0.28048276901245117,383.7907884959528,413.28673348452713,0.0,21.0,21,15.0,1,,25.225634178905207,25.0,11.0,38.0,18894.0,4.843385122363953,0.5316027088867873,3.6154648622723937
ID2508,2508,0,0.18248412013053894,2518.410463586253,412.96944363004496,0.0,21.0,21,15.0,1,,10.794392523364486,9.0,0.0,35.0,8085.0,8.275045959175582,0.5305933443585046,0.9043983580068893
ID2509,2509,2,0.2402520626783371,2954.8685037736277,613.0239693719795,0.0,21.0,21,15.0,1,,12.433911882510014,8.0,0.0,43.0,9313.0,11.237588437975267,0.6103445732297251,0.8387275945275542
ID2510,2510,3,0.25809741020202637,2172.879558271313,765.7135618410324,0.0,21.0,21,15.0,1,,13.910547396528704,10.0,0.0,46.0,10419.0,11.546175992403278,0.5941574960256122,0.8980621607523909
ID2511,2511,26,0.11101043224334717,2602.1335403323133,1036.912849377356,0.0,21.0,21,15.0,1,,8.955941255006676,8.0,0.0,20.0,6708.0,4.364040292628919,0.43691802232541177,1.2480168456878034
ID2512,2512,4,0.13368266820907593,1276.4396811185115,1210.5060928761895,0.0,21.0,21,15.0,1,,9.403204272363151,8.0,0.0,26.0,7043.0,5.99935739760124,0.4404995348121573,0.958591256355198
ID2513,2513,5,0.17391447722911835,2382.2642663809447,1237.7639329999627,0.0,21.0,21,15.0,1,,10.552736982643525,8.0,0.0,32.0,7904.0,7.931454918524059,0.5233599141042551,0.9141978206155706
ID2514,2514,6,0.12848952412605286,393.99969336445895,1342.98806570809,0.0,21.0,21,15.0,1,,12.993324432576769,13.0,3.0,21.0,9732.0,3.0745998005224715,0.48880626010127654,2.7749825504975583
ID2515,2515,8,0.21209125220775604,691.8233489528745,1464.2601198872326,0.0,21.0,21,15.0,1,,12.2630173564753,10.0,0.0,38.0,9185.0,9.004246293343792,0.5807654630087231,1.0007216968136006
ID2516,2516,9,0.15351036190986633,2320.244408653692,1624.1436427179124,0.0,21.0,21,15.0,1,,10.261682242990654,9.0,0.0,26.0,7686.0,6.1889489099624555,0.5166388580631085,1.1296308628888843
ID2517,2517,10,0.17374488711357117,2842.827012178705,1682.309471681075,0.0,21.0,21,15.0,1,,10.377837116154874,8.0,0.0,35.0,7773.0,8.332501285245662,0.48119000172929366,0.8092212512579383
ID2518,2518,11,0.19207970798015594,2549.613976227747,1743.4344837624983,0.0,21.0,21,15.0,1,,11.451268357810413,9.0,0.0,35.0,8577.0,8.301751578520689,0.5553606049663163,0.9850489883764076
ID2519,2519,13,0.14636321365833282,502.57664398072365,1791.8825608135357,0.0,21.0,21,15.0,1,,10.68090787716956,10.0,0.0,26.0,8000.0,5.527125257596386,0.5135099900473818,1.3113012137777393
ID2520,2520,12,0.1344829797744751,2592.234000541386,1816.8601339655766,0.0,21.0,21,15.0,1,,10.275033377837117,10.0,0.0,26.0,7696.0,4.736836971814375,0.4908503672708893,1.4283671802524827
ID2521,2521,14,0.20492252707481384,2322.937521095755,1843.550393705461,0.0,21.0,21,15.0,1,,11.785046728971963,9.0,0.0,44.0,8827.0,9.393107648053473,0.5452067094120756,0.8853736885533302
ID2522,2522,15,0.1493595540523529,434.31507178340075,1858.102288675298,0.0,21.0,21,15.0,1,,9.797062750333778,8.0,0.0,28.0,7338.0,6.688160336537506,0.4646061453199461,0.9293585681571801
ID2523,2523,23,0.13029514253139496,2805.9259580352473,1912.169017957271,0.0,21.0,21,15.0,1,,8.708945260347129,7.0,0.0,28.0,6523.0,6.334751583870709,0.4148505576052777,0.8062079484746505
ID2524,2524,17,0.15843451023101807,709.7722191493311,1929.134358778527,0.0,21.0,21,15.0,1,,10.850467289719626,9.0,0.0,31.0,8127.0,6.714902049971137,0.45848399776048304,1.0159241155442595
ID2525,2525,27,0.13731315732002258,2839.2809350568627,1987.0628930984503,0.0,21.0,21,15.0,1,,8.646194926568759,7.0,0.0,32.0,6476.0,7.103253157662758,0.4401253812344098,0.744001540266662
ID2526,2526,24,0.15679830312728882,1124.700081908177,70.65359352747048,0.0,22.0,22,15.0,1,,9.277703604806408,7.0,0.0,31.0,6949.0,7.4844078252671435,0.49028816660329505,0.8156319015668683
ID2527,2527,19,0.10511478781700134,2202.870566804851,145.8344629213703,0.0,22.0,22,15.0,1,,7.45260347129506,6.0,0.0,25.0,5582.0,5.533752464758237,0.381232107764088,0.7434317190475253
ID2528,2528,18,0.1774113029241562,966.4759996304465,156.96444608105375,0.0,22.0,22,15.0,1,,11.315086782376502,10.0,0.0,33.0,8475.0,7.400285396953441,0.5072079826973009,1.029087517484964
ID2529,2529,20,0.15674899518489838,181.48400288218988,375.2075535428114,0.0,22.0,22,15.0,1,,9.893190921228305,8.0,0.0,33.0,7410.0,7.301697047787692,0.47829961447864894,0.8767588196232174
ID2530,2530,0,0.1673852801322937,2515.074864071087,412.31483786905267,0.0,22.0,22,15.0,1,,10.45260347129506,9.0,0.0,30.0,7829.0,7.027597187059807,0.5327047930817828,1.0338932491542991
ID2531,2531,21,0.27426132559776306,383.7445910539765,413.05766448406376,0.0,22.0,22,15.0,1,,24.49933244325768,25.0,8.0,39.0,18350.0,5.218904558852746,0.5268807122457894,3.2397543615188975
ID2532,2532,2,0.2513686716556549,2949.5964076235773,609.9893132084131,0.0,22.0,22,15.0,1,,13.276368491321762,9.0,0.0,47.0,9944.0,11.496674229763846,0.608591606239763,0.8738104381403847
ID2533,2533,,0.10443047434091568,1292.3848817594865,698.3053774786102,0.0,22.0,22,15.0,1,,9.901201602136181,10.0,0.0,23.0,7416.0,5.033137373075973,0.37592071285565615,1.0749344017845912
ID2534,2534,3,0.24299868941307068,2172.105343145553,768.3707877333877,0.0,22.0,22,15.0,1,,13.405874499332443,10.0,0.0,44.0,10041.0,10.607018546673197,0.6036640160472392,0.9515107979438873
ID2535,2535,26,0.11565528064966202,2602.8134322450364,1037.709607622852,0.0,22.0,22,15.0,1,,9.0347129506008,9.0,0.0,23.0,6767.0,4.459427534434433,0.4511810402301279,1.259779360781811
ID2536,2536,4,0.15905490517616272,1276.280198316198,1209.3749732048761,0.0,22.0,22,15.0,1,,10.535380507343124,9.0,0.0,31.0,7891.0,6.6956678883686305,0.4960278161451255,1.0434044392178468
ID2537,2537,5,0.18212664127349854,2377.348819411499,1235.113162381445,0.0,22.0,22,15.0,1,,10.80373831775701,8.0,0.0,37.0,8092.0,8.126354229611254,0.533670095091526,0.9252289655747247
ID2538,2538,6,0.13488008081912994,394.05880897735085,1342.4503136541966,0.0,22.0,22,15.0,1,,13.571428571428571,13.0,1.0,25.0,10165.0,3.303989763532094,0.46963171310538815,2.625220390945998
ID2539,2539,8,0.19926561415195465,691.1304387863215,1462.8084524580968,0.0,22.0,22,15.0,1,,11.439252336448599,9.0,0.0,35.0,8568.0,8.662606805084913,0.5664670867685363,0.9550639237929038
ID2540,2540,9,0.16337530314922333,2319.849276057011,1631.5214284750425,0.0,22.0,22,15.0,1,,10.460614152202938,9.0,0.0,29.0,7835.0,6.53170876634966,0.5494414477969383,1.135812424553469
ID2541,2541,10,0.14234724640846252,2848.599933515485,1679.8461176050507,0.0,22.0,22,15.0,1,,9.392523364485982,8.0,0.0,29.0,7035.0,6.890724422194067,0.4505546846322883,0.8467609113732136
ID2542,2542,11,0.2099199742078781,2554.092696959453,1745.2733485666938,0.0,22.0,22,15.0,1,,11.81708945260347,9.0,0.0,41.0,8851.0,9.255287638501542,0.5880469702149649,0.9455821632968546
ID2543,2543,13,0.16117404401302338,500.2609021469411,1797.0560553181865,0.0,22.0,22,15.0,1,,10.826435246995995,10.0,0.0,29.0,8109.0,6.4453105058010545,0.5297390522319992,1.1633657404193993
ID2544,2544,12,0.11803262680768967,2597.397684727918,1822.4011114552193,0.0,22.0,22,15.0,1,,8.799732977303071,8.0,0.0,23.0,6591.0,4.694683525493433,0.46771112948480154,1.194621386188107
ID2545,2545,14,0.18458396196365356,2325.5286587442274,1836.944844075227,0.0,22.0,22,15.0,1,,11.088117489986649,9.0,0.0,35.0,8305.0,8.002020487303549,0.5510391499650102,0.9845728398148663
ID2546,2546,15,0.14430567622184753,436.4295519938862,1867.1181059897128,0.0,22.0,22,15.0,1,,9.20694259012016,8.0,0.0,30.0,6896.0,6.5953439153445945,0.47293547091760213,0.8964501641558132
ID2547,2547,23,0.10993697494268417,2818.605606853335,1909.3013074581595,0.0,22.0,22,15.0,1,,7.967957276368491,7.0,0.0,23.0,5968.0,5.286097062918927,0.4018274493223404,0.864145554271399
ID2548,2548,17,0.16473868489265442,716.5147581113359,1934.1649693557974,0.0,22.0,22,15.0,1,,10.862483311081442,9.0,0.0,31.0,8136.0,6.9684963143956065,0.4852617691718732,1.0185752472700573
ID2549,2549,27,0.1075872853398323,2834.9495238482073,1986.7714676515848,0.0,22.0,22,15.0,1,,6.810413885180241,5.0,0.0,27.0,5101.0,6.116852189715143,0.38123736575577033,0.6146142946845062
ID2560,2560,6,0.14473195374011993,394.3171103202626,1342.859559352087,0.0,23.0,23,15.0,1,,13.961281708945261,14.0,2.0,23.0,10457.0,3.558877799145469,0.4555814011756818,2.4556795766422583
ID2561,2561,8,0.20887087285518646,689.0357156004266,1466.4956859270385,0.0,23.0,23,15.0,1,,11.881174899866489,9.0,0.0,40.0,8899.0,9.088573698870297,0.5892333011500427,0.9693782655965597
ID2562,2562,9,0.17793864011764526,2325.908676181381,1637.3758957847556,0.0,23.0,23,15.0,1,,11.07743658210948,9.0,0.0,33.0,8297.0,7.195466921766989,0.5520367304192618,1.0951567063700187
ID2563,2563,11,0.19945108890533447,2549.91422453583,1748.3100532608148,0.0,23.0,23,15.0,1,,11.285714285714286,9.0,0.0,41.0,8453.0,9.126623886189753,0.5543809753785337,0.8820632734127734
ID2564,2564,13,0.17246074974536896,502.44830015946735,1797.3375640372778,0.0,23.0,23,15.0,1,,11.299065420560748,10.0,0.0,30.0,8463.0,7.023928672168005,0.5189725947601784,1.099225798373007
ID2565,2565,12,0.12499076873064041,2602.1164595699142,1821.6126448409898,0.0,23.0,23,15.0,1,,9.743658210947931,9.0,0.0,26.0,7298.0,4.444064475172994,0.49551833981405874,1.4529132205892228
ID2566,2566,14,0.20289909839630127,2331.2346934047614,1828.6233630181955,0.0,23.0,23,15.0,1,,11.845126835781041,9.0,0.0,41.0,8872.0,8.902024248029251,0.546945071973715,0.9409136274307989
ID2567,2567,15,0.1807960569858551,430.60786468172046,1869.8268025883624,0.0,23.0,23,15.0,1,,10.72630173564753,8.0,0.0,35.0,8034.0,8.255195403146312,0.5193128553717279,0.8882485530525976
ID2568,2568,23,0.15635782480239868,2824.8071043477144,1911.0729616265985,0.0,23.0,23,15.0,1,,9.49799732977303,7.0,0.0,34.0,7114.0,7.750560355453164,0.46416923658890696,0.7769874644775714
ID2569,2569,17,0.19545619189739227,715.8633013359939,1929.4599898911135,0.0,23.0,23,15.0,1,,12.154873164218959,10.0,0.0,38.0,9104.0,8.3750676198843,0.5136091095859328,0.9849429816811229
ID2570,2570,27,0.11711707711219788,2830.7778410518818,1986.0080289837153,0.0,23.0,23,15.0,1,,8.042723631508679,6.0,0.0,29.0,6024.0,6.149282907172895,0.3920224659620005,0.7366706699243492
ID2550,2550,24,0.1592976450920105,1117.1120775606773,72.8811106708464,0.0,23.0,23,15.0,1,,9.409879839786381,7.0,0.0,29.0,7048.0,7.7679554713446715,0.4820970465018271,0.7880706891519895
ID2551,2551,19,0.12220921367406845,2202.134694844713,141.40675910611913,0.0,23.0,23,15.0,1,,7.9839786381842455,6.0,0.0,29.0,5980.0,6.392028765803432,0.3954260445940234,0.7078953951679519
ID2552,2552,18,0.18125271797180176,965.9810111140619,158.85315076829698,0.0,23.0,23,15.0,1,,11.299065420560748,9.0,0.0,31.0,8463.0,7.3352683813885085,0.5605491668622389,1.1066053505742397
ID2553,2553,20,0.16836920380592346,183.9843513754769,378.2318969591563,0.0,23.0,23,15.0,1,,10.137516688918558,8.0,0.0,32.0,7593.0,7.756387378272176,0.5050703750999086,0.8771970755795123
ID2554,2554,0,0.18306401371955872,2507.970996835738,408.87544653221386,0.0,23.0,23,15.0,1,,10.600801068090787,8.0,0.0,35.0,7940.0,8.36912772173259,0.5374234506275883,0.885546960204718
ID2555,2555,21,0.2772289514541626,383.76052842793683,412.90797771828244,0.0,23.0,23,15.0,1,,25.001335113484647,25.0,11.0,39.0,18726.0,5.138327026591558,0.5176795901691885,3.319345086399434
ID2556,2556,2,0.2491079717874527,2945.729117430571,610.309691014217,0.0,23.0,23,15.0,1,,13.092122830440587,8.0,0.0,47.0,9806.0,11.816593264131555,0.5794977195494656,0.8129812095797877
ID2557,2557,3,0.24487783014774323,2173.0793646733623,770.3381988519227,0.0,23.0,23,15.0,1,,13.34045393858478,10.0,0.0,46.0,9992.0,10.694855093086275,0.6149782503150903,0.9499894392863911
ID2558,2558,4,0.14979188144207,1274.6084314550915,1207.5863760090692,0.0,23.0,23,15.0,1,,9.51935914552737,8.0,0.0,31.0,7130.0,6.678139900446308,0.5093437674282729,0.9620663518223895
ID2559,2559,5,0.21708261966705322,2378.337311268341,1234.9505127995026,0.0,23.0,23,15.0,1,,12.357810413885181,9.0,0.0,43.0,9256.0,9.977655973660095,0.5447621599421154,0.8735510880587837
ID2571,2571,24,0.1325235515832901,1117.7922282739084,71.12088210679471,0.0,24.0,24,15.0,1,,8.467289719626168,7.0,0.0,27.0,6342.0,6.413393467806429,0.4502148911138323,0.8197360330402925
ID2572,2572,19,0.10867476463317871,2200.085852397984,139.42968854638366,0.0,24.0,24,15.0,1,,8.074766355140186,7.0,0.0,26.0,6048.0,5.2501353540117535,0.39798113519774947,0.8756904951706445
ID2573,2573,18,0.17302347719669342,963.5499838341466,156.7821681738357,0.0,24.0,24,15.0,1,,10.690253671562083,9.0,0.0,31.0,8007.0,7.361750661121806,0.530580260081518,1.0067737484056969
ID2574,2574,20,0.14892594516277313,186.9898121859917,378.2803471867151,0.0,24.0,24,15.0,1,,9.530040053404539,8.0,0.0,28.0,7138.0,6.684703395841305,0.49033426608136205,0.9381043216090812
ID2575,2575,0,0.1836656630039215,2503.24906410241,403.38406853390137,0.0,24.0,24,15.0,1,,10.69425901201602,8.0,0.0,37.0,8010.0,8.302034519165915,0.5313125921958237,0.8938865740321904
ID2576,2576,21,0.2827732563018799,383.9799573890476,412.60537519720737,0.0,24.0,24,15.0,1,,24.720961281708945,24.0,13.0,38.0,18516.0,5.183102031436863,0.5359813217142048,3.3286590460470444
ID2577,2577,2,0.24671867489814758,2942.3001995672557,608.2389286181142,0.0,24.0,24,15.0,1,,13.28437917222964,9.0,0.0,47.0,9950.0,11.532587358071234,0.5621733392247275,0.8290591744233605
ID2578,2578,3,0.2495371699333191,2172.77108580653,768.614214461702,0.0,24.0,24,15.0,1,,14.473965287049399,11.0,0.0,41.0,10841.0,10.022217453135685,0.6079859531300633,1.0921065098211906
ID2579,2579,26,0.11198383569717407,2606.3271606243757,1041.6022814724022,0.0,24.0,24,15.0,1,,8.692923898531376,8.0,0.0,22.0,6511.0,4.31688831546034,0.4742041798827147,1.295486226282059
ID2580,2580,4,0.13023577630519867,1278.0869223570605,1202.887515282585,0.0,24.0,24,15.0,1,,8.663551401869158,7.0,0.0,30.0,6489.0,6.200657088829377,0.44766431564959613,0.8641175894192479
ID2581,2581,5,0.21024665236473083,2378.8647926267877,1233.3348714977556,0.0,24.0,24,15.0,1,,12.63150867823765,10.0,0.0,38.0,9461.0,8.872258663405027,0.5602195365358954,1.0224064104665973
ID2582,2582,6,0.13224758207798004,393.66396036700877,1341.1291233714608,0.0,24.0,24,15.0,1,,13.261682242990654,13.0,0.0,24.0,9933.0,3.5371803403075193,0.44650060653126206,2.314594111911585
ID2583,2583,,0.1056043729186058,3026.1285741438655,1398.8629013941515,0.0,24.0,24,15.0,1,,8.757009345794392,8.0,0.0,22.0,6559.0,4.038546838003326,0.43192503753645534,1.308123602031908
ID2584,2584,8,0.20871518552303314,695.7507863300665,1465.8423479465116,0.0,24.0,24,15.0,1,,12.177570093457945,9.0,0.0,37.0,9121.0,9.313277794929213,0.5289438468090645,0.9047031665078561
ID2585,2585,9,0.17660318315029144,2329.7394235067068,1632.872864466121,0.0,24.0,24,15.0,1,,11.36849132176235,10.0,0.0,32.0,8515.0,6.971705266656424,0.5449811535062034,1.1504085724821542
ID2586,2586,30,0.1137022078037262,2832.3837303306836,1660.2770204854396,0.0,24.0,24,15.0,1,,7.842456608811749,7.0,0.0,24.0,5874.0,5.322162556504705,0.4371008169126576,0.8963721750969315
ID2587,2587,11,0.20772814750671387,2551.4009793566506,1746.251279793414,0.0,24.0,24,15.0,1,,12.283044058744993,10.0,0.0,38.0,9200.0,9.159460398161523,0.5427569485898732,0.9435697232803342
ID2588,2588,13,0.1905016154050827,497.63498450390256,1799.128639792004,0.0,24.0,24,15.0,1,,11.739652870493993,9.0,0.0,35.0,8793.0,8.02154787809831,0.5396157614229894,1.0258865807568258
ID2589,2589,14,0.24130409955978394,2340.4727385448814,1822.9412340355323,0.0,24.0,24,15.0,1,,13.580774365821094,10.0,0.0,45.0,10172.0,10.571779300636871,0.5819313836626127,0.9451278893164429
ID2590,2590,12,0.12557540833950043,2602.981324120187,1822.744075676976,0.0,24.0,24,15.0,1,,9.584779706275034,10.0,0.0,24.0,7179.0,4.474208096013478,0.5076595784895473,1.4426641693367475
ID2591,2591,15,0.17410944402217865,432.0417260411006,1871.6437068801974,0.0,24.0,24,15.0,1,,10.304405874499333,8.0,0.0,35.0,7718.0,8.11684353745446,0.5086629994393026,0.8560589780407882
ID2592,2592,23,0.1309521198272705,2823.0188432943587,1910.1349821644822,0.0,24.0,24,15.0,1,,8.562082777036048,7.0,0.0,31.0,6413.0,6.81167242442983,0.3918700213635268,0.707781200522207
ID2593,2593,17,0.20006288588047028,710.2211286102464,1921.9496634794314,0.0,24.0,24,15.0,1,,14.347129506008011,14.0,0.0,34.0,10746.0,6.842551898368673,0.5283343756057632,1.4496641575558404
ID2594,2594,27,0.10344737768173218,2827.510826375648,1983.899893519235,0.0,24.0,24,15.0,1,,7.246995994659546,6.0,0.0,29.0,5428.0,6.087739249708696,0.3299241794205993,0.5906350799219864
ID2595,2595,24,0.1653231680393219,1117.2825796930476,70.37326408193888,0.0,25.0,25,15.0,1,,10.312416555407209,8.0,0.0,38.0,7724.0,7.841928863285961,0.4634940576128058,0.8329534893556291
ID2596,2596,18,0.16669072210788727,968.7941592377282,155.61089270955807,0.0,25.0,25,15.0,1,,11.332443257676903,10.0,0.0,29.0,8488.0,6.504648854707395,0.5238586422319613,1.197840858254647
ID2597,2597,20,0.16677409410476685,196.200123512673,381.2437110650122,0.0,25.0,25,15.0,1,,10.265687583444592,8.0,0.0,33.0,7689.0,7.510075956352232,0.5111492347192875,0.9247281296351489
ID2598,2598,0,0.19512836635112762,2502.9304849036043,393.97805085978706,0.0,25.0,25,15.0,1,,11.567423230974633,9.0,0.0,38.0,8664.0,8.443888807353925,0.5504828135868329,0.9727492929779871
ID2599,2599,21,0.2720387876033783,384.36290136512827,412.919459506898,0.0,25.0,25,15.0,1,,24.307076101468624,24.0,10.0,37.0,18206.0,5.126914993295576,0.5213409900745654,3.2493904912655354
ID2600,2600,2,0.21120616793632507,2944.1964997072064,601.5607035534636,0.0,25.0,25,15.0,1,,12.004005340453938,9.0,0.0,38.0,8991.0,9.327163193630373,0.5672507799331176,0.9316294467585403
ID2601,2601,3,0.18972887098789215,2167.5532798800514,764.4695450466622,0.0,25.0,25,15.0,1,,11.811748998664887,10.0,0.0,33.0,8847.0,7.61212589931142,0.5604375517115315,1.114600097741375
ID2602,2602,26,0.131399005651474,2604.220109185527,1040.1661613895208,0.0,25.0,25,15.0,1,,9.937249666221629,9.0,0.0,24.0,7443.0,4.793607978578275,0.4854920804781705,1.3550193327093703
ID2603,2603,4,0.16735021770000458,1285.5585183388039,1208.4478210157495,0.0,25.0,25,15.0,1,,10.116154873164218,8.0,0.0,34.0,7577.0,7.603202122884589,0.5259961705912742,0.9172296136783037
ID2604,2604,5,0.1764555722475052,2371.818105803938,1228.2212228686526,0.0,25.0,25,15.0,1,,10.242990654205608,8.0,0.0,31.0,7672.0,8.077976902054477,0.5349705206339647,0.8838610115619318
ID2605,2605,6,0.1323353350162506,393.18946379178755,1344.2151565167608,0.0,25.0,25,15.0,1,,13.23497997329773,13.0,4.0,21.0,9913.0,3.009930872387321,0.4779446982107148,2.843912480457864
ID2606,2606,8,0.21942999958992004,694.8460160765648,1464.4013949431728,0.0,25.0,25,15.0,1,,12.492656875834445,10.0,0.0,42.0,9357.0,9.35994492511,0.5897254377036856,0.9902372333280166
ID2607,2607,9,0.19076192378997803,2335.8633988914844,1631.4243228429382,0.0,25.0,25,15.0,1,,12.476635514018692,11.0,0.0,32.0,9345.0,6.883954171022424,0.569002452067162,1.3145588366695835
ID2608,2608,30,0.13200926780700684,2827.333071098531,1657.8915385170114,0.0,25.0,25,15.0,1,,8.381842456608812,6.0,0.0,29.0,6278.0,6.934259004227769,0.41129769781782044,0.7045423047028577
ID2609,2609,11,0.18392497301101685,2555.4732140462934,1754.8341329182272,0.0,25.0,25,15.0,1,,10.518024032042725,8.0,0.0,32.0,7878.0,8.289466181019531,0.5671616182664444,0.9183973811817144
ID2610,2610,13,0.1628430187702179,503.52491626888326,1797.4159843221116,0.0,25.0,25,15.0,1,,10.861148197596796,10.0,0.0,30.0,8135.0,6.911932584224474,0.4822205381337612,1.0224430291226312
ID2611,2611,14,0.2138437181711197,2339.886543128519,1819.297658053043,0.0,25.0,25,15.0,1,,12.269692923898532,10.0,0.0,39.0,9190.0,9.175758724356834,0.5855890051817109,0.9876975860342931
ID2612,2612,15,0.16962680220603943,438.21522859487135,1875.2898818712663,0.0,25.0,25,15.0,1,,10.05607476635514,8.0,0.0,33.0,7532.0,7.865143849955878,0.5027231779116451,0.8554640095572583
ID2613,2613,23,0.11554908007383347,2819.942336055381,1911.0595083636715,0.0,25.0,25,15.0,1,,8.0347129506008,6.0,0.0,26.0,6018.0,6.108543314203733,0.3779859367290715,0.7215950746446006
ID2614,2614,17,0.22102993726730347,709.119362070237,1919.1784291064969,0.0,25.0,25,15.0,1,,14.13351134846462,12.0,0.0,38.0,10586.0,8.612471437295257,0.5585934485830867,1.1762923278755062
ID2624,2624,26,0.11391667276620865,2598.9363457972504,1042.8737630928808,0.0,26.0,26,15.0,1,,9.221628838451268,9.0,0.0,21.0,6907.0,3.8989937020714622,0.47768609298655346,1.529133884145099
ID2625,2625,4,0.1636468470096588,1282.409637052648,1207.3417348746536,0.0,26.0,26,15.0,1,,10.515353805073431,8.0,0.0,36.0,7876.0,7.318670124736329,0.481330762884659,0.9337127520146896
ID2626,2626,5,0.2104623019695282,2369.8091296255707,1228.9534665837912,0.0,26.0,26,15.0,1,,11.885180240320427,9.0,0.0,42.0,8902.0,9.68143141822041,0.5377476195000381,0.8585975160603996
ID2627,2627,6,0.12764079868793488,394.3806893931574,1344.1765932760738,0.0,26.0,26,15.0,1,,12.94392523364486,13.0,3.0,23.0,9695.0,3.1067558048173263,0.45799868028869056,2.6175559209439823
ID2628,2628,8,0.21179305016994476,696.9838226942178,1465.4448897916366,0.0,26.0,26,15.0,1,,11.970627503337784,9.0,0.0,40.0,8966.0,9.510995171440669,0.5567230794503549,0.9002203224128544
ID2629,2629,9,0.19125156104564667,2337.714929705815,1628.744431284464,0.0,26.0,26,15.0,1,,11.846461949265688,10.0,0.0,33.0,8873.0,7.364946526063324,0.5885678711444132,1.1919000497856966
ID2630,2630,30,0.1227664053440094,2821.940438583149,1661.7847244978907,0.0,26.0,26,15.0,1,,8.025367156208278,6.0,0.0,29.0,6011.0,6.753541161046303,0.3870097862737718,0.6631408423512517
ID2631,2631,11,0.1871252804994583,2562.199048599067,1746.4763999703243,0.0,26.0,26,15.0,1,,11.046728971962617,9.0,0.0,32.0,8274.0,8.193463261765462,0.5518633519985822,0.958902080958341
ID2632,2632,13,0.18024910986423492,503.8406308868974,1798.5085224221602,0.0,26.0,26,15.0,1,,11.110814419225635,10.0,0.0,32.0,8322.0,7.61909036382941,0.5458137419569078,1.0298170240806264
ID2633,2633,14,0.23587149381637573,2347.207282080775,1824.578900614057,0.0,26.0,26,15.0,1,,13.5086782376502,10.0,0.0,41.0,10118.0,10.089783681919808,0.5864527330685088,0.9898442737858828
ID2634,2634,31,0.12795588374137878,2623.314257331315,1826.507904966093,0.0,26.0,26,15.0,1,,9.895861148197596,9.0,0.0,24.0,7412.0,4.581682485485729,0.48612395643045897,1.413027416650647
ID2635,2635,15,0.17798857390880585,438.4678078874652,1881.7076790713286,0.0,26.0,26,15.0,1,,11.124165554072096,9.0,0.0,38.0,8332.0,7.8110586459465345,0.5077497716421734,0.959197429165634
ID2636,2636,17,0.2226378321647644,712.9676308280323,1922.0157643225339,0.0,26.0,26,15.0,1,,14.991989319092124,14.0,0.0,35.0,11229.0,7.895537216409955,0.5557953547003125,1.356656865776644
ID2615,2615,24,0.16401976346969604,1120.788461824408,72.99606437255613,0.0,26.0,26,15.0,1,,9.628838451268358,7.0,0.0,35.0,7212.0,8.234434115335606,0.45453505372274944,0.730824884390249
ID2616,2616,,0.10338336229324341,2194.817408252856,126.35057679375767,0.0,26.0,26,15.0,1,,7.834445927903872,7.0,0.0,23.0,5868.0,5.119360245670022,0.3798680736840316,0.8425929471642847
ID2617,2617,18,0.14066049456596375,974.6469908360341,155.24577902566085,0.0,26.0,26,15.0,1,,9.719626168224298,9.0,0.0,25.0,7280.0,5.702415462420471,0.49605014645010126,1.1303166704723915
ID2618,2618,,0.10519719868898392,2881.593735690305,230.30748272855752,0.0,26.0,26,15.0,1,,8.057409879839787,7.0,0.0,22.0,6035.0,5.19313246828067,0.39268475992525215,0.8749581382636605
ID2619,2619,20,0.145600825548172,198.14558348479056,388.24962574043155,0.0,26.0,26,15.0,1,,9.850467289719626,8.0,0.0,31.0,7378.0,6.264368759725032,0.464851122217593,0.9979985479586742
ID2620,2620,0,0.18496064841747284,2503.2919243829565,399.63105209193805,0.0,26.0,26,15.0,1,,10.63150867823765,8.0,0.0,41.0,7963.0,8.510633204038415,0.5442918825020833,0.8805732512839118
ID2621,2621,21,0.2730676829814911,384.25170925404336,413.28244006177147,0.0,26.0,26,15.0,1,,25.11882510013351,25.0,12.0,40.0,18814.0,4.701294702504514,0.5141272124317282,3.628441021914981
ID2622,2622,2,0.22660072147846222,2942.9829537646015,598.4884661940399,0.0,26.0,26,15.0,1,,12.660881174899867,10.0,0.0,45.0,9483.0,10.095259107211861,0.5729162201924382,0.9136124000605144
ID2623,2623,3,0.2271319478750229,2159.7886733693636,767.8356875368855,0.0,26.0,26,15.0,1,,12.914552736982644,11.0,0.0,45.0,9673.0,9.706972201726419,0.5915305440353167,0.9889806092913087
ID2656,2656,15,0.1607763022184372,444.3522178776207,1886.9487690975789,0.0,27.0,27,15.0,1,,10.070761014686248,8.0,0.0,31.0,7543.0,7.174975979223578,0.5017907442391882,0.9379615964241056
ID2657,2657,17,0.17399631440639496,711.8851873779348,1925.2470582246212,0.0,27.0,27,15.0,1,,13.599465954606142,13.0,0.0,33.0,10186.0,6.500909005380122,0.45754141189811864,1.3133705319019864
ID2658,2658,32,0.12170454859733582,2822.849888549142,1963.9302366877841,0.0,27.0,27,15.0,1,,8.35113484646195,7.0,0.0,27.0,6255.0,6.1325217413607955,0.43046221309999233,0.8195869592378582
ID2637,2637,24,0.1532258689403534,1122.459722897739,73.51957513802446,0.0,27.0,27,15.0,1,,9.548731642189587,8.0,0.0,33.0,7152.0,7.619061314509256,0.44572162636699875,0.7727753207692528
ID2638,2638,18,0.1563013195991516,976.3738276028283,161.22371345095488,0.0,27.0,27,15.0,1,,10.126835781041388,9.0,0.0,29.0,7585.0,6.4614188811970905,0.5251760528622894,1.0793462916649725
ID2639,2639,20,0.11411294341087341,206.60564140201373,396.5094705333769,0.0,27.0,27,15.0,1,,8.647530040053404,8.0,0.0,24.0,6477.0,5.023600442363077,0.44395881473653936,1.058509748349346
ID2640,2640,0,0.19430068135261536,2497.6228907894947,403.37198178816095,0.0,27.0,27,15.0,1,,10.990654205607477,7.0,0.0,38.0,8232.0,9.268927345903368,0.5265067705106646,0.8179547658087348
ID2641,2641,21,0.2864857017993927,383.9791677464837,413.03896955365406,0.0,27.0,27,15.0,1,,26.16421895861148,26.0,11.0,42.0,19597.0,4.80902686578514,0.5189420316176444,3.7175619561295674
ID2642,2642,2,0.25723886489868164,2938.5571054466877,599.5671676013857,0.0,27.0,27,15.0,1,,13.546061415220294,9.0,0.0,48.0,10146.0,11.982923504867083,0.587908301518185,0.8370750982171951
ID2643,2643,3,0.24595907330513,2161.1390378304936,760.9969223309329,0.0,27.0,27,15.0,1,,14.053404539385848,10.0,0.0,43.0,10526.0,10.348852517083893,0.5876907006124353,1.005315233516537
ID2644,2644,26,0.11728686094284058,2602.702180503482,1034.5785375969667,0.0,27.0,27,15.0,1,,9.154873164218959,9.0,0.0,22.0,6857.0,4.443350303060673,0.4734208663094282,1.3240133190373051
ID2645,2645,4,0.17268015444278717,1278.0867179943368,1214.242022164073,0.0,27.0,27,15.0,1,,10.688918558077436,8.0,0.0,35.0,8006.0,8.01023059279665,0.47601686292196893,0.8606959592064521
ID2646,2646,5,0.21325580775737762,2374.05819401193,1232.4896483113741,0.0,27.0,27,15.0,1,,11.90921228304406,9.0,0.0,40.0,8920.0,9.760215163976746,0.5588777827584971,0.8749000036967222
ID2647,2647,6,0.12188337743282318,394.61130047408636,1345.0830445552585,0.0,27.0,27,15.0,1,,12.708945260347129,13.0,2.0,21.0,9519.0,2.9746140869448747,0.4390072115962743,2.6068591014325344
ID2648,2648,33,0.10183943063020706,3033.532785622395,1411.0181671172197,0.0,27.0,27,15.0,1,,8.02136181575434,8.0,0.0,20.0,6008.0,4.166914857109627,0.4463567651204965,1.1881469720583593
ID2649,2649,8,0.22505885362625122,695.572355130729,1466.717161861528,0.0,27.0,27,15.0,1,,12.98931909212283,10.0,0.0,41.0,9729.0,9.464111394223373,0.5896808517275278,1.0182246824860348
ID2650,2650,9,0.16088074445724487,2345.2885178527667,1628.9085575450954,0.0,27.0,27,15.0,1,,10.854472630173564,10.0,0.0,28.0,8130.0,6.283321603252932,0.506859788364803,1.162156000278646
ID2651,2651,30,0.10431443899869919,2820.9808040966363,1659.9104861212854,0.0,27.0,27,15.0,1,,7.152202937249666,5.0,0.0,29.0,5357.0,6.023200339777277,0.3529621949732014,0.619562388976275
ID2652,2652,11,0.18342749774456024,2558.693282702718,1739.5592428869763,0.0,27.0,27,15.0,1,,10.855807743658211,9.0,0.0,35.0,8131.0,8.696488568240264,0.49896090774944823,0.8310447743719931
ID2653,2653,13,0.19995389878749847,503.8017090135883,1794.7313595416717,0.0,27.0,27,15.0,1,,12.347129506008011,10.0,0.0,35.0,9248.0,8.47375204387766,0.5310952358680673,1.010858687543636
ID2654,2654,14,0.16436894237995148,2340.8953235483723,1821.7587252703775,0.0,27.0,27,15.0,1,,10.87716955941255,10.0,0.0,29.0,8147.0,6.666090621226882,0.5245888155026714,1.12289973282972
ID2655,2655,31,0.12599606812000275,2624.5312937247454,1821.9969772551444,0.0,27.0,27,15.0,1,,9.823765020026702,9.0,0.0,22.0,7358.0,4.50025801141551,0.4768398277087104,1.4096447367983986
ID2659,2659,24,0.14719729125499725,1124.747287281053,70.36531128580225,0.0,28.0,28,15.0,1,,9.261682242990654,7.0,0.0,32.0,6937.0,7.00484078994508,0.4542800939992436,0.8260327209494613
ID2660,2660,34,0.12110134214162827,2206.880430432218,129.71569043604282,0.0,28.0,28,15.0,1,,8.181575433911883,6.0,0.0,30.0,6128.0,6.678373763448366,0.3672488447459202,0.6581260578142285
ID2661,2661,18,0.17888574302196503,979.060670283703,164.80078308724737,0.0,28.0,28,15.0,1,,11.777036048064085,10.0,0.0,31.0,8821.0,6.987169775425807,0.5305025558324827,1.1684715038771574
ID2662,2662,0,0.19695132970809937,2491.947261815007,404.39152622073067,0.0,28.0,28,15.0,1,,11.060080106809078,8.0,0.0,38.0,8284.0,9.409312175103322,0.5380556703776763,0.822404632876996
ID2663,2663,20,0.13153505325317383,207.6145865885001,409.1326431812565,0.0,28.0,28,15.0,1,,8.762349799732977,8.0,0.0,29.0,6563.0,6.1232547731181235,0.4365487569290474,0.8697223642064615
ID2664,2664,21,0.27351754903793335,383.71925958546944,413.0663145777349,0.0,28.0,28,15.0,1,,24.085447263017357,24.0,11.0,38.0,18040.0,5.183856493829558,0.5294558011436158,3.2168034132245857
ID2665,2665,2,0.23997347056865692,2934.5548583050204,593.5538243222846,0.0,28.0,28,15.0,1,,13.544726301735647,10.0,0.0,46.0,10145.0,10.283660763644777,0.6009283505122842,0.988788224259558
ID2666,2666,3,0.23327602446079254,2164.9804980056465,754.7747116413308,0.0,28.0,28,15.0,1,,13.357810413885181,10.0,0.0,42.0,10005.0,9.662770138531977,0.6033519532725359,1.0404123057062677
ID2667,2667,26,0.10644888877868652,2608.344770486362,1031.0030384712243,0.0,28.0,28,15.0,1,,8.663551401869158,8.0,0.0,21.0,6489.0,4.204850610200751,0.43778127380483634,1.2546995406550254
ID2668,2668,4,0.14523175358772278,1272.5146243075653,1218.5637920032316,0.0,28.0,28,15.0,1,,9.4913217623498,7.0,0.0,37.0,7109.0,6.985966987320699,0.4459507291535547,0.838037681992679
ID2669,2669,5,0.23011080920696259,2375.012694099087,1236.8744985792055,0.0,28.0,28,15.0,1,,12.511348464619493,9.0,0.0,49.0,9371.0,10.911478620818594,0.547869672680095,0.8116959504622655
ID2670,2670,6,0.13046571612358093,395.8262341270934,1344.3978966771767,0.0,28.0,28,15.0,1,,12.679572763684913,13.0,3.0,22.0,9497.0,3.6700656173162556,0.44642434105635626,2.1326173172568614
ID2671,2671,33,0.11311403661966324,3038.84393824624,1419.2501909091864,0.0,28.0,28,15.0,1,,8.973297730307076,9.0,0.0,24.0,6721.0,4.393643006639749,0.4508025299118497,1.269215441505289
ID2672,2672,8,0.1994653195142746,699.3828188940347,1467.2923237987877,0.0,28.0,28,15.0,1,,11.45260347129506,8.0,0.0,34.0,8578.0,8.714236877811404,0.5597820936906543,0.9433219293078114
ID2673,2673,9,0.14396998286247253,2361.8817774457666,1628.3289603842936,0.0,28.0,28,15.0,1,,9.534045393858477,8.0,0.0,25.0,7141.0,5.8077927828592255,0.5291227254284859,1.1360832849310214
ID2674,2674,30,0.10871302336454391,2817.6725496259305,1662.9985195336185,0.0,28.0,28,15.0,1,,7.327102803738318,6.0,0.0,24.0,5488.0,6.106328335376117,0.36881773209408564,0.646618757335254
ID2675,2675,11,0.16516068577766418,2561.5595286591565,1740.25958302337,0.0,28.0,28,15.0,1,,10.244325767690254,8.0,0.0,35.0,7673.0,7.565603310723538,0.49634034576111513,0.898295042759582
ID2676,2676,13,0.17541033029556274,507.0540474237979,1793.2458990470682,0.0,28.0,28,15.0,1,,11.170894526034713,10.0,0.0,36.0,8367.0,7.2578673430889,0.5304039901879017,1.066865359654259
ID2677,2677,31,0.1230488270521164,2619.7025402682857,1813.9014688651225,0.0,28.0,28,15.0,1,,9.562082777036048,9.0,0.0,23.0,7162.0,4.426518765747321,0.49526579985650326,1.43100161538327
ID2678,2678,14,0.23516428470611572,2333.108119730425,1823.7629582182212,0.0,28.0,28,15.0,1,,13.200267022696929,10.0,0.0,43.0,9887.0,9.917302437111532,0.6168427449948186,1.0156073456854926
ID2679,2679,15,0.17874550819396973,445.7907418356359,1893.1857967714159,0.0,28.0,28,15.0,1,,10.813084112149532,8.0,0.0,37.0,8099.0,8.048468796455301,0.5078244978533908,0.9049595447039426
ID2680,2680,17,0.18558938801288605,710.0302005892453,1930.3350053861393,0.0,28.0,28,15.0,1,,11.468624833110814,10.0,0.0,34.0,8590.0,8.069593079249854,0.50903072803546,0.9588167731335506
ID2681,2681,32,0.11406201124191284,2816.1027512084206,1954.7578116662419,0.0,28.0,28,15.0,1,,7.878504672897196,6.0,0.0,27.0,5901.0,6.008677317729828,0.38707676152802817,0.7317984980752583
ID2688,2688,2,0.2571180760860443,2935.733737320546,593.4966257731129,0.0,29.0,29,15.0,1,,13.835781041388518,10.0,0.0,47.0,10363.0,11.61450786179851,0.607209708734921,0.9001171232929032
ID2689,2689,,0.10120716691017151,1294.7470291223367,695.449445147361,0.0,29.0,29,15.0,1,,9.586114819759679,10.0,0.0,22.0,7180.0,5.026892331869716,0.35866158587786706,1.006807881615645
ID2690,2690,3,0.23622770607471466,2171.460133751148,756.7211058494306,0.0,29.0,29,15.0,1,,13.042723631508679,10.0,0.0,41.0,9769.0,10.531505626154896,0.5770699005755017,0.9063278032227886
ID2691,2691,26,0.11844799667596817,2612.5587497269416,1026.8347925319435,0.0,29.0,29,15.0,1,,9.34045393858478,9.0,0.0,21.0,6996.0,4.376068890916735,0.4586172372654945,1.3422173880667907
ID2692,2692,4,0.15149028599262238,1270.547004008328,1224.0504810807217,0.0,29.0,29,15.0,1,,9.845126835781041,8.0,0.0,32.0,7374.0,7.099750947743687,0.46058906590247767,0.8745683884651264
ID2693,2693,5,0.21405519545078278,2373.293061618579,1237.2568554332686,0.0,29.0,29,15.0,1,,12.036048064085447,9.0,0.0,39.0,9015.0,9.618944841787192,0.5722043342438399,0.9108117582736498
ID2694,2694,6,0.1320449858903885,393.4647032528541,1342.4693035142336,0.0,29.0,29,15.0,1,,13.296395193591454,13.0,3.0,23.0,9959.0,3.210152733264565,0.46391845705995977,2.6252035291574423
ID2695,2695,8,0.2103087604045868,701.311002276923,1467.3407705983755,0.0,29.0,29,15.0,1,,12.212283044058745,9.0,0.0,38.0,9147.0,8.828675856226937,0.5786940553618477,1.014103618795006
ID2696,2696,9,0.16144157946109772,2363.469166884947,1624.5034055872743,0.0,29.0,29,15.0,1,,10.60347129506008,9.0,0.0,29.0,7942.0,6.32489679637567,0.5398981092349027,1.1755590195778176
ID2697,2697,30,0.11565479636192322,2819.5148925994836,1664.2625322581503,0.0,29.0,29,15.0,1,,7.787716955941255,6.0,0.0,27.0,5833.0,6.2414912129626625,0.3740470684413587,0.6793231839224807
ID2698,2698,11,0.15992885828018188,2554.547712904604,1740.5925764800454,0.0,29.0,29,15.0,1,,10.38584779706275,9.0,0.0,30.0,7779.0,7.4330784377917505,0.46915056797403193,0.8923786530505216
ID2699,2699,13,0.17997518181800842,510.21181098173764,1801.8877587284849,0.0,29.0,29,15.0,1,,11.787716955941255,10.0,0.0,35.0,8829.0,7.16341408349005,0.5339521300764365,1.145592482010958
ID2700,2700,,0.10442648082971573,1957.7569034504515,1823.3692505983831,0.0,29.0,29,15.0,1,,7.352469959946595,6.0,0.0,27.0,5507.0,5.633995828725269,0.3736262490345818,0.7099300050643261
ID2701,2701,31,0.11427851766347885,2621.7620570782155,1823.8286950974457,0.0,29.0,29,15.0,1,,9.114819759679573,9.0,0.0,21.0,6827.0,4.223711634824817,0.4737190899725257,1.3873626483789572
ID2702,2702,14,0.19221577048301697,2331.1355366223697,1825.9912157560557,0.0,29.0,29,15.0,1,,11.962616822429906,10.0,0.0,36.0,8960.0,7.9694397302240665,0.5525895605995113,1.0684997168449335
ID2703,2703,15,0.17540021240711212,440.6033893054007,1898.1913686941148,0.0,29.0,29,15.0,1,,10.276368491321762,8.0,0.0,33.0,7697.0,8.08641427861714,0.5185385929085483,0.8678984814935955
ID2704,2704,17,0.18315516412258148,711.7531358054832,1930.7279251218854,0.0,29.0,29,15.0,1,,11.656875834445929,10.0,0.0,33.0,8731.0,7.811346564218431,0.5060064790220531,1.002802705834538
ID2705,2705,32,0.12068561464548111,2819.1201188552054,1955.985594264744,0.0,29.0,29,15.0,1,,7.457943925233645,5.0,0.0,29.0,5586.0,6.670223283714377,0.40562361537346775,0.645301870494564
ID2682,2682,24,0.15129956603050232,1124.7137906411915,68.95861350598284,0.0,29.0,29,15.0,1,,9.830440587449933,8.0,0.0,28.0,7363.0,6.994025903228769,0.45269464965778916,0.8760053663777756
ID2683,2683,34,0.10894529521465302,2219.7337890646154,130.57269829087792,0.0,29.0,29,15.0,1,,8.237650200267023,7.0,0.0,26.0,6170.0,5.206394960215241,0.39686672318004834,0.8990543464753445
ID2684,2684,18,0.1697254329919815,982.0863823191908,170.4573202715329,0.0,29.0,29,15.0,1,,11.05607476635514,10.0,0.0,30.0,8281.0,6.593997925091706,0.5504259262954941,1.1905016902681043
ID2685,2685,0,0.16376525163650513,2485.8921991734856,402.11021476105316,0.0,29.0,29,15.0,1,,10.08411214953271,8.0,0.0,34.0,7553.0,7.614693519713736,0.4810743123327295,0.8603012471074694
ID2686,2686,20,0.12475734204053879,206.06423804934852,409.15961606949105,0.0,29.0,29,15.0,1,,8.389853137516688,7.0,0.0,25.0,6284.0,6.199896808249956,0.4012984573736074,0.7750625262951155
ID2687,2687,21,0.28005722165107727,383.7268966718173,413.10087250631716,0.0,29.0,29,15.0,1,,25.241655540720963,25.0,12.0,39.0,18906.0,5.147459311395531,0.5209847660722381,3.359348571807833
ID2720,2720,9,0.14215657114982605,2362.1417371974676,1628.0111128276799,0.0,30.0,30,15.0,1,,10.20694259012016,9.0,0.0,27.0,7645.0,5.4856307066164804,0.4844855417780869,1.214517981959462
ID2721,2721,30,0.12428634613752365,2824.3243625593996,1655.9015852695966,0.0,30.0,30,15.0,1,,8.379172229639519,7.0,0.0,27.0,6276.0,6.341054911349265,0.4116516161346774,0.7706761052676242
ID2722,2722,11,0.1681361049413681,2550.1295790177965,1741.7256699304546,0.0,30.0,30,15.0,1,,9.939919893190922,8.0,0.0,34.0,7445.0,7.918054269581266,0.5146637044768027,0.8531035104345331
ID2723,2723,13,0.14621059596538544,508.13592879222324,1793.2673781948533,0.0,30.0,30,15.0,1,,9.897196261682243,9.0,0.0,29.0,7413.0,6.173849901789444,0.4970063727827303,1.0644479248390744
ID2724,2724,14,0.22821126878261566,2337.734368426771,1824.62156692056,0.0,30.0,30,15.0,1,,12.773030707610147,10.0,0.0,43.0,9567.0,10.064724708087677,0.588341147037923,0.9401723779441071
ID2725,2725,31,0.10433556884527206,2623.4638756440218,1833.745785448731,0.0,30.0,30,15.0,1,,8.377837116154874,8.0,0.0,22.0,6275.0,4.236660742396145,0.4481862712675805,1.2239744232976573
ID2726,2726,15,0.17557311058044434,434.2821418877894,1901.245254240261,0.0,30.0,30,15.0,1,,11.226969292389853,10.0,0.0,35.0,8409.0,7.412719883410638,0.5065468311073523,1.0184785994696812
ID2727,2727,17,0.1866626739501953,713.4512286730779,1933.9204276613418,0.0,30.0,30,15.0,1,,11.630173564753004,10.0,0.0,34.0,8711.0,7.76755886310236,0.5502021130545328,1.0628343158651332
ID2728,2728,32,0.1050933450460434,2821.916164257464,1956.5699790012266,0.0,30.0,30,15.0,1,,7.2162883845126835,5.0,0.0,29.0,5405.0,5.9998842771492775,0.35011023080628867,0.6237873678881294
ID2706,2706,24,0.15445446968078613,1120.4246786271926,70.4362172746987,0.0,30.0,30,15.0,1,,9.890520694259012,8.0,0.0,31.0,7408.0,7.242830005820992,0.45031260396457284,0.8479950966247276
ID2707,2707,34,0.13432957231998444,2230.282455627179,134.13690422239898,0.0,30.0,30,15.0,1,,8.975967957276369,7.0,0.0,29.0,6723.0,6.589731055107712,0.4214682883433805,0.8077395108513344
ID2708,2708,18,0.14465723931789398,984.2129957789489,164.4173711761896,0.0,30.0,30,15.0,1,,10.248331108144193,9.0,0.0,25.0,7676.0,5.543436936296081,0.5128551297338313,1.2534337790783654
ID2709,2709,0,0.19215403497219086,2486.0289078170144,403.8509658983112,0.0,30.0,30,15.0,1,,10.851802403204273,8.0,0.0,37.0,8128.0,9.350895040431162,0.5161459119168369,0.7901511623299936
ID2710,2710,20,0.14696672558784485,205.54409614698258,406.5141743124194,0.0,30.0,30,15.0,1,,9.300400534045394,8.0,0.0,32.0,6966.0,6.893130917808915,0.48817874691935237,0.8851948763434435
ID2711,2711,21,0.28835082054138184,383.1329025793305,412.7336064497011,0.0,30.0,30,15.0,1,,25.966622162883844,26.0,12.0,41.0,19449.0,5.447631771440565,0.503952744984935,3.1944296968766315
ID2712,2712,2,0.17855720221996307,2932.117636435097,610.2569616009008,0.0,30.0,30,15.0,1,,11.89452603471295,11.0,0.0,37.0,8909.0,7.488553435910689,0.51343163043383,1.0777028159966102
ID2713,2713,3,0.23302100598812103,2170.120193643657,752.6981696662561,0.0,30.0,30,15.0,1,,13.042723631508679,10.0,0.0,44.0,9769.0,10.28267797651495,0.5738693082413132,0.9249886086940042
ID2714,2714,26,0.11546171456575394,2621.4288805140136,1038.166147050463,0.0,30.0,30,15.0,1,,9.268357810413885,9.0,0.0,25.0,6942.0,4.387796043321728,0.4391663306469662,1.2891528167552402
ID2715,2715,4,0.15773136913776398,1264.2370558262153,1225.8775290238705,0.0,30.0,30,15.0,1,,10.193591455273697,9.0,0.0,31.0,7635.0,6.983262001418947,0.48349371469228436,0.9514895108951484
ID2716,2716,5,0.1902705579996109,2375.5950613198056,1233.8350058931728,0.0,30.0,30,15.0,1,,11.304405874499333,9.0,0.0,35.0,8467.0,8.181807412847599,0.5679927917820659,1.0009842577195882
ID2717,2717,6,0.12466070055961609,393.76355280677484,1343.2693408007767,0.0,30.0,30,15.0,1,,12.594125500667557,13.0,4.0,22.0,9433.0,3.110404772780983,0.44341231947956306,2.487702543417094
ID2718,2718,33,0.11267737299203873,3039.486029611543,1420.0682571726102,0.0,30.0,30,15.0,1,,8.797062750333778,9.0,0.0,22.0,6589.0,4.291384469590578,0.46926380059982586,1.3094458251005
ID2719,2719,8,0.22241409122943878,697.8402831009768,1470.0909189594176,0.0,30.0,30,15.0,1,,13.156208277703605,10.0,0.0,40.0,9854.0,9.040515137195847,0.5892343062397505,1.0791148053179482
ID2729,2729,24,0.14152218401432037,1117.3517421181734,56.723283500461825,0.0,31.0,31,15.0,1,,9.104138851802404,8.0,0.0,26.0,6819.0,6.341852026425671,0.4861636193648651,0.9392227308766492
ID2730,2730,34,0.12466699630022049,2227.432646137071,134.94104221885686,0.0,31.0,31,15.0,1,,8.595460614152202,7.0,0.0,28.0,6438.0,6.214355530587693,0.3915670072584786,0.7784039345931857
ID2731,2731,18,0.13011378049850464,978.3621817055052,154.51470588450601,0.0,31.0,31,15.0,1,,9.682242990654206,9.0,0.0,26.0,7252.0,4.95087820111412,0.4787214820432853,1.2662523531808216
ID2732,2732,0,0.19400031864643097,2483.6004091257178,408.6843480131012,0.0,31.0,31,15.0,1,,10.854472630173564,7.0,0.0,42.0,8130.0,9.44241890380489,0.5181640485495044,0.7847006901153118
ID2733,2733,20,0.14127126336097717,209.0124098344433,409.7380555086656,0.0,31.0,31,15.0,1,,8.757009345794392,7.0,0.0,27.0,6559.0,6.799631920375285,0.4746152151332977,0.8290168367647869
ID2734,2734,21,0.2703511118888855,383.2306493388267,413.02021003290605,0.0,31.0,31,15.0,1,,23.514018691588785,24.0,10.0,36.0,17612.0,5.22886665818339,0.5332462817004873,3.127988901344312
ID2735,2735,2,0.22111372649669647,2925.753319202913,612.7995786711471,0.0,31.0,31,15.0,1,,12.674232309746328,10.0,0.0,42.0,9493.0,9.506858816151526,0.5854811630829753,0.9846150160773324
ID2736,2736,3,0.20884643495082855,2164.843468980918,741.1282135451696,0.0,31.0,31,15.0,1,,12.272363150867823,10.0,0.0,37.0,9192.0,8.717064670339177,0.5813419417356382,1.0351273717722487
ID2737,2737,26,0.10319404304027557,2620.0577672578524,1040.5199604742493,0.0,31.0,31,15.0,1,,8.891855807743658,9.0,0.0,21.0,6660.0,3.9684990091466528,0.41196176967995196,1.307465109000383
ID2738,2738,4,0.1744907945394516,1256.6478826864154,1229.062212522706,0.0,31.0,31,15.0,1,,10.921228304405874,9.0,0.0,33.0,8180.0,7.7637537497039935,0.5053993528522742,0.9445233224332548
ID2739,2739,5,0.22292941808700562,2383.659650360478,1233.042918423123,0.0,31.0,31,15.0,1,,12.421895861148197,9.0,0.0,39.0,9304.0,9.852839713077657,0.5812547826201492,0.9268749591532877
ID2740,2740,6,0.13603925704956055,395.1242490511323,1342.561081347429,0.0,31.0,31,15.0,1,,13.02136181575434,13.0,3.0,25.0,9753.0,3.4415785402720185,0.4732321391132779,2.430702256814994
ID2741,2741,33,0.11871763318777084,3039.9480600273273,1420.5036570268924,0.0,31.0,31,15.0,1,,9.344459279038718,9.0,0.0,21.0,6999.0,4.34801717456108,0.4743751693918496,1.382951216903159
ID2742,2742,8,0.2115747332572937,689.2442201575851,1475.4440736949748,0.0,31.0,31,15.0,1,,12.198931909212282,9.0,0.0,43.0,9137.0,9.3264730987622,0.558577356789607,0.9375389621155684
ID2743,2743,9,0.16244429349899292,2364.2089269851576,1632.8976996993854,0.0,31.0,31,15.0,1,,10.80373831775701,9.0,0.0,29.0,8092.0,6.312722652684766,0.5375393385352446,1.1966616116104511
ID2744,2744,11,0.18734219670295715,2552.4844813955824,1740.7907907865592,0.0,31.0,31,15.0,1,,10.372496662216289,7.0,0.0,41.0,7769.0,9.229332557315916,0.521731040061739,0.7706404139244445
ID2745,2745,13,0.14322210848331451,503.0384145272285,1786.3177510271037,0.0,31.0,31,15.0,1,,9.853137516688918,9.0,0.0,26.0,7380.0,6.00822132012451,0.4843684645755137,1.0702685372829086
ID2746,2746,35,0.11731342226266861,1957.5979468644164,1812.2462743147325,0.0,31.0,31,15.0,1,,8.001335113484647,6.0,0.0,31.0,5993.0,6.361544588540373,0.3739447672036051,0.6846491385789197
ID2747,2747,14,0.16107025742530823,2328.326149367202,1825.5278505437866,0.0,31.0,31,15.0,1,,9.946595460614152,8.0,0.0,31.0,7450.0,7.219798223514852,0.5053228869374389,0.9249509321780911
ID2748,2748,31,0.10599871724843979,2623.2075287718894,1841.1335977289395,0.0,31.0,31,15.0,1,,8.373831775700934,8.0,0.0,20.0,6272.0,4.194682000975731,0.44504210613127576,1.2296337800081272
ID2749,2749,15,0.16702106595039368,436.0812259778746,1913.2202844855713,0.0,31.0,31,15.0,1,,10.357810413885181,8.0,0.0,32.0,7758.0,7.455940710855666,0.49261758771148495,0.9169736708101407
ID2750,2750,17,0.2013237178325653,711.6824498964437,1932.3926166060453,0.0,31.0,31,15.0,1,,12.70493991989319,11.0,0.0,36.0,9516.0,8.144565436707014,0.5570270297607608,1.116130079129567
ID2752,2752,24,0.1505376696586609,1110.349539170031,58.292639608525356,0.0,32.0,32,15.0,1,,9.535380507343124,8.0,0.0,29.0,7142.0,6.855880065023252,0.49527487752347976,0.9213615296354133
ID2753,2753,34,0.12438089400529861,2232.70860554282,135.6467652060655,0.0,32.0,32,15.0,1,,8.360480640854473,7.0,0.0,32.0,6262.0,6.224699617666133,0.42924985494977247,0.8067609018378595
ID2754,2754,18,0.13462017476558685,981.7256459371238,145.8361829163395,0.0,32.0,32,15.0,1,,9.550066755674232,9.0,0.0,24.0,7153.0,5.400704610479588,0.4818760083571758,1.1500306523951478
ID2755,2755,20,0.13709357380867004,213.77205712752198,402.729225127491,0.0,32.0,32,15.0,1,,9.036048064085447,8.0,0.0,28.0,6768.0,6.158775607346314,0.4674157685402344,0.9346829591702478
ID2756,2756,0,0.19624574482440948,2479.8006496523226,406.6816928391751,0.0,32.0,32,15.0,1,,11.444592790387183,8.0,0.0,40.0,8572.0,9.198999495178882,0.5087955401788298,0.8390786088773446
ID2757,2757,21,0.287227988243103,383.66125741237073,413.76081285666015,0.0,32.0,32,15.0,1,,25.15086782376502,25.0,11.0,40.0,18838.0,5.235107721480117,0.5422043624702709,3.3781461000874837
ID2758,2758,2,0.22012096643447876,2921.3176702555493,605.8130404675741,0.0,32.0,32,15.0,1,,12.360480640854473,9.0,0.0,40.0,9258.0,10.023413114496615,0.5656061068138987,0.8910073928203585
ID2759,2759,3,0.2273140251636505,2164.626140838908,732.7795226705643,0.0,32.0,32,15.0,1,,12.692923898531376,10.0,0.0,42.0,9507.0,9.922653583589561,0.5920686582177889,0.9514240411327002
ID2760,2760,4,0.19848425686359406,1255.0791703726018,1227.419778508707,0.0,32.0,32,15.0,1,,11.479305740987984,9.0,0.0,39.0,8598.0,9.205245049196439,0.5292083475230986,0.8631182319899939
ID2761,2761,5,0.17175740003585815,2378.3030981811708,1229.9459037599886,0.0,32.0,32,15.0,1,,10.297730307076101,8.0,0.0,31.0,7713.0,7.509406413371097,0.5478428250744956,0.9707223297855688
ID2762,2762,6,0.12138788402080536,393.884367259012,1342.20088236291,0.0,32.0,32,15.0,1,,12.089452603471296,12.0,4.0,23.0,9055.0,3.18397698787456,0.46519462206422324,2.4110492506632606
ID2763,2763,33,0.10286487638950348,3045.658940648802,1417.6973729731271,0.0,32.0,32,15.0,1,,8.096128170894525,7.0,0.0,21.0,6064.0,4.338775359466532,0.4286626843208371,1.1197631810015187
ID2764,2764,8,0.20339864492416382,690.1528047768692,1476.17237203696,0.0,32.0,32,15.0,1,,11.743658210947931,9.0,0.0,42.0,8796.0,8.710800841798875,0.5813931176727455,0.9913005708816482
ID2765,2765,9,0.16668277978897095,2367.7277948064593,1624.338292361238,0.0,32.0,32,15.0,1,,11.005340453938585,10.0,0.0,31.0,8243.0,6.521250601635955,0.5325468452268901,1.172861271456376
ID2766,2766,30,0.12201954424381256,2826.520076623375,1654.717526118384,0.0,32.0,32,15.0,1,,8.401869158878505,7.0,0.0,28.0,6293.0,6.456149638858159,0.37015198240098035,0.7031430009433075
ID2767,2767,11,0.1805374026298523,2547.891048864253,1734.0447197067926,0.0,32.0,32,15.0,1,,10.77570093457944,8.0,0.0,35.0,8071.0,8.34774920487228,0.5100409448143911,0.8720119782668025
ID2768,2768,13,0.16670076549053192,499.2064783851197,1785.6485810413085,0.0,32.0,32,15.0,1,,10.447263017356475,9.0,0.0,29.0,7825.0,7.069098121229772,0.5394504407845,1.0357485985253512
ID2769,2769,35,0.11027362197637558,1957.9710272093794,1814.4737330121557,0.0,32.0,32,15.0,1,,7.7930574098798395,7.0,0.0,30.0,5837.0,5.714102534850542,0.3906169686479842,0.76618460785012
ID2770,2770,14,0.2006608545780182,2328.3824443052836,1825.8111931208941,0.0,32.0,32,15.0,1,,11.408544726301736,8.0,0.0,40.0,8545.0,9.206120472966324,0.5575385770216871,0.8871962581172842
ID2771,2771,31,0.10769345611333847,2620.606510111694,1834.2227680755564,0.0,32.0,32,15.0,1,,8.590120160213619,8.0,0.0,20.0,6434.0,4.2333610888438065,0.4569479437650291,1.272818893856055
ID2772,2772,15,0.15830372273921967,436.81770694162145,1916.640591274293,0.0,32.0,32,15.0,1,,9.706275033377837,7.0,0.0,35.0,7270.0,7.3323855383915735,0.49057310830531786,0.8713402033557821
ID2773,2773,17,0.19288018345832825,706.8042807084141,1930.2457003766262,0.0,32.0,32,15.0,1,,12.106809078771695,11.0,0.0,34.0,9068.0,7.9597462601727775,0.5317151826384319,1.0559941444949537
ID2774,2774,,0.10806382447481155,2806.4700066065293,1952.2683057567297,0.0,32.0,32,15.0,1,,7.3511348464619495,6.0,0.0,27.0,5506.0,6.160579736872096,0.35911918233831736,0.6305853306057075
ID2751,2751,36,0.11267060041427612,97.0,0.0,0.0,32.0,32,15.0,1,,6.825100133511349,7.0,0.0,23.0,5112.0,5.840125827051057,0.5215131685487383,0.8011362487219247
ID2775,2775,36,0.10297086089849472,99.18136987598425,1.5685174134624382,0.0,33.0,33,15.0,1,,7.004005340453938,7.0,0.0,21.0,5246.0,5.651769395931178,0.5703398275690348,0.900185649427416
ID2776,2776,24,0.15897884964942932,1110.1838635861798,53.73095264814913,0.0,33.0,33,15.0,1,,9.833110814419225,8.0,0.0,30.0,7365.0,7.193667265891314,0.5048493149234559,0.9171478225365506
ID2777,2777,34,0.11287002265453339,2241.09251494221,132.71865464539025,0.0,33.0,33,15.0,1,,7.893190921228304,7.0,0.0,24.0,5912.0,5.477403176056383,0.4109860971807127,0.8394837431957869
ID2778,2778,18,0.14627158641815186,983.2227643897227,143.00391588859378,0.0,33.0,33,15.0,1,,9.939919893190922,9.0,0.0,29.0,7445.0,5.79879855655089,0.5060576084735717,1.1519489473633517
ID2779,2779,20,0.16965711116790771,209.21104319397838,398.465640172089,0.0,33.0,33,15.0,1,,10.658210947930574,9.0,0.0,31.0,7983.0,7.601584939106946,0.4926960725339495,0.9255883183598875
ID2780,2780,0,0.18935659527778625,2478.3709287041665,406.66772968025134,0.0,33.0,33,15.0,1,,11.388518024032043,9.0,0.0,37.0,8530.0,8.501646683450382,0.5241620621394522,0.9213583874081274
ID2781,2781,21,0.2858201265335083,383.44866109958224,413.06254214881005,0.0,33.0,33,15.0,1,,25.690253671562083,26.0,13.0,39.0,19242.0,4.909085058545563,0.5157191357303061,3.5611670290674806
ID2782,2782,2,0.23333638906478882,2916.1630465483204,603.6574017421245,0.0,33.0,33,15.0,1,,12.216288384512684,8.0,0.0,47.0,9150.0,11.31317445070204,0.567934439933117,0.782267151161968
ID2783,2783,3,0.23265986144542694,2159.189864704746,733.4060723789476,0.0,33.0,33,15.0,1,,12.76101468624833,10.0,0.0,42.0,9558.0,10.198184646888386,0.6088278187137596,0.9470594765577168
ID2784,2784,26,0.11686094105243683,2617.9199050279335,1038.4543272442675,0.0,33.0,33,15.0,1,,9.345794392523365,9.0,0.0,21.0,7000.0,4.188001586582773,0.4863147568760636,1.4603132940820076
ID2785,2785,4,0.22071631252765656,1250.9489725165192,1223.0906978138817,0.0,33.0,33,15.0,1,,12.69158878504673,10.0,0.0,40.0,9506.0,9.44628474412241,0.5858856390454005,0.9927181034629101
ID2786,2786,5,0.2071150690317154,2377.628560441015,1229.1560527529944,0.0,33.0,33,15.0,1,,11.612817089452603,8.0,0.0,40.0,8698.0,9.618645339983793,0.5467727055839775,0.8535598856729616
ID2787,2787,6,0.13257215917110443,394.8051824477768,1343.1180526808655,0.0,33.0,33,15.0,1,,12.626168224299066,13.0,1.0,23.0,9457.0,3.5957727525860426,0.4759770116654923,2.264726252713027
ID2788,2788,33,0.11550707370042801,3050.8735724748517,1418.1404162059519,0.0,33.0,33,15.0,1,,9.586114819759679,9.0,0.0,20.0,7180.0,3.9902447209817673,0.5072802418137059,1.6170633400489118
ID2789,2789,8,0.19022656977176666,690.6422881198015,1469.7012821299083,0.0,33.0,33,15.0,1,,11.560747663551401,10.0,0.0,33.0,8659.0,7.789551995838181,0.5674795511711747,1.074612207226262
ID2790,2790,9,0.17421232163906097,2371.084661842987,1620.1110727718938,0.0,33.0,33,15.0,1,,11.307076101468624,10.0,0.0,30.0,8469.0,6.75659437208619,0.5402080708529771,1.1739082027452068
ID2791,2791,30,0.10363270342350006,2823.1045283420194,1660.665213924551,0.0,33.0,33,15.0,1,,7.57543391188251,6.0,0.0,25.0,5674.0,5.834274075604981,0.3407872114154452,0.6600458613075596
ID2792,2792,11,0.155101016163826,2552.242991750459,1731.0481880399016,0.0,33.0,33,15.0,1,,9.246995994659546,7.0,0.0,33.0,6926.0,8.036290160688285,0.45494969307954053,0.7195988409997067
ID2793,2793,13,0.16052085161209106,499.26197231181067,1788.9604590511758,0.0,33.0,33,15.0,1,,10.794392523364486,10.0,0.0,29.0,8085.0,6.466732684731367,0.5082351956565676,1.124964866105523
ID2794,2794,35,0.1121106892824173,1947.6652925914166,1814.8296758163951,0.0,33.0,33,15.0,1,,7.663551401869159,7.0,0.0,27.0,5740.0,5.8391101339826985,0.38730706319245195,0.732818160496848
ID2795,2795,14,0.20226868987083435,2326.8882922101075,1831.4366443068118,0.0,33.0,33,15.0,1,,11.499332443257677,9.0,0.0,41.0,8613.0,9.38106307800765,0.5466234918694648,0.866471452622926
ID2796,2796,31,0.10243365168571472,2625.8511779791884,1847.321153934105,0.0,33.0,33,15.0,1,,8.543391188251002,8.0,0.0,22.0,6399.0,3.8808869008094393,0.4505210533582544,1.3674780243609972
ID2797,2797,15,0.1760517954826355,435.9568275612306,1916.9454512940817,0.0,33.0,33,15.0,1,,10.451268357810413,7.0,0.0,33.0,7828.0,8.214005199079692,0.5025124393985151,0.8510846588140859
ID2798,2798,17,0.1733848750591278,713.5022745668236,1930.59461644706,0.0,33.0,33,15.0,1,,11.204272363150867,9.0,0.0,31.0,8392.0,7.065180335020543,0.542641129554482,1.1156762895719867
ID2816,2816,13,0.14700950682163239,498.1918741660039,1793.6195452065472,0.0,34.0,34,15.0,1,,10.500667556742323,10.0,0.0,25.0,7865.0,5.520894882393198,0.5179625421271232,1.2980000986888014
ID2817,2817,35,0.1329261064529419,1947.245459579896,1815.0063283385539,0.0,34.0,34,15.0,1,,9.110814419225635,8.0,0.0,28.0,6824.0,6.513642860933638,0.41738424686662856,0.8237808755846527
ID2818,2818,14,0.18693451583385468,2324.4935538436193,1829.555146277501,0.0,34.0,34,15.0,1,,11.070761014686248,8.0,0.0,34.0,8292.0,8.128089677148106,0.5536089360277521,0.9706895761693245
ID2819,2819,31,0.11869775503873825,2630.9500626365298,1849.236382562731,0.0,34.0,34,15.0,1,,9.401869158878505,9.0,0.0,24.0,7042.0,4.372684625390331,0.4652897409856079,1.3655135413376422
ID2820,2820,15,0.1669532209634781,433.82461762037474,1915.5611972820768,0.0,34.0,34,15.0,1,,10.152202937249665,8.0,0.0,34.0,7604.0,7.9724331917047,0.47527723620627066,0.8204890137112439
ID2821,2821,17,0.19725219905376434,714.38702184469,1934.4014838994017,0.0,34.0,34,15.0,1,,11.758344459279039,9.0,0.0,38.0,8807.0,8.347023897815786,0.566148672171798,1.018455420288282
ID2799,2799,24,0.14993293583393097,1108.618378379725,50.40949402122532,0.0,34.0,34,15.0,1,,9.210947930574099,7.0,0.0,31.0,6899.0,7.4182415564650945,0.46152347678850014,0.7841900971622947
ID2800,2800,34,0.12057673186063766,2240.0173731287287,129.60984340630534,0.0,34.0,34,15.0,1,,8.041388518024032,6.0,0.0,31.0,6023.0,6.4656348824439975,0.3915689965115208,0.6999280827630525
ID2801,2801,18,0.17486581206321716,984.4069947535256,147.8733623234633,0.0,34.0,34,15.0,1,,11.419225634178906,11.0,0.0,31.0,8553.0,6.715211715464605,0.5511757287319555,1.2084704204335774
ID2802,2802,20,0.15123389661312103,203.0957513857715,398.7645444342058,0.0,34.0,34,15.0,1,,9.367156208277704,7.0,0.0,33.0,7016.0,7.348654069600577,0.4697380477018323,0.8147901230650385
ID2803,2803,0,0.1889592707157135,2479.3714491943347,399.7005486122311,0.0,34.0,34,15.0,1,,10.981308411214954,8.0,0.0,39.0,8225.0,8.82416910070613,0.5167134784488803,0.8479231774383496
ID2804,2804,21,0.2681681215763092,383.6758748449517,412.6800912567034,0.0,34.0,34,15.0,1,,24.149532710280372,24.0,12.0,34.0,18088.0,4.793496643940205,0.5276829380700964,3.480375665852838
ID2805,2805,2,0.23178048431873322,2913.699856281509,599.350133141936,0.0,34.0,34,15.0,1,,12.016021361815755,8.0,0.0,47.0,9000.0,11.234722707290267,0.5799098661421366,0.7851570164781859
ID2806,2806,3,0.21611613035202026,2158.803733285265,726.5650102208489,0.0,34.0,34,15.0,1,,11.979973297730307,9.0,0.0,39.0,8973.0,9.681609143848926,0.5764564739342163,0.90494635797814
ID2807,2807,26,0.10568293929100037,2623.7038122326207,1031.8619854006295,0.0,34.0,34,15.0,1,,8.748998664886516,9.0,0.0,20.0,6553.0,4.271659458658528,0.43813082695066313,1.2479498654555174
ID2808,2808,4,0.22097942233085632,1251.4393906167425,1218.7071930292932,0.0,34.0,34,15.0,1,,12.331108144192257,10.0,0.0,41.0,9236.0,9.736631118363308,0.59081039087484,0.9407042180225595
ID2809,2809,5,0.16860345005989075,2376.436401987661,1236.022051977107,0.0,34.0,34,15.0,1,,10.415220293724966,9.0,0.0,32.0,7801.0,7.535820563307511,0.5377411506993854,0.9666248209629281
ID2810,2810,6,0.13157445192337036,395.2143887348338,1343.4252492483593,0.0,34.0,34,15.0,1,,12.540720961281709,13.0,3.0,24.0,9393.0,3.2886955971717415,0.4801841480705607,2.4741207605800466
ID2811,2811,33,0.10852519422769547,3045.463659512715,1413.9898563878662,0.0,34.0,34,15.0,1,,8.778371161548732,8.0,0.0,21.0,6575.0,4.2140599926215145,0.4316938516939368,1.2562293171602557
ID2812,2812,8,0.20762187242507935,681.8188351745424,1467.0411999844275,0.0,34.0,34,15.0,1,,11.951935914552736,9.0,0.0,37.0,8952.0,8.827390353048019,0.5861768469918903,1.0007209087927895
ID2813,2813,9,0.16665422916412354,2363.8792713088687,1619.3557062084078,0.0,34.0,34,15.0,1,,11.001335113484647,9.0,0.0,26.0,8240.0,6.349975647863376,0.5457758740949862,1.2234075013140147
ID2814,2814,30,0.1333322674036026,2818.8129689626876,1661.4895726346222,0.0,34.0,34,15.0,1,,8.405874499332443,6.0,0.0,29.0,6296.0,6.947339558525105,0.42193518159310894,0.718059298820105
ID2815,2815,11,0.14502742886543274,2554.640449202993,1735.060485027497,0.0,34.0,34,15.0,1,,9.006675567423231,7.0,0.0,29.0,6746.0,7.1375866049385674,0.46213958254856835,0.7976777115813949
ID2822,2822,24,0.1457541584968567,1116.0388134702616,56.85079867557341,0.0,35.0,35,15.0,1,,9.0,7.0,0.0,31.0,6741.0,7.045497671077259,0.46493045279668543,0.8108337465185472
ID2823,2823,34,0.12429001182317734,2237.638800086758,130.47170311295545,0.0,35.0,35,15.0,1,,8.439252336448599,7.0,0.0,28.0,6321.0,6.535023493498173,0.38099597713494426,0.7125490931064282
ID2824,2824,18,0.166737362742424,987.9468732852026,151.2542390337432,0.0,35.0,35,15.0,1,,11.801068090787718,11.0,0.0,29.0,8839.0,5.96663619812357,0.5267771923082646,1.3648126930583466
ID2825,2825,20,0.13331474363803864,202.0202525702784,397.1500669145278,0.0,35.0,35,15.0,1,,8.516688918558078,7.0,0.0,26.0,6379.0,6.295002833981643,0.46651462794472276,0.8607632503556807
ID2826,2826,0,0.20359495282173157,2480.842565543363,396.8511659733356,0.0,35.0,35,15.0,1,,11.042723631508679,7.0,0.0,39.0,8271.0,9.851750899229556,0.549708046848941,0.79519745758949
ID2827,2827,21,0.27706265449523926,384.3076024136865,412.7236634364507,0.0,35.0,35,15.0,1,,24.43124165554072,25.0,11.0,40.0,18299.0,5.281856360344412,0.5313741932077523,3.2100225493582926
ID2828,2828,2,0.22800013422966003,2916.4402334024476,595.974412333962,0.0,35.0,35,15.0,1,,12.020026702269693,8.0,0.0,46.0,9003.0,11.107321596470243,0.5618695215277313,0.7786043147611568
ID2829,2829,3,0.2244909703731537,2155.1539905685872,726.1480087261356,0.0,35.0,35,15.0,1,,12.226969292389853,9.0,0.0,42.0,9158.0,10.318938977986484,0.5757634818713602,0.8658982410529934
ID2830,2830,4,0.1779201477766037,1252.8040407403698,1214.9246672890056,0.0,35.0,35,15.0,1,,10.349799732977303,8.0,0.0,34.0,7752.0,7.873528422895905,0.5580350089216745,0.9416223888274684
ID2831,2831,5,0.21938081085681915,2376.262375672095,1241.9721685787608,0.0,35.0,35,15.0,1,,12.69826435246996,10.0,0.0,44.0,9511.0,9.910819436519185,0.5477888556273135,0.9069143485098909
ID2832,2832,6,0.13355088233947754,394.5649658984859,1344.0170884791157,0.0,35.0,35,15.0,1,,12.886515353805073,13.0,2.0,24.0,9652.0,3.418132250462082,0.4737653847044094,2.423882726106166
ID2833,2833,33,0.120628722012043,3043.1475737836427,1412.725393972203,0.0,35.0,35,15.0,1,,9.169559412550067,9.0,0.0,21.0,6868.0,4.624028435979404,0.46985377534786654,1.2677877669745912
ID2834,2834,8,0.21201366186141968,681.777699941949,1465.8718795311995,0.0,35.0,35,15.0,1,,12.587449933244326,10.0,0.0,38.0,9428.0,8.674099533269432,0.5758760946375076,1.0605968521840912
ID2835,2835,9,0.17064854502677917,2361.6296088170866,1622.8337465556233,0.0,35.0,35,15.0,1,,11.598130841121495,10.0,0.0,30.0,8687.0,6.35513575875996,0.5286348890673099,1.2622495426160807
ID2836,2836,30,0.1467403918504715,2824.2550959964583,1664.265906085993,0.0,35.0,35,15.0,1,,9.345794392523365,7.0,0.0,35.0,7000.0,7.281894554665187,0.43908516048088997,0.7831845238877277
ID2837,2837,11,0.13999903202056885,2556.9946018207124,1728.1644618053824,0.0,35.0,35,15.0,1,,8.826435246995995,7.0,0.0,32.0,6611.0,7.361505290123087,0.4095050640066308,0.6966928328028097
ID2838,2838,13,0.16224481165409088,493.1925836919702,1794.867424497719,0.0,35.0,35,15.0,1,,11.098798397863819,10.0,0.0,29.0,8313.0,6.559750969268639,0.5221672693587119,1.160822647756991
ID2839,2839,35,0.11881286650896072,1950.0407707135205,1823.876953300024,0.0,35.0,35,15.0,1,,8.289719626168225,7.0,0.0,27.0,6209.0,5.8563611880702595,0.42194150321820467,0.8400642426546322
ID2840,2840,14,0.19671964645385742,2325.027578000834,1830.6194895115316,0.0,35.0,35,15.0,1,,11.261682242990654,9.0,0.0,36.0,8435.0,8.653204893002703,0.5617709575405672,0.9362637708419419
ID2841,2841,15,0.1220342218875885,429.8387771326726,1913.7485791845222,0.0,35.0,35,15.0,1,,8.4913217623498,8.0,0.0,25.0,6360.0,5.593779202290467,0.45286784867932794,0.9463359739789116
ID2842,2842,17,0.21406947076320648,718.9261033998577,1940.123775644145,0.0,35.0,35,15.0,1,,12.610146862483312,10.0,0.0,38.0,9445.0,8.809189635671729,0.5845818712135831,1.0561967849911933
ID2848,2848,21,0.2836877107620239,383.5721317258845,412.69858164123974,0.0,36.0,36,15.0,1,,24.98531375166889,25.0,12.0,39.0,18714.0,5.037139930373806,0.5426346500071857,3.4895966206833537
ID2849,2849,2,0.2217281460762024,2919.648118906017,596.3343833484364,0.0,36.0,36,15.0,1,,11.890520694259012,8.0,0.0,42.0,8906.0,10.728106838244717,0.5581982455994551,0.7940969628979981
ID2850,2850,3,0.22581341862678528,2155.908825371882,723.674222606447,0.0,36.0,36,15.0,1,,13.142857142857142,10.0,0.0,44.0,9844.0,9.771159289352866,0.5675826388673751,0.9740300322166711
ID2851,2851,26,0.10271818190813065,2612.0303545702664,1045.6325007422265,0.0,36.0,36,15.0,1,,8.667556742323097,8.0,0.0,20.0,6492.0,4.055467958128824,0.4218843900590944,1.268279243317055
ID2852,2852,4,0.16746321320533752,1261.5449971732226,1216.11855929376,0.0,36.0,36,15.0,1,,10.841121495327103,9.0,0.0,34.0,8120.0,7.4338520989683925,0.4901202168498614,0.9593378972082737
ID2853,2853,5,0.20149700343608856,2378.489778155807,1234.5503012144325,0.0,36.0,36,15.0,1,,11.885180240320427,9.0,0.0,40.0,8902.0,8.942188469639904,0.545656021057239,0.9384217191546159
ID2854,2854,6,0.13755452632904053,395.4767895264814,1344.1252357041415,0.0,36.0,36,15.0,1,,13.265687583444592,13.0,2.0,23.0,9936.0,3.5690529928682615,0.4737229160636889,2.3895455946475095
ID2855,2855,33,0.11537159234285355,3045.8746832380384,1408.1883659686362,0.0,36.0,36,15.0,1,,9.449933244325768,9.0,0.0,22.0,7078.0,4.260465644610534,0.448777667112172,1.3741405722346587
ID2856,2856,8,0.20142248272895813,679.8117361371883,1465.5396526579736,0.0,36.0,36,15.0,1,,11.790387182910548,9.0,0.0,38.0,8831.0,8.454509506743818,0.5735368618759383,1.0166092581243389
ID2857,2857,9,0.18188618123531342,2356.927693776273,1629.1881932249953,0.0,36.0,36,15.0,1,,11.839786381842456,10.0,0.0,31.0,8868.0,6.742273689176442,0.5640155845203213,1.2665359239415535
ID2858,2858,30,0.14789679646492004,2822.3867756409904,1665.0948744394846,0.0,36.0,36,15.0,1,,9.073431241655541,6.0,0.0,32.0,6796.0,7.897992813593093,0.41212983562522343,0.6705701865501436
ID2859,2859,11,0.13451749086380005,2562.7252507429216,1728.0639772328125,0.0,36.0,36,15.0,1,,8.791722296395193,7.0,0.0,32.0,6585.0,6.924102354825772,0.4070445174141791,0.7346399628032633
ID2860,2860,13,0.18022675812244415,490.1676479562503,1786.738747893581,0.0,36.0,36,15.0,1,,11.288384512683578,9.0,0.0,32.0,8455.0,7.535806588737636,0.5471514169336017,1.059514135557208
ID2861,2861,14,0.18234138190746307,2331.21470887819,1830.4719135788575,0.0,36.0,36,15.0,1,,11.08010680907877,9.0,0.0,34.0,8299.0,7.539662823800411,0.5646736726673334,1.060707849044153
ID2862,2862,31,0.13795830309391022,2640.154704997823,1847.6949091054357,0.0,36.0,36,15.0,1,,10.42056074766355,10.0,0.0,23.0,7805.0,4.760932165680496,0.5148549030844866,1.4877943591490732
ID2863,2863,15,0.16541191935539246,425.4931980551156,1911.174254844613,0.0,36.0,36,15.0,1,,9.806408544726303,8.0,0.0,33.0,7345.0,7.793193351827242,0.5026833298770718,0.8418826151327855
ID2864,2864,17,0.2026420533657074,714.4879642151807,1948.797143483223,0.0,36.0,36,15.0,1,,12.468624833110814,10.0,0.0,40.0,9339.0,8.164625724020672,0.5662771290057436,1.1042634243304492
ID2865,2865,,0.11817315965890884,2811.4078472191973,1973.9565055527582,0.0,36.0,36,15.0,1,,7.574098798397864,6.0,0.0,31.0,5673.0,6.470535596429737,0.38690792963158577,0.653101573623641
ID2843,2843,24,0.15028192102909088,1110.5493041786183,56.33233947024569,0.0,36.0,36,15.0,1,,9.428571428571429,8.0,0.0,31.0,7062.0,6.889446762968039,0.4822754766097543,0.8905489542888094
ID2844,2844,34,0.11937309801578522,2237.2009952268895,129.41577519170534,0.0,36.0,36,15.0,1,,8.044058744993324,6.0,0.0,27.0,6025.0,6.136759807725965,0.3766610615287522,0.717281783161678
ID2845,2845,18,0.14861005544662476,995.183736993084,152.82855100571894,0.0,36.0,36,15.0,1,,10.660881174899867,10.0,0.0,28.0,7985.0,5.398289466953087,0.5199264634883676,1.3510962115456568
ID2846,2846,20,0.13331584632396698,205.25379875481318,389.37347273877066,0.0,36.0,36,15.0,1,,8.86648865153538,8.0,0.0,27.0,6641.0,6.18310714696477,0.4463944928070826,0.885129783103563
ID2847,2847,0,0.1660790890455246,2485.526339869367,393.6497165250218,0.0,36.0,36,15.0,1,,10.516688918558078,9.0,0.0,29.0,7877.0,7.25094880279812,0.5078812582012373,0.9770329902965934
ID2880,2880,8,0.21054400503635406,679.3192456636198,1462.271285009631,0.0,37.0,37,15.0,1,,12.323097463284379,9.0,0.0,37.0,9230.0,9.023277267095578,0.5549286628808067,0.9747926917957671
ID2881,2881,9,0.16008907556533813,2353.436182844875,1627.7273703768008,0.0,37.0,37,15.0,1,,10.316421895861149,9.0,0.0,27.0,7727.0,6.342708982251248,0.5511758031028535,1.1558818032447349
ID2882,2882,30,0.11180638521909714,2817.173546014242,1657.4646520537256,0.0,37.0,37,15.0,1,,7.632843791722296,7.0,0.0,26.0,5717.0,5.57472716326257,0.4259573348812742,0.8179981522766125
ID2883,2883,11,0.10357426106929779,2565.3166367103513,1728.246094671702,0.0,37.0,37,15.0,1,,7.049399198931909,5.0,0.0,25.0,5280.0,5.639003333548822,0.3722260664477082,0.678204812573693
ID2884,2884,13,0.17462897300720215,490.02625873268283,1775.5612109014828,0.0,37.0,37,15.0,1,,11.221628838451268,9.0,0.0,35.0,8405.0,7.3696524719447964,0.5205654190974662,1.0425792870856834
ID2885,2885,14,0.2162182331085205,2342.236888361237,1835.314471845189,0.0,37.0,37,15.0,1,,12.622162883845126,10.0,0.0,39.0,9454.0,9.363433834691307,0.5693104244554321,0.9780676764995949
ID2886,2886,31,0.12481316924095154,2643.500173990215,1843.5281869348357,0.0,37.0,37,15.0,1,,9.846461949265688,10.0,0.0,24.0,7375.0,4.803817433115327,0.4533905271991624,1.278832973279729
ID2887,2887,15,0.16143091022968292,435.133199299108,1917.1949691231468,0.0,37.0,37,15.0,1,,9.667556742323097,8.0,0.0,30.0,7241.0,7.733203432774275,0.4763406636016995,0.8067117188192406
ID2888,2888,17,0.1994360238313675,713.9650462210318,1948.069235402705,0.0,37.0,37,15.0,1,,11.759679572763686,10.0,0.0,36.0,8808.0,8.349064304669062,0.5745755006173539,1.0279483463424044
ID2889,2889,,0.10501372069120407,157.69202915640955,1984.0904385914164,0.0,37.0,37,15.0,1,,10.050734312416555,10.0,0.0,21.0,7528.0,4.570609446971914,0.36556294738015543,1.1773460236109663
ID2866,2866,37,0.10245311260223389,106.0,0.0,0.0,37.0,37,15.0,1,,5.9279038718291055,6.0,0.0,21.0,4440.0,4.894352689317695,0.5340654642962674,0.8433085207330968
ID2867,2867,24,0.14879927039146423,1106.4265320399038,48.27846932836423,0.0,37.0,37,15.0,1,,9.076101468624833,7.0,0.0,32.0,6798.0,7.40019711909453,0.45878462316388763,0.7714427939523081
ID2868,2868,34,0.13445788621902466,2229.3854740365628,132.60415852186154,0.0,37.0,37,15.0,1,,8.562082777036048,7.0,0.0,30.0,6413.0,6.825397204056246,0.42698233178092737,0.7507110290678998
ID2869,2869,18,0.14331881701946259,997.6065375936776,151.7664776545631,0.0,37.0,37,15.0,1,,10.08010680907877,10.0,0.0,25.0,7550.0,5.704299156389153,0.5010192652795356,1.1796712503467808
ID2870,2870,20,0.1516122668981552,203.12062073712661,383.86735979382365,0.0,37.0,37,15.0,1,,9.664886515353805,8.0,0.0,29.0,7239.0,6.90373905854216,0.49067136980669274,0.9216185220975964
ID2871,2871,0,0.20722460746765137,2493.077339246417,391.0905662154304,0.0,37.0,37,15.0,1,,11.767690253671562,9.0,0.0,39.0,8814.0,9.62808240136417,0.5315751723187936,0.848413942055925
ID2872,2872,21,0.28556790947914124,383.58480272809874,413.209354289126,0.0,37.0,37,15.0,1,,25.635514018691588,26.0,11.0,38.0,19201.0,5.273216469540115,0.512883615688051,3.296170982170307
ID2873,2873,2,0.20912283658981323,2913.3764064575644,597.4299731978591,0.0,37.0,37,15.0,1,,11.23898531375167,8.0,0.0,41.0,8418.0,9.98757393933253,0.5639436653973285,0.8115433236689498
ID2874,2874,,0.10356521606445312,1028.9246150183985,701.0941153013242,0.0,37.0,37,15.0,1,,9.618157543391188,9.0,0.0,24.0,7204.0,5.171237951246201,0.3587608603004915,0.9821761601738498
ID2875,2875,3,0.22804227471351624,2162.128344084418,718.0046412422382,0.0,37.0,37,15.0,1,,12.871829105473966,10.0,0.0,38.0,9641.0,9.684577269583956,0.6013348105841118,0.9982143135240648
ID2876,2876,26,0.11540885269641876,2610.28713912779,1051.0810887047376,0.0,37.0,37,15.0,1,,9.024032042723631,9.0,0.0,22.0,6759.0,4.2905142579768185,0.4811225306718256,1.3664255736850812
ID2877,2877,5,0.21824860572814941,2372.615839250498,1223.7280375644707,0.0,37.0,37,15.0,1,,12.233644859813085,9.0,0.0,44.0,9163.0,10.164825593402727,0.5364505527337914,0.8404212832189155
ID2878,2878,4,0.1253412663936615,1261.4421944826352,1224.8611913527382,0.0,37.0,37,15.0,1,,9.18958611481976,8.0,0.0,24.0,6883.0,5.817073199115779,0.44149910728552205,0.9676913761753706
ID2879,2879,6,0.13496898114681244,394.39241296397483,1343.5685144541592,0.0,37.0,37,15.0,1,,13.356475300400534,13.0,3.0,23.0,10004.0,3.0239288762558267,0.46979117275829596,2.8235761592351585
ID2912,2912,38,0.12449707090854645,2803.543868196297,1982.4379582747868,0.0,38.0,38,15.0,1,,7.903871829105474,6.0,0.0,29.0,5920.0,6.762301008933427,0.3870026541441683,0.6522469208479267
ID2890,2890,37,0.1340976357460022,107.0,0.0,0.0,38.0,38,15.0,1,,7.875834445927904,8.0,0.0,22.0,5899.0,6.15371856227422,0.568760940804472,0.9280298388910005
ID2891,2891,24,0.15696224570274353,1104.9773817807177,46.553802977933735,0.0,38.0,38,15.0,1,,9.620827770360481,8.0,0.0,35.0,7206.0,7.467426151263598,0.48496537193051825,0.8415228301225253
ID2892,2892,34,0.1435791552066803,2230.3948321888784,136.30466954334878,0.0,38.0,38,15.0,1,,9.02803738317757,7.0,0.0,29.0,6762.0,6.776059935927756,0.4846702141705945,0.8698861986577403
ID2893,2893,18,0.14250902831554413,998.1013975491938,149.63209718726006,0.0,38.0,38,15.0,1,,9.85981308411215,9.0,0.0,26.0,7385.0,5.600596842458265,0.5330509199461416,1.2242679590771535
ID2894,2894,20,0.14829571545124054,197.81141983686055,385.8879213083752,0.0,38.0,38,15.0,1,,9.56875834445928,8.0,0.0,29.0,7167.0,6.953984444866052,0.4541548883293266,0.8594986385184855
ID2895,2895,0,0.18604961037635803,2490.6306604966076,392.4580229559664,0.0,38.0,38,15.0,1,,10.815754339118826,8.0,0.0,42.0,8101.0,8.851309919885233,0.5248266012606501,0.8411523109068602
ID2896,2896,21,0.28184354305267334,384.64381038536914,412.7389026032438,0.0,38.0,38,15.0,1,,24.779706275033377,25.0,10.0,37.0,18560.0,5.032335486468449,0.5426540714986462,3.4642647902840764
ID2897,2897,,0.10870008915662766,1449.805999927354,457.9974367167511,0.0,38.0,38,15.0,1,,10.265687583444592,11.0,0.0,23.0,7689.0,5.64527725702491,0.3758245508529587,0.9934702231308171
ID2898,2898,2,0.2184005081653595,2912.7339517145806,597.2676973466213,0.0,38.0,38,15.0,1,,11.644859813084112,8.0,0.0,42.0,8722.0,10.688812477516814,0.5509235554011598,0.7739907168048563
ID2899,2899,3,0.2558760643005371,2167.874560889286,721.347120309443,0.0,38.0,38,15.0,1,,13.459279038718291,9.0,0.0,48.0,10081.0,11.522473275673534,0.6165354236584947,0.89100243674819
ID2900,2900,26,0.1287676990032196,2601.1441995058926,1053.184821784651,0.0,38.0,38,15.0,1,,9.925233644859814,10.0,0.0,24.0,7434.0,4.582256683737613,0.4932045579679278,1.4308664341071842
ID2901,2901,5,0.20636112987995148,2369.0118422679748,1230.155205988884,0.0,38.0,38,15.0,1,,11.84913217623498,9.0,0.0,41.0,8875.0,9.2808203076438,0.5470176293058144,0.9028928956622498
ID2902,2902,39,0.11722984164953232,1264.9350197762722,1245.4151673899626,0.0,38.0,38,15.0,1,,8.600801068090787,8.0,0.0,24.0,6442.0,5.2225395301068245,0.45396765926328836,1.0283887823403282
ID2903,2903,6,0.13435253500938416,395.03056297328504,1342.352979981612,0.0,38.0,38,15.0,1,,13.173564753004005,13.0,1.0,23.0,9867.0,3.400109423787629,0.4545159233793061,2.4214250723666413
ID2904,2904,8,0.22428669035434723,681.6052887387989,1460.4528854753544,0.0,38.0,38,15.0,1,,13.01068090787717,10.0,0.0,42.0,9745.0,9.611985231846857,0.5748613952651979,0.9881838092232907
ID2905,2905,9,0.17986831068992615,2360.5243458103264,1617.44338821855,0.0,38.0,38,15.0,1,,11.315086782376502,10.0,0.0,35.0,8475.0,7.126402621989154,0.5760575181113481,1.1606768319850238
ID2906,2906,30,0.1434117704629898,2804.928252951253,1648.9851679755816,0.0,38.0,38,15.0,1,,8.843791722296395,6.0,0.0,33.0,6624.0,7.4955177008410105,0.4188586555241294,0.6966188598871301
ID2907,2907,13,0.1724364459514618,490.55950334042683,1780.5650651897374,0.0,38.0,38,15.0,1,,11.327102803738319,10.0,0.0,31.0,8484.0,6.933301392504893,0.5328727739742762,1.135863591684267
ID2908,2908,14,0.21822655200958252,2342.3899534799084,1840.4290700523907,0.0,38.0,38,15.0,1,,12.806408544726303,10.0,0.0,39.0,9592.0,9.431495849326478,0.5624457417274761,0.9775803388622696
ID2909,2909,31,0.1126384362578392,2644.71499533555,1845.9759145255143,0.0,38.0,38,15.0,1,,9.181575433911883,9.0,0.0,22.0,6877.0,4.110327696349071,0.4659354397939547,1.4199781295043998
ID2910,2910,15,0.16738127171993256,436.20859278593184,1917.0452299056562,0.0,38.0,38,15.0,1,,10.136181575433913,8.0,0.0,32.0,7592.0,7.776636946108848,0.48384047844225186,0.8500168556579418
ID2911,2911,17,0.20580920577049255,713.3076990362157,1950.0476849223228,0.0,38.0,38,15.0,1,,12.829105473965287,11.0,0.0,34.0,9609.0,8.138681447020742,0.5687847762022746,1.143028130313053
ID2913,2913,24,0.1609857827425003,1107.573760036071,48.00957478629358,0.0,39.0,39,15.0,1,,9.88785046728972,8.0,0.0,31.0,7406.0,7.5102941331824615,0.4850539174230652,0.8600480872133681
ID2914,2914,34,0.1446104645729065,2237.6312238456608,137.36411841555346,0.0,39.0,39,15.0,1,,8.667556742323097,6.0,0.0,29.0,6492.0,7.513999557051288,0.4399769642401284,0.7049039078587016
ID2915,2915,18,0.12396683543920517,996.1884850423924,148.73723138638033,0.0,39.0,39,15.0,1,,9.068090787716956,8.0,0.0,26.0,6792.0,5.228665253579787,0.4581161920239413,1.0897792288033317
ID2916,2916,0,0.19349949061870575,2489.122826504239,392.9920582682067,0.0,39.0,39,15.0,1,,11.072096128170895,8.0,0.0,38.0,8293.0,8.891961972066232,0.5383441421698928,0.8715026987056373
ID2917,2917,20,0.1722089648246765,194.23673319925865,395.6335442894908,0.0,39.0,39,15.0,1,,10.594125500667557,9.0,0.0,33.0,7935.0,7.648932517199885,0.5132953621055654,0.9395889893438081
ID2918,2918,21,0.27969226241111755,384.3824896334313,413.177379772439,0.0,39.0,39,15.0,1,,24.690253671562083,25.0,12.0,38.0,18493.0,5.182774179683765,0.5322246661522293,3.309526096288725
ID2919,2919,2,0.24160344898700714,2919.0696689218034,594.9240663108643,0.0,39.0,39,15.0,1,,12.526034712950601,8.0,0.0,47.0,9382.0,11.65644243174428,0.5807410047030346,0.7895858483041995
ID2920,2920,40,0.10191783308982849,1016.6342661614137,691.4722689903231,0.0,39.0,39,15.0,1,,9.63551401869159,10.0,0.0,23.0,7217.0,5.30027435057032,0.34548034395702437,0.9335821061576598
ID2921,2921,3,0.2401234209537506,2166.1296768581615,720.5836457323793,0.0,39.0,39,15.0,1,,13.013351134846461,10.0,0.0,45.0,9747.0,10.672811832782555,0.6061641757841729,0.920323734535149
ID2922,2922,26,0.13685262203216553,2599.0202155564957,1054.6105211321665,0.0,39.0,39,15.0,1,,10.341789052069426,10.0,0.0,23.0,7746.0,5.101968530995702,0.4862320630679679,1.3263094452581459
ID2923,2923,5,0.2322581708431244,2364.5437176077508,1225.9044078050313,0.0,39.0,39,15.0,1,,12.858477970627503,10.0,0.0,41.0,9631.0,10.124822482426563,0.6063673045323118,0.9587890450985813
ID2924,2924,39,0.1584049016237259,1265.1202379494653,1245.4154481596754,0.0,39.0,39,15.0,1,,9.931909212283044,8.0,0.0,34.0,7439.0,7.450148705567035,0.4805564448913891,0.8654006802468082
ID2925,2925,6,0.12862199544906616,394.2194330595252,1344.0487087429035,0.0,39.0,39,15.0,1,,12.465954606141523,13.0,2.0,24.0,9337.0,3.316701747906741,0.46650054599148794,2.3912173022934486
ID2926,2926,,0.10449229925870895,3043.1255373212025,1392.340667563064,0.0,39.0,39,15.0,1,,8.451268357810413,8.0,0.0,21.0,6330.0,4.144042708112202,0.4320989355564219,1.2306593055769959
ID2927,2927,8,0.19172883033752441,684.0078471685543,1463.0254951770214,0.0,39.0,39,15.0,1,,11.232309746328438,9.0,0.0,36.0,8413.0,8.369761759090231,0.561073809880059,0.964678345757867
ID2928,2928,9,0.17887325584888458,2366.0143358570085,1619.0693075490965,0.0,39.0,39,15.0,1,,12.076101468624833,11.0,0.0,31.0,9045.0,6.406533076833097,0.5576848289842257,1.3497176172870629
ID2929,2929,30,0.13380756974220276,2805.504925633759,1645.684321177264,0.0,39.0,39,15.0,1,,8.794392523364486,7.0,0.0,31.0,6587.0,7.053494644216218,0.38719461632865165,0.6960227193750165
ID2930,2930,11,0.13013052940368652,2577.768491847362,1721.4110988328716,0.0,39.0,39,15.0,1,,8.130841121495328,6.0,0.0,32.0,6090.0,6.997820284207895,0.3972781547167993,0.660715509464667
ID2931,2931,13,0.2084950953722,492.7997248923055,1785.0716046883824,0.0,39.0,39,15.0,1,,12.640854472630174,10.0,0.0,37.0,9468.0,8.647461827631526,0.5667590969487476,1.0575819945169371
ID2932,2932,14,0.2224949598312378,2341.422266571966,1841.488998527225,0.0,39.0,39,15.0,1,,13.040053404539385,10.0,0.0,40.0,9767.0,9.212494305780732,0.5860690707046126,1.0460654049262799
ID2933,2933,31,0.11059441417455673,2647.878379811659,1847.785378702888,0.0,39.0,39,15.0,1,,9.27369826435247,9.0,0.0,20.0,6946.0,3.8464672061071057,0.46408586227598037,1.5284552018206676
ID2934,2934,15,0.12628740072250366,440.6411265496012,1919.3061472333143,0.0,39.0,39,15.0,1,,9.125500667556743,8.0,0.0,22.0,6835.0,5.415639233906843,0.456843188323165,1.056796380462603
ID2935,2935,17,0.20256970822811127,717.764578851837,1949.0816825001584,0.0,39.0,39,15.0,1,,11.550066755674232,9.0,0.0,37.0,8651.0,8.788465679868875,0.5826371428776943,0.96764986910571
ID2936,2936,38,0.12807872891426086,2807.4130803805083,1985.3355686304521,0.0,39.0,39,15.0,1,,8.162883845126835,6.0,0.0,29.0,6114.0,6.911020433845115,0.3956171822525612,0.6696382812678212
ID2937,2937,41,0.10903473198413849,166.0379012786875,1993.8175068355708,0.0,39.0,39,15.0,1,,9.668891855807743,9.0,0.0,21.0,7242.0,4.596540954199896,0.38569900941359325,1.1709953795856096
ID2944,2944,,0.10715635120868683,1439.6459064985188,459.0561872305826,0.0,40.0,40,15.0,1,,11.09078771695594,12.0,0.0,23.0,8307.0,5.012527946132368,0.37417866894290336,1.2049565989367057
ID2945,2945,2,0.22366580367088318,2921.1253500454022,597.659571475987,0.0,40.0,40,15.0,1,,12.451268357810413,9.0,0.0,45.0,9326.0,10.217387880488232,0.5648645755509244,0.8797743352489963
ID2946,2946,40,0.10856804251670837,1022.7431193070206,684.4233578775176,0.0,40.0,40,15.0,1,,10.313751668891856,11.0,0.0,22.0,7725.0,4.95423822743568,0.3551980997403474,1.0912836027300867
ID2947,2947,3,0.21167795360088348,2175.1877898408693,720.9791267560324,0.0,40.0,40,15.0,1,,11.802403204272363,9.0,0.0,39.0,8840.0,9.37461269604486,0.5825598776722227,0.9268885731947645
ID2948,2948,26,0.11816711723804474,2603.0937685883105,1053.616014263146,0.0,40.0,40,15.0,1,,9.372496662216289,9.0,0.0,24.0,7020.0,4.322103591254108,0.47622187373886926,1.3990969880958184
ID2949,2949,5,0.20200669765472412,2369.7192896786078,1227.7738093443265,0.0,40.0,40,15.0,1,,11.423230974632844,9.0,0.0,37.0,8556.0,8.812882204784247,0.5870052938959583,0.9588808185043083
ID2950,2950,39,0.1727081835269928,1260.2330211984324,1246.9480404085762,0.0,40.0,40,15.0,1,,10.767690253671562,9.0,0.0,32.0,8065.0,7.338782238093294,0.5301476515299364,1.0166981898684149
ID2951,2951,6,0.12873457372188568,395.78966205204,1343.7641778227178,0.0,40.0,40,15.0,1,,13.2456608811749,13.0,4.0,23.0,9921.0,3.4456820995027826,0.4432235338101407,2.3611176673404923
ID2952,2952,8,0.2280472218990326,688.0424844802667,1458.2202556268417,0.0,40.0,40,15.0,1,,12.76101468624833,10.0,0.0,38.0,9558.0,9.686407977356453,0.6054237909275186,0.9936243726656852
ID2953,2953,9,0.16118545830249786,2370.2266064459895,1614.9181376919257,0.0,40.0,40,15.0,1,,10.76502002670227,10.0,0.0,29.0,8063.0,6.093373661045893,0.5347683396255294,1.2311469189028534
ID2954,2954,30,0.15864655375480652,2802.165187357821,1647.4111159442218,0.0,40.0,40,15.0,1,,9.468624833110814,7.0,0.0,34.0,7092.0,7.84854227784602,0.4804728624097917,0.783062299063036
ID2955,2955,11,0.1257622092962265,2577.0842595642685,1716.7198589446089,0.0,40.0,40,15.0,1,,7.512683578104139,5.0,0.0,29.0,5627.0,6.694751067287844,0.44235737825441823,0.6883210558903601
ID2956,2956,13,0.17760199308395386,490.15624194685904,1786.6207225724163,0.0,40.0,40,15.0,1,,11.220293724966622,9.0,0.0,31.0,8404.0,7.497829591069134,0.5319401246793509,1.0392490002795205
ID2957,2957,14,0.22577983140945435,2334.1499385879474,1842.3258243550254,0.0,40.0,40,15.0,1,,12.993324432576769,10.0,0.0,41.0,9732.0,9.712096667938578,0.5740242187883665,0.9757893810404838
ID2958,2958,31,0.10329291969537735,2652.172771627209,1855.7301463296253,0.0,40.0,40,15.0,1,,8.19626168224299,8.0,0.0,19.0,6139.0,4.300564185831625,0.4382975995324452,1.161557501639269
ID2959,2959,15,0.14528274536132812,444.79749233302243,1927.8580293223288,0.0,40.0,40,15.0,1,,9.271028037383177,7.0,0.0,31.0,6944.0,6.602541775630467,0.48805800044251724,0.9210820301484591
ID2960,2960,17,0.2000485360622406,718.2394469889936,1947.8341487903388,0.0,40.0,40,15.0,1,,11.791722296395193,9.0,0.0,41.0,8832.0,8.484769988771042,0.5758211243840242,1.0156588096918449
ID2961,2961,41,0.10591121762990952,161.17369902948485,2001.344752252028,0.0,40.0,40,15.0,1,,8.727636849132177,9.0,0.0,21.0,6537.0,4.916745086159821,0.37843699886160626,0.9746656008600441
ID2938,2938,24,0.14764288067817688,1108.928108268414,42.22621978614521,0.0,40.0,40,15.0,1,,9.269692923898532,7.0,0.0,29.0,6943.0,7.145500999317447,0.44667752689801493,0.8010968550687738
ID2939,2939,34,0.15172450244426727,2238.2454657740846,137.67214812486688,0.0,40.0,40,15.0,1,,9.449933244325768,7.0,0.0,31.0,7078.0,7.436484393127419,0.456593575071218,0.7966773525869902
ID2940,2940,18,0.1298995018005371,1003.7141243991776,147.54196677330455,0.0,40.0,40,15.0,1,,9.453938584779706,9.0,0.0,22.0,7081.0,5.100285836749152,0.4812985605068414,1.2045372035934614
ID2941,2941,0,0.19169147312641144,2487.282038744136,389.8012353633441,0.0,40.0,40,15.0,1,,11.020026702269693,8.0,0.0,37.0,8254.0,8.663857836991951,0.5388139350165759,0.8907463135639155
ID2942,2942,20,0.1510591357946396,192.3570003851235,400.6594936514118,0.0,40.0,40,15.0,1,,10.064085447263018,8.0,0.0,29.0,7538.0,6.4415226280818265,0.48199443693554517,1.0162749636238004
ID2943,2943,21,0.2839990258216858,384.0197356340651,413.0718696989488,0.0,40.0,40,15.0,1,,25.341789052069426,25.0,11.0,38.0,18981.0,5.2407930476480145,0.5269496286748929,3.3374490849261766
ID2976,2976,9,0.16852885484695435,2371.796311458771,1609.307865898572,0.0,41.0,41,15.0,1,,11.901201602136181,11.0,0.0,28.0,8914.0,5.851629065939249,0.5329576554724804,1.4141861040706307
ID2977,2977,30,0.13434481620788574,2811.2017191663426,1636.999074903128,0.0,41.0,41,15.0,1,,8.433911882510014,6.0,0.0,29.0,6317.0,7.029728568080564,0.41748550694149617,0.7067133166647164
ID2978,2978,11,0.130024716258049,2580.615291676904,1709.9986149122824,0.0,41.0,41,15.0,1,,8.37516688918558,7.0,0.0,31.0,6273.0,6.666579800428388,0.409455606121265,0.7299209078367263
ID2979,2979,13,0.15483148396015167,490.905554125871,1788.8345164368252,0.0,41.0,41,15.0,1,,9.926568758344459,8.0,0.0,33.0,7435.0,6.77019273986384,0.4993040385927111,0.976570241407548
ID2980,2980,14,0.18199428915977478,2337.6802827104666,1843.0277974614135,0.0,41.0,41,15.0,1,,11.722296395193592,10.0,0.0,32.0,8780.0,7.222980043501688,0.5501930578621436,1.152008272031163
ID2981,2981,15,0.14511914551258087,442.50545842239126,1916.468432348119,0.0,41.0,41,15.0,1,,9.540720961281709,9.0,0.0,26.0,7146.0,6.261674445322033,0.5064339799884755,1.0244563057993203
ID2982,2982,17,0.19368402659893036,718.1717365601497,1951.8591263303763,0.0,41.0,41,15.0,1,,11.818424566088117,10.0,0.0,33.0,8852.0,7.89954525031337,0.5671216676716136,1.0828318391116674
ID2962,2962,24,0.14450228214263916,1109.9190860835129,35.61708574049494,0.0,41.0,41,15.0,1,,8.643524699599466,6.0,0.0,29.0,6474.0,7.104060476967975,0.4702284620325174,0.7782843717307131
ID2963,2963,34,0.18200503289699554,2236.100171125029,141.64864368927928,0.0,41.0,41,15.0,1,,10.363150867823766,7.0,0.0,36.0,7762.0,8.680547353607645,0.521352175647024,0.8182313894546446
ID2964,2964,18,0.1327466517686844,1002.4912490462148,149.91803378947333,0.0,41.0,41,15.0,1,,9.323097463284379,9.0,0.0,26.0,6983.0,5.462048255147296,0.4873787116513543,1.1186125350219545
ID2965,2965,0,0.19478808343410492,2480.8169071901402,387.6516222375685,0.0,41.0,41,15.0,1,,11.194926568758344,8.0,0.0,37.0,8385.0,9.225164717524349,0.520728676926481,0.8310686026031155
ID2966,2966,21,0.2810605764389038,384.2535955693197,413.3152789412428,0.0,41.0,41,15.0,1,,25.208277703604807,25.0,11.0,37.0,18881.0,4.9833289828842755,0.523551881234388,3.476610905065209
ID2967,2967,20,0.15330171585083008,190.26277668224054,414.22859633642656,0.0,41.0,41,15.0,1,,9.735647530040053,8.0,0.0,32.0,7292.0,7.091425323321147,0.4813507694738358,0.8922058511420019
ID2968,2968,2,0.23201924562454224,2914.5401411745406,600.5372971540105,0.0,41.0,41,15.0,1,,12.615487316421897,9.0,0.0,46.0,9449.0,10.864950045973977,0.5589954162258952,0.8326638331980051
ID2969,2969,3,0.2464393973350525,2181.463866710308,719.6308617453417,0.0,41.0,41,15.0,1,,13.392523364485982,10.0,0.0,48.0,10031.0,11.351140613306214,0.5767481906731988,0.8631311775841252
ID2970,2970,26,0.11193525791168213,2617.9036816575226,1059.7894972127567,0.0,41.0,41,15.0,1,,9.267022696929239,9.0,0.0,21.0,6941.0,4.14325614359157,0.43829597972811,1.3631625929220095
ID2971,2971,5,0.21974225342273712,2363.097157635715,1224.9254972824194,0.0,41.0,41,15.0,1,,12.48731642189586,10.0,0.0,41.0,9353.0,9.514211822968326,0.5763603707847561,0.9597649811561453
ID2972,2972,39,0.17023885250091553,1263.2163405882486,1249.4133722399965,0.0,41.0,41,15.0,1,,11.014686248331108,9.0,0.0,31.0,8250.0,7.2117364285260575,0.5067825137515697,1.0273852596122774
ID2973,2973,6,0.12831206619739532,394.4865545080852,1342.3915616281477,0.0,41.0,41,15.0,1,,12.70493991989319,13.0,2.0,22.0,9516.0,3.2906836005942357,0.47693344420163825,2.4935227634361428
ID2974,2974,42,0.12339726090431213,3048.9304235838867,1389.742449729777,0.0,41.0,41,15.0,1,,9.797062750333778,9.0,0.0,25.0,7338.0,4.595852806475028,0.4750301964271936,1.3730301718160312
ID2975,2975,8,0.22147062420845032,688.0147651502263,1458.7294352131032,0.0,41.0,41,15.0,1,,13.072096128170895,10.0,0.0,38.0,9791.0,9.128326571800667,0.5773436388423342,1.048315787146072
ID2983,2983,24,0.14551043510437012,1108.306021980163,37.13359424195586,0.0,42.0,42,15.0,1,,9.339118825100133,8.0,0.0,31.0,6995.0,6.9712802569078764,0.4415222865022032,0.8206436688941618
ID2984,2984,34,0.1651366949081421,2235.963264202809,143.53012173234217,0.0,42.0,42,15.0,1,,9.855807743658211,7.0,0.0,33.0,7382.0,7.980962243822456,0.48183442568787954,0.8030916462805858
ID2985,2985,18,0.14378811419010162,999.7528425716932,152.277318775454,0.0,42.0,42,15.0,1,,9.676902536715621,8.0,0.0,26.0,7248.0,5.791821914396369,0.5088447907071149,1.1269169931644667
ID2986,2986,0,0.19192643463611603,2480.96512858561,391.7323006216367,0.0,42.0,42,15.0,1,,10.632843791722296,7.0,0.0,41.0,7964.0,9.466944464306966,0.5165032071453122,0.7650666821834485
ID2987,2987,21,0.28619858622550964,384.47841444562226,412.88952279757183,0.0,42.0,42,15.0,1,,25.544726301735647,25.0,12.0,40.0,19133.0,5.101346114278357,0.5274956917774495,3.4584809038022417
ID2988,2988,20,0.1387750506401062,191.24021896131518,414.9109419968667,0.0,42.0,42,15.0,1,,9.296395193591454,8.0,0.0,28.0,6963.0,5.926037022790597,0.4847199917887092,1.0242986221455317
ID2989,2989,2,0.208085834980011,2909.6260498842303,607.3658705869466,0.0,42.0,42,15.0,1,,11.92256341789052,9.0,0.0,40.0,8930.0,9.573910954265802,0.5413949192497677,0.8748034873758728
ID2990,2990,3,0.23856288194656372,2180.4960922672267,716.1419158449249,0.0,42.0,42,15.0,1,,12.805073431241656,9.0,0.0,44.0,9591.0,11.05392353704249,0.5833094651068539,0.8535497282592962
ID2991,2991,26,0.13089537620544434,2622.1118283099836,1059.1794833541892,0.0,42.0,42,15.0,1,,10.118825100133511,9.0,0.0,23.0,7579.0,4.685628352341613,0.48476668896574215,1.4101548323754354
ID2992,2992,5,0.22166897356510162,2367.6359464316592,1224.9403902340173,0.0,42.0,42,15.0,1,,12.467289719626168,9.0,0.0,37.0,9338.0,9.700629052190187,0.5874526977175905,0.9512052950362894
ID2993,2993,39,0.17143620550632477,1260.8661959302754,1245.1069801380258,0.0,42.0,42,15.0,1,,11.125500667556743,10.0,0.0,37.0,8333.0,7.14331920569128,0.5143712073035042,1.0580198332461446
ID2994,2994,6,0.12495334446430206,394.24201202546345,1342.6165923898445,0.0,42.0,42,15.0,1,,12.740987983978638,13.0,5.0,22.0,9543.0,3.052515327516268,0.4684258129906087,2.662956409565347
ID2995,2995,42,0.10742677748203278,3039.5196653438634,1388.7474281353736,0.0,42.0,42,15.0,1,,8.392523364485982,8.0,0.0,22.0,6286.0,4.395944614292442,0.461790775090955,1.2062307034638242
ID2996,2996,8,0.18440330028533936,689.8875378959126,1452.816179107064,0.0,42.0,42,15.0,1,,11.232309746328438,9.0,0.0,36.0,8413.0,7.882626440753348,0.5400591274335149,0.9993831816074364
ID2997,2997,9,0.1880646049976349,2368.1137787507027,1605.687504170706,0.0,42.0,42,15.0,1,,12.293724966622163,11.0,0.0,32.0,9208.0,6.879344082819016,0.5697064386432814,1.2971767161507353
ID2998,2998,30,0.1033669039607048,2813.5167499414424,1641.3535007323665,0.0,42.0,42,15.0,1,,7.271028037383178,6.0,0.0,28.0,5446.0,5.715161993812857,0.34737916017878984,0.6560111261279786
ID2999,2999,11,0.15597006678581238,2587.3730803226745,1710.0445420434933,0.0,42.0,42,15.0,1,,9.770360480640855,8.0,0.0,32.0,7318.0,7.3869828784389755,0.4615451339755002,0.8353633855178805
ID3000,3000,13,0.2164849489927292,493.91449755185783,1784.6875579253378,0.0,42.0,42,15.0,1,,12.770360480640855,10.0,0.0,40.0,9565.0,9.072236987688829,0.5812109785770823,1.0348150920338515
ID3001,3001,14,0.21174772083759308,2346.4371248507637,1835.4567372389254,0.0,42.0,42,15.0,1,,12.607476635514018,11.0,0.0,39.0,9443.0,8.676494009867342,0.5890055677838464,1.0772286056989775
ID3002,3002,15,0.17385990917682648,445.46664467443986,1910.6289976659718,0.0,42.0,42,15.0,1,,10.476635514018692,8.0,0.0,33.0,7847.0,7.931764570375247,0.5088803192742299,0.8909285508059872
ID3003,3003,17,0.18877094984054565,717.0451346147119,1951.848206651907,0.0,42.0,42,15.0,1,,11.503337783711615,10.0,0.0,33.0,8616.0,7.620269344786067,0.566128747809622,1.0913681952178964
ID3004,3004,43,0.11244218051433563,2797.1353785137144,1968.1442058291425,0.0,42.0,42,15.0,1,,7.496662216288384,6.0,0.0,27.0,5615.0,6.034575251827957,0.38869996413864744,0.6954362222953732
ID3005,3005,41,0.10121753066778183,145.5437792898882,2006.6680104108066,0.0,42.0,42,15.0,1,,9.188251001335113,9.0,0.0,23.0,6882.0,4.691905734724986,0.34967279768012166,1.0147216383368896
ID3008,3008,18,0.1311337649822235,995.2186094840536,147.72592796314626,0.0,43.0,43,15.0,1,,9.56875834445928,9.0,0.0,25.0,7167.0,5.073221738089513,0.4788247229173236,1.2214103654613844
ID3009,3009,0,0.16649961471557617,2480.6574819291827,389.3700140670602,0.0,43.0,43,15.0,1,,10.160213618157544,8.0,0.0,32.0,7610.0,7.6149633134025425,0.4953750511294204,0.8839933926764192
ID3010,3010,21,0.289798766374588,382.85840100620794,413.32550323597036,0.0,43.0,43,15.0,1,,25.744993324432578,26.0,12.0,38.0,19283.0,5.12859939143912,0.5263078950003383,3.461957538362224
ID3011,3011,20,0.11949539184570312,185.30320670849082,425.3967444973632,0.0,43.0,43,15.0,1,,8.875834445927904,8.0,0.0,27.0,6648.0,5.497380587165927,0.41116181758290493,0.9408477365322766
ID3012,3012,,0.10020183026790619,1441.550991457579,466.63745215082605,0.0,43.0,43,15.0,1,,9.556742323097463,10.0,0.0,23.0,7158.0,5.169692433272685,0.33976581323055743,0.9376180364918693
ID3013,3013,2,0.2573949098587036,2903.5057767490525,607.1851685539297,0.0,43.0,43,15.0,1,,14.130841121495328,10.0,0.0,51.0,10584.0,11.315786708710231,0.5982299545597047,0.9348504586145864
ID3014,3014,3,0.19657593965530396,2191.089355722629,724.1255959885293,0.0,43.0,43,15.0,1,,11.961281708945261,11.0,0.0,33.0,8959.0,8.09286650048043,0.5782033098005698,1.082986297451809
ID3015,3015,26,0.12533330917358398,2625.419748038943,1059.5656289121803,0.0,43.0,43,15.0,1,,9.511348464619493,9.0,0.0,24.0,7124.0,4.587991990557019,0.49432204247530886,1.3715612655677594
ID3016,3016,5,0.2073291540145874,2367.8184748550143,1228.5432004732586,0.0,43.0,43,15.0,1,,12.465954606141523,10.0,0.0,36.0,9337.0,8.571840310776011,0.5673680045995376,1.0528714007757094
ID3017,3017,39,0.13141591846942902,1268.6739749352882,1250.2722913936213,0.0,43.0,43,15.0,1,,9.688918558077436,9.0,0.0,26.0,7257.0,5.442764664938551,0.4520859786170803,1.1084457694877128
ID3018,3018,6,0.1390293538570404,393.78228682002816,1343.1095665884418,0.0,43.0,43,15.0,1,,14.205607476635514,14.0,4.0,24.0,10640.0,3.4872449878202936,0.44964132865003226,2.5270451858795018
ID3019,3019,42,0.10481932759284973,3043.34916546519,1392.6928254766506,0.0,43.0,43,15.0,1,,8.814419225634179,8.0,0.0,21.0,6602.0,3.948059205117951,0.42997720310502474,1.3426300332898506
ID3020,3020,8,0.2192864567041397,693.6329011801053,1450.2274561060528,0.0,43.0,43,15.0,1,,12.688918558077436,10.0,0.0,40.0,9504.0,8.816801385034395,0.6138239557396308,1.0947910132236855
ID3021,3021,9,0.18031726777553558,2364.2990176885264,1610.8950857064476,0.0,43.0,43,15.0,1,,11.07743658210948,9.0,0.0,31.0,8297.0,7.514647788686991,0.5412397348278013,1.0353331351802655
ID3022,3022,30,0.11892004311084747,2815.5946347392487,1649.926766809148,0.0,43.0,43,15.0,1,,8.22429906542056,7.0,0.0,30.0,6160.0,6.262988403255862,0.39167289361214225,0.7391517862325888
ID3023,3023,11,0.12980115413665771,2583.252649805501,1710.4088419156267,0.0,43.0,43,15.0,1,,8.176234979973298,6.0,0.0,29.0,6124.0,6.677716253467421,0.4247292056955964,0.7300207374157854
ID3024,3024,13,0.19707009196281433,502.6679363970624,1789.6783305131419,0.0,43.0,43,15.0,1,,12.145527369826436,10.0,0.0,36.0,9097.0,8.449847126792386,0.5306640848396041,0.9966377301706705
ID3025,3025,14,0.2175510972738266,2348.464355468749,1826.579533261209,0.0,43.0,43,15.0,1,,12.492656875834445,10.0,0.0,41.0,9357.0,9.269668323045554,0.5956323078840028,1.0061576595721222
ID3026,3026,15,0.15544772148132324,447.51723212655133,1915.787278308221,0.0,43.0,43,15.0,1,,9.806408544726303,8.0,0.0,30.0,7345.0,7.074935917302545,0.4885310840138496,0.9098122110814858
ID3027,3027,17,0.20473745465278625,712.8686693835837,1947.224075908194,0.0,43.0,43,15.0,1,,12.542056074766355,10.0,0.0,38.0,9394.0,8.093366039032905,0.5850701467628712,1.1440078469119757
ID3028,3028,43,0.10835251212120056,2800.3990717514357,1976.6385297001145,0.0,43.0,43,15.0,1,,7.377837116154873,6.0,0.0,27.0,5526.0,5.951685162896827,0.3690756385798875,0.6683547612620633
ID3029,3029,41,0.1016218438744545,146.93028614270244,2006.4156730606383,0.0,43.0,43,15.0,1,,8.950600801068092,9.0,0.0,22.0,6704.0,4.970658860238329,0.3548769249085407,0.9432919761918838
ID3006,3006,24,0.16707469522953033,1110.2909941050943,41.40256032836649,0.0,43.0,43,15.0,1,,10.532710280373832,8.0,0.0,33.0,7889.0,7.43100606021956,0.4975758165122321,0.9418743384163881
ID3007,3007,34,0.16839617490768433,2232.325385562996,140.8010982387998,0.0,43.0,43,15.0,1,,10.192256341789053,8.0,0.0,31.0,7634.0,7.607194305145173,0.5125630688671546,0.9080497500335339
ID3040,3040,6,0.12047019600868225,393.8956920704548,1343.0374019052301,0.0,44.0,44,15.0,1,,12.714285714285714,13.0,3.0,22.0,9523.0,3.151872616893724,0.4196378400913557,2.384791314620532
ID3041,3041,42,0.12293096631765366,3045.0208559839484,1396.7767042715845,0.0,44.0,44,15.0,1,,9.097463284379172,9.0,0.0,25.0,6814.0,4.846836608270712,0.4798409576695773,1.217234350665856
ID3042,3042,8,0.20855404436588287,688.7599268756999,1453.3490043159509,0.0,44.0,44,15.0,1,,12.427236315086782,10.0,0.0,35.0,9308.0,8.682707965791222,0.5765639096931049,1.0468518667414628
ID3043,3043,9,0.18831270933151245,2366.3755295753376,1611.5295718105872,0.0,44.0,44,15.0,1,,12.202937249666222,11.0,0.0,31.0,9140.0,7.168069566316614,0.5564762547967421,1.2172962945834338
ID3044,3044,11,0.17147429287433624,2584.7384965506253,1705.294628364706,0.0,44.0,44,15.0,1,,9.997329773030708,8.0,0.0,34.0,7488.0,8.427577174459975,0.49192998789600073,0.7822870300689604
ID3045,3045,13,0.19746065139770508,490.8067270982862,1783.9980358257778,0.0,44.0,44,15.0,1,,12.419225634178906,11.0,0.0,35.0,9302.0,7.904879285090656,0.5609486712001484,1.1291815464952695
ID3046,3046,14,0.19841106235980988,2352.656369517232,1823.8264660923314,0.0,44.0,44,15.0,1,,12.10146862483311,10.0,0.0,34.0,9064.0,8.033709759050542,0.5659696561966738,1.0888341722686288
ID3047,3047,15,0.1621106117963791,450.37372743520734,1924.8207183688749,0.0,44.0,44,15.0,1,,10.137516688918558,8.0,0.0,31.0,7593.0,7.333429771985522,0.494380574036589,0.914649338368519
ID3048,3048,17,0.19767506420612335,715.2923743259018,1944.361609324637,0.0,44.0,44,15.0,1,,11.855807743658211,9.0,0.0,37.0,8880.0,8.143468498921985,0.5688521809743587,1.0557695319401712
ID3049,3049,41,0.1002187430858612,136.42756510082128,2007.7193081901082,0.0,44.0,44,15.0,1,,8.425901201602136,8.0,0.0,25.0,6311.0,4.884924084474758,0.36306441211232765,0.9188737422952273
ID3030,3030,24,0.17170551419258118,1115.5675470946435,39.83953564467443,0.0,44.0,44,15.0,1,,10.550066755674232,9.0,0.0,36.0,7902.0,7.644628019883156,0.5136321712921327,0.9366141474838783
ID3031,3031,34,0.1881595253944397,2229.282845821214,139.61359232956573,0.0,44.0,44,15.0,1,,10.500667556742323,7.0,0.0,34.0,7865.0,9.009742919096555,0.5398685384958457,0.8172197975159722
ID3032,3032,18,0.1331448256969452,996.6204663250089,146.70142668292775,0.0,44.0,44,15.0,1,,9.634178905206943,9.0,0.0,25.0,7216.0,5.194063484529157,0.48513119413521366,1.2118024594721548
ID3033,3033,44,0.15785083174705505,2470.230345858822,372.8701329961457,0.0,44.0,44,15.0,1,,9.942590120160213,9.0,0.0,29.0,7447.0,6.915120549404031,0.5250063330943753,0.9899714530547157
ID3034,3034,21,0.2801305651664734,383.89342023430174,413.0966506264743,0.0,44.0,44,15.0,1,,25.895861148197596,26.0,11.0,39.0,19396.0,5.2123204991675225,0.49581152127027467,3.2935858006626937
ID3035,3035,20,0.15810416638851166,177.9333824417152,421.1619871486513,0.0,44.0,44,15.0,1,,10.093457943925234,8.0,0.0,32.0,7560.0,7.380732426729765,0.4679642745933442,0.8719021031622386
ID3036,3036,2,0.2410650998353958,2896.4153945105945,613.1198273291185,0.0,44.0,44,15.0,1,,13.57543391188251,10.0,0.0,41.0,10168.0,10.145531140241925,0.6113294404300952,1.0153128815975845
ID3037,3037,3,0.23814591765403748,2192.455976107822,725.1981345329428,0.0,44.0,44,15.0,1,,12.861148197596796,9.0,0.0,47.0,9633.0,10.835643759612395,0.5909419769664519,0.88175010435378
ID3038,3038,5,0.20122268795967102,2365.4520570898253,1235.769513616243,0.0,44.0,44,15.0,1,,12.644859813084112,11.0,0.0,35.0,9471.0,8.140603709618793,0.5448095183848992,1.0956129349026715
ID3039,3039,39,0.11921308934688568,1264.66907343604,1247.5356431295975,0.0,44.0,44,15.0,1,,8.863818424566087,8.0,0.0,23.0,6639.0,5.138991853642017,0.4473473374974619,1.066215539169897
ID3072,3072,17,0.1722368746995926,716.667373890516,1948.0681117992353,0.0,45.0,45,15.0,1,,10.740987983978638,9.0,0.0,32.0,8045.0,7.273473126508948,0.5342189599782874,1.0284053797913408
ID3073,3073,,0.10330147296190262,2793.327318767961,1980.1222623857948,0.0,45.0,45,15.0,1,,7.158878504672897,6.0,0.0,26.0,5362.0,5.707918959438586,0.3542432607271865,0.6561484435309685
ID3074,3074,41,0.11480879783630371,123.19559468713557,2003.506487409705,0.0,45.0,45,15.0,1,,9.304405874499333,9.0,0.0,25.0,6969.0,5.326328944738488,0.3846454168266506,0.9705382315160673
ID3050,3050,24,0.163473442196846,1110.5026685980033,47.031290656685385,0.0,45.0,45,15.0,1,,10.17890520694259,8.0,0.0,31.0,7624.0,7.498130489122704,0.4871265553759983,0.8893484410763124
ID3051,3051,18,0.12142373621463776,991.6840942453458,144.26634437916331,0.0,45.0,45,15.0,1,,9.19626168224299,9.0,0.0,24.0,6888.0,4.891626252758019,0.4483454887396624,1.1639348787748376
ID3052,3052,34,0.18100829422473907,2225.6816648113727,145.6276536718172,0.0,45.0,45,15.0,1,,10.297730307076101,8.0,0.0,37.0,7713.0,8.748919424608472,0.5112905927891864,0.7964103872619581
ID3053,3053,44,0.1765947937965393,2477.7376602652394,372.3486025880082,0.0,45.0,45,15.0,1,,10.516688918558078,8.0,0.0,35.0,7877.0,8.071459041224738,0.5110325544619446,0.8813161367782743
ID3054,3054,21,0.27736586332321167,383.7392578844767,413.03161830418566,0.0,45.0,45,15.0,1,,24.572763684913216,25.0,10.0,36.0,18405.0,5.008987160951051,0.5363415579708459,3.4252143283087535
ID3055,3055,20,0.16667625308036804,178.40598129076113,423.126546936138,0.0,45.0,45,15.0,1,,10.365821094793057,9.0,0.0,35.0,7764.0,7.379673360236141,0.5234278947096629,0.9652315860546238
ID3056,3056,,0.10181009024381638,1432.238578377757,463.95937566314643,0.0,45.0,45,15.0,1,,10.186915887850468,11.0,0.0,23.0,7630.0,5.182218644023654,0.34564654163788416,1.009853092603365
ID3057,3057,2,0.23532751202583313,2893.839509745676,613.6680408350087,0.0,45.0,45,15.0,1,,13.392523364485982,11.0,0.0,43.0,10031.0,9.991212591669075,0.5861703414925227,0.990713826232527
ID3058,3058,45,0.10107914358377457,996.6458796957429,671.7530796193653,0.0,45.0,45,15.0,1,,9.71562082777036,10.0,0.0,25.0,7277.0,5.238997541106053,0.33747082057286,0.9358457446437345
ID3059,3059,,0.10475141555070877,1245.4416507744654,695.0490580477103,0.0,45.0,45,15.0,1,,10.542056074766355,11.0,0.0,24.0,7896.0,5.221808089553278,0.36392416194730737,1.0773456898305878
ID3060,3060,3,0.23175989091396332,2184.711609892156,728.318975632927,0.0,45.0,45,15.0,1,,12.719626168224298,9.0,0.0,46.0,9527.0,11.003956598543521,0.5355048968513739,0.8062462638821483
ID3061,3061,26,0.11056697368621826,2618.475663739272,1065.632743385577,0.0,45.0,45,15.0,1,,9.009345794392523,9.0,0.0,21.0,6748.0,4.170005991903653,0.4377539907198159,1.315624962377143
ID3062,3062,5,0.21305249631404877,2362.604970229226,1241.0901126489039,0.0,45.0,45,15.0,1,,13.097463284379172,11.0,0.0,37.0,9810.0,8.348835550769788,0.5716633367799189,1.1412271534028737
ID3063,3063,39,0.13062214851379395,1267.5738875212312,1249.677971792544,0.0,45.0,45,15.0,1,,9.134846461949266,8.0,0.0,25.0,6842.0,5.658907666006215,0.46842833712372955,1.0298857348637793
ID3064,3064,6,0.12736350297927856,393.8094047975888,1346.3994686594679,0.0,45.0,45,15.0,1,,13.918558077436582,14.0,5.0,23.0,10425.0,2.9460460320389674,0.4217834520586058,2.80311422230785
ID3065,3065,42,0.11659236997365952,3050.6246023741687,1404.8396062048953,0.0,45.0,45,15.0,1,,9.229639519359145,9.0,0.0,26.0,6913.0,4.430464238943109,0.49571302561425523,1.3808533389720747
ID3066,3066,8,0.21634219586849213,687.2443764784691,1452.5057282264113,0.0,45.0,45,15.0,1,,12.716955941255007,10.0,0.0,38.0,9525.0,8.858664046527133,0.5883423629327055,1.0634839295028073
ID3067,3067,9,0.16253912448883057,2363.2794855135526,1602.6621083572968,0.0,45.0,45,15.0,1,,10.580774365821094,9.0,0.0,27.0,7925.0,6.476857521728822,0.5334100228903331,1.1365432830010376
ID3068,3068,11,0.17456917464733124,2582.9791776148386,1714.1736992640542,0.0,45.0,45,15.0,1,,10.014686248331108,7.0,0.0,38.0,7501.0,8.604565885577015,0.4971512556249093,0.7729675120325644
ID3069,3069,13,0.18163885176181793,489.66295047366765,1784.7543888148589,0.0,45.0,45,15.0,1,,11.160213618157544,9.0,0.0,33.0,8359.0,7.692865502103271,0.5564919624386221,1.037352546456936
ID3070,3070,14,0.22384585440158844,2352.6526832878667,1822.823005235097,0.0,45.0,45,15.0,1,,12.708945260347129,9.0,0.0,42.0,9519.0,9.996426505006387,0.5560957747383101,0.9086737856116295
ID3071,3071,15,0.15820787847042084,446.39564793037823,1928.3666831270139,0.0,45.0,45,15.0,1,,9.572763684913218,7.0,0.0,33.0,7170.0,7.602884723701117,0.47810365691503065,0.8145281573989923
ID3075,3075,24,0.1695679873228073,1106.3416711315506,52.56364185333183,0.0,46.0,46,15.0,1,,10.455273698264353,8.0,0.0,35.0,7831.0,8.041648910789425,0.46700430308035396,0.8277702009219559
ID3076,3076,34,0.14533363282680511,2223.2156983744608,144.4485954221374,0.0,46.0,46,15.0,1,,9.141522029372497,8.0,0.0,31.0,6847.0,6.833485368335827,0.4673738864454413,0.8521771683560141
ID3077,3077,18,0.14744849503040314,985.7445637129072,147.57607237516646,0.0,46.0,46,15.0,1,,10.277703604806408,10.0,0.0,25.0,7698.0,5.930326037582785,0.49222813267151894,1.1433487525919235
ID3078,3078,44,0.17735637724399567,2475.507689653766,372.8810563815723,0.0,46.0,46,15.0,1,,10.688918558077436,9.0,0.0,35.0,8006.0,7.757394094264686,0.5366362043100094,0.9624026637263794
ID3079,3079,21,0.28703105449676514,383.5294558980962,413.0993833242477,0.0,46.0,46,15.0,1,,25.255006675567422,25.0,14.0,38.0,18916.0,5.06142665058581,0.5357040149638074,3.4811434298022648
ID3080,3080,20,0.16023069620132446,184.16433607876172,427.14484916463806,0.0,46.0,46,15.0,1,,9.890520694259012,8.0,0.0,30.0,7408.0,7.1039853521523595,0.5060762027835647,0.9356556919995309
ID3081,3081,2,0.20518119633197784,2878.5205101237475,615.9351533038023,0.0,46.0,46,15.0,1,,12.280373831775702,10.0,0.0,34.0,9198.0,8.469599733526897,0.5746444548907506,1.0582673782118126
ID3082,3082,45,0.10094805061817169,992.7719451956068,672.9938684116543,0.0,46.0,46,15.0,1,,9.36448598130841,9.0,0.0,23.0,7014.0,5.232750542954417,0.3395290501703579,0.9072118410894859
ID3083,3083,3,0.22315119206905365,2177.528620229804,726.760313591962,0.0,46.0,46,15.0,1,,12.353805073431241,9.0,0.0,44.0,9253.0,10.166346499297129,0.576088997316872,0.888330709692843
ID3084,3084,26,0.12901495397090912,2610.535453263299,1064.6747413567214,0.0,46.0,46,15.0,1,,9.913217623497998,10.0,0.0,22.0,7425.0,4.548220423207811,0.50438156310632,1.4615185532060542
ID3085,3085,5,0.1897779256105423,2354.1115258183495,1243.78113951782,0.0,46.0,46,15.0,1,,11.542056074766355,10.0,0.0,33.0,8645.0,7.667028270775624,0.5778847574996712,1.1026865303554974
ID3086,3086,39,0.11773056536912918,1261.938892173863,1253.5405427012652,0.0,46.0,46,15.0,1,,9.253671562082777,9.0,0.0,21.0,6931.0,4.876797954914033,0.44265468443880135,1.1644262515244759
ID3087,3087,6,0.13424842059612274,393.7864595649067,1344.3789266089204,0.0,46.0,46,15.0,1,,13.359145527369826,13.0,2.0,22.0,10006.0,3.2367355503517876,0.47270471675679293,2.6495719454917843
ID3088,3088,42,0.12951168417930603,3043.1486132288223,1404.3054536964607,0.0,46.0,46,15.0,1,,9.95460614152203,10.0,0.0,24.0,7456.0,4.820086177698849,0.46822442337336806,1.3172278175114753
ID3089,3089,8,0.1940452605485916,683.1039893669837,1452.370480311622,0.0,46.0,46,15.0,1,,11.48064085447263,9.0,0.0,37.0,8599.0,8.327116429950676,0.5635192182949386,0.9938183192331862
ID3090,3090,9,0.1621766984462738,2354.513292445755,1594.186393410014,0.0,46.0,46,15.0,1,,11.097463284379172,10.0,0.0,28.0,8312.0,6.083628989740688,0.5242617044917475,1.254814672889544
ID3091,3091,11,0.16748079657554626,2578.894621029499,1716.0323579103826,0.0,46.0,46,15.0,1,,9.917222963951936,7.0,0.0,34.0,7428.0,7.95230332083967,0.5002903658977544,0.8317138920540763
ID3092,3092,13,0.16996973752975464,485.7570766494666,1787.0760884973731,0.0,46.0,46,15.0,1,,11.367156208277704,10.0,0.0,31.0,8514.0,6.976472305722867,0.49909697870828973,1.084928608386646
ID3093,3093,14,0.19785292446613312,2353.126995998209,1828.5745136340943,0.0,46.0,46,15.0,1,,11.802403204272363,10.0,0.0,40.0,8840.0,8.077561486270564,0.5788070322020051,1.0713340722128593
ID3094,3094,46,0.10078132897615433,2623.1389240579583,1836.837888265979,0.0,46.0,46,15.0,1,,8.651535380507344,9.0,0.0,19.0,6480.0,3.6468524877300075,0.44727430766791937,1.4663177327320318
ID3095,3095,15,0.16504836082458496,447.51510656297864,1934.9705802042092,0.0,46.0,46,15.0,1,,10.632843791722296,9.0,0.0,30.0,7964.0,6.982984671573271,0.5174869830765487,1.0385150536467296
ID3096,3096,17,0.1956448256969452,719.264216589168,1952.2772412817683,0.0,46.0,46,15.0,1,,11.510013351134846,9.0,0.0,37.0,8621.0,8.2922209938301,0.5654543217734067,1.002748643255131
ID3104,3104,3,0.15227974951267242,2170.384175555005,735.6577068703231,0.0,47.0,47,15.0,1,,9.95460614152203,9.0,0.0,30.0,7456.0,6.639137786380083,0.5141585669217297,1.0182821098095056
ID3105,3105,26,0.11371956765651703,2604.877362896557,1061.2545750242077,0.0,47.0,47,15.0,1,,9.068090787716956,8.0,0.0,23.0,6792.0,4.524373589434597,0.44418302765997486,1.2328979200000239
ID3106,3106,5,0.20655083656311035,2352.293603417161,1244.5610382112832,0.0,47.0,47,15.0,1,,12.363150867823766,10.0,0.0,36.0,9260.0,8.377077758382656,0.5829469402743676,1.0869993574357235
ID3107,3107,6,0.1220606118440628,393.3913047002678,1343.710725320493,0.0,47.0,47,15.0,1,,12.65954606141522,13.0,5.0,24.0,9482.0,3.174974050519438,0.44417943329228765,2.452704560803722
ID3108,3108,42,0.12220435589551926,3040.7929425254006,1405.9697337608068,0.0,47.0,47,15.0,1,,9.316421895861149,9.0,0.0,24.0,6978.0,4.714582000213721,0.46431623415972895,1.253184285990041
ID3109,3109,8,0.22380945086479187,680.6785569775833,1457.790375079659,0.0,47.0,47,15.0,1,,13.232309746328438,11.0,0.0,40.0,9911.0,9.063322845118009,0.5841868160814412,1.0767715213194031
ID3110,3110,9,0.14934149384498596,2349.679613216558,1594.4834258125447,0.0,47.0,47,15.0,1,,10.253671562082777,10.0,0.0,26.0,7680.0,5.702729715451399,0.5221848578012582,1.233625921176865
ID3111,3111,11,0.12158741056919098,2573.6036938531565,1722.7415294518355,0.0,47.0,47,15.0,1,,9.476635514018692,9.0,0.0,25.0,7098.0,5.535838646557154,0.3936881694566878,0.9671358908954327
ID3112,3112,13,0.17899802327156067,480.4089694449948,1793.9045236330996,0.0,47.0,47,15.0,1,,11.005340453938585,9.0,0.0,33.0,8243.0,7.826321507567811,0.5302705756948349,0.9745521735059746
ID3113,3113,46,0.10374698787927628,2626.788508860331,1838.3832273805021,0.0,47.0,47,15.0,1,,9.113484646194927,9.0,0.0,20.0,6826.0,4.054665531659496,0.4044972587322685,1.2946551808320284
ID3114,3114,14,0.17273679375648499,2354.503752762078,1841.0808856373574,0.0,47.0,47,15.0,1,,10.946595460614152,9.0,0.0,30.0,8199.0,7.204412623842305,0.5374672294789895,1.0623230569976105
ID3115,3115,15,0.16372500360012054,446.00585942763524,1944.3210031019546,0.0,47.0,47,15.0,1,,10.353805073431241,9.0,0.0,31.0,7755.0,6.9396984068470635,0.5231085591362676,1.0248265089727828
ID3116,3116,17,0.18072155117988586,722.4755206610185,1954.5779557060896,0.0,47.0,47,15.0,1,,11.476635514018692,10.0,0.0,32.0,8596.0,7.056195472593825,0.5711831882933592,1.1825583374433666
ID3117,3117,47,0.10144238919019699,2803.6231497079602,1976.1695015574937,0.0,47.0,47,15.0,1,,7.013351134846462,6.0,0.0,26.0,5253.0,5.778656386845876,0.3636588905801975,0.6473172328837686
ID3118,3118,41,0.13314403593540192,126.97745663469446,2018.1017115662285,0.0,47.0,47,15.0,1,,10.193591455273697,10.0,0.0,26.0,7635.0,5.9748726564401045,0.43347323430161405,1.0318136379011102
ID3097,3097,24,0.15913769602775574,1106.2035550083133,42.53921008456612,0.0,47.0,47,15.0,1,,9.68090787716956,7.0,0.0,33.0,7251.0,7.228206871398101,0.5173297727767229,0.9132780148760807
ID3098,3098,34,0.16491495072841644,2218.273226496625,138.85127716077392,0.0,47.0,47,15.0,1,,9.421895861148197,7.0,0.0,38.0,7057.0,8.295405025027273,0.4898327889306308,0.7468631376156575
ID3099,3099,18,0.13132941722869873,979.9405977454077,148.34295012838797,0.0,47.0,47,15.0,1,,9.65954606141522,9.0,0.0,23.0,7235.0,5.120497793635589,0.4842675288479615,1.2309706358795793
ID3100,3100,44,0.1739320158958435,2469.872005560733,372.39608460447454,0.0,47.0,47,15.0,1,,10.185580774365821,7.0,0.0,35.0,7629.0,8.566287943688062,0.4762548733747172,0.7671869605517866
ID3101,3101,21,0.2870582044124603,383.5558693113617,413.5261809883286,0.0,47.0,47,15.0,1,,25.02803738317757,25.0,9.0,38.0,18746.0,5.344347207921142,0.5407971525223374,3.2873886726608608
ID3102,3102,20,0.13846278190612793,190.6262796699887,433.1613677527793,0.0,47.0,47,15.0,1,,9.676902536715621,9.0,0.0,23.0,7248.0,5.807727013788737,0.4740556553629479,1.0717058927203151
ID3103,3103,2,0.2529996931552887,2871.7131308415924,618.7067816569667,0.0,47.0,47,15.0,1,,13.822429906542055,10.0,0.0,47.0,10353.0,11.34458946504639,0.5876923347172414,0.9020057079654541
ID3136,3136,14,0.22832152247428894,2348.42233428315,1846.6274840324984,0.0,48.0,48,15.0,1,,12.90520694259012,10.0,0.0,42.0,9666.0,9.870029019790298,0.5823377497739246,0.9623926421270339
ID3137,3137,17,0.1655092090368271,722.3207410275718,1943.3605036610995,0.0,48.0,48,15.0,1,,10.969292389853138,10.0,0.0,29.0,8216.0,6.552981699274366,0.531467798841664,1.161819710222463
ID3138,3138,15,0.18828250467777252,450.492503129533,1945.4920392931926,0.0,48.0,48,15.0,1,,11.076101468624833,9.0,0.0,34.0,8296.0,8.354820426156797,0.5553629778240275,0.9467274494012868
ID3139,3139,47,0.10117919743061066,2802.2920328453342,1977.752871127482,0.0,48.0,48,15.0,1,,6.584779706275033,5.0,0.0,24.0,4932.0,5.6592013108571155,0.37095179020434826,0.6296676640703737
ID3140,3140,41,0.11882451176643372,126.47309369536809,2018.3221998754846,0.0,48.0,48,15.0,1,,8.839786381842456,8.0,0.0,25.0,6621.0,5.733238108228483,0.41681149327069983,0.9071923963425268
ID3119,3119,24,0.17101965844631195,1106.4713020261806,48.54765581362107,0.0,48.0,48,15.0,1,,10.460614152202938,8.0,0.0,34.0,7835.0,7.696975595138161,0.5093022561428743,0.9172050728279756
ID3120,3120,34,0.10983619838953018,2221.6545613447956,138.17981700658237,0.0,48.0,48,15.0,1,,7.479305740987984,6.0,0.0,25.0,5602.0,5.969500158110483,0.36007201393929245,0.6634081124056115
ID3121,3121,18,0.12720492482185364,973.3561543073474,152.95949633171622,0.0,48.0,48,15.0,1,,9.735647530040053,9.0,0.0,25.0,7292.0,4.836312375593143,0.47218696400027327,1.2913129879910983
ID3122,3122,44,0.17011141777038574,2469.818077259558,369.7373242216139,0.0,48.0,48,15.0,1,,10.572763684913218,9.0,0.0,32.0,7919.0,7.38361428198977,0.515903244898538,0.9746446352300872
ID3123,3123,21,0.28107088804244995,383.5151021493534,412.86392936960027,0.0,48.0,48,15.0,1,,25.22162883845127,25.0,11.0,37.0,18891.0,5.182138391234363,0.5215921342119815,3.3367748085809956
ID3124,3124,20,0.15483231842517853,195.24965306435314,435.32695950777384,0.0,48.0,48,15.0,1,,10.248331108144193,8.0,0.0,30.0,7676.0,6.403939547637322,0.5023209547449299,1.070174235275639
ID3125,3125,2,0.23510336875915527,2868.7962509945432,617.3798954034129,0.0,48.0,48,15.0,1,,13.120160213618158,11.0,0.0,42.0,9827.0,9.942426885862137,0.6069071274440931,0.9968003660318923
ID3126,3126,3,0.20376819372177124,2166.5814247416233,737.5675472161458,0.0,48.0,48,15.0,1,,11.212283044058745,8.0,0.0,39.0,8398.0,9.896877849661273,0.5354500636121081,0.7901492203476739
ID3127,3127,26,0.1262364536523819,2605.2620138939355,1070.0005049261558,0.0,48.0,48,15.0,1,,9.879839786381842,9.0,0.0,27.0,7400.0,4.584207018121283,0.4866226335373847,1.4109357581356368
ID3128,3128,5,0.18750829994678497,2357.643019474534,1251.2477263303815,0.0,48.0,48,15.0,1,,11.583444592790388,10.0,0.0,33.0,8676.0,7.791057769458924,0.5564591972140431,1.0630822857390396
ID3129,3129,6,0.1365562379360199,394.03614031085505,1344.2548857326556,0.0,48.0,48,15.0,1,,13.724966622162883,14.0,5.0,22.0,10280.0,3.0598624458277692,0.4636087494758843,2.841620097667717
ID3130,3130,42,0.12841691076755524,3045.076479007315,1409.4812850680796,0.0,48.0,48,15.0,1,,9.675567423230975,9.0,0.0,25.0,7247.0,4.737799259500378,0.49475529187803274,1.3519173200368721
ID3131,3131,8,0.20613421499729156,684.3000449095045,1457.7486950350506,0.0,48.0,48,15.0,1,,11.983978638184245,10.0,0.0,34.0,8976.0,8.703970430876659,0.5888242268660641,1.0205244919387848
ID3132,3132,9,0.1748122125864029,2354.348895546076,1587.9402310352275,0.0,48.0,48,15.0,1,,11.711615487316422,11.0,0.0,29.0,8772.0,6.409980201490735,0.547083311771911,1.2922004223591406
ID3133,3133,11,0.15651164948940277,2571.736589787329,1718.3770372485158,0.0,48.0,48,15.0,1,,9.873164218958612,8.0,0.0,31.0,7395.0,7.557705863257025,0.4524232296477175,0.8138569564594211
ID3134,3134,13,0.19298075139522552,483.10572342620986,1794.3675797091714,0.0,48.0,48,15.0,1,,11.630173564753004,10.0,0.0,36.0,8711.0,8.318891431493695,0.5448669782970382,0.9861662453402565
ID3135,3135,46,0.11288850009441376,2620.624480252675,1842.7466904835273,0.0,48.0,48,15.0,1,,9.08010680907877,9.0,0.0,20.0,6801.0,3.949750142956533,0.48206854262418003,1.4955186472821802
ID3141,3141,24,0.12069684267044067,1105.22538102001,39.29768022698656,0.0,49.0,49,15.0,1,,8.962616822429906,8.0,0.0,24.0,6713.0,5.117725471212817,0.43377067484333215,1.0596643759789781
ID3142,3142,34,0.11372828483581543,2225.4513928946085,138.44591154391685,0.0,49.0,49,15.0,1,,7.874499332443258,6.0,0.0,23.0,5898.0,5.750401396969577,0.4023531532600609,0.7857869267900903
ID3143,3143,48,0.13876473903656006,989.3697681663137,142.79409845696543,0.0,49.0,49,15.0,1,,9.391188251001335,8.0,0.0,26.0,7034.0,5.712869167146336,0.4980896327082064,1.0931152861946394
ID3144,3144,44,0.1847262680530548,2462.637617701768,361.2723958973036,0.0,49.0,49,15.0,1,,10.372496662216289,8.0,0.0,36.0,7769.0,8.794221595128636,0.5326156981694524,0.8197786200916191
ID3145,3145,21,0.2697167992591858,383.6346091889619,413.20622597450284,0.0,49.0,49,15.0,1,,24.230974632843793,25.0,11.0,38.0,18149.0,4.960679802436044,0.5319501040185443,3.392235234855985
ID3146,3146,20,0.16961891949176788,201.44299699051436,426.947120749223,0.0,49.0,49,15.0,1,,10.476635514018692,8.0,0.0,33.0,7847.0,7.459950208566978,0.5149300031328128,0.9547101334931508
ID3147,3147,2,0.2116965502500534,2865.7868351761495,609.1107086314058,0.0,49.0,49,15.0,1,,12.791722296395193,10.0,0.0,40.0,9581.0,8.785889626082723,0.5613600607471301,1.0469157164747913
ID3148,3148,3,0.19336917996406555,2165.0892297397177,738.676038935669,0.0,49.0,49,15.0,1,,11.022696929238986,8.0,0.0,38.0,8256.0,9.161402858870325,0.5289063915209804,0.8324416478958047
ID3149,3149,26,0.1207827776670456,2598.287132451266,1071.2412477899848,0.0,49.0,49,15.0,1,,9.556742323097463,9.0,0.0,23.0,7158.0,4.109601131364805,0.5017827447474297,1.55399212076867
ID3150,3150,5,0.19467787444591522,2361.9325587317126,1263.2403555455771,0.0,49.0,49,15.0,1,,11.789052069425901,10.0,0.0,32.0,8830.0,8.038067037155699,0.5591680643276817,1.0519780703690456
ID3151,3151,6,0.1455753743648529,394.4182361525034,1345.0062212826329,0.0,49.0,49,15.0,1,,14.388518024032043,14.0,6.0,26.0,10777.0,3.180392228317879,0.46293234531790717,2.8632459907549332
ID3152,3152,42,0.11661215126514435,3038.6126866115824,1404.7965155728741,0.0,49.0,49,15.0,1,,8.781041388518023,8.0,0.0,22.0,6577.0,4.5090655546456855,0.4668801080933726,1.2396532462020535
ID3153,3153,8,0.19285744428634644,680.981843533344,1458.3203776891776,0.0,49.0,49,15.0,1,,11.612817089452603,10.0,0.0,33.0,8698.0,7.807657436579829,0.5863421837149649,1.0995148469310039
ID3154,3154,9,0.1608423888683319,2358.9165950455317,1589.7787264019858,0.0,49.0,49,15.0,1,,10.819759679572764,10.0,0.0,30.0,8104.0,6.28795082762406,0.5147711813015546,1.169514646386376
ID3155,3155,11,0.17992553114891052,2573.645516324511,1718.146036529364,0.0,49.0,49,15.0,1,,10.610146862483312,8.0,0.0,36.0,7947.0,8.51706080235564,0.5077888712669432,0.8390817753549878
ID3156,3156,13,0.18540515005588531,480.7342551018668,1801.8688735811763,0.0,49.0,49,15.0,1,,11.56875834445928,10.0,0.0,34.0,8665.0,7.68460062886903,0.5453920091567497,1.0625895763016664
ID3157,3157,46,0.1158980131149292,2617.290598247855,1849.8436733280128,0.0,49.0,49,15.0,1,,9.477970627503337,9.0,0.0,19.0,7099.0,3.8426411572390236,0.4666345063476327,1.5695330890638248
ID3158,3158,14,0.22339831292629242,2348.5973030782948,1851.4127862409175,0.0,49.0,49,15.0,1,,12.88785046728972,10.0,0.0,39.0,9653.0,9.580127844539286,0.5650406504065041,0.9713891543499616
ID3159,3159,17,0.17411258816719055,727.3648572777882,1939.1221513836947,0.0,49.0,49,15.0,1,,11.036048064085447,10.0,0.0,32.0,8266.0,6.82497249825703,0.5686177765611575,1.1723194585954397
ID3160,3160,15,0.18487663567066193,451.9283410388044,1944.986733299929,0.0,49.0,49,15.0,1,,10.89452603471295,8.0,0.0,34.0,8160.0,8.382457774298103,0.5164814723926795,0.8852880468816876
ID3161,3161,47,0.12032047659158707,2802.2621288088676,1983.0025907886586,0.0,49.0,49,15.0,1,,7.931909212283044,6.0,0.0,26.0,5941.0,6.516487457456698,0.3801061430044736,0.6704811400436589
ID3162,3162,41,0.11453446745872498,129.2060807737807,2023.4610464447135,0.0,49.0,49,15.0,1,,8.84245660881175,8.0,0.0,24.0,6623.0,5.109680688433842,0.42838061687914625,1.0379944596500899
ID3168,3168,20,0.1619136929512024,206.99615244209636,430.4895205520736,0.0,50.0,50,15.0,1,,10.324432576769025,8.0,0.0,32.0,7733.0,7.010702559620693,0.516740008397408,1.003449663196692
ID3169,3169,2,0.22237160801887512,2866.6834607362453,596.7093915685974,0.0,50.0,50,15.0,1,,13.062750333778371,11.0,0.0,42.0,9784.0,9.109263277142075,0.5887008918950037,1.0627568725840437
ID3170,3170,3,0.20762553811073303,2164.2902186549713,737.2112335750165,0.0,50.0,50,15.0,1,,11.0,7.0,0.0,39.0,8239.0,9.930237946215046,0.5561700212205003,0.7917964620096728
ID3171,3171,5,0.21751077473163605,2364.133035939664,1263.5860276494825,0.0,50.0,50,15.0,1,,12.531375166889186,9.0,0.0,40.0,9386.0,9.389699718676995,0.570659760465487,0.9697776174164663
ID3172,3172,6,0.1553613692522049,393.7568549710262,1345.650327183526,0.0,50.0,50,15.0,1,,15.04539385847797,15.0,4.0,24.0,11269.0,3.3332020802881277,0.4764576153879665,2.913232868749016
ID3173,3173,42,0.11805674433708191,3032.524703024198,1406.6078989378757,0.0,50.0,50,15.0,1,,9.108144192256342,9.0,0.0,23.0,6822.0,4.704111343280788,0.45066077344990374,1.2030015597417045
ID3174,3174,8,0.21107017993927002,678.1830447790071,1456.861615724773,0.0,50.0,50,15.0,1,,12.651535380507344,11.0,0.0,35.0,9476.0,8.42964360788951,0.5894624840474874,1.1131915587745056
ID3175,3175,9,0.16029535233974457,2359.398442307318,1594.188830214551,0.0,50.0,50,15.0,1,,10.567423230974633,10.0,0.0,27.0,7915.0,6.357849702797572,0.5287747756463974,1.149783471679946
ID3176,3176,11,0.18317170441150665,2579.745191939916,1715.4273580562633,0.0,50.0,50,15.0,1,,10.220293724966622,7.0,0.0,35.0,7655.0,8.801787277132938,0.5381139166932442,0.8124716708905876
ID3177,3177,13,0.18339364230632782,483.34148628471195,1806.2815501993268,0.0,50.0,50,15.0,1,,11.461949265687583,10.0,0.0,35.0,8585.0,7.982112820067699,0.5180800992816508,0.9801055282484553
ID3178,3178,14,0.20499920845031738,2343.025558863385,1856.1601489778616,0.0,50.0,50,15.0,1,,12.929238985313752,11.0,0.0,35.0,9684.0,7.762969970464165,0.5845394502708394,1.228813073038769
ID3179,3179,17,0.18970100581645966,730.547351974662,1943.439613802369,0.0,50.0,50,15.0,1,,11.891855807743658,11.0,0.0,32.0,8907.0,7.544718760632621,0.5580049007576305,1.129030745129199
ID3180,3180,15,0.18196138739585876,451.6544394379979,1945.2805877094656,0.0,50.0,50,15.0,1,,10.845126835781041,9.0,0.0,35.0,8123.0,8.075846565195887,0.5340983766144298,0.9350710679285312
ID3181,3181,47,0.11042452603578568,2803.5797080934194,1981.5828367723584,0.0,50.0,50,15.0,1,,7.166889185580774,5.0,0.0,27.0,5368.0,6.169415122761245,0.3831350655471287,0.6435821662524227
ID3182,3182,41,0.11673159152269363,137.16577326641934,2027.991466999042,0.0,50.0,50,15.0,1,,9.415220293724966,8.0,0.0,28.0,7052.0,5.929833312427131,0.4253467693194898,0.9476339227005764
ID3163,3163,24,0.15824924409389496,1116.622710469456,40.892662218750964,0.0,50.0,50,15.0,1,,10.136181575433913,8.0,0.0,30.0,7592.0,6.966891668297162,0.4923307455390413,0.9599689611488915
ID3164,3164,34,0.11949243396520615,2227.172297628505,144.5895599296511,0.0,50.0,50,15.0,1,,8.001335113484647,7.0,0.0,30.0,5993.0,6.089901198772508,0.4291614914221424,0.7890811140818093
ID3165,3165,48,0.1523633897304535,987.8159015781124,146.87767005320694,0.0,50.0,50,15.0,1,,10.403204272363151,9.0,0.0,26.0,7792.0,5.910227733171506,0.5270733398564859,1.2150777287716024
ID3166,3166,44,0.19989463686943054,2460.8408736376637,360.135706625054,0.0,50.0,50,15.0,1,,11.373831775700934,8.0,0.0,40.0,8519.0,9.113171925507327,0.5362762657825647,0.87133766622943
ID3167,3167,21,0.2856299579143524,384.35482979005917,412.9624461470262,0.0,50.0,50,15.0,1,,25.54072096128171,26.0,11.0,37.0,19130.0,4.989830300861097,0.5351803562427492,3.5687664849096845
ID3200,3200,17,0.18033051490783691,732.5065007614741,1946.497900129987,0.0,51.0,51,15.0,1,,10.911882510013351,9.0,0.0,33.0,8173.0,7.608588610858076,0.5543417744328559,1.0229553133244267
ID3201,3201,15,0.18033245205879211,451.74871679180507,1948.7575331155435,0.0,51.0,51,15.0,1,,11.23898531375167,9.0,0.0,35.0,8418.0,7.951072105831818,0.5003605560948887,0.9427983976558544
ID3202,3202,47,0.12981583178043365,2802.429906890933,1974.6900941701629,0.0,51.0,51,15.0,1,,8.377837116154874,6.0,0.0,29.0,6275.0,6.926859303295976,0.3916545986875906,0.680765146570591
ID3203,3203,41,0.11643178015947342,141.95230489458183,2026.5111545158265,0.0,51.0,51,15.0,1,,8.708945260347129,8.0,0.0,28.0,6523.0,5.634423190369718,0.4428730130785188,0.9488492090472617
ID3183,3183,24,0.17901775240898132,1115.191323600255,42.07558621816441,0.0,51.0,51,15.0,1,,10.722296395193592,8.0,0.0,33.0,8031.0,8.171968329434074,0.5076705111630396,0.8836222153261843
ID3184,3184,48,0.1417005956172943,989.4265862961519,149.61887034117942,0.0,51.0,51,15.0,1,,10.241655540720961,10.0,0.0,27.0,7671.0,5.539993188465845,0.4796366498743867,1.1985280726927225
ID3185,3185,34,0.11529844254255295,2229.2129788082243,151.21622030213803,0.0,51.0,51,15.0,1,,7.530040053404539,6.0,0.0,29.0,5640.0,6.314673314001667,0.3869167408999098,0.6653398332503296
ID3186,3186,44,0.19567209482192993,2455.6784788281484,355.7538249405073,0.0,51.0,51,15.0,1,,10.639519359145527,7.0,0.0,36.0,7969.0,9.494909290902799,0.5280706654456722,0.7744792544023597
ID3187,3187,21,0.2800726890563965,383.9766461086189,413.2931408706549,0.0,51.0,51,15.0,1,,25.22429906542056,26.0,10.0,38.0,18893.0,5.0370708316289186,0.5289042282268966,3.4647172774626416
ID3188,3188,20,0.16396349668502808,210.44892767940865,424.36159978675585,0.0,51.0,51,15.0,1,,10.15086782376502,8.0,0.0,30.0,7603.0,7.265399644884356,0.5184591106956565,0.9540806085670522
ID3189,3189,2,0.24456946551799774,2867.0248859426765,596.5406100352886,0.0,51.0,51,15.0,1,,13.349799732977303,10.0,0.0,44.0,9999.0,10.829028160258353,0.6008891354181275,0.9254401933844814
ID3190,3190,,0.10112466663122177,991.4862052871061,677.6370405451869,0.0,51.0,51,15.0,1,,8.974632843791722,9.0,0.0,22.0,6722.0,4.981586149700489,0.3642467516874694,0.9620149029856944
ID3191,3191,3,0.19464750587940216,2163.7533439714116,738.3076752599538,0.0,51.0,51,15.0,1,,10.823765020026702,7.0,0.0,40.0,8107.0,9.613155047995226,0.5111578094202033,0.7617063645707154
ID3192,3192,5,0.21094796061515808,2361.5074177899746,1259.0744962740837,0.0,51.0,51,15.0,1,,12.200267022696929,9.0,0.0,38.0,9138.0,9.165586061078807,0.5661178341711212,0.962324390815743
ID3193,3193,6,0.1433277279138565,393.537996377958,1346.1167951547206,0.0,51.0,51,15.0,1,,14.248331108144193,14.0,5.0,24.0,10672.0,3.439276602423053,0.44919512032379755,2.56823674968936
ID3194,3194,42,0.12308763712644577,3029.74818876322,1404.678342838175,0.0,51.0,51,15.0,1,,9.012016021361816,8.0,0.0,24.0,6750.0,4.953377804981904,0.46199521292557355,1.1498522037365546
ID3195,3195,8,0.20150458812713623,682.4596224422964,1459.0360992928602,0.0,51.0,51,15.0,1,,12.050734312416555,10.0,0.0,35.0,9026.0,8.20688963991041,0.5759328580159668,1.073245459139065
ID3196,3196,9,0.15270400047302246,2360.3023777842795,1597.1028001583948,0.0,51.0,51,15.0,1,,10.770360480640855,10.0,0.0,27.0,8067.0,5.59465247957424,0.5259499581033129,1.327062121702468
ID3197,3197,11,0.188740074634552,2578.455478617153,1718.1464885687428,0.0,51.0,51,15.0,1,,10.718291054739653,8.0,0.0,40.0,8028.0,9.034511919951813,0.5243919674928265,0.8162256257987289
ID3198,3198,13,0.1705402135848999,489.75673557979934,1811.0081825554253,0.0,51.0,51,15.0,1,,11.136181575433913,10.0,0.0,29.0,8341.0,6.666633080505319,0.5601064635654072,1.1994332789690318
ID3199,3199,14,0.188799649477005,2330.8190700477585,1857.5634886054406,0.0,51.0,51,15.0,1,,11.846461949265688,10.0,0.0,33.0,8873.0,7.52245685383895,0.5608820439633864,1.1317758070215564
ID3204,3204,24,0.1596013456583023,1122.4345404890978,46.38967073152186,0.0,52.0,52,15.0,1,,9.966622162883844,8.0,0.0,31.0,7465.0,7.219640987014505,0.49809666103143446,0.9179862635432208
ID3205,3205,48,0.15220922231674194,986.928552865771,151.7943094684613,0.0,52.0,52,15.0,1,,10.248331108144193,10.0,0.0,27.0,7676.0,6.0390673765012455,0.5298440853953983,1.1754771409275855
ID3206,3206,44,0.1940465122461319,2455.1189593065214,356.22278617330375,0.0,52.0,52,15.0,1,,10.80373831775701,8.0,0.0,37.0,8092.0,9.177843985974937,0.5403293186774317,0.8258636146189551
ID3207,3207,21,0.2829408645629883,383.6122029564268,413.4193171789424,0.0,52.0,52,15.0,1,,24.913217623497996,25.0,9.0,41.0,18660.0,5.08186446604387,0.5492620380947428,3.4760934541546438
ID3208,3208,20,0.16721925139427185,203.9397704354573,427.89717285380243,0.0,52.0,52,15.0,1,,10.285714285714286,9.0,0.0,35.0,7704.0,7.401298587357542,0.5189217956647441,0.9495613411667789
ID3209,3209,2,0.2258184850215912,2868.774015397085,591.5736487655853,0.0,52.0,52,15.0,1,,12.97196261682243,10.0,0.0,39.0,9716.0,9.755459955864323,0.5822835643248324,0.9786742199210928
ID3210,3210,3,0.1726316213607788,2168.9633874701503,734.8234904788471,0.0,52.0,52,15.0,1,,10.006675567423231,7.0,0.0,34.0,7495.0,8.151881005839849,0.5191087882824927,0.8389411339292943
ID3211,3211,49,0.11661413311958313,2601.186645125239,1053.3023138294843,0.0,52.0,52,15.0,1,,9.355140186915888,9.0,0.0,22.0,7007.0,4.415506934014714,0.4493721767533786,1.3137900957955209
ID3212,3212,5,0.21977023780345917,2370.8322964820495,1260.6656362640924,0.0,52.0,52,15.0,1,,12.439252336448599,9.0,0.0,40.0,9317.0,9.713852916206068,0.5678971426919192,0.927651529830475
ID3213,3213,6,0.13744793832302094,394.52149261905663,1344.2976889155952,0.0,52.0,52,15.0,1,,13.935914552736982,14.0,4.0,23.0,10438.0,3.315601569563214,0.4415216566915322,2.574743516233371
ID3214,3214,42,0.12327460944652557,3028.6618475774553,1404.3361228347396,0.0,52.0,52,15.0,1,,9.333778371161548,9.0,0.0,24.0,6991.0,4.450343285324421,0.49976833366154555,1.39777903729201
ID3215,3215,8,0.18413101136684418,680.7934948573255,1463.269254734195,0.0,52.0,52,15.0,1,,11.42456608811749,10.0,0.0,39.0,8557.0,7.711109769827191,0.5349482766036251,1.0326921402303306
ID3216,3216,9,0.16391803324222565,2363.1964468091332,1591.290907940426,0.0,52.0,52,15.0,1,,11.16154873164219,10.0,0.0,27.0,8360.0,6.031274619353081,0.540180243461865,1.298113002390403
ID3217,3217,11,0.18719811737537384,2569.0308365411997,1722.1312481065422,0.0,52.0,52,15.0,1,,10.92256341789052,8.0,0.0,33.0,8181.0,8.638112653325807,0.5256604237886284,0.8713308831511419
ID3218,3218,13,0.19152218103408813,489.3343768683426,1816.4364496592132,0.0,52.0,52,15.0,1,,11.475300400534046,10.0,0.0,35.0,8595.0,8.210694169182814,0.5389162949660371,0.9788598158384627
ID3219,3219,14,0.21651284396648407,2321.73475841407,1859.3135408465657,0.0,52.0,52,15.0,1,,12.460614152202938,10.0,0.0,39.0,9333.0,9.182499639113148,0.5756904437382063,0.9915774532638887
ID3220,3220,50,0.10609501600265503,2594.5403365984685,1863.0746196755815,0.0,52.0,52,15.0,1,,8.801068090787718,9.0,0.0,20.0,6592.0,3.821792133847862,0.45941769411118766,1.4498611899148088
ID3221,3221,17,0.1791405826807022,728.8949365489198,1944.9414230058105,0.0,52.0,52,15.0,1,,11.10547396528705,9.0,0.0,31.0,8318.0,7.604061287924436,0.5260945140998579,1.0069405429188296
ID3222,3222,15,0.16617420315742493,451.80247273086775,1946.2666484167084,0.0,52.0,52,15.0,1,,10.005340453938585,8.0,0.0,34.0,7494.0,7.809220746058735,0.4979711453294502,0.8518338579574755
ID3223,3223,47,0.10457324236631393,2800.1092363547073,1972.1328289945134,0.0,52.0,52,15.0,1,,7.3885180240320425,6.0,0.0,25.0,5534.0,5.5270290216497475,0.3741583001060912,0.7279712135166378
ID3224,3224,41,0.10178454965353012,139.70840599011925,2028.3930871297348,0.0,52.0,52,15.0,1,,8.17890520694259,8.0,0.0,26.0,6126.0,4.892429312236087,0.44251131316887204,1.0256655325572852
ID3232,3232,49,0.11109944432973862,2604.9148008945313,1052.151102738614,0.0,53.0,53,15.0,1,,9.193591455273697,9.0,0.0,20.0,6886.0,3.8593121701218576,0.4505664186482027,1.479879956904506
ID3233,3233,5,0.22357308864593506,2376.862094539501,1256.7828680753828,0.0,53.0,53,15.0,1,,12.213618157543392,9.0,0.0,42.0,9148.0,10.094991418074946,0.5928621641100112,0.9006248345537438
ID3234,3234,6,0.14823944866657257,394.20732337248154,1345.924503832819,0.0,53.0,53,15.0,1,,15.088117489986649,15.0,4.0,25.0,11301.0,3.2404083566316904,0.45827398866195523,2.926519267418527
ID3235,3235,42,0.11196140944957733,3036.2256791209793,1412.2628375599047,0.0,53.0,53,15.0,1,,8.779706275033378,8.0,0.0,21.0,6576.0,4.53722740601914,0.4249955158620286,1.1542244929929382
ID3236,3236,8,0.1988501399755478,675.3043439528062,1470.0293817977754,0.0,53.0,53,15.0,1,,11.93324432576769,10.0,0.0,33.0,8938.0,7.989353060244688,0.5881569412689812,1.1063097105075907
ID3237,3237,9,0.1741577833890915,2368.249679170047,1589.5274103702675,0.0,53.0,53,15.0,1,,11.70493991989319,10.0,0.0,28.0,8767.0,6.505221239285713,0.5375089969155595,1.2580710982679388
ID3238,3238,11,0.19753091037273407,2567.658967509258,1722.269243114416,0.0,53.0,53,15.0,1,,11.35113484646195,8.0,0.0,37.0,8502.0,9.130709446358711,0.528234579971821,0.8594122924917306
ID3239,3239,13,0.1771388053894043,491.1454558155259,1818.3474737848874,0.0,53.0,53,15.0,1,,11.07743658210948,9.0,0.0,32.0,8297.0,7.591113989522363,0.522369195922612,1.0014316801391168
ID3240,3240,14,0.2085312306880951,2326.1913984123103,1864.5537219900864,0.0,53.0,53,15.0,1,,12.608811748998665,11.0,0.0,36.0,9444.0,8.458800897503439,0.5653668830515705,1.0767368529477641
ID3241,3241,50,0.10446038097143173,2598.531880161086,1869.4278256817054,0.0,53.0,53,15.0,1,,8.190921228304406,8.0,0.0,21.0,6135.0,4.178455415368823,0.45775247661042795,1.2311015758516033
ID3242,3242,15,0.16442693769931793,447.88360084422175,1947.8976851734487,0.0,53.0,53,15.0,1,,9.730307076101468,8.0,0.0,35.0,7288.0,7.820472415993894,0.5037173008473275,0.833574123528105
ID3243,3243,17,0.19849339127540588,725.5408407578919,1949.0868722794291,0.0,53.0,53,15.0,1,,11.595460614152202,8.0,0.0,42.0,8685.0,8.924402088009023,0.533652154575795,0.9042120069965804
ID3244,3244,47,0.1139373928308487,2801.4100890525874,1960.3592953881441,0.0,53.0,53,15.0,1,,7.907877169559413,7.0,0.0,25.0,5923.0,5.693678303750904,0.40423748754577904,0.7996372339055493
ID3245,3245,41,0.1060744896531105,135.57914073476942,2027.617809868938,0.0,53.0,53,15.0,1,,8.55807743658211,7.0,0.0,22.0,6410.0,4.901260837390168,0.4378506589902449,1.0634341894051091
ID3225,3225,24,0.18582208454608917,1127.1323540372437,49.88324373341543,0.0,53.0,53,15.0,1,,11.15086782376502,9.0,0.0,36.0,8352.0,8.235500297794058,0.5196666168502994,0.926030246306024
ID3226,3226,48,0.1380823403596878,988.7559496867718,155.5550712896865,0.0,53.0,53,15.0,1,,9.608811748998665,9.0,0.0,29.0,7197.0,5.769222906463294,0.4741867876798228,1.0714682240481164
ID3227,3227,44,0.1854906529188156,2460.0772505156947,357.8801932995368,0.0,53.0,53,15.0,1,,10.63150867823765,8.0,0.0,40.0,7963.0,8.751645864702693,0.5168997390715286,0.8279127948437277
ID3228,3228,21,0.2832246422767639,383.47644236111245,412.9858971958105,0.0,53.0,53,15.0,1,,24.598130841121495,25.0,11.0,41.0,18424.0,5.207722230795833,0.5388064018959762,3.307752862083113
ID3229,3229,20,0.16746841371059418,202.01131251308905,426.72202245842215,0.0,53.0,53,15.0,1,,10.018691588785046,8.0,0.0,32.0,7504.0,7.5320827450503165,0.5319567980907702,0.9237527963229346
ID3230,3230,2,0.24515387415885925,2868.3021718568043,590.2190624800489,0.0,53.0,53,15.0,1,,13.779706275033378,10.0,0.0,44.0,10321.0,10.436505982984045,0.6089947014399014,0.9994791291648858
ID3231,3231,3,0.19820760190486908,2163.661340040957,730.2616854890156,0.0,53.0,53,15.0,1,,10.720961281708945,7.0,0.0,41.0,8030.0,9.914384900320712,0.5206980990757278,0.7405270671285457
ID3264,3264,17,0.20972606539726257,729.8818908939406,1951.0330491761022,0.0,54.0,54,15.0,1,,12.275033377837117,10.0,0.0,34.0,9194.0,8.569575514431712,0.6000601205179066,1.0743649488997877
ID3265,3265,47,0.10562174022197723,2797.866657424672,1963.6862087610853,0.0,54.0,54,15.0,1,,7.534045393858478,6.0,0.0,25.0,5643.0,5.487514004520477,0.373236836785571,0.7463140917450815
ID3266,3266,41,0.10087273269891739,126.20900932304684,2028.3455118862946,0.0,54.0,54,15.0,1,,7.441922563417891,6.0,0.0,23.0,5574.0,5.153100363628868,0.45996629271807465,0.9099755408971769
ID3246,3246,24,0.170089989900589,1127.2488089527835,46.43449472418059,0.0,54.0,54,15.0,1,,10.129506008010681,8.0,0.0,33.0,7587.0,8.1436335421613,0.4892393636386712,0.8172537558895904
ID3247,3247,48,0.14723356068134308,993.9731586819023,158.4153960292636,0.0,54.0,54,15.0,1,,10.520694259012016,9.0,0.0,27.0,7880.0,5.7600097991534716,0.48509052126154734,1.193221405160602
ID3248,3248,44,0.16951380670070648,2467.842733850573,361.6952577253703,0.0,54.0,54,15.0,1,,10.213618157543392,8.0,0.0,33.0,7650.0,7.979236180222802,0.4829718615121044,0.8337526194704691
ID3249,3249,21,0.28447213768959045,384.35489784136143,412.94086867166425,0.0,54.0,54,15.0,1,,24.901201602136183,25.0,10.0,39.0,18651.0,5.484627144834768,0.5286264853923877,3.140152426718639
ID3250,3250,20,0.14917200803756714,201.64929788160606,421.8948347820283,0.0,54.0,54,15.0,1,,9.950600801068092,9.0,0.0,29.0,7453.0,6.36492437811246,0.47663299830678824,1.0092472805081314
ID3251,3251,2,0.2287720888853073,2863.761486209376,598.7964961824657,0.0,54.0,54,15.0,1,,11.997329773030708,8.0,0.0,41.0,8986.0,10.63027124099602,0.5959141008268616,0.8428385595421507
ID3252,3252,,0.10003115236759186,1244.0974048662054,698.2348221063205,0.0,54.0,54,15.0,1,,9.563417890520695,10.0,0.0,23.0,7163.0,5.107171958599611,0.36791158547832853,1.007275067910649
ID3253,3253,3,0.19025568664073944,2162.145904980164,728.1365920871135,0.0,54.0,54,15.0,1,,10.528704939919892,7.0,0.0,36.0,7886.0,9.302739005245794,0.5203331812637942,0.7747058961922679
ID3254,3254,5,0.22516894340515137,2378.0705581258885,1259.7041952722705,0.0,54.0,54,15.0,1,,12.728971962616823,10.0,0.0,40.0,9534.0,9.936831322029922,0.567838280966101,0.9278949496243339
ID3255,3255,6,0.12549321353435516,392.23064186210695,1343.9469618754536,0.0,54.0,54,15.0,1,,12.538050734312417,13.0,0.0,21.0,9391.0,3.1047155686356365,0.47196690742639663,2.5897133839923554
ID3256,3256,42,0.10636366903781891,3036.864426912151,1419.263118711601,0.0,54.0,54,15.0,1,,8.785046728971963,8.0,0.0,20.0,6580.0,4.071288625732239,0.4345540222661098,1.3072812923666024
ID3257,3257,8,0.18573138117790222,671.5125731377415,1473.4141894151437,0.0,54.0,54,15.0,1,,11.791722296395193,10.0,0.0,34.0,8832.0,7.458038469003126,0.5482648893620972,1.1197673202746181
ID3258,3258,9,0.14926043152809143,2369.5197653015744,1594.6127719477274,0.0,54.0,54,15.0,1,,10.467289719626168,9.0,0.0,30.0,7840.0,5.568778583970384,0.5190480549989103,1.2845184455933651
ID3259,3259,11,0.1681896448135376,2569.1951493848637,1724.4865600088112,0.0,54.0,54,15.0,1,,10.104138851802404,8.0,0.0,33.0,7568.0,7.889093972226435,0.4993778558093373,0.8531401085930505
ID3260,3260,13,0.14916975796222687,491.8471951319247,1824.7660914651217,0.0,54.0,54,15.0,1,,10.089452603471296,9.0,0.0,27.0,7557.0,6.1375724045270745,0.5077400979794365,1.1071741800338073
ID3261,3261,14,0.23673731088638306,2324.564807575939,1869.6874536816727,0.0,54.0,54,15.0,1,,13.51268357810414,11.0,0.0,39.0,10121.0,9.56648069122176,0.6175852442912454,1.0785719907454212
ID3262,3262,50,0.12081636488437653,2599.888360286923,1872.3590111116314,0.0,54.0,54,15.0,1,,9.544726301735647,9.0,0.0,23.0,7149.0,4.48493492356043,0.466143429765868,1.3532574852753767
ID3263,3263,15,0.1680440604686737,453.60532431284577,1945.5000320113488,0.0,54.0,54,15.0,1,,10.241655540720961,8.0,0.0,32.0,7671.0,7.6701083409169,0.5207825503174268,0.9145089615004997
ID3267,3267,24,0.1663292795419693,1126.8762704524597,46.81338591880504,0.0,55.0,55,15.0,1,,10.412550066755674,9.0,0.0,33.0,7799.0,7.333492323916102,0.5039327273705799,0.9515254539032434
ID3268,3268,48,0.152682363986969,999.8127162962194,158.26891127557772,0.0,55.0,55,15.0,1,,10.09479305740988,9.0,0.0,27.0,7561.0,6.067608142705621,0.5343991993989774,1.158876953463343
ID3269,3269,44,0.170637845993042,2474.6103540845234,359.0085696716232,0.0,55.0,55,15.0,1,,10.51268357810414,9.0,0.0,31.0,7874.0,7.475908678517241,0.5005499250236113,0.9381592219240825
ID3270,3270,21,0.28398093581199646,384.2930969941358,412.88542598737234,0.0,55.0,55,15.0,1,,25.524699599465954,26.0,13.0,40.0,19118.0,4.925758045493147,0.5316280559930088,3.5972625716408753
ID3271,3271,20,0.16259798407554626,204.34467509597067,413.6582843190907,0.0,55.0,55,15.0,1,,9.921228304405874,8.0,0.0,30.0,7431.0,7.478878679102772,0.5039568770388162,0.8890310783769539
ID3272,3272,2,0.22522413730621338,2867.2022888325587,599.246938410785,0.0,55.0,55,15.0,1,,12.013351134846461,8.0,0.0,43.0,8998.0,10.536660376192442,0.5785622512813119,0.8357561213106048
ID3273,3273,3,0.2178889364004135,2162.8719659958974,726.9948989138134,0.0,55.0,55,15.0,1,,11.763684913217624,7.0,0.0,44.0,8811.0,10.589898591519285,0.5360888399193863,0.7753575324192374
ID3274,3274,5,0.22445787489414215,2380.99660989462,1258.3325493743214,0.0,55.0,55,15.0,1,,12.428571428571429,9.0,0.0,42.0,9309.0,10.176742159347741,0.5723386689339889,0.8890975855967648
ID3275,3275,6,0.1287120133638382,390.6620457061807,1343.314896546406,0.0,55.0,55,15.0,1,,12.730307076101468,13.0,1.0,23.0,9535.0,3.6191561838525805,0.4523393051501134,2.191077734093702
ID3276,3276,42,0.11346700042486191,3045.5549912948068,1423.2542222753107,0.0,55.0,55,15.0,1,,8.851802403204273,8.0,0.0,24.0,6630.0,4.72004345845177,0.42343322804130273,1.1157413918127674
ID3277,3277,8,0.19193755090236664,669.8778696661957,1478.7408053227348,0.0,55.0,55,15.0,1,,11.791722296395193,10.0,0.0,33.0,8832.0,7.588295648777717,0.568627071071875,1.1266027866277124
ID3278,3278,9,0.18089842796325684,2367.869769794305,1602.0198489778804,0.0,55.0,55,15.0,1,,11.835781041388518,11.0,0.0,34.0,8865.0,6.874233167549137,0.5580982381618227,1.2334412657976994
ID3279,3279,11,0.17779441177845,2574.7873070727533,1724.4034916810579,0.0,55.0,55,15.0,1,,10.232309746328438,8.0,0.0,36.0,7664.0,8.740585317358633,0.4875943079895817,0.767427357348883
ID3280,3280,13,0.1712227165699005,491.06724961234556,1826.2699093530189,0.0,55.0,55,15.0,1,,10.970627503337784,9.0,0.0,31.0,8217.0,7.084417807782929,0.5266677242838461,1.068438377343946
ID3281,3281,50,0.11493032425642014,2605.5907548853456,1870.2561492280581,0.0,55.0,55,15.0,1,,9.181575433911883,9.0,0.0,24.0,6877.0,4.322758103530852,0.4464109540768299,1.3110806547772689
ID3282,3282,14,0.21929773688316345,2319.6627802248554,1870.7597400120194,0.0,55.0,55,15.0,1,,13.20694259012016,11.0,0.0,36.0,9892.0,8.614044921976115,0.5993754892310916,1.1491419956128468
ID3283,3283,15,0.1818407028913498,452.7525037087727,1946.2506566465875,0.0,55.0,55,15.0,1,,10.511348464619493,8.0,0.0,36.0,7873.0,8.534857242653452,0.5138615355880174,0.8360882573996549
ID3284,3284,17,0.17598730325698853,731.4967799186818,1953.5666703928052,0.0,55.0,55,15.0,1,,10.532710280373832,9.0,0.0,31.0,7889.0,7.431545765007049,0.5697054570594329,1.0287816014134246
ID3285,3285,47,0.11669885367155075,2798.666698244767,1967.8298112915938,0.0,55.0,55,15.0,1,,8.142857142857142,7.0,0.0,27.0,6099.0,5.781645571605095,0.4292960090271326,0.8460382854522737
ID3296,3296,8,0.1907958686351776,665.5674687662391,1476.67414845826,0.0,56.0,56,15.0,1,,11.743658210947931,10.0,0.0,32.0,8796.0,7.701724091349988,0.5665783662386138,1.1029436008227687
ID3297,3297,9,0.1905004233121872,2369.226151413377,1602.3556433670353,0.0,56.0,56,15.0,1,,11.979973297730307,10.0,0.0,33.0,8973.0,7.430308973598366,0.5664311470684564,1.1660435975955608
ID3298,3298,11,0.14736956357955933,2580.5950902884815,1735.510107969063,0.0,56.0,56,15.0,1,,8.636849132176234,6.0,0.0,33.0,6469.0,7.448147219989081,0.47965718298299626,0.7518079650568072
ID3299,3299,13,0.13676263391971588,493.259936404165,1820.5133902568123,0.0,56.0,56,15.0,1,,9.789052069425901,9.0,0.0,28.0,7332.0,5.279446351595078,0.5097076097391228,1.25201786705114
ID3300,3300,50,0.11894897371530533,2613.0236350379982,1866.0886823515996,0.0,56.0,56,15.0,1,,9.149532710280374,9.0,0.0,22.0,6853.0,4.661145049992572,0.4615351208151699,1.239743358636842
ID3301,3301,14,0.2021821290254593,2317.244705640028,1874.866654456706,0.0,56.0,56,15.0,1,,12.23497997329773,10.0,0.0,33.0,9164.0,7.9405076957443885,0.5917324151338691,1.1456192102163973
ID3302,3302,15,0.17138515412807465,456.310275746066,1945.9105429897422,0.0,56.0,56,15.0,1,,10.451268357810413,9.0,0.0,35.0,7828.0,7.405326823829407,0.5371675018176298,0.9863778263624278
ID3303,3303,17,0.1994386613368988,740.0376218296934,1956.7038216786866,0.0,56.0,56,15.0,1,,12.070761014686248,10.0,0.0,37.0,9041.0,8.239176149224107,0.5605528836554011,1.0524923789148457
ID3304,3304,47,0.10725472122430801,2793.3474841993093,1972.9674254935378,0.0,56.0,56,15.0,1,,7.05607476635514,5.0,0.0,26.0,5285.0,6.037277786769165,0.3665917276360472,0.6270409205282668
ID3286,3286,24,0.17655621469020844,1117.433911826592,43.094859431637595,0.0,56.0,56,15.0,1,,10.556742323097463,8.0,0.0,36.0,7907.0,8.064814187321824,0.5168311192351823,0.8920248976944117
ID3287,3287,48,0.16304224729537964,999.0028705848863,158.99030272090906,0.0,56.0,56,15.0,1,,10.930574098798397,10.0,0.0,31.0,8187.0,6.232396584247383,0.5366516029353481,1.2249966613463283
ID3288,3288,44,0.1855345517396927,2479.5011928252206,355.95677003530227,0.0,56.0,56,15.0,1,,11.2456608811749,8.0,0.0,40.0,8423.0,8.632329358728864,0.493968288264465,0.8614789430577343
ID3289,3289,20,0.15943779051303864,213.94926774882214,408.67926163610866,0.0,56.0,56,15.0,1,,9.805073431241656,8.0,0.0,30.0,7344.0,7.673792186745046,0.47333123019847545,0.8209856714811463
ID3290,3290,21,0.2854093015193939,384.22378914782036,413.039291457806,0.0,56.0,56,15.0,1,,25.356475300400533,25.0,13.0,38.0,18992.0,5.106593867625234,0.5258012950051519,3.4222460622412916
ID3291,3291,2,0.23280905187129974,2862.9275296030664,601.3784645856081,0.0,56.0,56,15.0,1,,12.759679572763686,9.0,0.0,43.0,9557.0,10.618238164374107,0.5781785703790637,0.8804874106777234
ID3292,3292,3,0.1952034831047058,2160.3542885328893,731.610126871604,0.0,56.0,56,15.0,1,,10.815754339118826,8.0,0.0,39.0,8101.0,9.31895989373638,0.5468324032148097,0.8205977987545987
ID3293,3293,5,0.2023804485797882,2377.756310936619,1263.7191885800144,0.0,56.0,56,15.0,1,,11.618157543391188,8.0,0.0,40.0,8702.0,9.265310573492673,0.5310882639866037,0.869908856403403
ID3294,3294,6,0.12484122067689896,395.8718102783364,1345.5071701109373,0.0,56.0,56,15.0,1,,12.312416555407209,12.0,0.0,22.0,9222.0,3.4188246029625144,0.4407642603769305,2.2034840979523915
ID3295,3295,42,0.12220962345600128,3050.487783746553,1423.051050288509,0.0,56.0,56,15.0,1,,9.411214953271028,9.0,0.0,23.0,7049.0,4.890423058697294,0.4852880787764508,1.2575295108610873
ID3305,3305,24,0.1580190807580948,1108.468373289718,37.8412236681182,0.0,57.0,57,15.0,1,,9.524699599465954,8.0,0.0,31.0,7134.0,7.578007253032851,0.47725253881013996,0.8121191823283583
ID3306,3306,48,0.15093667805194855,987.3016967067651,155.23046103148104,0.0,57.0,57,15.0,1,,10.110814419225635,9.0,0.0,25.0,7573.0,6.00643620960988,0.5182547151456675,1.1492060117112517
ID3307,3307,44,0.1543595790863037,2478.2520336899547,362.2067673800191,0.0,57.0,57,15.0,1,,9.696929238985314,7.0,0.0,30.0,7263.0,7.294987926418415,0.4624209543929053,0.8406297373340064
ID3308,3308,20,0.16494262218475342,220.25858489753378,406.9342067774787,0.0,57.0,57,15.0,1,,10.320427236315087,8.0,0.0,31.0,7730.0,7.485020465438105,0.4920311970159376,0.9093884117096152
ID3309,3309,21,0.28378716111183167,383.9952278999513,413.1116509890943,0.0,57.0,57,15.0,1,,25.026702269692922,25.0,11.0,41.0,18745.0,5.322169599338777,0.533782033725278,3.272994070798566
ID3310,3310,2,0.2589675784111023,2862.599849626592,606.4193957607276,0.0,57.0,57,15.0,1,,14.129506008010681,10.0,0.0,45.0,10583.0,11.378775034234131,0.6109965080291389,0.9419017243901309
ID3311,3311,3,0.1830749809741974,2173.11742665456,740.390541094175,0.0,57.0,57,15.0,1,,11.230974632843791,10.0,0.0,34.0,8412.0,7.819918468306419,0.536712591425095,1.0032157718434278
ID3312,3312,5,0.1963001787662506,2375.3015669416213,1268.5532876199752,0.0,57.0,57,15.0,1,,11.542056074766355,9.0,0.0,37.0,8645.0,8.58691994621045,0.5400364121969523,0.9426876456518021
ID3313,3313,6,0.13129118084907532,395.37697498360086,1344.0114787810357,0.0,57.0,57,15.0,1,,13.169559412550067,13.0,5.0,23.0,9864.0,3.225787213668802,0.44745627275740923,2.524123925712021
ID3314,3314,42,0.12089452892541885,3048.251815483911,1422.7421672813339,0.0,57.0,57,15.0,1,,8.925233644859814,8.0,0.0,23.0,6685.0,4.876799418916308,0.4840809187880689,1.1939195919249808
ID3315,3315,8,0.17295372486114502,675.2502537846827,1473.4211210557921,0.0,57.0,57,15.0,1,,10.814419225634179,9.0,0.0,33.0,8100.0,7.214365151227437,0.5492064077159173,1.0628240854306423
ID3316,3316,9,0.18843425810337067,2369.2797098334768,1601.495615282686,0.0,57.0,57,15.0,1,,11.962616822429906,10.0,0.0,32.0,8960.0,7.374344280740709,0.5535518879986185,1.156020010072863
ID3317,3317,11,0.1724100559949875,2579.070428621068,1736.8223062300654,0.0,57.0,57,15.0,1,,10.304405874499333,8.0,0.0,33.0,7718.0,8.253875727168275,0.47154710086475354,0.8001030724641718
ID3318,3318,13,0.18611501157283783,488.4797464279486,1832.5378217384807,0.0,57.0,57,15.0,1,,11.696929238985314,10.0,0.0,37.0,8761.0,8.36805446191685,0.48801934513159695,0.9168658998763692
ID3319,3319,50,0.12782521545886993,2614.1672236144777,1866.1101801811901,0.0,57.0,57,15.0,1,,9.802403204272363,9.0,0.0,25.0,7342.0,4.609156730649362,0.5006486670088071,1.4190415741260136
ID3320,3320,14,0.21448534727096558,2321.2672006174816,1876.2301828600728,0.0,57.0,57,15.0,1,,13.036048064085447,11.0,0.0,36.0,9764.0,8.297447154463184,0.5951422154073935,1.172337891325614
ID3321,3321,51,0.10476977378129959,578.9674771854129,1941.7920793034484,0.0,57.0,57,15.0,1,,8.69425901201602,8.0,0.0,22.0,6512.0,4.076308443482402,0.425693664045355,1.2736980914790061
ID3322,3322,15,0.18861651420593262,459.55576186109045,1948.5045188466238,0.0,57.0,57,15.0,1,,11.560747663551401,9.0,0.0,40.0,8659.0,8.467181530864641,0.5011899912209015,0.911682830827354
ID3323,3323,17,0.1821560561656952,737.3154430736533,1955.9907068225089,0.0,57.0,57,15.0,1,,11.16822429906542,9.0,0.0,32.0,8365.0,7.406169178201825,0.5706216680671228,1.0957138954870442
ID3324,3324,47,0.12569105625152588,2790.2934160337704,1978.2531461537176,0.0,57.0,57,15.0,1,,8.647530040053404,7.0,0.0,29.0,6477.0,6.10108125011897,0.41548850018655437,0.8320854519099087
ID3325,3325,,0.10652632266283035,113.77382022946735,2029.7884659551096,0.0,57.0,57,15.0,1,,8.5086782376502,8.0,0.0,30.0,6373.0,5.133406577525353,0.47544921270210583,1.068233765402175
ID3328,3328,44,0.16053499281406403,2478.0142825033386,363.8406921705778,0.0,58.0,58,15.0,1,,9.522029372496663,7.0,0.0,33.0,7132.0,7.933285199585329,0.4814271397425564,0.780111567732159
ID3329,3329,20,0.1570427268743515,223.63481485039975,410.15447052165484,0.0,58.0,58,15.0,1,,9.939919893190922,8.0,0.0,31.0,7445.0,6.994678687409334,0.4899472000700082,0.9345951276119122
ID3330,3330,21,0.27238887548446655,383.7761376875748,413.3140101459225,0.0,58.0,58,15.0,1,,24.61014686248331,25.0,8.0,39.0,18433.0,4.978585543689666,0.5205885931670143,3.384707524961791
ID3331,3331,2,0.22030572593212128,2858.9357672790075,607.6104580461038,0.0,58.0,58,15.0,1,,12.419225634178906,9.0,0.0,39.0,9302.0,9.879647633770665,0.5594786121125013,0.9019596797700872
ID3332,3332,,0.10414032638072968,1243.3493841503876,701.9654332427203,0.0,58.0,58,15.0,1,,10.192256341789053,10.0,0.0,27.0,7634.0,5.690351516681453,0.3380867116009954,0.9051177497334201
ID3333,3333,3,0.18627609312534332,2169.075489303227,743.3497758979299,0.0,58.0,58,15.0,1,,10.822429906542055,8.0,0.0,38.0,8106.0,8.752798114678741,0.5242202401322952,0.850499233596623
ID3334,3334,5,0.21097663044929504,2376.727042922143,1272.0534369639897,0.0,58.0,58,15.0,1,,12.313751668891856,10.0,0.0,40.0,9223.0,8.996825669985512,0.5685738525388596,0.9922314619093925
ID3335,3335,6,0.11920177936553955,396.03253612930575,1345.059818484331,0.0,58.0,58,15.0,1,,12.065420560747663,12.0,3.0,22.0,9037.0,3.318195339466945,0.42671209721454073,2.1750493880584094
ID3336,3336,42,0.10682250559329987,3049.260849418065,1419.565513812402,0.0,58.0,58,15.0,1,,8.18291054739653,8.0,0.0,21.0,6129.0,4.5729297140667935,0.4564813571617679,1.121660402516575
ID3337,3337,8,0.1577949821949005,675.561542444847,1477.0638416530473,0.0,58.0,58,15.0,1,,10.596795727636849,9.0,0.0,28.0,7937.0,6.357259557167762,0.5033847767977622,1.1162578967192291
ID3338,3338,9,0.16636013984680176,2370.6934866062365,1596.5274712131825,0.0,58.0,58,15.0,1,,10.43524699599466,9.0,0.0,30.0,7816.0,6.997718256775621,0.5393519399234495,1.0449863019544916
ID3339,3339,11,0.1681220978498459,2575.2652265704355,1726.6242704644078,0.0,58.0,58,15.0,1,,9.883845126835782,7.0,0.0,34.0,7403.0,7.98836842634462,0.5207266538518621,0.8473376246034163
ID3340,3340,13,0.18816490471363068,482.9784986003766,1829.4729854302213,0.0,58.0,58,15.0,1,,11.646194926568759,9.0,0.0,34.0,8723.0,7.9994352788265415,0.5216267020882465,0.9981743725510133
ID3341,3341,50,0.1308727115392685,2615.5235788567034,1869.8427864243945,0.0,58.0,58,15.0,1,,9.56875834445928,9.0,0.0,27.0,7167.0,5.021572306508427,0.4880761099485467,1.249994977570192
ID3342,3342,14,0.2201017439365387,2317.6890118715414,1876.8376621134305,0.0,58.0,58,15.0,1,,12.890520694259012,10.0,0.0,40.0,9655.0,9.032844310226597,0.587362795611851,1.0561027374898495
ID3343,3343,51,0.10072620958089828,586.1266333766808,1935.8914406466947,0.0,58.0,58,15.0,1,,8.656875834445929,9.0,0.0,20.0,6484.0,3.743946466808395,0.42927100896275205,1.388924146947177
ID3344,3344,15,0.18206411600112915,458.83767141855867,1950.607625487143,0.0,58.0,58,15.0,1,,11.272363150867823,9.0,0.0,35.0,8443.0,7.978785199409721,0.5239382628854626,0.9714510819363347
ID3345,3345,17,0.20984533429145813,732.1092910610104,1951.1684812408964,0.0,58.0,58,15.0,1,,12.528704939919892,10.0,0.0,38.0,9384.0,8.717846411118394,0.5618219091958007,1.0339371118564524
ID3346,3346,47,0.1352551430463791,2792.0822337683435,1983.8404338633254,0.0,58.0,58,15.0,1,,8.506008010680908,6.0,0.0,32.0,6371.0,7.1885625663263975,0.39984031301804457,0.6759612626347272
ID3326,3326,24,0.14674831926822662,1110.1445715305485,42.31903165614618,0.0,58.0,58,15.0,1,,9.408544726301736,8.0,0.0,28.0,7047.0,6.612961801525704,0.47960595759138624,0.9223482609265333
ID3327,3327,48,0.13919097185134888,985.5950124413561,155.55555680815715,0.0,58.0,58,15.0,1,,9.934579439252337,9.0,0.0,26.0,7441.0,5.562694975555822,0.4846326302394387,1.165971368934875
ID3360,3360,11,0.14763393998146057,2571.522579001644,1719.6207672350947,0.0,59.0,59,15.0,1,,9.464619492656876,8.0,0.0,27.0,7089.0,6.587168739355512,0.4931010923108951,0.9490325695052254
ID3361,3361,13,0.1711573600769043,488.51591370581787,1826.4505548323841,0.0,59.0,59,15.0,1,,10.7369826435247,9.0,0.0,32.0,8042.0,7.286092677036244,0.5226149071920413,1.0116010506414808
ID3362,3362,50,0.11355425417423248,2608.769246432669,1868.981706909399,0.0,59.0,59,15.0,1,,8.688918558077436,8.0,0.0,21.0,6508.0,4.401706952569595,0.47300328173682615,1.2677541359684243
ID3363,3363,14,0.22245803475379944,2324.233206876027,1875.88723058315,0.0,59.0,59,15.0,1,,12.883845126835782,10.0,0.0,40.0,9650.0,9.264596412826617,0.586793275778505,1.028522420430891
ID3364,3364,51,0.11607763916254044,592.8083928430322,1927.8106564433676,0.0,59.0,59,15.0,1,,9.287049399198931,9.0,0.0,24.0,6956.0,4.65569692698082,0.4310530717559983,1.2017055147003242
ID3365,3365,17,0.17567932605743408,731.6635613210648,1949.4014624322563,0.0,59.0,59,15.0,1,,11.376502002670227,10.0,0.0,32.0,8521.0,7.28449992000513,0.5052670535759668,1.0484468635389783
ID3366,3366,15,0.16947348415851593,454.5472705165602,1953.5904526506101,0.0,59.0,59,15.0,1,,10.0347129506008,7.0,0.0,35.0,7516.0,8.152219725218496,0.5011622404931778,0.8218825941760014
ID3367,3367,47,0.1429959237575531,2791.9816241908607,1977.7939239868458,0.0,59.0,59,15.0,1,,8.857142857142858,7.0,0.0,32.0,6634.0,7.322563682525721,0.42670362428743275,0.7235241887612411
ID3347,3347,24,0.16289985179901123,1111.0116471663844,42.348146676902395,0.0,59.0,59,15.0,1,,10.267022696929239,9.0,0.0,30.0,7690.0,7.267298693114157,0.49375794508068854,0.9339752677036642
ID3348,3348,48,0.15453389286994934,993.6574770049787,150.23683614972936,0.0,59.0,59,15.0,1,,10.700934579439252,10.0,0.0,27.0,8015.0,5.77716893846592,0.526125585777164,1.2771319975751312
ID3349,3349,44,0.16501417756080627,2473.7260564405315,360.51986440754587,0.0,59.0,59,15.0,1,,10.08411214953271,8.0,0.0,34.0,7553.0,8.044138010355839,0.4583410126924447,0.7879846909535766
ID3350,3350,21,0.300824910402298,383.999249076058,413.0190793988195,0.0,59.0,59,15.0,1,,27.089452603471294,27.0,12.0,43.0,20290.0,5.134423861524888,0.526932826449194,3.6414456295377273
ID3351,3351,20,0.14799991250038147,219.9871294704166,423.5533072957852,0.0,59.0,59,15.0,1,,9.504672897196262,8.0,0.0,31.0,7119.0,6.6351875202556965,0.482248003264735,0.9321022018316562
ID3352,3352,2,0.2313038408756256,2855.9610180356262,605.9455880071691,0.0,59.0,59,15.0,1,,12.604806408544727,8.0,0.0,45.0,9441.0,10.744543615680648,0.5622165947699191,0.8443852066486558
ID3353,3353,3,0.19584670662879944,2170.896668673553,749.492097881675,0.0,59.0,59,15.0,1,,11.209612817089452,8.0,0.0,39.0,8396.0,9.151874445485568,0.5246389628242139,0.8429543983631586
ID3354,3354,5,0.21321244537830353,2388.8124650534287,1280.8525523154944,0.0,59.0,59,15.0,1,,12.068090787716956,9.0,0.0,43.0,9039.0,9.491026395771042,0.5691000178760527,0.9223449091371829
ID3355,3355,,0.11298394203186035,1254.3896027395617,1287.0259071749595,0.0,59.0,59,15.0,1,,8.663551401869158,8.0,0.0,25.0,6489.0,5.091832475535543,0.4272302572254669,1.0186378371581153
ID3356,3356,6,0.1137189194560051,392.93667629354445,1344.1636930269535,0.0,59.0,59,15.0,1,,11.901201602136181,12.0,3.0,21.0,8914.0,3.1271386090842235,0.4533138632297727,2.3741779141962036
ID3357,3357,42,0.10719840973615646,3051.517640069004,1419.2583461464387,0.0,59.0,59,15.0,1,,9.060080106809078,8.0,0.0,23.0,6786.0,4.316721683156209,0.4522439538716145,1.3071974043530556
ID3358,3358,8,0.1850215047597885,668.9984644909845,1478.2795358438066,0.0,59.0,59,15.0,1,,11.998664886515353,10.0,0.0,31.0,8987.0,7.003913980719181,0.5609836358600686,1.2313285765232014
ID3359,3359,9,0.21389812231063843,2369.551874195779,1591.7981128431702,0.0,59.0,59,15.0,1,,12.586114819759679,10.0,0.0,37.0,9427.0,8.873418786167665,0.572886653970207,1.0332418392474108
ID3368,3368,24,0.17145967483520508,1106.7375833423248,46.41526115890013,0.0,60.0,60,15.0,1,,10.164218958611482,8.0,0.0,33.0,7613.0,7.850951189697276,0.5100158028473976,0.8745484431797124
ID3369,3369,48,0.14096762239933014,985.4240645253743,149.42421732658613,0.0,60.0,60,15.0,1,,10.054739652870493,9.0,0.0,26.0,7531.0,5.234188780011905,0.522322152758792,1.318206114234726
ID3370,3370,44,0.16274791955947876,2473.4252652639316,359.03091469441546,0.0,60.0,60,15.0,1,,9.472630173564752,7.0,0.0,34.0,7095.0,8.215406236075047,0.4679634539264354,0.7351369100730327
ID3371,3371,21,0.2751389145851135,384.0385636613274,413.1007872751367,0.0,60.0,60,15.0,1,,24.682242990654206,25.0,10.0,39.0,18487.0,4.857649273011921,0.5342295020065103,3.53855542185213
ID3372,3372,20,0.12873610854148865,217.86936733774482,418.2146710167765,0.0,60.0,60,15.0,1,,8.684913217623498,8.0,0.0,29.0,6505.0,5.905182116414361,0.44552481990155657,0.9065850088482195
ID3373,3373,2,0.23135483264923096,2853.9101436339056,618.3862028933135,0.0,60.0,60,15.0,1,,12.395193591455273,9.0,0.0,43.0,9284.0,10.780690718853498,0.5898024982833079,0.8531004193626972
ID3374,3374,3,0.21127964556217194,2176.452454240069,748.8749622741688,0.0,60.0,60,15.0,1,,11.890520694259012,9.0,0.0,41.0,8906.0,9.880910043344429,0.5384499417227636,0.8423564156008734
ID3375,3375,5,0.22375208139419556,2393.304535254513,1282.722913074548,0.0,60.0,60,15.0,1,,12.51268357810414,10.0,0.0,43.0,9372.0,9.972363516185181,0.5794354114377004,0.9206308395582833
ID3376,3376,6,0.1322091817855835,395.73223647374516,1344.1373758979485,0.0,60.0,60,15.0,1,,12.622162883845126,13.0,0.0,25.0,9454.0,3.804386733401803,0.46083091448269503,2.0932484203802133
ID3377,3377,42,0.10786966234445572,3052.6468692953963,1415.4663091341117,0.0,60.0,60,15.0,1,,9.261682242990654,9.0,0.0,24.0,6937.0,4.405075809586064,0.4624215613607322,1.3296335957940262
ID3378,3378,8,0.1719624400138855,665.3655806120148,1482.0433974266912,0.0,60.0,60,15.0,1,,10.89853137516689,9.0,0.0,29.0,8163.0,6.946153514168587,0.5498996780298446,1.1133545147529824
ID3379,3379,9,0.19923701882362366,2365.614544558501,1593.8311684172284,0.0,60.0,60,15.0,1,,12.213618157543392,10.0,0.0,34.0,9148.0,8.077980658376383,0.5606209496550936,1.0862840807631664
ID3380,3380,11,0.152353897690773,2569.956791090559,1720.63550436993,0.0,60.0,60,15.0,1,,9.845126835781041,9.0,0.0,32.0,7374.0,6.7066128584671105,0.47767851775258197,0.9490821924729198
ID3381,3381,13,0.17421606183052063,496.6501378686433,1824.2016728606009,0.0,60.0,60,15.0,1,,10.751668891855807,9.0,0.0,33.0,8053.0,7.576685532271145,0.5267490016919832,0.9791803536690634
ID3382,3382,50,0.11726446449756622,2607.085779691155,1862.806110724208,0.0,60.0,60,15.0,1,,9.53671562082777,9.0,0.0,21.0,7143.0,4.0990804238788465,0.46254500476746907,1.471591074706029
ID3383,3383,14,0.22863984107971191,2325.5707750807583,1871.1169814739515,0.0,60.0,60,15.0,1,,13.158878504672897,11.0,0.0,40.0,9856.0,9.524531614934268,0.5905666907319297,1.0259408202371332
ID3384,3384,51,0.1001514196395874,590.3691728721182,1925.040244235611,0.0,60.0,60,15.0,1,,8.455273698264353,8.0,0.0,19.0,6333.0,3.9055958190431252,0.4359402362510547,1.3145011157756026
ID3385,3385,17,0.17182058095932007,734.3699663718322,1947.3502111612684,0.0,60.0,60,15.0,1,,11.36181575433912,10.0,0.0,30.0,8510.0,6.711486276192992,0.5465428485176479,1.1965236592170545
ID3386,3386,15,0.1606387197971344,454.92765133108446,1960.5338379208629,0.0,60.0,60,15.0,1,,10.10146862483311,8.0,0.0,30.0,7566.0,7.452370005298485,0.48119171631795377,0.8806979258926928
ID3387,3387,47,0.1215837374329567,2789.554271254649,1979.1682274876384,0.0,60.0,60,15.0,1,,8.086782376502002,6.0,0.0,28.0,6057.0,6.495510496617451,0.38807645306017924,0.6961396458148639
ID3388,3388,52,0.11027195304632187,124.0,2047.0,0.0,60.0,60,15.0,1,,6.116154873164219,5.0,0.0,22.0,4581.0,5.72601887414854,0.5165837124278468,0.7276625366063503
ID3392,3392,21,0.287291944026947,383.40292540600194,412.99463499213545,0.0,61.0,61,15.0,1,,25.599465954606142,26.0,13.0,39.0,19174.0,5.055287879368617,0.5288693107379178,3.5034265137006964
ID3393,3393,20,0.151554673910141,214.29873039762575,422.5638860889882,0.0,61.0,61,15.0,1,,9.644859813084112,8.0,0.0,29.0,7224.0,6.807468051370375,0.49941156813459825,0.9437958084563846
ID3394,3394,2,0.23495884239673615,2853.6340262086183,617.2887035720394,0.0,61.0,61,15.0,1,,12.911882510013351,10.0,0.0,46.0,9671.0,10.698104700305143,0.5744390928456713,0.8807057674192149
ID3395,3395,3,0.1901319921016693,2178.3320074194826,749.005763400914,0.0,61.0,61,15.0,1,,10.453938584779706,7.0,0.0,41.0,7830.0,9.321763167862631,0.5326483867843643,0.7794889422961482
ID3396,3396,5,0.20622198283672333,2395.970657994842,1271.5943068075096,0.0,61.0,61,15.0,1,,11.777036048064085,9.0,0.0,36.0,8821.0,9.034675107874572,0.5691550285094726,0.9456233436641617
ID3397,3397,6,0.123725526034832,395.3893987571497,1343.8137827308217,0.0,61.0,61,15.0,1,,12.674232309746328,13.0,4.0,23.0,9493.0,3.017000113345694,0.4478702813716118,2.5989559817646803
ID3398,3398,42,0.1096118688583374,3048.045234369019,1423.0128653889865,0.0,61.0,61,15.0,1,,9.02803738317757,9.0,0.0,24.0,6762.0,4.099434422799795,0.45327527161723036,1.3737684680336135
ID3399,3399,8,0.1731153279542923,660.1027520656642,1479.954514403587,0.0,61.0,61,15.0,1,,11.138851802403204,9.0,0.0,31.0,8343.0,6.941462595012301,0.5302305062580538,1.1120576164170872
ID3400,3400,9,0.19176189601421356,2362.9219809156507,1597.270888187444,0.0,61.0,61,15.0,1,,11.540720961281709,10.0,0.0,35.0,8644.0,7.916847939533875,0.5634662189456986,1.0507272967148529
ID3401,3401,11,0.16768240928649902,2576.4570800448932,1712.9752668888477,0.0,61.0,61,15.0,1,,9.918558077436582,7.0,0.0,32.0,7429.0,7.937256631725206,0.5005987686382405,0.8337451204584662
ID3402,3402,13,0.174056276679039,496.74421906840803,1820.5016747958307,0.0,61.0,61,15.0,1,,11.01068090787717,9.0,0.0,32.0,8247.0,7.4913421108174045,0.5271643750868023,1.0147167071451269
ID3403,3403,50,0.12261269986629486,2603.3463339668206,1864.8073276313366,0.0,61.0,61,15.0,1,,9.170894526034713,9.0,0.0,23.0,6869.0,4.753569655125825,0.4931353842248732,1.2743502561955304
ID3404,3404,14,0.2136296182870865,2329.1227095482113,1869.5260837290039,0.0,61.0,61,15.0,1,,13.09479305740988,11.0,0.0,36.0,9808.0,8.182597754172134,0.6067434735261246,1.208637324542476
ID3405,3405,17,0.21233315765857697,740.1254323056305,1951.5043530511016,0.0,61.0,61,15.0,1,,12.185580774365821,9.0,0.0,37.0,9127.0,9.512109104476183,0.5406933204345008,0.8991542682803931
ID3406,3406,15,0.1510826051235199,451.1642960935008,1969.0791695793257,0.0,61.0,61,15.0,1,,9.727636849132177,8.0,0.0,33.0,7286.0,6.936345213156103,0.4652662909315784,0.8906184250194338
ID3407,3407,47,0.13711132109165192,2783.1666187726973,1985.4904124013785,0.0,61.0,61,15.0,1,,8.791722296395193,7.0,0.0,32.0,6585.0,7.024927795529522,0.4210520120534873,0.7416309841493967
ID3408,3408,52,0.12227895110845566,128.0,2047.0,0.0,61.0,61,15.0,1,,6.84913217623498,6.0,0.0,25.0,5130.0,6.32455024038874,0.5227145334575233,0.7435017219703149
ID3389,3389,24,0.1520840972661972,1106.62319603339,45.153580787119246,0.0,61.0,61,15.0,1,,9.770360480640855,8.0,0.0,31.0,7318.0,7.019691745089891,0.46753225267103204,0.8868424293695444
ID3390,3390,48,0.12765762209892273,979.8286644703317,147.22955288365165,0.0,61.0,61,15.0,1,,9.600801068090787,9.0,0.0,23.0,7191.0,4.827455945757981,0.48047510110057234,1.290889078848219
ID3391,3391,44,0.16696301102638245,2476.9977720840225,357.65804275844613,0.0,61.0,61,15.0,1,,9.376502002670227,7.0,0.0,36.0,7023.0,8.504153313324808,0.48606571733357656,0.7212681267554519
ID3424,3424,14,0.19850097596645355,2330.337268231463,1876.8866273905107,0.0,62.0,62,15.0,1,,12.44192256341789,11.0,0.0,35.0,9319.0,7.753447019476892,0.573015862663987,1.1691122430287446
ID3425,3425,,0.1022171899676323,667.4009448943292,1925.881426838188,0.0,62.0,62,15.0,1,,9.325767690253672,9.0,0.0,19.0,6985.0,3.6263505106613603,0.45329661521950626,1.6042536028903793
ID3426,3426,17,0.2165457010269165,741.7148601776165,1954.9166124257881,0.0,62.0,62,15.0,1,,12.526034712950601,10.0,0.0,41.0,9382.0,9.469253814933216,0.5466290247636435,0.9350490233104883
ID3427,3427,15,0.16002164781093597,448.54023064619076,1970.9950430787076,0.0,62.0,62,15.0,1,,9.483311081441922,7.0,0.0,33.0,7103.0,7.7777484428505845,0.48038557324631237,0.7913183054233417
ID3428,3428,47,0.1341625601053238,2774.083038704462,1983.818229669591,0.0,62.0,62,15.0,1,,8.225634178905207,6.0,0.0,30.0,6161.0,7.0233441750177255,0.42119801848872285,0.6942040796246329
ID3429,3429,52,0.10097743570804596,131.0,2047.0,0.0,62.0,62,15.0,1,,5.706275033377837,5.0,0.0,24.0,4274.0,5.549411071916656,0.4612905942977528,0.6491929725611756
ID3409,3409,24,0.1448046863079071,1102.4176030998526,52.19643291823488,0.0,62.0,62,15.0,1,,9.110814419225635,7.0,0.0,29.0,6824.0,6.768498360623255,0.469066601378297,0.8595831507245313
ID3410,3410,48,0.13241776823997498,975.1872233617213,142.4320065444227,0.0,62.0,62,15.0,1,,10.198931909212282,9.0,0.0,24.0,7639.0,4.895889242821756,0.480561474778706,1.3523079797480428
ID3411,3411,44,0.14400070905685425,2480.5807598371607,350.61726008750634,0.0,62.0,62,15.0,1,,8.595460614152202,6.0,0.0,31.0,6438.0,7.507787807480303,0.4460506001320308,0.7062977107772823
ID3412,3412,21,0.27548927068710327,383.8438308434986,412.9164936740873,0.0,62.0,62,15.0,1,,25.117489986648867,25.0,11.0,40.0,18813.0,4.87595608082206,0.5189772793646196,3.5200069059408556
ID3413,3413,20,0.1738424003124237,212.16403180186845,427.7235222152804,0.0,62.0,62,15.0,1,,10.534045393858477,9.0,0.0,35.0,7890.0,7.765305900298412,0.5187244604407188,0.9266683976223178
ID3414,3414,2,0.24954363703727722,2842.040579085283,617.576757626417,0.0,62.0,62,15.0,1,,13.786381842456608,10.0,0.0,47.0,10326.0,11.137918870136584,0.5850125845067763,0.9137107664877753
ID3415,3415,3,0.17902901768684387,2169.7036039023483,753.3233973988935,0.0,62.0,62,15.0,1,,10.911882510013351,9.0,0.0,32.0,8173.0,7.9816119092993745,0.5331970641193934,0.9508868470412563
ID3416,3416,5,0.21832457184791565,2398.8560770460826,1267.8666748219423,0.0,62.0,62,15.0,1,,12.214953271028037,9.0,0.0,39.0,9149.0,9.852820148100133,0.5677602113101299,0.8979384445586098
ID3417,3417,53,0.1000138521194458,1248.2792912242996,1285.4515570608883,0.0,62.0,62,15.0,1,,8.85981308411215,9.0,0.0,22.0,6636.0,4.012727141159816,0.4297574087772133,1.3273209299091135
ID3418,3418,6,0.11162585020065308,395.13346766358575,1344.3084798641057,0.0,62.0,62,15.0,1,,11.510013351134846,12.0,3.0,20.0,8621.0,3.085496280873899,0.4330913905747542,2.2546880306018906
ID3419,3419,42,0.10524535179138184,3040.918536264257,1425.337830820691,0.0,62.0,62,15.0,1,,8.237650200267023,8.0,0.0,20.0,6170.0,4.136329565997626,0.44498109915967227,1.2265848768151628
ID3420,3420,8,0.17801155149936676,658.7887567316726,1480.8084322371285,0.0,62.0,62,15.0,1,,11.531375166889186,10.0,0.0,31.0,8637.0,6.679295237605051,0.5632378556062959,1.2440769107326517
ID3421,3421,9,0.1540224701166153,2369.958103097751,1592.1884667754853,0.0,62.0,62,15.0,1,,10.931909212283044,10.0,0.0,28.0,8188.0,6.119523347650685,0.4934209342735113,1.1804395512069499
ID3422,3422,11,0.2224271446466446,2576.1751118816796,1706.2612301658842,0.0,62.0,62,15.0,1,,12.590120160213619,10.0,0.0,40.0,9430.0,9.658968767903692,0.581796937637774,0.9588480943589691
ID3423,3423,13,0.17246057093143463,490.56719824336005,1816.2912964877128,0.0,62.0,62,15.0,1,,10.692923898531376,9.0,0.0,31.0,8009.0,7.31540866066573,0.5401904901598237,1.0253222368271715
ID3430,3430,24,0.17031046748161316,1102.1112034693087,50.38228035100882,0.0,63.0,63,15.0,1,,10.479305740987984,9.0,0.0,36.0,7849.0,7.461391645850076,0.5250454613298289,0.9670675015919954
ID3431,3431,48,0.13549865782260895,975.3963923116253,145.7092772818769,0.0,63.0,63,15.0,1,,9.84245660881175,9.0,0.0,26.0,7372.0,5.07739694453823,0.4972411625553634,1.287560669418236
ID3432,3432,44,0.1435455083847046,2473.5416387541254,347.99617436571054,0.0,63.0,63,15.0,1,,9.048064085447264,7.0,0.0,33.0,6777.0,6.853145350402874,0.46307967113237947,0.8357636161410192
ID3433,3433,21,0.27884775400161743,384.7942596753753,413.130696305357,0.0,63.0,63,15.0,1,,25.11615487316422,25.0,11.0,36.0,18812.0,4.6227891848579885,0.5381759303772687,3.8018704897517495
ID3434,3434,20,0.1327628344297409,223.89162590930187,428.1109902318789,0.0,63.0,63,15.0,1,,8.570093457943925,7.0,0.0,25.0,6419.0,6.476156400923464,0.4458078273859967,0.8160849014069981
ID3435,3435,2,0.23400729894638062,2839.1296335793813,618.8237864235633,0.0,63.0,63,15.0,1,,12.194926568758344,8.0,0.0,48.0,9134.0,11.617888010282536,0.5666091496965878,0.7592851813784574
ID3436,3436,3,0.18509623408317566,2166.8489177379392,752.6185110020687,0.0,63.0,63,15.0,1,,9.935914552736982,7.0,0.0,38.0,7442.0,9.261712046094646,0.537525693082266,0.7501073402546621
ID3437,3437,5,0.17879246175289154,2404.065539450312,1270.482528679493,0.0,63.0,63,15.0,1,,10.89853137516689,9.0,0.0,34.0,8163.0,7.903350706232901,0.5217176888559892,0.9455580433522676
ID3438,3438,53,0.10470940917730331,1259.7049850554868,1280.3654435488886,0.0,63.0,63,15.0,1,,9.121495327102803,9.0,0.0,22.0,6832.0,3.9111016961445597,0.4743278340145256,1.5006571180738588
ID3439,3439,6,0.11897767335176468,395.82399255971615,1343.6297215555253,0.0,63.0,63,15.0,1,,11.826435246995995,12.0,2.0,24.0,8858.0,3.4805488115465795,0.44991743046263305,2.1087528038190215
ID3440,3440,8,0.16037309169769287,662.031617249347,1472.0106433593864,0.0,63.0,63,15.0,1,,10.333778371161548,9.0,0.0,30.0,7740.0,6.593684732521308,0.5317391959448671,1.0881150302324458
ID3441,3441,9,0.16556207835674286,2375.26384105173,1586.656613244657,0.0,63.0,63,15.0,1,,11.113484646194927,10.0,0.0,29.0,8324.0,6.417238836513529,0.537005986566473,1.210139994989928
ID3442,3442,11,0.22819577157497406,2579.6999268095055,1705.1464542303852,0.0,63.0,63,15.0,1,,12.672897196261681,9.0,0.0,44.0,9492.0,10.39184556734591,0.5722145130493489,0.8876878816469813
ID3443,3443,13,0.17747454345226288,487.2121641681379,1811.4398263853284,0.0,63.0,63,15.0,1,,10.973297730307076,9.0,0.0,33.0,8219.0,7.371308189954596,0.5617192316121655,1.0708753551396748
ID3444,3444,50,0.12239859253168106,2611.6824125521853,1870.9642855769541,0.0,63.0,63,15.0,1,,9.766355140186915,9.0,0.0,21.0,7315.0,4.480813546609838,0.4839419281046595,1.4216149450455897
ID3445,3445,14,0.22740812599658966,2324.392091364813,1882.6303291917598,0.0,63.0,63,15.0,1,,12.970627503337784,10.0,0.0,41.0,9715.0,9.709094488271484,0.5870455264796872,0.9883133298300096
ID3446,3446,17,0.21809877455234528,746.3605651299966,1956.478894707431,0.0,63.0,63,15.0,1,,12.559412550066755,10.0,0.0,39.0,9407.0,9.215962534094976,0.5897666940520676,1.011126447691528
ID3447,3447,47,0.12059691548347473,2775.2755228000683,1973.3901336858924,0.0,63.0,63,15.0,1,,8.0347129506008,6.0,0.0,25.0,6018.0,6.259868942359246,0.4058784271313001,0.7411111075750081
ID3448,3448,15,0.14227235317230225,443.1255100746781,1976.7786234118116,0.0,63.0,63,15.0,1,,9.085447263017356,8.0,0.0,29.0,6805.0,6.635318256310135,0.4744759361311902,0.8812336076381618
ID3456,3456,5,0.204408660531044,2399.715568478883,1268.3639511569602,0.0,64.0,64,15.0,1,,11.2456608811749,8.0,0.0,41.0,8423.0,9.54533220176564,0.5596595709223386,0.8455086434479497
ID3457,3457,53,0.10867810994386673,1262.3568481138457,1278.7960836363413,0.0,64.0,64,15.0,1,,8.658210947930574,8.0,0.0,25.0,6485.0,4.823973942974843,0.4131626087891047,1.0494991188434848
ID3458,3458,6,0.11873161792755127,393.81922714160123,1342.4006060333852,0.0,64.0,64,15.0,1,,12.014686248331108,12.0,1.0,23.0,8999.0,3.1956769033617203,0.43695600317515465,2.286513686010377
ID3459,3459,8,0.16043661534786224,661.0739339406872,1470.672730751121,0.0,64.0,64,15.0,1,,11.307076101468624,10.0,0.0,28.0,8469.0,5.526718342493043,0.5401603901825625,1.4350590203918134
ID3460,3460,9,0.20892184972763062,2378.5361996830707,1581.3602749707327,0.0,64.0,64,15.0,1,,12.48064085447263,10.0,0.0,38.0,9348.0,8.578901592274688,0.5692454865860133,1.055465162546839
ID3461,3461,11,0.1714143306016922,2583.3642656858397,1706.2636051374136,0.0,64.0,64,15.0,1,,10.551401869158878,8.0,0.0,33.0,7903.0,7.7930511200304755,0.48534819837692905,0.8848258111032155
ID3462,3462,13,0.15191225707530975,484.56824988119894,1819.8287172389346,0.0,64.0,64,15.0,1,,10.748998664886516,10.0,0.0,27.0,8051.0,6.1471279051780385,0.4761975623762895,1.1281541335676424
ID3463,3463,50,0.12419343739748001,2615.5321638048167,1873.85726501618,0.0,64.0,64,15.0,1,,9.324432576769025,9.0,0.0,23.0,6984.0,4.831127192660592,0.4828636540031132,1.2569767163605852
ID3464,3464,14,0.2260642945766449,2325.2827141197067,1882.5231303543046,0.0,64.0,64,15.0,1,,12.934579439252337,10.0,0.0,39.0,9688.0,9.382526881666356,0.6063684955938031,1.0407680263392534
ID3465,3465,,0.1000732034444809,601.7141685764338,1894.312191670971,0.0,64.0,64,15.0,1,,8.261682242990654,8.0,0.0,21.0,6188.0,4.258792459025903,0.4125990646107181,1.1332385280498014
ID3466,3466,,0.10892410576343536,673.4009801677975,1928.2759576016606,0.0,64.0,64,15.0,1,,9.732977303070761,10.0,0.0,21.0,7290.0,3.8167579161018144,0.45142524157727876,1.5862522781161619
ID3467,3467,17,0.2139192670583725,741.0891686211928,1964.5994894981147,0.0,64.0,64,15.0,1,,12.50200267022697,10.0,0.0,36.0,9364.0,9.057839027914326,0.5839260811942032,1.0176722872562016
ID3468,3468,47,0.12870346009731293,2766.703120944774,1972.445110220929,0.0,64.0,64,15.0,1,,8.120160213618158,6.0,0.0,29.0,6082.0,6.785599881344201,0.41346705444648607,0.7001023995142528
ID3469,3469,15,0.1552642434835434,437.17187396831184,1981.7437502754788,0.0,64.0,64,15.0,1,,9.437917222963952,7.0,0.0,35.0,7069.0,7.634389822094865,0.4715695391785827,0.7923130014093588
ID3449,3449,24,0.1697346568107605,1108.5246740372847,55.708395835592945,0.0,64.0,64,15.0,1,,10.148197596795727,8.0,0.0,32.0,7601.0,7.6054573414534365,0.5348554979560745,0.9299563108179302
ID3450,3450,48,0.13737472891807556,981.3323183421123,151.2660252011446,0.0,64.0,64,15.0,1,,10.484646194926569,10.0,0.0,25.0,7853.0,4.939889127017064,0.48794070078401824,1.3920280799696978
ID3451,3451,44,0.17990607023239136,2475.02727283437,346.13906473546837,0.0,64.0,64,15.0,1,,10.344459279038718,7.0,0.0,38.0,7748.0,8.817757477565705,0.49261834483778005,0.7743573873569605
ID3452,3452,21,0.29130008816719055,383.8597618145326,412.7870188646659,0.0,64.0,64,15.0,1,,25.556742323097463,26.0,11.0,40.0,19142.0,5.455806705383596,0.5329969062237948,3.2573162388811987
ID3453,3453,20,0.16412527859210968,231.39808229804126,433.98057494525983,0.0,64.0,64,15.0,1,,10.578104138851803,9.0,0.0,32.0,7923.0,7.178648610020281,0.4897865952026762,0.9688978029118045
ID3454,3454,2,0.2421502321958542,2830.9442955992963,624.1528299106582,0.0,64.0,64,15.0,1,,13.088117489986649,10.0,0.0,46.0,9803.0,10.631666467643988,0.6156873891451169,0.9382287999874876
ID3455,3455,3,0.18646390736103058,2168.7616959200623,752.3381138909269,0.0,64.0,64,15.0,1,,10.528704939919892,7.0,0.0,37.0,7886.0,8.907924192960385,0.5252888060926096,0.8140939012292693
ID3488,3488,15,0.15310406684875488,438.09670286751367,1979.6619375979017,0.0,65.0,65,15.0,1,,9.495327102803738,8.0,0.0,30.0,7112.0,7.22362745736937,0.4666801401062739,0.8365049091660937
ID3470,3470,24,0.1880497932434082,1108.6902903254747,60.51754515717963,0.0,65.0,65,15.0,1,,10.974632843791722,8.0,0.0,37.0,8220.0,8.743104083566987,0.511553681428109,0.8496146375964818
ID3471,3471,48,0.1323242485523224,980.2843403749848,150.66222668893855,0.0,65.0,65,15.0,1,,10.332443257676903,10.0,0.0,22.0,7739.0,4.410461195044408,0.49876992202977355,1.559244806404677
ID3472,3472,44,0.1735537201166153,2478.992460461821,347.77087046879524,0.0,65.0,65,15.0,1,,9.975967957276369,7.0,0.0,37.0,7472.0,8.790609919586373,0.4768704871442712,0.7328651427571409
ID3473,3473,21,0.2880801558494568,383.73181111035746,413.1877670892721,0.0,65.0,65,15.0,1,,25.375166889185582,26.0,11.0,38.0,19006.0,5.3898272798984435,0.5302719598630246,3.2628273721650753
ID3474,3474,20,0.13878639042377472,236.09720599048407,426.89952534304206,0.0,65.0,65,15.0,1,,9.244325767690254,8.0,0.0,27.0,6924.0,6.041112310428395,0.4995671201933152,1.019568160826574
ID3475,3475,2,0.24219639599323273,2825.1505215224975,628.2545850706812,0.0,65.0,65,15.0,1,,13.033377837116156,9.0,0.0,49.0,9762.0,11.248539153760332,0.5770909844338599,0.8479659186613154
ID3476,3476,3,0.21736106276512146,2164.0684046865217,752.6740214065272,0.0,65.0,65,15.0,1,,12.001335113484647,8.0,0.0,42.0,8989.0,10.246363556380745,0.5585258336977957,0.8394968235909
ID3477,3477,5,0.23170961439609528,2397.881816478028,1266.9783707138656,0.0,65.0,65,15.0,1,,12.969292389853138,10.0,0.0,46.0,9714.0,9.958489628206134,0.5941050902599313,0.970731508842448
ID3478,3478,53,0.11231447756290436,1264.5751371844497,1278.598251582727,0.0,65.0,65,15.0,1,,9.37516688918558,9.0,0.0,23.0,7022.0,4.620863246685683,0.4471724310298222,1.253835689030086
ID3479,3479,6,0.11737415939569473,394.51061060208013,1342.7734215526996,0.0,65.0,65,15.0,1,,12.296395193591454,12.0,2.0,21.0,9210.0,3.3247170815710403,0.4308695523218616,2.2274033913234574
ID3480,3480,8,0.15395335853099823,661.7131130013928,1474.2226392411005,0.0,65.0,65,15.0,1,,10.436582109479305,10.0,0.0,27.0,7817.0,6.378883702213415,0.4809161988158457,1.0626311134886255
ID3481,3481,9,0.19645150005817413,2381.631369017758,1581.3552975014518,0.0,65.0,65,15.0,1,,12.146862483311082,11.0,0.0,35.0,9098.0,7.626284859471345,0.588434039069465,1.1800752164222472
ID3482,3482,11,0.1900876760482788,2589.433937009337,1716.7417775298948,0.0,65.0,65,15.0,1,,11.304405874499333,9.0,0.0,35.0,8467.0,8.535909947813684,0.5259964548194282,0.9129714682769984
ID3483,3483,13,0.1590319722890854,482.12976464216246,1817.7470909687345,0.0,65.0,65,15.0,1,,11.423230974632844,10.0,0.0,28.0,8556.0,5.962318818763328,0.4997330697906272,1.2768147193372157
ID3484,3484,50,0.12701132893562317,2611.8088032884853,1872.703049679195,0.0,65.0,65,15.0,1,,9.714285714285714,9.0,0.0,23.0,7276.0,4.590861817030767,0.48673762459874975,1.3855022442743068
ID3485,3485,14,0.2291720062494278,2321.468356365622,1876.1718003234846,0.0,65.0,65,15.0,1,,12.899866488651535,10.0,0.0,41.0,9662.0,9.743878510703466,0.6067453006645689,0.9998681480559053
ID3486,3486,17,0.2029014527797699,732.1501316255824,1963.6459575575086,0.0,65.0,65,15.0,1,,12.058744993324433,10.0,0.0,38.0,9032.0,8.619668407171503,0.568096205776799,1.0136563199683362
ID3487,3487,47,0.12537087500095367,2767.319385782949,1973.5491871352567,0.0,65.0,65,15.0,1,,7.809078771695594,6.0,0.0,29.0,5849.0,6.567186525148046,0.42200821778370035,0.7057798411626807
ID3489,3489,24,0.1793416142463684,1105.7770692750373,60.24510108738862,0.0,66.0,66,15.0,1,,10.566088117489986,9.0,0.0,33.0,7914.0,8.195307989679241,0.5268214511275598,0.889721615359317
ID3490,3490,48,0.10368502140045166,981.9018505155719,160.16647507382362,0.0,66.0,66,15.0,1,,8.583444592790388,8.0,0.0,21.0,6429.0,4.032958255429999,0.4399787909627022,1.3005993224815349
ID3491,3491,44,0.10393582284450531,2475.1103839070693,352.0560102197799,0.0,66.0,66,15.0,1,,7.102803738317757,6.0,0.0,27.0,5320.0,5.868556212697489,0.35161789955991585,0.6297172382960569
ID3492,3492,21,0.2837997376918793,384.0019698048693,413.51829602663383,0.0,66.0,66,15.0,1,,25.22429906542056,25.0,9.0,41.0,18893.0,5.086197869337705,0.5275364570765291,3.425442999108297
ID3493,3493,20,0.17004187405109406,243.7160239600166,420.2458295017002,0.0,66.0,66,15.0,1,,10.253671562082777,8.0,0.0,34.0,7680.0,7.933025331698799,0.49341407574586293,0.8540864878909996
ID3494,3494,2,0.2340952754020691,2824.127364994152,628.9374580801425,0.0,66.0,66,15.0,1,,12.628838451268358,9.0,0.0,44.0,9459.0,10.499733704889842,0.6089348466744191,0.9104319466950894
ID3495,3495,,0.10690128803253174,1027.2104048379801,659.1516581510144,0.0,66.0,66,15.0,1,,10.339118825100133,10.0,0.0,25.0,7744.0,5.343027819627757,0.3600418339314104,1.0245349659215341
ID3496,3496,3,0.19325971603393555,2163.9217432941773,749.5660758375159,0.0,66.0,66,15.0,1,,10.870493991989319,8.0,0.0,41.0,8142.0,9.50333729146934,0.5047045327623783,0.767342245166173
ID3497,3497,5,0.22167488932609558,2394.3335807972207,1265.672558552986,0.0,66.0,66,15.0,1,,12.383177570093459,9.0,0.0,41.0,9275.0,9.987360196084914,0.5683936662721919,0.8986809448291049
ID3498,3498,6,0.10678145289421082,393.8569735024152,1341.4807831899789,0.0,66.0,66,15.0,1,,10.9652870493992,11.0,0.0,21.0,8213.0,3.3513301420433503,0.4258042026605895,1.9542622424232028
ID3499,3499,,0.10553151369094849,3051.627252339092,1426.4926863966107,0.0,66.0,66,15.0,1,,8.89853137516689,9.0,0.0,21.0,6665.0,4.296853777557731,0.4624934950557437,1.3098134405009383
ID3500,3500,8,0.15956830978393555,661.0483958460586,1475.434492821265,0.0,66.0,66,15.0,1,,10.360480640854473,9.0,0.0,29.0,7760.0,6.494822107431292,0.5291679927009817,1.1040303371281102
ID3501,3501,9,0.1965467482805252,2385.2858543712773,1572.4284168722984,0.0,66.0,66,15.0,1,,12.336448598130842,10.0,0.0,35.0,9240.0,7.713382959214216,0.5606245400147841,1.1490764592935432
ID3502,3502,11,0.18405269086360931,2595.7260150219236,1718.743680881301,0.0,66.0,66,15.0,1,,10.781041388518023,8.0,0.0,34.0,8075.0,8.270339599791432,0.5300992441404477,0.9032437190121334
ID3503,3503,13,0.1858494132757187,481.03253316894705,1820.9875701370834,0.0,66.0,66,15.0,1,,11.18291054739653,9.0,0.0,35.0,8376.0,8.115471892056423,0.5278906457740855,0.9521881296275284
ID3504,3504,50,0.15508368611335754,2619.3135158051477,1868.024379991838,0.0,66.0,66,15.0,1,,11.377837116154874,10.0,0.0,27.0,8522.0,5.505717992214726,0.494168698311796,1.3669459541841302
ID3505,3505,14,0.2062664031982422,2318.701711499999,1882.2636367386683,0.0,66.0,66,15.0,1,,12.218958611481977,10.0,0.0,37.0,9152.0,8.451188157117373,0.5833862094708191,1.065407424860027
ID3506,3506,54,0.1098594218492508,672.3341706705538,1937.1697046553818,0.0,66.0,66,15.0,1,,9.269692923898532,9.0,0.0,20.0,6943.0,3.8007742719090882,0.47199983039034077,1.5640741855770814
ID3507,3507,17,0.22142425179481506,733.838759343469,1968.3250596199803,0.0,66.0,66,15.0,1,,12.277703604806408,10.0,0.0,40.0,9196.0,9.669832744559493,0.5982834048179738,0.9505639607953785
ID3508,3508,47,0.11307228356599808,2768.8927181728523,1973.2374377452002,0.0,66.0,66,15.0,1,,7.688918558077437,6.0,0.0,28.0,5759.0,6.0630067486575845,0.3856959685836875,0.7059669190354726
ID3509,3509,15,0.12858746945858002,439.87657996273924,1975.1507138474078,0.0,66.0,66,15.0,1,,8.367156208277704,7.0,0.0,32.0,6267.0,6.101419143538535,0.4604832473544273,0.8647573610733189
ID3520,3520,8,0.17369168996810913,661.3213880952709,1478.0604521782893,0.0,67.0,67,15.0,1,,11.445927903871828,10.0,0.0,31.0,8573.0,6.8584874698780665,0.5225231199607127,1.1454978205954276
ID3521,3521,9,0.19634610414505005,2389.9510834821613,1566.5371196425385,0.0,67.0,67,15.0,1,,11.650200267022697,9.0,0.0,35.0,8726.0,8.127686924699779,0.5768483584133967,1.0487407683919758
ID3522,3522,11,0.15611517429351807,2603.024308884703,1723.1228242524126,0.0,67.0,67,15.0,1,,9.628838451268358,8.0,0.0,29.0,7212.0,7.158519949933769,0.4940305727107779,0.889559490634399
ID3523,3523,13,0.2148417830467224,480.17288368960163,1819.0057349485053,0.0,67.0,67,15.0,1,,12.69158878504673,10.0,0.0,37.0,9506.0,8.91505943737072,0.5779984466148642,1.0428980245473147
ID3524,3524,50,0.14267085492610931,2625.4374268616257,1865.708058853808,0.0,67.0,67,15.0,1,,10.44192256341789,10.0,0.0,27.0,7821.0,5.202930533687775,0.5129618284062184,1.3608790048625996
ID3525,3525,14,0.23009583353996277,2318.3081899803974,1888.135445243561,0.0,67.0,67,15.0,1,,13.02136181575434,10.0,0.0,41.0,9753.0,10.204438206268156,0.5636581494037373,0.9199649468553294
ID3526,3526,54,0.10341290384531021,672.9806963983665,1940.5641657376398,0.0,67.0,67,15.0,1,,8.83845126835781,9.0,0.0,19.0,6620.0,4.076713019342155,0.4564369206759391,1.358892538777573
ID3527,3527,17,0.18964777886867523,734.7489403501601,1964.6267827837012,0.0,67.0,67,15.0,1,,11.057409879839787,9.0,0.0,36.0,8282.0,8.330131134991767,0.5639246385123781,0.95727521361113
ID3528,3528,15,0.15673363208770752,436.6807246292548,1972.2729863472607,0.0,67.0,67,15.0,1,,9.839786381842456,8.0,0.0,32.0,7370.0,7.1143049353864924,0.4934722991469043,0.914005473988932
ID3529,3529,47,0.1534499078989029,2758.1296046577604,1972.2577390278448,0.0,67.0,67,15.0,1,,9.369826435246996,7.0,0.0,32.0,7018.0,7.407771435703995,0.4838685185389859,0.8249087568635755
ID3510,3510,24,0.14990995824337006,1104.7962731788764,53.43295328918367,0.0,67.0,67,15.0,1,,9.275033377837117,8.0,0.0,28.0,6947.0,6.862022815312423,0.49800083920352706,0.8986929547791842
ID3511,3511,48,0.11718693375587463,984.3161487895552,156.37579548825076,0.0,67.0,67,15.0,1,,9.291054739652871,9.0,0.0,22.0,6959.0,4.34669800097792,0.474593960047806,1.3758950340816893
ID3512,3512,44,0.1134393960237503,2477.8538106644296,362.96232335789165,0.0,67.0,67,15.0,1,,7.722296395193592,6.0,0.0,30.0,5784.0,5.895053402011471,0.40335499202721925,0.7530236410576175
ID3513,3513,21,0.27323928475379944,384.36279003115254,413.44480890416725,0.0,67.0,67,15.0,1,,24.8411214953271,25.0,9.0,37.0,18606.0,5.022954456078558,0.5038970778474283,3.3141005331307936
ID3514,3514,20,0.14955078065395355,246.7859348145714,423.7456858883883,0.0,67.0,67,15.0,1,,9.731642189586115,8.0,0.0,30.0,7289.0,6.808599870212389,0.4627742969763496,0.9043784915947961
ID3515,3515,2,0.2226492315530777,2825.8227576430836,625.755201160854,0.0,67.0,67,15.0,1,,12.583444592790388,10.0,0.0,39.0,9425.0,9.758585600985004,0.5736200117108899,0.9400849173592273
ID3516,3516,3,0.16906747221946716,2160.989505141841,752.6535792223492,0.0,67.0,67,15.0,1,,9.811748998664887,7.0,0.0,34.0,7349.0,8.010893035800185,0.5221749973073514,0.8403244143419614
ID3517,3517,55,0.13084068894386292,1249.2420554423543,1268.2464691833186,0.0,67.0,67,15.0,1,,9.807743658210947,9.0,0.0,27.0,7346.0,5.638664636779949,0.4426027977900002,1.0673091221651876
ID3518,3518,5,0.2053932398557663,2390.301420999095,1267.731433979482,0.0,67.0,67,15.0,1,,12.046728971962617,9.0,0.0,41.0,9023.0,8.87881607993198,0.5766654842694843,0.9924953324953514
ID3519,3519,6,0.13127316534519196,395.01139695373536,1343.4479923891793,0.0,67.0,67,15.0,1,,12.523364485981308,13.0,1.0,23.0,9380.0,3.609042624450507,0.4711577232786256,2.222624429486876
ID3530,3530,24,0.1368904411792755,1100.4101682373796,53.70599860527871,0.0,68.0,68,15.0,1,,9.397863818424566,8.0,0.0,29.0,7039.0,6.150891916336726,0.44167658185109065,0.9361761582226893
ID3531,3531,48,0.11315301060676575,982.9600253697291,157.5099312327993,0.0,68.0,68,15.0,1,,8.642189586114819,8.0,0.0,20.0,6473.0,4.555966119810889,0.44733752948673516,1.1725700862623107
ID3532,3532,44,0.11312396079301834,2476.639675092342,367.1277227019282,0.0,68.0,68,15.0,1,,7.672897196261682,6.0,0.0,29.0,5747.0,6.215262804477551,0.37785619856020064,0.6770995650714046
ID3533,3533,21,0.28372621536254883,383.97299126341494,413.36029337152087,0.0,68.0,68,15.0,1,,25.85981308411215,26.0,13.0,39.0,19369.0,5.061953129349598,0.5055944728749869,3.4310856814522808
ID3534,3534,20,0.12765443325042725,242.64934471173123,415.07980550470177,0.0,68.0,68,15.0,1,,8.297730307076101,7.0,0.0,26.0,6215.0,6.172282157688535,0.4465136170695589,0.8299572469633368
ID3535,3535,2,0.2146948277950287,2836.699818722178,634.305490387542,0.0,68.0,68,15.0,1,,11.885180240320427,8.0,0.0,39.0,8902.0,9.95055459588049,0.5542464707266743,0.8518664758840011
ID3536,3536,56,0.10529825091362,1025.8291052041,670.4257683567981,0.0,68.0,68,15.0,1,,9.481975967957275,10.0,0.0,22.0,7102.0,5.371867533382882,0.3667557679855017,0.9473044743102289
ID3537,3537,,0.10016270726919174,1224.531409119155,734.3324358565344,0.0,68.0,68,15.0,1,,9.847797062750335,10.0,0.0,22.0,7376.0,5.155684374603074,0.326783739491468,0.9408991180352502
ID3538,3538,3,0.20364642143249512,2163.6043625845027,751.0577534921347,0.0,68.0,68,15.0,1,,11.427236315086782,8.0,0.0,44.0,8559.0,9.769624729324795,0.5116791702647703,0.7918290510691697
ID3539,3539,5,0.21336449682712555,2393.6463371034583,1264.0533357095642,0.0,68.0,68,15.0,1,,12.129506008010681,9.0,0.0,36.0,9085.0,9.191110992677107,0.5795070439676219,0.9683720614418712
ID3540,3540,55,0.11014953255653381,1247.3342534934432,1266.660339255682,0.0,68.0,68,15.0,1,,8.37516688918558,7.0,0.0,24.0,6273.0,5.408151169272582,0.3733687414861681,0.8420258809877995
ID3541,3541,6,0.13689665496349335,395.29687520528097,1345.037153925294,0.0,68.0,68,15.0,1,,13.515353805073431,13.0,2.0,25.0,10123.0,3.299463866520254,0.46660456210389334,2.606453535340177
ID3542,3542,8,0.16448822617530823,659.3934570799252,1483.0491708413638,0.0,68.0,68,15.0,1,,10.835781041388518,9.0,0.0,30.0,8116.0,6.441924956862963,0.5441725479119461,1.1855376659760453
ID3543,3543,9,0.2148851901292801,2389.2032489783383,1560.647776149887,0.0,68.0,68,15.0,1,,12.953271028037383,11.0,0.0,37.0,9702.0,8.645527149176083,0.5855472470148143,1.1066256310397524
ID3544,3544,11,0.1813165247440338,2599.7008932527374,1723.4720501719971,0.0,68.0,68,15.0,1,,10.36448598130841,8.0,0.0,36.0,7763.0,8.60104266524021,0.5242467245532233,0.8289095007191549
ID3545,3545,13,0.19391225278377533,474.63707323158997,1813.227783908029,0.0,68.0,68,15.0,1,,11.695594125500667,9.0,0.0,34.0,8760.0,8.15660516606299,0.555438777479358,1.0240616877628193
ID3546,3546,50,0.16710953414440155,2619.551668504955,1860.090182944493,0.0,68.0,68,15.0,1,,11.730307076101468,11.0,0.0,28.0,8786.0,5.9925892323533425,0.5279862300055161,1.3527826450540053
ID3547,3547,14,0.21309012174606323,2315.938354542954,1879.712715565757,0.0,68.0,68,15.0,1,,12.333778371161548,9.0,0.0,38.0,9238.0,9.222049504771809,0.5660443706150385,0.9668188284850131
ID3548,3548,54,0.11969662457704544,674.8465566149849,1937.2205661235644,0.0,68.0,68,15.0,1,,9.688918558077436,10.0,0.0,21.0,7257.0,4.275367517747158,0.488696655654255,1.4878700506903086
ID3549,3549,17,0.21171461045742035,736.3275506502052,1961.079851429567,0.0,68.0,68,15.0,1,,12.15754339118825,9.0,0.0,36.0,9106.0,9.036720238758226,0.5801332234699618,0.987868232043489
ID3550,3550,47,0.12041891366243362,2753.811390588543,1967.4514881983307,0.0,68.0,68,15.0,1,,8.524699599465954,8.0,0.0,25.0,6385.0,5.5041055480648025,0.4248668530039919,0.9236360865834561
ID3551,3551,15,0.1378939002752304,432.0445920915958,1972.4840763977297,0.0,68.0,68,15.0,1,,9.065420560747663,8.0,0.0,29.0,6790.0,6.34816433028762,0.4693321664972299,0.9122841423662962
ID3552,3552,24,0.1858670860528946,1093.7662770099266,56.06613210066831,0.0,69.0,69,15.0,1,,10.974632843791722,8.0,0.0,37.0,8220.0,8.456598697434725,0.517682142523395,0.8853329617421212
ID3553,3553,48,0.10157451033592224,975.2255106146209,161.97491817219284,0.0,69.0,69,15.0,1,,8.36849132176235,8.0,0.0,18.0,6268.0,3.9312773629959143,0.4290300697788991,1.2781736046974534
ID3554,3554,44,0.12947098910808563,2476.8080142639506,368.7672063742118,0.0,69.0,69,15.0,1,,8.387182910547397,6.0,0.0,32.0,6282.0,6.69301225478501,0.4233217390552095,0.7454044460771472
ID3555,3555,20,0.16328270733356476,241.13781314280115,409.6266279482538,0.0,69.0,69,15.0,1,,9.807743658210947,7.0,0.0,33.0,7346.0,7.545788488475582,0.5088817378972932,0.8767103585055156
ID3556,3556,21,0.26817676424980164,383.835536211964,413.4071230658336,0.0,69.0,69,15.0,1,,24.63417890520694,25.0,10.0,37.0,18451.0,4.7134131365452925,0.5186002549194707,3.5696187685444483
ID3557,3557,2,0.25902071595191956,2837.028140484235,639.7626582745769,0.0,69.0,69,15.0,1,,13.993324432576769,10.0,0.0,50.0,10481.0,11.593549205688046,0.5997642210264141,0.9050218492642331
ID3558,3558,56,0.10743339359760284,1023.2291659775304,667.4394773623039,0.0,69.0,69,15.0,1,,10.395193591455273,11.0,0.0,23.0,7786.0,5.196798517882603,0.3621094040433398,1.0635416697904607
ID3559,3559,3,0.18830686807632446,2165.16896704363,750.8490782436917,0.0,69.0,69,15.0,1,,10.683578104138851,7.0,0.0,38.0,8002.0,8.908627676196975,0.5247466456812342,0.8254445433595713
ID3560,3560,55,0.1494949758052826,1237.1496102659398,1257.3549318094467,0.0,69.0,69,15.0,1,,9.823765020026702,8.0,0.0,30.0,7358.0,6.742269982895291,0.4663189855227767,0.9267369135949348
ID3561,3561,5,0.2129148542881012,2396.1299141460127,1263.3266259110146,0.0,69.0,69,15.0,1,,11.911882510013351,9.0,0.0,43.0,8922.0,9.52790611733922,0.5755917650117149,0.9134479327560241
ID3562,3562,6,0.13685394823551178,395.1197713788445,1343.7694147665838,0.0,69.0,69,15.0,1,,13.427236315086782,13.0,5.0,27.0,10057.0,3.426712534731328,0.449245839200353,2.429298914918229
ID3563,3563,8,0.18470990657806396,652.6529796311727,1488.5070890693903,0.0,69.0,69,15.0,1,,12.053404539385848,11.0,0.0,32.0,9028.0,7.065002225176155,0.5500283641705077,1.2108012648335225
ID3564,3564,9,0.19964668154716492,2387.4638157908457,1551.511909619821,0.0,69.0,69,15.0,1,,12.413885180240321,11.0,0.0,36.0,9298.0,7.8047441689621335,0.5804007316681499,1.1682607260327058
ID3565,3565,11,0.19756320118904114,2598.7027039978425,1721.7396629999666,0.0,69.0,69,15.0,1,,11.184245660881174,8.0,0.0,38.0,8377.0,9.654636060374655,0.5041161728031924,0.7765153328128167
ID3566,3566,13,0.18938416242599487,474.67071035752457,1811.0020399730506,0.0,69.0,69,15.0,1,,11.479305740987984,9.0,0.0,36.0,8598.0,8.140061460878444,0.5385244176576983,0.9872313570884191
ID3567,3567,50,0.10427147895097733,2617.0482613114664,1865.668591290307,0.0,69.0,69,15.0,1,,8.530040053404539,8.0,0.0,19.0,6389.0,3.8171044298447026,0.4634088697728212,1.4152907996014814
ID3568,3568,14,0.19995255768299103,2315.129806620067,1875.7645639438438,0.0,69.0,69,15.0,1,,12.096128170894525,10.0,0.0,36.0,9060.0,8.330175060567448,0.5544779114124625,1.035909800974641
ID3569,3569,17,0.2197566032409668,733.2116375753161,1961.8053116237518,0.0,69.0,69,15.0,1,,12.144192256341789,9.0,0.0,44.0,9096.0,9.86760128545756,0.5831854740485891,0.9066964979882842
ID3570,3570,15,0.11216321587562561,432.60632409177833,1968.8180955350113,0.0,69.0,69,15.0,1,,8.281708945260347,7.0,0.0,25.0,6203.0,4.969096934889578,0.43109073084402366,1.004093154825625
ID3571,3571,47,0.12035465240478516,2757.027633824564,1968.9968382469203,0.0,69.0,69,15.0,1,,8.17222963951936,7.0,0.0,27.0,6121.0,5.875124572180497,0.409120777049608,0.8077124832673911
ID3584,3584,9,0.19053320586681366,2387.6073360964174,1549.74957961077,0.0,70.0,70,15.0,1,,11.380507343124165,10.0,0.0,32.0,8524.0,7.8994817577942475,0.5664784569742805,1.0419622629620482
ID3585,3585,11,0.1756768375635147,2602.0563187316775,1730.528536215485,0.0,70.0,70,15.0,1,,10.332443257676903,8.0,0.0,34.0,7739.0,7.914839311191146,0.5457539838177831,0.9218228361246719
ID3586,3586,13,0.1840934455394745,472.9717574261428,1808.327693763945,0.0,70.0,70,15.0,1,,11.255006675567424,9.0,0.0,33.0,8430.0,7.875560732516737,0.5390020128762173,1.0010262515853228
ID3587,3587,50,0.148538276553154,2613.6734674176864,1868.245900565168,0.0,70.0,70,15.0,1,,10.81708945260347,10.0,0.0,26.0,8102.0,5.195115617264636,0.5281516004851156,1.439253715115652
ID3588,3588,14,0.21828240156173706,2304.923098057353,1879.8658822161487,0.0,70.0,70,15.0,1,,12.600801068090787,10.0,0.0,40.0,9438.0,9.27416914128568,0.576006231887325,0.9931672506475216
ID3589,3589,,0.1003648117184639,677.2870029997484,1917.5031314953214,0.0,70.0,70,15.0,1,,8.986648865153539,9.0,0.0,20.0,6731.0,3.870543234657425,0.41843754241581516,1.3698602726181313
ID3590,3590,17,0.20352531969547272,731.406016695107,1960.6438635124946,0.0,70.0,70,15.0,1,,12.0,9.0,0.0,41.0,8988.0,8.758036798058669,0.5586255756287637,0.9821628271446502
ID3591,3591,15,0.13628734648227692,445.3870098745064,1962.1772070591412,0.0,70.0,70,15.0,1,,9.397863818424566,8.0,0.0,28.0,7039.0,6.307986256943923,0.421554378622579,0.8836057471111272
ID3592,3592,47,0.14477060735225677,2755.1979726894474,1970.7275051399945,0.0,70.0,70,15.0,1,,8.716955941255007,6.0,0.0,33.0,6529.0,7.604002135410613,0.4294723607113347,0.6888300317239793
ID3572,3572,24,0.11937875300645828,1089.079698310313,63.42391219816077,0.0,70.0,70,15.0,1,,8.687583444592791,8.0,0.0,25.0,6507.0,5.1510466365504755,0.4447191616079362,1.0383312194361398
ID3573,3573,48,0.10021596401929855,971.5337403777614,159.30095865796036,0.0,70.0,70,15.0,1,,7.998664886515354,8.0,0.0,20.0,5991.0,4.219416328228088,0.4265346352050201,1.1336189579257474
ID3574,3574,44,0.13137221336364746,2478.9641292306974,371.4146039994766,0.0,70.0,70,15.0,1,,8.271028037383177,6.0,0.0,29.0,6195.0,6.435403135306968,0.4566762269616779,0.8058590780320717
ID3575,3575,20,0.13568241894245148,236.34850368963345,401.03314920245083,0.0,70.0,70,15.0,1,,9.073431241655541,8.0,0.0,28.0,6796.0,6.3250796619139535,0.44745669837907537,0.8869129209230651
ID3576,3576,21,0.27689534425735474,384.1083242695649,412.3884231773659,0.0,70.0,70,15.0,1,,24.523364485981308,25.0,11.0,38.0,18368.0,5.211418089606028,0.5295728772135425,3.258439731131285
ID3577,3577,2,0.24140781164169312,2831.0665295384956,635.1064744625053,0.0,70.0,70,15.0,1,,12.683578104138851,9.0,0.0,45.0,9500.0,10.903564153258593,0.6208635068902015,0.8911544689189324
ID3578,3578,56,0.10425791144371033,1028.345769188221,668.8989723631049,0.0,70.0,70,15.0,1,,10.392523364485982,11.0,0.0,25.0,7784.0,5.121596056331074,0.3542129979316478,1.0615078217377971
ID3579,3579,3,0.2075842022895813,2158.7430206952863,753.646718964427,0.0,70.0,70,15.0,1,,11.436582109479305,8.0,0.0,40.0,8566.0,9.560966604902129,0.5694166782876108,0.8679932876762708
ID3580,3580,55,0.14753296971321106,1235.7078113394477,1252.4008229209944,0.0,70.0,70,15.0,1,,10.307076101468624,9.0,0.0,29.0,7720.0,6.120380228378205,0.470168918807792,1.0771439683364372
ID3581,3581,5,0.17495203018188477,2402.8547087492657,1267.4256251815596,0.0,70.0,70,15.0,1,,10.893190921228305,9.0,0.0,33.0,8159.0,7.41362519967127,0.5318975126102387,1.0203583744599556
ID3582,3582,6,0.1423679143190384,394.3406878294472,1344.1497361152692,0.0,70.0,70,15.0,1,,13.59279038718291,13.0,3.0,24.0,10181.0,3.5018713614590236,0.48868876158026237,2.5483957297130346
ID3583,3583,8,0.17519070208072662,650.5578538537934,1494.57103298902,0.0,70.0,70,15.0,1,,11.277703604806408,10.0,0.0,31.0,8447.0,6.996393040355436,0.5419171011088944,1.1330479882458315
ID3593,3593,24,0.18466702103614807,1083.7738962894218,77.27708429211732,0.0,71.0,71,15.0,1,,11.303070761014686,9.0,0.0,35.0,8466.0,8.126852149014278,0.5191020649452591,0.9505388803916944
ID3594,3594,48,0.10518725961446762,977.5037632778796,159.1191147334914,0.0,71.0,71,15.0,1,,8.732977303070761,9.0,0.0,20.0,6541.0,3.9472788062262687,0.4470795820864094,1.367058012912822
ID3595,3595,44,0.13217663764953613,2477.9985019369774,363.39414230037806,0.0,71.0,71,15.0,1,,8.349799732977303,6.0,0.0,30.0,6254.0,6.736082152655657,0.41660855851368744,0.7290830571899639
ID3596,3596,20,0.11042077094316483,234.974273646614,394.9679966662845,0.0,71.0,71,15.0,1,,8.170894526034713,7.0,0.0,23.0,6120.0,5.289749635294755,0.3825026038723935,0.8547378199757313
ID3597,3597,21,0.2859262228012085,384.68792195347675,412.7274611967739,0.0,71.0,71,15.0,1,,24.875834445927904,25.0,10.0,37.0,18632.0,5.121968596556012,0.554632865027667,3.465361115548215
ID3598,3598,2,0.23001274466514587,2829.9599985241884,633.1539130763618,0.0,71.0,71,15.0,1,,12.185580774365821,8.0,0.0,48.0,9127.0,10.789874702055023,0.589803229447646,0.837960598703976
ID3599,3599,56,0.10770010948181152,1030.1793339947783,664.1062097753755,0.0,71.0,71,15.0,1,,10.325767690253672,10.0,0.0,24.0,7734.0,5.739965981608623,0.3557067279061826,0.9439942641371568
ID3600,3600,3,0.210881769657135,2155.988890866006,760.818008288534,0.0,71.0,71,15.0,1,,11.242990654205608,7.0,0.0,44.0,8421.0,10.412853001054485,0.5532123107891799,0.7691359653597007
ID3601,3601,55,0.1614290177822113,1235.7353279443869,1251.0680243305467,0.0,71.0,71,15.0,1,,10.307076101468624,8.0,0.0,31.0,7720.0,6.9362425387983055,0.5184582213216334,1.014733798373155
ID3602,3602,5,0.21632109582424164,2411.668656809921,1263.5041030998746,0.0,71.0,71,15.0,1,,12.315086782376502,10.0,0.0,41.0,9224.0,9.532497156109129,0.5642182154093007,0.9319884964008379
ID3603,3603,6,0.13806383311748505,394.60335164186176,1344.5956251981747,0.0,71.0,71,15.0,1,,13.37516688918558,13.0,1.0,24.0,10018.0,3.4330062954769764,0.46952817354669263,2.4896502759882817
ID3604,3604,8,0.15083672106266022,647.4295960929074,1494.0101933562034,0.0,71.0,71,15.0,1,,10.599465954606142,10.0,0.0,25.0,7939.0,5.555004462709673,0.5359609682398663,1.331626873927864
ID3605,3605,9,0.17295922338962555,2379.195121570984,1541.943948952347,0.0,71.0,71,15.0,1,,10.870493991989319,9.0,0.0,32.0,8142.0,7.136225833076779,0.5338006816920461,1.06028077864741
ID3606,3606,11,0.19949565827846527,2601.907892144769,1735.8255177136639,0.0,71.0,71,15.0,1,,11.164218958611482,8.0,0.0,42.0,8362.0,9.162875651125164,0.5566651315565403,0.8714156786669414
ID3607,3607,13,0.1627340018749237,475.4480526860355,1807.6494965829916,0.0,71.0,71,15.0,1,,10.644859813084112,9.0,0.0,30.0,7973.0,6.9070928349672664,0.5124107856894965,1.0442948724751162
ID3608,3608,50,0.13841736316680908,2612.9720298334028,1869.8045396567366,0.0,71.0,71,15.0,1,,10.116154873164218,10.0,0.0,24.0,7577.0,4.94094733794068,0.522342782655097,1.4050066696251549
ID3609,3609,14,0.21118716895580292,2303.9166888185014,1878.2221120540219,0.0,71.0,71,15.0,1,,12.632843791722296,11.0,0.0,37.0,9462.0,8.671672491534299,0.579228566676194,1.0686444523660263
ID3610,3610,15,0.12781861424446106,438.47338575370117,1958.6958942260296,0.0,71.0,71,15.0,1,,8.608811748998665,7.0,0.0,26.0,6448.0,5.829390526206628,0.4634961366522598,0.9354155693593501
ID3611,3611,17,0.2012130618095398,723.1891919916712,1969.115764130834,0.0,71.0,71,15.0,1,,11.453938584779706,9.0,0.0,38.0,8579.0,9.0284503441368,0.5578934109465336,0.9086259243428876
ID3612,3612,47,0.10898507386445999,2751.374775990415,1974.2358226725098,0.0,71.0,71,15.0,1,,7.423230974632844,6.0,0.0,29.0,5560.0,6.310253495107397,0.3565109057898629,0.6183376533596452
ID3616,3616,20,0.14946818351745605,249.4668348708189,388.4680204911824,0.0,72.0,72,15.0,1,,9.193591455273697,7.0,0.0,29.0,6886.0,7.301831983790035,0.4703917587711922,0.8055824664232928
ID3617,3617,21,0.2836786210536957,384.2341822284422,412.91696668360044,0.0,72.0,72,15.0,1,,25.954606141522028,26.0,11.0,39.0,19440.0,4.790316743573343,0.5100835095459342,3.6603324027771613
ID3618,3618,2,0.25028520822525024,2829.4546742412463,635.1887844278486,0.0,72.0,72,15.0,1,,13.598130841121495,10.0,0.0,42.0,10185.0,11.130247208336687,0.588360557350311,0.9051047783094172
ID3619,3619,3,0.19059130549430847,2158.493465801859,767.060906546326,0.0,72.0,72,15.0,1,,11.476635514018692,9.0,0.0,34.0,8596.0,8.213953915897045,0.5418709624765361,0.9820648614069727
ID3620,3620,55,0.1678609400987625,1232.8382377988505,1250.7753027400177,0.0,72.0,72,15.0,1,,10.116154873164218,8.0,0.0,34.0,7577.0,7.720977616575587,0.5180852858590548,0.8942897622157594
ID3621,3621,5,0.19296574592590332,2416.960104695617,1263.0172097410134,0.0,72.0,72,15.0,1,,11.359145527369826,9.0,0.0,33.0,8508.0,8.228065140322622,0.5729363120712501,1.005710878214371
ID3622,3622,6,0.13649052381515503,394.2498261501287,1343.36523839672,0.0,72.0,72,15.0,1,,12.81708945260347,13.0,2.0,22.0,9600.0,3.217170937888098,0.5018454672835373,2.662502546993284
ID3623,3623,64,0.10079449415206909,3050.94564682731,1426.8737755362804,0.0,72.0,72,15.0,1,,8.38584779706275,8.0,0.0,20.0,6281.0,3.9256952084759913,0.4809524386222261,1.3874630094082996
ID3624,3624,8,0.16974440217018127,651.5276223762442,1494.5357002646592,0.0,72.0,72,15.0,1,,11.025367156208278,10.0,0.0,31.0,8258.0,6.805404232673936,0.5348956078191169,1.1291699658933938
ID3625,3625,9,0.17208713293075562,2382.8528320460546,1537.055679652635,0.0,72.0,72,15.0,1,,10.913217623497998,10.0,0.0,29.0,8174.0,6.809218266667009,0.5657884437206292,1.1582612978853497
ID3626,3626,11,0.1518542319536209,2606.785914694463,1735.0404812473278,0.0,72.0,72,15.0,1,,9.861148197596796,9.0,0.0,29.0,7386.0,6.759382409032487,0.49521902034315723,0.966368951071206
ID3627,3627,13,0.14360050857067108,461.2182187552101,1805.2228265766728,0.0,72.0,72,15.0,1,,10.181575433911883,9.0,0.0,27.0,7626.0,5.845527764102489,0.47634603213084475,1.12397238755687
ID3628,3628,50,0.14605149626731873,2612.3446630803296,1871.6095729174074,0.0,72.0,72,15.0,1,,10.436582109479305,10.0,0.0,27.0,7817.0,5.4760340329671315,0.5108819494659212,1.2888790871919888
ID3629,3629,14,0.20284472405910492,2304.331235402396,1882.5779320415697,0.0,72.0,72,15.0,1,,12.304405874499333,10.0,0.0,36.0,9216.0,8.325480784611699,0.5788822013644834,1.0837317298669336
ID3630,3630,,0.10581116378307343,688.6901942448434,1914.6550164312948,0.0,72.0,72,15.0,1,,9.777036048064085,10.0,0.0,22.0,7323.0,3.8134586144750218,0.425768103958784,1.5312369598485018
ID3631,3631,15,0.12174933403730392,434.0055669022945,1953.7316478817552,0.0,72.0,72,15.0,1,,8.251001335113484,7.0,0.0,29.0,6180.0,6.270081295368741,0.4134916299795794,0.7699046860911912
ID3632,3632,17,0.19699899852275848,713.0199981293282,1976.3978316841187,0.0,72.0,72,15.0,1,,11.651535380507344,9.0,0.0,37.0,8727.0,8.74184499535868,0.5365716071348611,0.9308612170241934
ID3633,3633,47,0.12146252393722534,2757.3982255101755,1982.0655673300257,0.0,72.0,72,15.0,1,,8.05607476635514,7.0,0.0,29.0,6034.0,6.210613313274518,0.40793675717953826,0.7516725415265795
ID3613,3613,24,0.18229499459266663,1078.0316556208115,75.34765587331003,0.0,72.0,72,15.0,1,,10.671562082777037,9.0,0.0,34.0,7993.0,8.123314656335374,0.5485191316031236,0.9306790105092384
ID3614,3614,,0.11928127706050873,1367.4272657697466,317.5203919305606,0.0,72.0,72,15.0,1,,8.40720961281709,7.0,0.0,27.0,6297.0,6.063258450058599,0.3876998529849937,0.77477551006031
ID3615,3615,44,0.1389235407114029,2470.3563640063685,367.1766213858344,0.0,72.0,72,15.0,1,,8.610146862483312,7.0,0.0,33.0,6449.0,7.006506037252826,0.44684458918079883,0.7590557479559938
ID3648,3648,13,0.15844406187534332,458.7918599377526,1805.3524804236679,0.0,73.0,73,15.0,1,,10.562082777036048,9.0,0.0,28.0,7911.0,6.6157286201110965,0.515186404570754,1.0856759300338379
ID3649,3649,50,0.13465875387191772,2601.954471598018,1876.591131815214,0.0,73.0,73,15.0,1,,10.118825100133511,10.0,0.0,23.0,7579.0,4.814253648277936,0.5087158248444429,1.4174211827360617
ID3650,3650,14,0.22397349774837494,2301.3013222284253,1883.990423199783,0.0,73.0,73,15.0,1,,13.459279038718291,11.0,0.0,39.0,10081.0,9.07529466608723,0.5785732219724905,1.0871379479725691
ID3651,3651,15,0.1333778202533722,437.54690215116216,1957.8424280017337,0.0,73.0,73,15.0,1,,8.935914552736982,8.0,0.0,29.0,6693.0,6.148227419273466,0.4734674833917691,0.934046895622768
ID3652,3652,17,0.219257652759552,708.7297852288909,1976.6035167486166,0.0,73.0,73,15.0,1,,12.371161548731642,9.0,0.0,42.0,9266.0,9.644123275650959,0.5832528058288606,0.9451142060140014
ID3653,3653,47,0.11965397745370865,2753.0820406583434,1977.152984791186,0.0,73.0,73,15.0,1,,8.013351134846461,6.0,0.0,26.0,6002.0,6.061832298381837,0.4154810603137033,0.7760459204738015
ID3634,3634,24,0.15401335060596466,1079.5766872798733,76.28241119754628,0.0,73.0,73,15.0,1,,9.89853137516689,8.0,0.0,34.0,7414.0,6.862504530307633,0.4774043179665609,0.9321914048363448
ID3635,3635,,0.10816459357738495,968.2357554496572,147.522267328297,0.0,73.0,73,15.0,1,,9.014686248331108,9.0,0.0,19.0,6752.0,4.000474311996882,0.45274034031682553,1.4045277432658578
ID3636,3636,44,0.1364019364118576,2470.6080692851397,368.260580432088,0.0,73.0,73,15.0,1,,8.994659546061415,7.0,0.0,30.0,6737.0,6.745168466734644,0.41151821491239554,0.7775431513573997
ID3637,3637,20,0.15405212342739105,249.8124213163642,384.6528839291318,0.0,73.0,73,15.0,1,,9.542056074766355,8.0,0.0,31.0,7147.0,7.283224189219656,0.47313248223675847,0.8415680532135035
ID3638,3638,21,0.2782013714313507,383.8447312078515,413.31593977209354,0.0,73.0,73,15.0,1,,23.748998664886514,24.0,10.0,40.0,17788.0,5.190851133803949,0.5590819784153342,3.281279811243798
ID3639,3639,2,0.2186504602432251,2829.736480756865,641.3827963799998,0.0,73.0,73,15.0,1,,12.64886515353805,10.0,0.0,39.0,9474.0,9.383157879161379,0.5895751908578148,0.9999784916192376
ID3640,3640,3,0.2209557294845581,2167.6517078709307,770.2197001851804,0.0,73.0,73,15.0,1,,12.323097463284379,8.0,0.0,46.0,9230.0,10.22957142647555,0.5525689200948837,0.857487910414143
ID3641,3641,55,0.14908833801746368,1237.0444722491231,1254.9106935420773,0.0,73.0,73,15.0,1,,10.45260347129506,10.0,0.0,29.0,7829.0,6.052529349650749,0.5134878074241903,1.1718412355496182
ID3642,3642,5,0.22200292348861694,2412.9716285998147,1266.0662756411543,0.0,73.0,73,15.0,1,,13.475300400534046,11.0,0.0,37.0,10093.0,8.937303384577532,0.5732290191553382,1.0987481830397419
ID3643,3643,6,0.1353263556957245,394.01660610212247,1342.2109518040372,0.0,73.0,73,15.0,1,,12.982643524699599,13.0,4.0,23.0,9724.0,3.46154859432655,0.4956251524093543,2.48572610554144
ID3644,3644,64,0.10897599905729294,3053.768077947442,1431.8678142496403,0.0,73.0,73,15.0,1,,9.02803738317757,9.0,0.0,22.0,6762.0,4.532770046899113,0.5065742485117334,1.339405956742221
ID3645,3645,8,0.1635691076517105,655.3869043797916,1492.1846269233165,0.0,73.0,73,15.0,1,,10.927903871829105,10.0,0.0,30.0,8185.0,6.242225839762386,0.5455537306514496,1.235892813186162
ID3646,3646,9,0.1872180700302124,2379.5991652641887,1536.7429478508886,0.0,73.0,73,15.0,1,,11.54739652870494,9.0,0.0,32.0,8649.0,7.507177263050677,0.5646265691398834,1.1101662340575082
ID3647,3647,11,0.1844925582408905,2616.200742267522,1726.150604113456,0.0,73.0,73,15.0,1,,10.757009345794392,8.0,0.0,42.0,8057.0,8.940816674596096,0.49476416379361493,0.7964708945569561
ID3654,3654,24,0.1779281497001648,1086.2062246661053,80.52256957225495,0.0,74.0,74,15.0,1,,10.923898531375167,9.0,0.0,34.0,8182.0,7.708480486590728,0.5282757416833296,0.979710639819896
ID3655,3655,44,0.1400492787361145,2468.427785137394,363.24955912433666,0.0,74.0,74,15.0,1,,8.543391188251002,6.0,0.0,31.0,6399.0,7.3340681660417495,0.4344690132255683,0.7056396604045041
ID3656,3656,20,0.1425984650850296,251.06991620622213,390.96007158602174,0.0,74.0,74,15.0,1,,9.360480640854473,8.0,0.0,32.0,7011.0,6.525215408882064,0.4547713362831433,0.8968744257402688
ID3657,3657,21,0.2825137972831726,384.49894077449864,413.09442728073844,0.0,74.0,74,15.0,1,,25.033377837116156,25.0,11.0,39.0,18750.0,4.94220143446349,0.5319786618584201,3.5177948116710493
ID3658,3658,2,0.2143685519695282,2827.1284987524928,647.5170728581483,0.0,74.0,74,15.0,1,,12.170894526034713,9.0,0.0,44.0,9116.0,9.554524469334776,0.5730227446388736,0.9280690201650322
ID3659,3659,,0.10766378045082092,1195.568850494979,753.6421543315847,0.0,74.0,74,15.0,1,,9.839786381842456,10.0,0.0,23.0,7370.0,5.451631552601694,0.38342632397329185,1.0004953166332249
ID3660,3660,3,0.1956271231174469,2168.2625469826535,764.5839063785083,0.0,74.0,74,15.0,1,,10.809078771695594,7.0,0.0,43.0,8096.0,9.870396663758555,0.5008358317139624,0.7308803300868092
ID3661,3661,55,0.12003231793642044,1228.8375282410161,1255.8916562319139,0.0,74.0,74,15.0,1,,9.253671562082777,9.0,0.0,25.0,6931.0,4.641967705123204,0.47521886366875193,1.2843375393768193
ID3662,3662,5,0.20807749032974243,2412.9552684607324,1269.2076054043362,0.0,74.0,74,15.0,1,,12.065420560747663,9.0,0.0,40.0,9037.0,9.132403552319117,0.5444670509254866,0.9314945565399434
ID3663,3663,6,0.12797826528549194,395.3537162618656,1343.7802690765138,0.0,74.0,74,15.0,1,,12.90921228304406,13.0,1.0,23.0,9669.0,3.3942831843986974,0.4495010206635564,2.3588146820269356
ID3664,3664,8,0.1527715027332306,654.3364371818379,1495.0425730286693,0.0,74.0,74,15.0,1,,10.652870493991989,10.0,0.0,25.0,7979.0,5.805647528039956,0.5231088016544235,1.2603961768598575
ID3665,3665,9,0.15219607949256897,2381.1036475425644,1529.3646931891706,0.0,74.0,74,15.0,1,,10.492656875834445,9.0,0.0,27.0,7859.0,5.770940665685949,0.5348890577079243,1.2672303953448696
ID3666,3666,11,0.1897348314523697,2616.405355273118,1718.3811397551551,0.0,74.0,74,15.0,1,,11.36448598130841,9.0,0.0,38.0,8512.0,8.397502121533176,0.5320303554130604,0.9399369277567609
ID3667,3667,13,0.1738591194152832,462.6779945740583,1801.677634670322,0.0,74.0,74,15.0,1,,10.87716955941255,8.0,0.0,32.0,8147.0,7.661688459651825,0.5165691829662697,0.9671362743554515
ID3668,3668,50,0.11446821689605713,2602.5077001478726,1876.2593321554216,0.0,74.0,74,15.0,1,,9.264352469959947,9.0,0.0,23.0,6939.0,4.214131150253235,0.4635325542711795,1.39256306218619
ID3669,3669,14,0.232344850897789,2301.0735803624775,1887.702475245867,0.0,74.0,74,15.0,1,,13.328437917222963,10.0,0.0,40.0,9983.0,9.71417759532049,0.5980224121577357,1.0269228194161477
ID3670,3670,15,0.10867676138877869,442.06026926921123,1963.3960621412866,0.0,74.0,74,15.0,1,,8.240320427236314,8.0,0.0,24.0,6172.0,4.824561480598719,0.43045851386923406,1.0279506969225667
ID3671,3671,17,0.20930786430835724,709.5116241678102,1973.0358510555006,0.0,74.0,74,15.0,1,,11.445927903871828,8.0,0.0,41.0,8573.0,9.998065326228005,0.5435687893772454,0.8062942365638365
ID3680,3680,5,0.16802996397018433,2406.015500403471,1274.9410073835793,0.0,75.0,75,15.0,1,,10.566088117489986,9.0,0.0,31.0,7914.0,7.1131025668069015,0.5395629150925411,1.0411895579926393
ID3681,3681,6,0.14160661399364471,394.66062294742346,1343.517317063575,0.0,75.0,75,15.0,1,,13.867823765020027,14.0,4.0,24.0,10387.0,3.357471226744681,0.46628810731929715,2.627005831661139
ID3682,3682,8,0.1929139345884323,664.1239991620203,1494.2018863165772,0.0,75.0,75,15.0,1,,12.257676902536716,11.0,0.0,31.0,9181.0,7.337114314746693,0.5723726017526666,1.216287515237991
ID3683,3683,9,0.16936177015304565,2386.415984476471,1519.3339998218537,0.0,75.0,75,15.0,1,,11.20694259012016,10.0,0.0,31.0,8394.0,6.620431418254555,0.5354713564390448,1.1806614328959235
ID3684,3684,11,0.20513039827346802,2614.868299313271,1710.0165431414755,0.0,75.0,75,15.0,1,,11.655540720961282,9.0,0.0,40.0,8730.0,9.528533669197865,0.5332941214744004,0.8508983364820858
ID3685,3685,13,0.16521196067333221,457.04515498576865,1799.5684269724059,0.0,75.0,75,15.0,1,,10.212283044058745,8.0,0.0,31.0,7649.0,7.108145417622496,0.5284196980654017,0.9934200186230172
ID3686,3686,14,0.23041023313999176,2296.850903367694,1887.084672533097,0.0,75.0,75,15.0,1,,13.162883845126835,11.0,0.0,42.0,9859.0,9.619229860865643,0.6089602927340716,1.0358202351076031
ID3687,3687,50,0.10675501823425293,2608.6936181204446,1886.6713871949198,0.0,75.0,75,15.0,1,,9.109479305740988,9.0,0.0,22.0,6823.0,4.125216360705545,0.4290981894021135,1.326085208222743
ID3688,3688,15,0.12437489628791809,446.7591740299123,1969.0720924005489,0.0,75.0,75,15.0,1,,8.4913217623498,7.0,0.0,26.0,6360.0,6.064844958744045,0.40463721017687365,0.8066539023731304
ID3689,3689,,0.11655501276254654,2764.563108575048,1969.180629838809,0.0,75.0,75,15.0,1,,8.009345794392523,6.0,0.0,27.0,5999.0,5.760010418913182,0.413797990508192,0.8139632331373565
ID3690,3690,17,0.21111087501049042,705.4022876689978,1975.8081066000893,0.0,75.0,75,15.0,1,,11.724966622162883,9.0,0.0,41.0,8782.0,9.674885006997092,0.5570099435833318,0.8670963556865677
ID3672,3672,24,0.1733885556459427,1091.0575612456526,73.80322002682138,0.0,75.0,75,15.0,1,,10.702269692923899,9.0,0.0,37.0,8016.0,7.588568497875896,0.508182965020729,0.9504124124256997
ID3673,3673,44,0.11789114773273468,2466.4094355951447,358.2018051110333,0.0,75.0,75,15.0,1,,8.052069425901202,6.0,0.0,29.0,6031.0,6.0515796864170985,0.38510985505212986,0.7398934168223293
ID3674,3674,20,0.1487070918083191,252.1819790137764,394.9573489933594,0.0,75.0,75,15.0,1,,9.28437917222964,7.0,0.0,30.0,6954.0,7.197038461436372,0.44623490710685954,0.7960745524605938
ID3675,3675,21,0.2808581292629242,384.3021114553959,413.0647531793629,0.0,75.0,75,15.0,1,,24.907877169559413,25.0,9.0,38.0,18656.0,5.1905719143199285,0.5299181257548699,3.324237798107516
ID3676,3676,2,0.20762361586093903,2819.045607274153,652.0743955061567,0.0,75.0,75,15.0,1,,12.146862483311082,9.0,0.0,40.0,9098.0,9.141186480786743,0.549744654025135,0.942741031739512
ID3677,3677,,0.10318182408809662,1023.269170498126,661.8301218666817,0.0,75.0,75,15.0,1,,9.481975967957275,9.0,0.0,24.0,7102.0,5.0557066125679055,0.349688646186115,0.9718403342683918
ID3678,3678,3,0.21027572453022003,2168.996068234569,758.7462265523732,0.0,75.0,75,15.0,1,,11.400534045393858,8.0,0.0,41.0,8539.0,10.342131253218527,0.5303582323595845,0.7640492552536868
ID3679,3679,55,0.12246015667915344,1227.771087941181,1256.9118069179792,0.0,75.0,75,15.0,1,,9.488651535380507,9.0,0.0,25.0,7107.0,4.9969447266977145,0.4403511584857473,1.1610761517061106
ID3712,3712,24,0.1531202793121338,1099.6929846232315,76.06687538922067,0.0,76.0,76,15.0,1,,9.814419225634179,8.0,0.0,31.0,7351.0,6.47942076209365,0.5154892244116881,1.030445806509024
ID3713,3713,44,0.10613784939050674,2467.1219345938152,358.96569624534516,0.0,76.0,76,15.0,1,,7.712950600801068,7.0,0.0,29.0,5777.0,5.556622052583484,0.3810965359246579,0.7660385975789703
ID3714,3714,20,0.13696327805519104,254.1778076075325,398.6716224549292,0.0,76.0,76,15.0,1,,8.825100133511349,7.0,0.0,27.0,6610.0,6.595056497904178,0.4501296311383578,0.8307338229609986
ID3715,3715,21,0.28363895416259766,383.14963474600097,412.66321394272427,0.0,76.0,76,15.0,1,,24.7369826435247,25.0,11.0,39.0,18528.0,5.3934979646934735,0.5358436521290165,3.200348580014084
ID3716,3716,2,0.23418600857257843,2820.7990771156406,650.933941054234,0.0,76.0,76,15.0,1,,12.62483311081442,9.0,0.0,47.0,9456.0,10.84082562073678,0.5801406868453015,0.8551274580541519
ID3717,3717,3,0.18447016179561615,2164.7762082218483,756.5901687515341,0.0,76.0,76,15.0,1,,10.841121495327103,8.0,0.0,35.0,8120.0,8.356054951682644,0.5355465179737766,0.9049761675769546
ID3718,3718,5,0.16624516248703003,2407.6251547824477,1270.4323690070823,0.0,76.0,76,15.0,1,,10.532710280373832,9.0,0.0,29.0,7889.0,6.957515134185548,0.5309696563098469,1.0500720383141335
ID3719,3719,6,0.13915708661079407,395.4599163212117,1344.132472091623,0.0,76.0,76,15.0,1,,14.036048064085447,14.0,5.0,23.0,10513.0,3.1837712440728367,0.47729122864480755,2.8487236464009973
ID3720,3720,8,0.16994251310825348,667.7571166701392,1489.2571780769317,0.0,76.0,76,15.0,1,,10.857142857142858,9.0,0.0,31.0,8132.0,6.948215087009034,0.5315913618980008,1.084694157752764
ID3721,3721,9,0.15627092123031616,2384.1581606289947,1515.209984324303,0.0,76.0,76,15.0,1,,10.763684913217624,10.0,0.0,30.0,8062.0,5.738645174198089,0.5407654710917098,1.3166004981466035
ID3722,3722,11,0.18570327758789062,2611.8442765663617,1713.4985761814871,0.0,76.0,76,15.0,1,,10.903871829105475,9.0,0.0,35.0,8167.0,8.36764512804515,0.5466725179577061,0.921162719050099
ID3723,3723,13,0.1680648922920227,448.5161080527798,1792.1057602216003,0.0,76.0,76,15.0,1,,10.714285714285714,9.0,0.0,31.0,8025.0,7.001991422504398,0.5382822514858407,1.0708920035629925
ID3724,3724,14,0.2333192676305771,2289.4707812801043,1886.712660575215,0.0,76.0,76,15.0,1,,13.571428571428571,10.0,0.0,39.0,10165.0,9.473819016280954,0.6098036270647271,1.085294441366622
ID3725,3725,50,0.1168057918548584,2612.1500744057257,1886.9958724267383,0.0,76.0,76,15.0,1,,9.720961281708945,9.0,0.0,22.0,7281.0,4.1539043079777,0.45152417877157436,1.4559265248147824
ID3726,3726,15,0.12434185296297073,442.7511305286876,1969.9968974499902,0.0,76.0,76,15.0,1,,8.671562082777037,7.0,0.0,32.0,6495.0,5.886766209635179,0.4319477576072914,0.8886988027848405
ID3727,3727,17,0.22853292524814606,704.4964800807386,1970.1313016279933,0.0,76.0,76,15.0,1,,12.767690253671562,9.0,0.0,41.0,9563.0,10.24483553891603,0.5646714724266869,0.8995183467214434
ID3691,3691,24,0.16932612657546997,1103.1436754799965,76.22241296245846,0.0,77.0,77,15.0,1,,10.699599465954606,9.0,0.0,29.0,8014.0,7.072713428411172,0.520461744055204,1.0356780442968783
ID3692,3692,,0.10638324171304703,946.1567545398477,147.96862097637162,0.0,77.0,77,15.0,1,,8.785046728971963,9.0,0.0,21.0,6580.0,4.107576233969007,0.45628059738489196,1.3402177866952527
ID3693,3693,44,0.1176859512925148,2469.576914036935,350.357769127442,0.0,77.0,77,15.0,1,,8.31909212283044,7.0,0.0,25.0,6231.0,5.674167113919823,0.4328662614254992,0.885833065750307
ID3694,3694,20,0.14827226102352142,248.94082415006952,408.3294482504806,0.0,77.0,77,15.0,1,,9.303070761014686,8.0,0.0,30.0,6968.0,6.812441721994721,0.48262789643462695,0.8890655321272404
ID3695,3695,21,0.29432350397109985,383.97806358778126,412.867915402374,0.0,77.0,77,15.0,1,,26.580774365821096,27.0,12.0,38.0,19909.0,5.160312756200129,0.5248681100560828,3.5460063184276316
ID3696,3696,2,0.2477843016386032,2819.76906044447,650.8062308533144,0.0,77.0,77,15.0,1,,13.663551401869158,10.0,0.0,46.0,10234.0,10.971232129050344,0.5985515425271914,0.9326379795038761
ID3697,3697,,0.10493966192007065,1021.416786458717,658.5584916235944,0.0,77.0,77,15.0,1,,9.607476635514018,9.0,0.0,25.0,7196.0,5.125770860357401,0.37869863065891446,1.029685353629045
ID3698,3698,3,0.16012156009674072,2150.5577510164912,759.7753407979566,0.0,77.0,77,15.0,1,,10.138851802403204,9.0,0.0,28.0,7594.0,7.022838926980923,0.4918815072746726,0.9519896517255758
ID3699,3699,,0.10820168256759644,1200.895492339097,761.438396136975,0.0,77.0,77,15.0,1,,10.267022696929239,10.0,0.0,26.0,7690.0,5.504081550758364,0.38223725451307444,1.031668277609458
ID3700,3700,5,0.21303045749664307,2416.7226620190413,1272.9437489449929,0.0,77.0,77,15.0,1,,12.596795727636849,10.0,0.0,37.0,9435.0,9.093412458847308,0.5569094975192168,0.9910246311184255
ID3701,3701,6,0.14038099348545074,393.99596881718736,1342.7474494213373,0.0,77.0,77,15.0,1,,13.622162883845126,14.0,3.0,24.0,10203.0,3.2748580603866437,0.47553908719909727,2.6811374844717086
ID3702,3702,58,0.10315493494272232,3045.6932943609595,1432.4564143417892,0.0,77.0,77,15.0,1,,7.930574098798398,7.0,0.0,22.0,5940.0,4.4826447641693195,0.4302639607520159,1.0644348238002068
ID3703,3703,8,0.1780707836151123,669.9229875752625,1490.8566773501284,0.0,77.0,77,15.0,1,,10.850467289719626,9.0,0.0,30.0,8127.0,7.295450594739076,0.5569909148098839,1.0641144726612395
ID3704,3704,9,0.16075235605239868,2378.971293121649,1520.3381428214075,0.0,77.0,77,15.0,1,,11.132176234979973,10.0,0.0,28.0,8338.0,6.031325817205091,0.5205158693005886,1.2636892651004759
ID3705,3705,11,0.1982622742652893,2608.0432734396813,1713.6694886948553,0.0,77.0,77,15.0,1,,11.453938584779706,9.0,0.0,39.0,8579.0,9.09513451062031,0.5302678868778382,0.8727775806505607
ID3706,3706,13,0.1796208769083023,434.76566382884073,1794.108618606975,0.0,77.0,77,15.0,1,,10.985313751668892,9.0,0.0,32.0,8228.0,7.736195092359248,0.5457582123528638,1.002706348647865
ID3707,3707,14,0.23478320240974426,2291.0115643320723,1884.745354239049,0.0,77.0,77,15.0,1,,13.14018691588785,10.0,0.0,45.0,9842.0,10.139816707057198,0.598235389401951,0.9701363823331824
ID3708,3708,50,0.1251954436302185,2611.9574416598794,1891.8929689536112,0.0,77.0,77,15.0,1,,9.380507343124165,9.0,0.0,24.0,7026.0,4.664485718167229,0.49956612875428136,1.3399232359801054
ID3709,3709,17,0.2170322984457016,707.0609343837702,1970.865615370762,0.0,77.0,77,15.0,1,,12.114819759679573,8.0,0.0,42.0,9074.0,10.039103059613169,0.5481027157016553,0.8545042393106469
ID3710,3710,15,0.13699503242969513,441.79352033244214,1972.4353549584996,0.0,77.0,77,15.0,1,,9.291054739652871,8.0,0.0,28.0,6959.0,6.243558184707104,0.4599540389784212,0.9376442702454484
ID3711,3711,57,0.12616167962551117,2780.77345628934,1973.7547110720695,0.0,77.0,77,15.0,1,,8.468624833110814,7.0,0.0,31.0,6343.0,6.734311604427879,0.38474058466008776,0.6987941510293889
ID3744,3744,17,0.18366996943950653,711.5363039615888,1976.417475253779,0.0,78.0,78,15.0,1,,11.173564753004005,9.0,0.0,33.0,8369.0,7.939900976472536,0.5415272244895174,0.9887255468404947
ID3745,3745,57,0.12109370529651642,2783.7695204490788,1978.1451049912537,0.0,78.0,78,15.0,1,,7.507343124165554,5.0,0.0,27.0,5623.0,6.737357899131191,0.39511313429669664,0.6311588589814875
ID3728,3728,24,0.17134268581867218,1106.3363549238177,75.95749348604207,0.0,78.0,78,15.0,1,,10.97863818424566,9.0,0.0,32.0,8223.0,7.116266878968989,0.5234641701995786,1.0601832960272302
ID3729,3729,20,0.15184587240219116,248.56360648990946,411.9233565056935,0.0,78.0,78,15.0,1,,9.510013351134846,7.0,0.0,31.0,7123.0,7.177577133162371,0.463333301739493,0.8390416385193498
ID3730,3730,21,0.28575384616851807,383.3951029667571,412.89287944360177,0.0,78.0,78,15.0,1,,25.005340453938583,25.0,13.0,38.0,18729.0,5.080630439819607,0.5415553008150035,3.4580308537848996
ID3731,3731,2,0.2084968537092209,2823.288294051431,655.847793143399,0.0,78.0,78,15.0,1,,12.413885180240321,10.0,0.0,43.0,9298.0,9.132835482442765,0.5427270247038369,0.9563666993110761
ID3732,3732,3,0.2108621895313263,2146.5135293227877,764.1267893808752,0.0,78.0,78,15.0,1,,11.209612817089452,7.0,0.0,43.0,8396.0,10.516227007100134,0.5437750042708055,0.7509238378964737
ID3733,3733,,0.10119743645191193,1236.7116269953058,1261.2840174593093,0.0,78.0,78,15.0,1,,9.38584779706275,9.0,0.0,21.0,7030.0,3.7232988770182534,0.4422687990473156,1.5460220983192041
ID3734,3734,5,0.20249426364898682,2424.151060334312,1262.4135884397606,0.0,78.0,78,15.0,1,,11.672897196261681,9.0,0.0,36.0,8743.0,8.948520313040202,0.5664794602663608,0.9434456597818093
ID3735,3735,6,0.144672691822052,394.5429063081665,1342.1167759104544,0.0,78.0,78,15.0,1,,13.959946595460615,14.0,3.0,23.0,10456.0,3.350073508225323,0.4784561383483044,2.697075487666418
ID3736,3736,58,0.10618425905704498,3041.1152383209014,1430.7235864027691,0.0,78.0,78,15.0,1,,8.259012016021362,8.0,0.0,24.0,6186.0,4.1405377710241815,0.4825355004243613,1.2984508391440757
ID3737,3737,8,0.17799757421016693,667.5466340507298,1488.8094458317353,0.0,78.0,78,15.0,1,,11.24966622162884,10.0,0.0,31.0,8426.0,7.136401414986606,0.5522004131452882,1.1216033418979579
ID3738,3738,9,0.14060305058956146,2376.3771250193413,1519.4047751961582,0.0,78.0,78,15.0,1,,9.946595460614152,9.0,0.0,26.0,7450.0,5.319958362290391,0.5147531317451683,1.27073021326055
ID3739,3739,11,0.19032694399356842,2617.484865136961,1716.1431590999262,0.0,78.0,78,15.0,1,,11.072096128170895,8.0,0.0,40.0,8293.0,8.680153373010308,0.5353866841901229,0.8895743255788182
ID3740,3740,13,0.2023109793663025,431.08127696699245,1794.4939273565574,0.0,78.0,78,15.0,1,,11.822429906542055,10.0,0.0,36.0,8855.0,8.825505634389108,0.5657270616484635,0.9680282752482211
ID3741,3741,14,0.2251499593257904,2288.728928830522,1882.4890349476964,0.0,78.0,78,15.0,1,,12.95460614152203,10.0,0.0,43.0,9703.0,9.553008360111376,0.5922247672454871,1.0087794865786555
ID3742,3742,50,0.11686854809522629,2609.8164841945954,1892.0127056875172,0.0,78.0,78,15.0,1,,9.269692923898532,9.0,0.0,21.0,6943.0,4.185779661683884,0.46913666988538655,1.4143476121176144
ID3743,3743,15,0.16216830909252167,446.7330009563866,1971.7771510693874,0.0,78.0,78,15.0,1,,10.037383177570094,8.0,0.0,32.0,7518.0,7.460139465426924,0.49213201591910616,0.8875195392647467
ID3746,3746,59,0.11454126238822937,2893.0,0.0,0.0,79.0,79,15.0,1,,6.08411214953271,4.0,0.0,32.0,4557.0,7.008751303358211,0.4571893399915144,0.5447116537491945
ID3747,3747,24,0.17476312816143036,1115.0059052844574,74.72044694948934,0.0,79.0,79,15.0,1,,11.038718291054739,9.0,0.0,32.0,8268.0,7.36717292166403,0.5235284152883031,1.0297634716124533
ID3748,3748,44,0.106663778424263,2478.8611214548782,342.31461130334145,0.0,79.0,79,15.0,1,,7.5327102803738315,6.0,0.0,27.0,5642.0,5.8188391024477415,0.34715179427141396,0.6671873317971937
ID3749,3749,20,0.1016155257821083,245.89972620919394,403.9248194466563,0.0,79.0,79,15.0,1,,7.473965287049399,6.0,0.0,22.0,5598.0,4.893073561795951,0.3873536400544122,0.8529425705308649
ID3750,3750,21,0.27230656147003174,383.83266899567434,412.92567498694876,0.0,79.0,79,15.0,1,,24.255006675567422,24.0,12.0,39.0,18167.0,4.854059126817464,0.5354800705291068,3.4851819808655415
ID3751,3751,2,0.19242019951343536,2825.9963271962006,665.9543373372304,0.0,79.0,79,15.0,1,,11.818424566088117,9.0,0.0,37.0,8852.0,8.992518112668353,0.46364237894947596,0.8326383535031049
ID3752,3752,60,0.10448572039604187,1191.093018903054,766.7337163003896,0.0,79.0,79,15.0,1,,9.962616822429906,10.0,0.0,23.0,7462.0,5.500480444624379,0.357441051131225,0.9538635368931134
ID3753,3753,3,0.19232483208179474,2148.027113329407,770.6096806833949,0.0,79.0,79,15.0,1,,10.730307076101468,7.0,0.0,39.0,8037.0,9.547203445101397,0.5043920216870548,0.7536559912519021
ID3754,3754,5,0.170230895280838,2424.91070537569,1262.5213652050134,0.0,79.0,79,15.0,1,,10.307076101468624,9.0,0.0,33.0,7720.0,7.4932565491991046,0.5336579172584148,0.95725872259697
ID3755,3755,6,0.13116465508937836,393.8209252508547,1342.0048720047794,0.0,79.0,79,15.0,1,,12.935914552736982,13.0,3.0,22.0,9689.0,3.0923668095275505,0.46699673714731293,2.6633045366294237
ID3756,3756,58,0.10260320454835892,3040.9989908724638,1430.7471603898869,0.0,79.0,79,15.0,1,,7.969292389853138,8.0,0.0,24.0,5969.0,4.112114248112223,0.45773012244475675,1.2170739024591173
ID3757,3757,8,0.18061387538909912,667.5146939957287,1490.2960041584765,0.0,79.0,79,15.0,1,,11.79305740987984,10.0,0.0,33.0,8833.0,6.975216238624918,0.540398806861935,1.1862601478107984
ID3758,3758,9,0.10074125230312347,2386.501288311405,1523.2834267369535,0.0,79.0,79,15.0,1,,7.994659546061415,8.0,0.0,20.0,5988.0,4.042220136748641,0.4589247982496801,1.2442814532379776
ID3759,3759,11,0.19705703854560852,2625.155671640438,1718.4116579879633,0.0,79.0,79,15.0,1,,11.444592790387183,8.0,0.0,38.0,8572.0,9.151060734576966,0.5235401675535484,0.85951805035855
ID3760,3760,13,0.18771512806415558,426.3428381552446,1796.782877917106,0.0,79.0,79,15.0,1,,11.528704939919892,9.0,0.0,35.0,8635.0,8.214587979534842,0.5148894486359018,0.9540206736632311
ID3761,3761,14,0.23046432435512543,2290.607563615278,1889.1436430554998,0.0,79.0,79,15.0,1,,12.913217623497998,10.0,0.0,39.0,9672.0,9.910789180139268,0.5978523489932885,0.9750199956692256
ID3762,3762,,0.10055086016654968,583.1538726121423,1891.144416155381,0.0,79.0,79,15.0,1,,8.855807743658211,8.0,0.0,21.0,6633.0,3.985674084707895,0.3929314594122791,1.253555153513995
ID3763,3763,50,0.11111482977867126,2612.5326414167826,1896.7076719508225,0.0,79.0,79,15.0,1,,9.15086782376502,9.0,0.0,24.0,6854.0,4.141215807407544,0.4561480823451605,1.3844099939884005
ID3764,3764,57,0.11013921350240707,2787.137285970189,1964.8865862697821,0.0,79.0,79,15.0,1,,7.90520694259012,6.0,0.0,29.0,5921.0,5.73411193616084,0.3781165310506279,0.7565136962118271
ID3765,3765,15,0.12429986894130707,450.7518986601444,1967.9503428086578,0.0,79.0,79,15.0,1,,8.886515353805073,8.0,0.0,25.0,6656.0,5.274719472616911,0.4504111373571994,1.046357565589004
ID3766,3766,17,0.20942673087120056,716.4210505573004,1979.0279087667263,0.0,79.0,79,15.0,1,,11.43524699599466,8.0,0.0,39.0,8565.0,9.805195438779112,0.5554531042404527,0.8329324212664302
ID3776,3776,5,0.23024888336658478,2426.2522304037084,1269.6605704878996,0.0,80.0,80,15.0,1,,12.696929238985314,9.0,0.0,41.0,9510.0,10.22632932255926,0.5883234464842344,0.9197845924369522
ID3777,3777,6,0.1356549710035324,394.2445558297922,1343.41297385794,0.0,80.0,80,15.0,1,,13.560747663551401,14.0,4.0,22.0,10157.0,3.2272415791671527,0.4710999054813011,2.6912435604954776
ID3778,3778,8,0.1775188148021698,665.4723846268838,1490.1518345998131,0.0,80.0,80,15.0,1,,11.425901201602136,10.0,0.0,33.0,8558.0,7.237116296912642,0.5187140635764894,1.078467139463084
ID3779,3779,9,0.15198996663093567,2399.8116014201833,1526.997758468366,0.0,80.0,80,15.0,1,,11.008010680907876,10.0,0.0,28.0,8245.0,5.342037897495805,0.5184118210942719,1.4070748258951569
ID3780,3780,11,0.18195298314094543,2622.3293347579615,1714.7602115716286,0.0,80.0,80,15.0,1,,11.098798397863819,9.0,0.0,35.0,8313.0,7.889671116017948,0.5393930017658501,0.9858318797552568
ID3781,3781,13,0.23721155524253845,433.3154265328664,1793.188002190683,0.0,80.0,80,15.0,1,,13.527369826435248,11.0,0.0,41.0,10132.0,10.271494283253361,0.5768582204940211,0.9635764333308265
ID3782,3782,14,0.192226842045784,2285.43644734417,1888.7324520951543,0.0,80.0,80,15.0,1,,11.572763684913218,10.0,0.0,34.0,8668.0,7.840939147201903,0.5746678440177447,1.0772758767064847
ID3783,3783,50,0.10391288250684738,2612.1622111087177,1899.5401547519402,0.0,80.0,80,15.0,1,,8.439252336448599,8.0,0.0,19.0,6321.0,4.061440891364608,0.4482700550519044,1.2863051503608849
ID3784,3784,57,0.10245014727115631,2794.8671633292242,1961.9822542839008,0.0,80.0,80,15.0,1,,7.2763684913217626,6.0,0.0,24.0,5450.0,5.104233291073308,0.39109304817202084,0.8015637722666548
ID3785,3785,15,0.14832794666290283,451.85666895376863,1967.3536598380865,0.0,80.0,80,15.0,1,,9.767690253671562,8.0,0.0,32.0,7316.0,7.0353935335067534,0.43561325567887477,0.8425527620367439
ID3786,3786,17,0.2108273208141327,717.7351189266354,1976.5303973017828,0.0,80.0,80,15.0,1,,12.062750333778371,9.0,0.0,39.0,9035.0,9.475556135832099,0.556801175765923,0.9106230073460205
ID3767,3767,59,0.16247569024562836,2896.0,0.0,0.0,80.0,80,15.0,1,,7.663551401869159,6.0,0.0,25.0,5740.0,7.238047029678527,0.6265462445400477,0.8156904649990824
ID3768,3768,24,0.1426299810409546,1114.9706716425667,71.65670505943373,0.0,80.0,80,15.0,1,,9.421895861148197,8.0,0.0,26.0,7057.0,6.105651903847704,0.48817487411107807,1.0124129925910428
ID3769,3769,,0.11017283797264099,1354.8614470599287,328.79097247270056,0.0,80.0,80,15.0,1,,7.947930574098798,7.0,0.0,28.0,5953.0,5.677492066599169,0.3722445758823243,0.7594940569899586
ID3770,3770,44,0.10226186364889145,2487.797364123463,340.52604140425797,0.0,80.0,80,15.0,1,,7.683578104138852,7.0,0.0,25.0,5755.0,4.958384031798328,0.3823978100006071,0.8573056875285762
ID3771,3771,20,0.13912333548069,254.4120690291838,397.82608698929096,0.0,80.0,80,15.0,1,,9.447263017356475,8.0,0.0,29.0,7076.0,6.479416905458402,0.4479079106311787,0.9020858474409635
ID3772,3772,21,0.27493247389793396,384.2065363529742,413.0580451486783,0.0,80.0,80,15.0,1,,24.535380507343124,25.0,9.0,40.0,18377.0,5.170141602824429,0.5234025593731221,3.2609303016427575
ID3773,3773,2,0.24402578175067902,2819.32313043357,671.8528235498615,0.0,80.0,80,15.0,1,,14.327102803738319,11.0,0.0,46.0,10731.0,11.1447008949941,0.518739040410545,0.8781844300670663
ID3774,3774,60,0.10790178924798965,1189.4694316501418,766.4366663544866,0.0,80.0,80,15.0,1,,10.45260347129506,11.0,0.0,23.0,7829.0,5.410868373479587,0.35441364567147793,1.0109894320908248
ID3775,3775,3,0.15176373720169067,2151.0881301003296,773.7672397162008,0.0,80.0,80,15.0,1,,9.540720961281709,8.0,0.0,31.0,7146.0,6.858384931202583,0.479515915251666,0.9017221090612768
ID3787,3787,59,0.17388825118541718,2899.0,0.0,0.0,81.0,81,15.0,1,,7.369826435246996,4.0,0.0,38.0,5520.0,8.869867128896205,0.5809204357268751,0.6106280954272469
ID3788,3788,24,0.17767581343650818,1121.3917573767603,69.0990207416353,0.0,81.0,81,15.0,1,,11.065420560747663,9.0,0.0,32.0,8288.0,7.314898940796704,0.5417341905362806,1.0630809413219033
ID3789,3789,44,0.1179458349943161,2495.1768270231796,342.6869022279121,0.0,81.0,81,15.0,1,,7.898531375166889,6.0,0.0,27.0,5916.0,6.252303146177526,0.39355467045642034,0.7135384423293109
ID3790,3790,20,0.13622936606407166,249.50825664243993,403.05797842987585,0.0,81.0,81,15.0,1,,9.004005340453938,7.0,0.0,30.0,6744.0,6.6305269533511275,0.4400223387483477,0.8298950811608143
ID3791,3791,21,0.282107412815094,383.9087023334985,412.53147984582154,0.0,81.0,81,15.0,1,,25.23898531375167,25.0,11.0,38.0,18904.0,4.86615255415049,0.530082955588953,3.593726559697005
ID3792,3792,2,0.24738729000091553,2819.806284211298,671.8167614967139,0.0,81.0,81,15.0,1,,14.323097463284379,11.0,0.0,46.0,10728.0,11.232580715814125,0.530140889192764,0.8835828467388149
ID3793,3793,3,0.17390118539333344,2155.057916629951,775.7169914226552,0.0,81.0,81,15.0,1,,10.145527369826436,7.0,0.0,35.0,7599.0,8.367649820886694,0.5003051709994129,0.808642403252304
ID3794,3794,5,0.21091991662979126,2419.6042951950853,1269.970241270121,0.0,81.0,81,15.0,1,,12.026702269692924,9.0,0.0,41.0,9008.0,9.168320978509724,0.5781781763925645,0.9611527384133809
ID3795,3795,6,0.14143088459968567,394.5189707108112,1343.1835073109319,0.0,81.0,81,15.0,1,,13.881174899866489,14.0,0.0,24.0,10397.0,3.4281050888381257,0.48020706617127545,2.6272909411810406
ID3796,3796,,0.10399294644594193,3039.341115145356,1427.783052396276,0.0,81.0,81,15.0,1,,8.222963951935915,8.0,0.0,20.0,6159.0,4.09018732819353,0.4516243594947758,1.250945226959097
ID3797,3797,8,0.17125099897384644,661.9510316266468,1496.9621241446714,0.0,81.0,81,15.0,1,,11.053404539385848,9.0,0.0,31.0,8279.0,7.160671686971068,0.5013349490404774,1.0309145881459594
ID3798,3798,9,0.13749852776527405,2400.8440336495723,1531.0357310311854,0.0,81.0,81,15.0,1,,10.072096128170895,9.0,0.0,24.0,7544.0,5.13508780354391,0.5077161576802857,1.3210017090366049
ID3799,3799,11,0.1985810399055481,2620.514687873709,1712.4074236431484,0.0,81.0,81,15.0,1,,11.030707610146862,8.0,0.0,38.0,8262.0,9.526510556107304,0.533613285847717,0.8057685036291
ID3800,3800,13,0.1890069842338562,439.0029257374261,1790.5805270518922,0.0,81.0,81,15.0,1,,12.06675567423231,10.0,0.0,33.0,9038.0,7.652082151396609,0.5290710837028688,1.0912574999400146
ID3801,3801,14,0.20058564841747284,2279.9529352304344,1884.686769583088,0.0,81.0,81,15.0,1,,11.560747663551401,10.0,0.0,35.0,8659.0,8.464023106111327,0.592656480664592,1.016529536116327
ID3802,3802,50,0.10448228567838669,2617.5358161491577,1894.4111129823903,0.0,81.0,81,15.0,1,,8.583444592790388,8.0,0.0,21.0,6429.0,3.881264939511689,0.4582151128648064,1.3898442306229561
ID3803,3803,57,0.13100481033325195,2799.7974048521287,1948.6998002016653,0.0,81.0,81,15.0,1,,8.192256341789053,6.0,0.0,27.0,6136.0,6.813237654395345,0.4253056260727711,0.7175846156567286
ID3804,3804,15,0.12489603459835052,450.6666036246951,1973.7033597641314,0.0,81.0,81,15.0,1,,8.654205607476635,7.0,0.0,26.0,6482.0,5.900176655147466,0.4353402873921575,0.8897462668937619
ID3805,3805,17,0.22002734243869781,724.3042804326222,1980.2211200638785,0.0,81.0,81,15.0,1,,11.903871829105475,9.0,0.0,42.0,8916.0,10.119412617680226,0.5792618107189279,0.8629461533651425
ID3808,3808,20,0.1368546038866043,246.2274761430471,407.5894982130363,0.0,82.0,82,15.0,1,,9.136181575433913,8.0,0.0,28.0,6843.0,6.23236651297186,0.450888947281506,0.9111232933569738
ID3809,3809,21,0.273846834897995,384.2922220634174,413.07759247824265,0.0,82.0,82,15.0,1,,24.563417890520693,25.0,10.0,39.0,18398.0,4.834180558418418,0.5357476534806678,3.5451640951270376
ID3810,3810,2,0.25198203325271606,2820.545470702134,670.4570705292018,0.0,82.0,82,15.0,1,,14.627503337783711,11.0,0.0,48.0,10956.0,11.559603354826304,0.5177513186075378,0.8633320503068762
ID3811,3811,60,0.11468008905649185,1192.0060485738093,778.4461282974819,0.0,82.0,82,15.0,1,,10.779706275033378,11.0,0.0,26.0,8074.0,6.070954291531671,0.3879441824965164,0.9926067010260207
ID3812,3812,3,0.1231917068362236,2156.989200720004,782.2625915057845,0.0,82.0,82,15.0,1,,8.44192256341789,7.0,0.0,28.0,6323.0,5.80115280258289,0.45435102985776193,0.9092416655180485
ID3813,3813,5,0.13045817613601685,2405.807356416767,1264.6375709869565,0.0,82.0,82,15.0,1,,9.757009345794392,9.0,0.0,26.0,7308.0,5.4207681072803044,0.46996140775300965,1.1509120855462502
ID3814,3814,6,0.14247481524944305,394.2300807201315,1342.7022809302894,0.0,82.0,82,15.0,1,,13.718291054739653,14.0,4.0,25.0,10275.0,3.5237087392135864,0.4757977011374186,2.510299356917483
ID3815,3815,8,0.16575127840042114,657.3571871501277,1493.705990755641,0.0,82.0,82,15.0,1,,11.085447263017356,10.0,0.0,35.0,8303.0,6.35497735106712,0.5408135153906745,1.224522208261573
ID3816,3816,9,0.15400460362434387,2407.263094122273,1540.1406969915604,0.0,82.0,82,15.0,1,,11.241655540720961,11.0,0.0,25.0,8420.0,5.090788097999098,0.5414096575755616,1.551254920486558
ID3817,3817,11,0.18154437839984894,2625.5317336901194,1709.8120109518143,0.0,82.0,82,15.0,1,,10.341789052069426,7.0,0.0,33.0,7746.0,8.596301126164569,0.5179121057169148,0.8209628180711158
ID3818,3818,13,0.21797481179237366,452.775708369384,1785.5217402420008,0.0,82.0,82,15.0,1,,12.68090787716956,10.0,0.0,40.0,9498.0,9.40863303807972,0.5642276096548587,0.9723177179316803
ID3819,3819,14,0.21537770330905914,2278.0846763825243,1880.2024758380246,0.0,82.0,82,15.0,1,,12.539385847797062,11.0,0.0,35.0,9392.0,8.82161965962625,0.6010522014893944,1.0672462378241423
ID3820,3820,50,0.10239654034376144,2618.1551996073754,1895.6170519923965,0.0,82.0,82,15.0,1,,8.934579439252337,9.0,0.0,20.0,6692.0,3.868803376006209,0.42750436847422574,1.3832177810480515
ID3821,3821,57,0.13423074781894684,2803.591537010557,1942.4118385384843,0.0,82.0,82,15.0,1,,8.367156208277704,6.0,0.0,32.0,6267.0,7.132814885124899,0.4167026003963919,0.6900720525556601
ID3822,3822,15,0.1425401270389557,441.59134473937445,1979.054191147058,0.0,82.0,82,15.0,1,,8.927903871829105,7.0,0.0,31.0,6687.0,6.690054355897614,0.48835671513803075,0.8757496802060155
ID3823,3823,17,0.18813462555408478,717.6384893434979,1979.1496542312825,0.0,82.0,82,15.0,1,,11.325767690253672,9.0,0.0,35.0,8483.0,8.075058374946549,0.5485491302946612,0.9936707743600185
ID3806,3806,59,0.21362169086933136,2892.0,0.0,0.0,82.0,82,15.0,1,,9.759679572763686,7.0,0.0,37.0,7310.0,9.876019024325883,0.6554395399397436,0.7825335205778999
ID3807,3807,24,0.15079066157341003,1113.0456693305239,65.5599010248403,0.0,82.0,82,15.0,1,,9.806408544726303,9.0,0.0,29.0,7345.0,6.449197732200324,0.5270942035864458,1.0496794553387783
ID3840,3840,17,0.21084576845169067,710.3598195318917,1979.3241672133165,0.0,83.0,83,15.0,1,,11.80373831775701,9.0,0.0,39.0,8841.0,9.49121107185882,0.576161423525738,0.9092251076633169
ID3841,3841,15,0.15665552020072937,436.6429212372268,1986.9442265209968,0.0,83.0,83,15.0,1,,9.857142857142858,8.0,0.0,34.0,7383.0,7.39993083196051,0.4674464691381894,0.8486390308875854
ID3824,3824,59,0.23118074238300323,2885.0,0.0,0.0,83.0,83,15.0,1,,10.699599465954606,8.0,0.0,41.0,8014.0,10.753025309897382,0.6673646015737391,0.796525048957677
ID3825,3825,24,0.16701790690422058,1111.6593718649106,65.46736911568517,0.0,83.0,83,15.0,1,,10.567423230974633,9.0,0.0,32.0,7915.0,7.085407645750865,0.5270676757666909,1.0295379352833716
ID3826,3826,,0.10496590286493301,1340.359608496517,329.7137693965468,0.0,83.0,83,15.0,1,,7.484646194926569,6.0,0.0,24.0,5606.0,5.42610463768375,0.3681251315563599,0.7423056284494639
ID3827,3827,20,0.17632336914539337,249.21838850591445,409.5863859723464,0.0,83.0,83,15.0,1,,10.56475300400534,9.0,0.0,32.0,7913.0,8.005521947807384,0.5164656244431756,0.8988941242413188
ID3828,3828,21,0.2781790494918823,383.47411109156377,412.7989601255268,0.0,83.0,83,15.0,1,,24.97863818424566,25.0,12.0,38.0,18709.0,5.148809401204359,0.5215062215896794,3.325658866841299
ID3829,3829,2,0.26124268770217896,2814.151331217387,673.1998837354605,0.0,83.0,83,15.0,1,,15.67022696929239,12.0,0.0,45.0,11737.0,11.37942756644025,0.5257747858114774,0.9490611334165963
ID3830,3830,3,0.14291881024837494,2152.55215648296,776.2764253872679,0.0,83.0,83,15.0,1,,9.544726301735647,8.0,0.0,27.0,7149.0,6.392022901757578,0.4848568029148049,0.9751783998862174
ID3831,3831,60,0.11449866741895676,1193.7299584976242,782.2581528446726,0.0,83.0,83,15.0,1,,10.580774365821094,11.0,0.0,24.0,7925.0,5.332320374473614,0.3930109838536564,1.1196476207519537
ID3832,3832,5,0.17507924139499664,2393.287002240446,1259.564335499748,0.0,83.0,83,15.0,1,,11.307076101468624,10.0,0.0,32.0,8469.0,7.231409180709748,0.5357863618448608,1.0909836010644647
ID3833,3833,6,0.1269243210554123,394.7163375495295,1342.5171238157745,0.0,83.0,83,15.0,1,,13.093457943925234,13.0,3.0,24.0,9807.0,3.2571307917479304,0.4418805917782586,2.4639096919521224
ID3834,3834,8,0.15372005105018616,652.9097827055037,1497.203259604275,0.0,83.0,83,15.0,1,,10.221628838451268,9.0,0.0,26.0,7656.0,5.950465044156967,0.5440217673041162,1.2104923600698825
ID3835,3835,9,0.15688300132751465,2406.582778556081,1546.539164079309,0.0,83.0,83,15.0,1,,10.748998664886516,10.0,0.0,26.0,8051.0,5.838835013668665,0.5385786063894419,1.2888465393581667
ID3836,3836,11,0.18280835449695587,2633.810379910813,1707.4056392535194,0.0,83.0,83,15.0,1,,10.837116154873165,9.0,0.0,37.0,8117.0,8.219427892552794,0.5317156112909024,0.9153841891487852
ID3837,3837,13,0.24248676002025604,452.29553323961574,1781.3433085480376,0.0,83.0,83,15.0,1,,14.013351134846461,11.0,0.0,41.0,10496.0,10.17374901904285,0.5794394348431471,1.0106389964247573
ID3838,3838,14,0.2172558307647705,2277.0891130599784,1880.4694008273277,0.0,83.0,83,15.0,1,,13.08411214953271,11.0,0.0,37.0,9800.0,8.702733369140837,0.5791211473032917,1.1027385322741898
ID3839,3839,57,0.17210112512111664,2799.4885250968273,1949.6718587543205,0.0,83.0,83,15.0,1,,10.574098798397864,8.0,0.0,35.0,7920.0,7.8861499045116386,0.5012264021990072,0.8953566779369132
ID3872,3872,6,0.13824738562107086,394.89944127499217,1343.1312500287308,0.0,84.0,84,15.0,1,,12.865153538050734,13.0,1.0,22.0,9636.0,3.7222018718122944,0.4748105205682784,2.2255079619456053
ID3873,3873,8,0.14269983768463135,656.5830703959332,1497.9026169346882,0.0,84.0,84,15.0,1,,10.13351134846462,9.0,0.0,25.0,7590.0,5.482671884783419,0.4884947193782303,1.2131381853529677
ID3874,3874,9,0.14050650596618652,2411.0509812934565,1551.4021870961822,0.0,84.0,84,15.0,1,,9.854472630173564,9.0,0.0,27.0,7381.0,5.571501386171237,0.5056573650801393,1.1880133604826473
ID3875,3875,11,0.17440080642700195,2633.2753516555936,1702.9703807123688,0.0,84.0,84,15.0,1,,9.985313751668892,7.0,0.0,35.0,7479.0,8.27298600232974,0.5200086948436445,0.825836273814931
ID3876,3876,13,0.21146126091480255,449.22231311345894,1784.8522540427184,0.0,84.0,84,15.0,1,,12.377837116154874,10.0,0.0,40.0,9271.0,8.903528719441828,0.5677962014060295,1.006967537410741
ID3877,3877,14,0.2275094836950302,2283.90194302876,1881.5220935936213,0.0,84.0,84,15.0,1,,13.058744993324433,10.0,0.0,38.0,9781.0,9.451495596522708,0.5937119545357118,1.029430102873153
ID3878,3878,57,0.14679118990898132,2794.5109894049574,1952.5043755764893,0.0,84.0,84,15.0,1,,8.69158878504673,6.0,0.0,34.0,6510.0,7.675727160709237,0.457236933477775,0.7105927482276511
ID3879,3879,17,0.19772161543369293,710.3743895877121,1975.4631341879851,0.0,84.0,84,15.0,1,,11.285714285714286,9.0,0.0,37.0,8453.0,9.05397194302014,0.5453834115805947,0.8798032880867485
ID3880,3880,15,0.1665671020746231,438.44721985080014,1984.516791785268,0.0,84.0,84,15.0,1,,10.291054739652871,8.0,0.0,31.0,7708.0,7.652247063182393,0.4881084535294311,0.88223167442339
ID3863,3863,59,0.18329554796218872,2893.0,0.0,0.0,84.0,84,15.0,1,,9.164218958611482,6.0,0.0,35.0,6864.0,9.743831249423076,0.627203592416577,0.7250406255223601
ID3864,3864,24,0.1763402372598648,1118.5248637024333,64.32590432262003,0.0,84.0,84,15.0,1,,10.89452603471295,9.0,0.0,35.0,8160.0,7.622148590786581,0.5281809437062134,0.9880271397725957
ID3865,3865,61,0.10867781937122345,2504.811556393194,348.8388372454173,0.0,84.0,84,15.0,1,,7.969292389853138,7.0,0.0,25.0,5969.0,5.5340817783652705,0.3809181794568993,0.7944525023669925
ID3866,3866,20,0.16433800756931305,250.41597633892454,409.6682439903714,0.0,84.0,84,15.0,1,,10.118825100133511,8.0,0.0,34.0,7579.0,7.917051975751376,0.4743432764864937,0.8224144349877527
ID3867,3867,21,0.28517311811447144,383.9827922626102,413.31556833323424,0.0,84.0,84,15.0,1,,25.487316421895862,25.0,13.0,40.0,19090.0,5.0060297206650475,0.5268287585274948,3.5134989282330618
ID3868,3868,2,0.27173879742622375,2817.485196630939,678.2688464413616,0.0,84.0,84,15.0,1,,16.22162883845127,12.0,0.0,53.0,12150.0,11.191885525746462,0.5697343472732752,1.0521252361810824
ID3869,3869,3,0.15579214692115784,2152.611932957176,776.264067714508,0.0,84.0,84,15.0,1,,9.492656875834445,7.0,0.0,32.0,7110.0,7.657369454911183,0.4561906278465224,0.7767232482193759
ID3870,3870,60,0.10140544176101685,1195.4320711483572,780.7836854683088,0.0,84.0,84,15.0,1,,10.020026702269693,10.0,0.0,22.0,7505.0,5.238777105468737,0.3783541711555075,1.0500419625481643
ID3871,3871,5,0.19749599695205688,2385.271664855418,1251.1376948950742,0.0,84.0,84,15.0,1,,11.763684913217624,10.0,0.0,34.0,8811.0,8.125286685986175,0.5885110468560033,1.0727513406977067
ID3842,3842,59,0.2035466581583023,2898.2665831100335,15.071255143659819,0.0,85.0,85,15.0,1,,11.94392523364486,8.0,0.0,45.0,8946.0,10.915428715226144,0.6084797017825084,0.8278788439859196
ID3843,3843,24,0.1847836822271347,1118.1478044530022,54.98832367104718,0.0,85.0,85,15.0,1,,11.248331108144193,9.0,0.0,36.0,8425.0,7.905170785773894,0.5430132530561298,1.00149227465495
ID3844,3844,,0.1014510989189148,2849.2186603540663,193.21104689490775,0.0,85.0,85,15.0,1,,9.767690253671562,9.0,0.0,25.0,7316.0,4.794378685934478,0.35027638585125914,1.0570066708620478
ID3845,3845,61,0.1181500107049942,2509.385283389192,359.155647331648,0.0,85.0,85,15.0,1,,7.546061415220294,6.0,0.0,30.0,5652.0,6.660368548318598,0.3771135934315323,0.6205181540714915
ID3846,3846,20,0.15684333443641663,253.67987328599636,411.28957035569744,0.0,85.0,85,15.0,1,,9.897196261682243,8.0,0.0,31.0,7413.0,7.458538167347728,0.452371527334046,0.8266201689300308
ID3847,3847,21,0.2806369662284851,383.94240336054736,413.0438532468943,0.0,85.0,85,15.0,1,,24.991989319092124,25.0,11.0,39.0,18719.0,5.051863628160684,0.5253523838728557,3.407687222852006
ID3848,3848,2,0.25877317786216736,2819.7672658911447,676.7500235484025,0.0,85.0,85,15.0,1,,15.819759679572764,14.0,0.0,43.0,11849.0,10.42035412815093,0.565239597491118,1.096476053497552
ID3849,3849,3,0.15814289450645447,2154.59132293247,783.8577534998868,0.0,85.0,85,15.0,1,,9.237650200267023,7.0,0.0,34.0,6919.0,7.91580851319582,0.492195524687818,0.7698536196867078
ID3850,3850,,0.10233618319034576,1254.7729829415816,1250.677301646818,0.0,85.0,85,15.0,1,,9.615487316421897,9.0,0.0,24.0,7202.0,4.65109675225493,0.4222624685729356,1.2275767479454616
ID3851,3851,5,0.20913463830947876,2379.2874733339595,1255.1553570356132,0.0,85.0,85,15.0,1,,12.703604806408546,10.0,0.0,34.0,9515.0,8.371408581619015,0.5822450532733134,1.116838797934942
ID3852,3852,6,0.14112499356269836,394.77457434313254,1342.4414128682677,0.0,85.0,85,15.0,1,,13.662216288384514,14.0,3.0,23.0,10233.0,3.2439867696575093,0.47827210671012066,2.7251646613526956
ID3853,3853,8,0.15516148507595062,658.863145295732,1498.8913891761385,0.0,85.0,85,15.0,1,,10.23497997329773,9.0,0.0,29.0,7666.0,6.112431831438567,0.5372057485617862,1.1703388330877273
ID3854,3854,9,0.18019138276576996,2413.172320217038,1554.5158148272321,0.0,85.0,85,15.0,1,,11.743658210947931,10.0,0.0,34.0,8796.0,6.914178099536841,0.5507809601231187,1.2064832448687637
ID3855,3855,11,0.18469372391700745,2631.155130460092,1698.2338193264452,0.0,85.0,85,15.0,1,,11.037383177570094,8.0,0.0,34.0,8267.0,8.621648637508205,0.49134392576686664,0.8435553371294201
ID3856,3856,13,0.23699702322483063,450.1577770359446,1781.9062427304266,0.0,85.0,85,15.0,1,,13.539385847797062,10.0,0.0,42.0,10141.0,9.830113623296112,0.6021369485912902,1.0352996425601713
ID3857,3857,14,0.2195400446653366,2285.102477987543,1878.5999194217266,0.0,85.0,85,15.0,1,,13.21762349799733,11.0,0.0,39.0,9900.0,8.744404427014492,0.5923203078778366,1.1245514398358833
ID3858,3858,62,0.11927691847085953,2644.9470345819805,1881.3658037495227,0.0,85.0,85,15.0,1,,9.376502002670227,9.0,0.0,23.0,7023.0,4.436996026250337,0.47596449339892155,1.3629516586901087
ID3859,3859,63,0.10628905892372131,562.7993425117504,1905.8174608954068,0.0,85.0,85,15.0,1,,8.735647530040053,8.0,0.0,21.0,6543.0,4.223004577512921,0.42562382184069836,1.2351637275672926
ID3860,3860,57,0.1650765985250473,2792.2437492912977,1955.0809202271755,0.0,85.0,85,15.0,1,,9.914552736982644,7.0,0.0,37.0,7426.0,8.206601243967926,0.46158771823292033,0.7630783833091516
ID3861,3861,17,0.1805875450372696,714.4768348043038,1974.1740590661527,0.0,85.0,85,15.0,1,,10.82109479305741,8.0,0.0,34.0,8105.0,8.043666481001047,0.5305941355093848,0.9327162491311244
ID3862,3862,15,0.16390998661518097,438.4209729774773,1981.6466156465613,0.0,85.0,85,15.0,1,,10.38584779706275,8.0,0.0,33.0,7779.0,7.442065902821398,0.4717055412502454,0.8945991698833131
ID3881,3881,59,0.18873970210552216,2897.025704169839,15.411165684588834,0.0,86.0,86,15.0,1,,11.425901201602136,8.0,0.0,39.0,8558.0,9.898896492047948,0.5911001963142279,0.857624642510241
ID3882,3882,24,0.17528240382671356,1115.8162644126087,56.58491611359344,0.0,86.0,86,15.0,1,,10.7716955941255,9.0,0.0,33.0,8068.0,7.604702312043964,0.5286525683255275,0.9797006709864743
ID3883,3883,61,0.11038058996200562,2517.2526008801715,355.49407511875916,0.0,86.0,86,15.0,1,,7.711615487316422,6.0,0.0,25.0,5776.0,5.686519962605198,0.3667815044793201,0.7278420267240172
ID3884,3884,20,0.14703206717967987,254.24833093549748,409.30698653477015,0.0,86.0,86,15.0,1,,9.551401869158878,8.0,0.0,31.0,7154.0,6.7155011666915865,0.47011034981486305,0.9096379324197279
ID3885,3885,21,0.2859016954898834,383.8282572045061,412.96911541947975,0.0,86.0,86,15.0,1,,25.352469959946596,26.0,12.0,39.0,18989.0,4.946903629762523,0.5387083447353029,3.5885104588835985
ID3886,3886,2,0.22210045158863068,2824.8501686053596,674.3948565440418,0.0,86.0,86,15.0,1,,13.166889185580775,11.0,0.0,41.0,9862.0,9.914213507939978,0.5294913537500733,0.9195318047997622
ID3887,3887,3,0.18333470821380615,2153.1295446246286,783.9300639450233,0.0,86.0,86,15.0,1,,10.643524699599466,8.0,0.0,37.0,7972.0,8.964414280295212,0.48942132019182677,0.7802950775421715
ID3888,3888,5,0.22624319791793823,2373.0618598909914,1244.7201165213314,0.0,86.0,86,15.0,1,,13.267022696929239,10.0,0.0,39.0,9937.0,9.517827029551304,0.5758919826223261,1.0187796144401897
ID3889,3889,6,0.13335013389587402,393.996640458031,1342.175352269068,0.0,86.0,86,15.0,1,,13.026702269692924,13.0,1.0,22.0,9757.0,3.3601681335667037,0.47221805183468973,2.4869893224130335
ID3890,3890,8,0.16146302223205566,663.0497487199079,1501.5165514088194,0.0,86.0,86,15.0,1,,10.949265687583445,9.0,0.0,28.0,8201.0,6.144001911360584,0.5286746384445379,1.2326422917725364
ID3891,3891,9,0.17470116913318634,2411.7671865636385,1558.5923864709064,0.0,86.0,86,15.0,1,,11.244325767690254,10.0,0.0,30.0,8422.0,6.8796266283963385,0.5470850875923666,1.1559504629288038
ID3892,3892,11,0.17495106160640717,2642.3276270972115,1703.7499620069398,0.0,86.0,86,15.0,1,,10.089452603471296,8.0,0.0,33.0,7557.0,8.080395390896332,0.531563662161122,0.8667327740487368
ID3893,3893,13,0.2368055135011673,451.00558833012974,1779.465776947729,0.0,86.0,86,15.0,1,,13.002670226969292,10.0,0.0,44.0,9739.0,10.285886354660807,0.605814262081137,0.9538168813916122
ID3894,3894,14,0.22730140388011932,2282.557594793727,1884.0007838377524,0.0,86.0,86,15.0,1,,13.363150867823766,10.0,0.0,39.0,10009.0,9.154878230012283,0.5972501514844497,1.091615329247793
ID3895,3895,62,0.12763534486293793,2640.992090614816,1883.7737576943834,0.0,86.0,86,15.0,1,,9.476635514018692,9.0,0.0,24.0,7098.0,4.8615650086726,0.4966905145527791,1.29378447495406
ID3896,3896,63,0.10132113844156265,556.4634692765155,1906.7715697744138,0.0,86.0,86,15.0,1,,8.268357810413885,8.0,0.0,21.0,6193.0,4.274826837676745,0.4117278916921649,1.1282102054876357
ID3897,3897,57,0.17851577699184418,2794.1884409355303,1954.031415424763,0.0,86.0,86,15.0,1,,10.46328437917223,8.0,0.0,36.0,7837.0,8.2934353525602,0.518006751323889,0.8610438676289985
ID3898,3898,17,0.20244407653808594,720.0772892912282,1970.7336609583137,0.0,86.0,86,15.0,1,,11.590120160213619,9.0,0.0,38.0,8681.0,9.00691704550933,0.5657869380483102,0.9299551898614223
ID3899,3899,15,0.1681182086467743,437.60467064768136,1980.3185444159922,0.0,86.0,86,15.0,1,,10.453938584779706,8.0,0.0,36.0,7830.0,7.742312115897057,0.48961523893857345,0.8876057048709268
ID3904,3904,20,0.16076761484146118,256.47325629997374,404.75026866130213,0.0,87.0,87,15.0,1,,10.076101468624833,8.0,0.0,33.0,7547.0,7.32921979858706,0.4813625869893675,0.893461292723131
ID3905,3905,21,0.28144964575767517,384.3386239570447,413.0003919208474,0.0,87.0,87,15.0,1,,25.624833110814418,26.0,9.0,36.0,19193.0,4.792984247854951,0.522083056993187,3.6676365101288586
ID3906,3906,2,0.2462655007839203,2826.199728811243,680.875282234009,0.0,87.0,87,15.0,1,,14.492656875834445,11.0,0.0,47.0,10855.0,10.887932387505403,0.5392842505490157,0.932677504019092
ID3907,3907,,0.11098334938287735,1177.3540747228315,768.7383834502189,0.0,87.0,87,15.0,1,,10.724966622162883,11.0,0.0,24.0,8033.0,5.616931899425884,0.3696907008273745,1.0307249901498883
ID3908,3908,3,0.15433534979820251,2155.791021084474,792.8535499002185,0.0,87.0,87,15.0,1,,9.50200267022697,7.0,0.0,29.0,7117.0,7.59830819510503,0.4513216473270972,0.7777691811397437
ID3909,3909,5,0.21102993190288544,2367.78864388905,1244.5400885025986,0.0,87.0,87,15.0,1,,11.902536715620828,9.0,0.0,39.0,8915.0,9.503439089037085,0.5620788144544178,0.901328293215856
ID3910,3910,6,0.1256697028875351,394.13151004886714,1343.8354517205955,0.0,87.0,87,15.0,1,,12.51935914552737,13.0,3.0,21.0,9377.0,2.9544150982408848,0.4634515575997022,2.6839015107418933
ID3911,3911,8,0.13079673051834106,667.7186021669486,1498.8695768295408,0.0,87.0,87,15.0,1,,9.83177570093458,9.0,0.0,24.0,7364.0,5.10488962132184,0.45700546471480147,1.208191606353799
ID3912,3912,9,0.18800558149814606,2419.319276294968,1569.9410701178474,0.0,87.0,87,15.0,1,,12.411214953271028,11.0,0.0,33.0,9296.0,6.838604029530984,0.5672672038769694,1.3137764275655874
ID3913,3913,11,0.20454280078411102,2647.028954532921,1702.7690960640357,0.0,87.0,87,15.0,1,,11.562082777036048,8.0,0.0,41.0,8660.0,9.724023613115765,0.5368337143823743,0.8306784972833272
ID3914,3914,13,0.2159484177827835,456.050380275317,1783.1144462956759,0.0,87.0,87,15.0,1,,12.57943925233645,10.0,0.0,38.0,9422.0,8.986660001018832,0.5916121630515612,1.0406215411008048
ID3915,3915,62,0.13616281747817993,2636.6930232368304,1879.908721801537,0.0,87.0,87,15.0,1,,10.41789052069426,10.0,0.0,23.0,7803.0,4.919702866313281,0.48420493606690357,1.3816761214958426
ID3916,3916,14,0.2122439295053482,2284.693266894081,1888.850145894352,0.0,87.0,87,15.0,1,,12.520694259012016,11.0,0.0,39.0,9378.0,8.510054547085172,0.5897675913829721,1.0916246325688739
ID3917,3917,57,0.16033382713794708,2792.270881865968,1952.7239526147075,0.0,87.0,87,15.0,1,,9.902536715620828,8.0,0.0,31.0,7417.0,7.643273683043427,0.4824872595486097,0.8433190804226267
ID3918,3918,17,0.19701509177684784,721.1032351421417,1966.916845650345,0.0,87.0,87,15.0,1,,11.259012016021362,8.0,0.0,39.0,8433.0,9.069381384732214,0.5420986933688036,0.8728081731313441
ID3919,3919,15,0.14620986580848694,438.5055171541347,1976.0845825618505,0.0,87.0,87,15.0,1,,9.359145527369826,8.0,0.0,31.0,7010.0,6.653814580130815,0.479966306823348,0.9123351861743816
ID3900,3900,59,0.1680435687303543,2896.409917155912,15.052912829474284,0.0,87.0,87,15.0,1,,10.598130841121495,8.0,0.0,35.0,7938.0,8.807055188909906,0.585797236868451,0.8890541565811205
ID3901,3901,24,0.17805597186088562,1119.9569167640238,61.61664799613283,0.0,87.0,87,15.0,1,,10.833110814419225,9.0,0.0,36.0,8114.0,7.937602485910663,0.5166223708171772,0.9298000945237833
ID3902,3902,65,0.11208252608776093,1330.95953253349,318.9964382430794,0.0,87.0,87,15.0,1,,8.246995994659546,7.0,0.0,26.0,6177.0,5.606683576165676,0.36194308450132545,0.7818097046990645
ID3903,3903,61,0.12296416610479355,2514.7088544598496,352.02001905030573,0.0,87.0,87,15.0,1,,7.6955941255006675,6.0,0.0,30.0,5764.0,6.608068664247463,0.41066454071721425,0.6780489660682006
ID3936,3936,17,0.17611637711524963,718.7023838655051,1966.0470411103315,0.0,88.0,88,15.0,1,,10.57943925233645,8.0,0.0,37.0,7924.0,8.40919754961539,0.47445051496830143,0.8096527785506428
ID3937,3937,15,0.1666347086429596,438.24001269337083,1972.1411475541809,0.0,88.0,88,15.0,1,,10.078771695594126,8.0,0.0,32.0,7549.0,7.815413304507147,0.4844894547957328,0.8417688789152264
ID3920,3920,59,0.16538669168949127,2899.199112412551,18.36567853310234,0.0,88.0,88,15.0,1,,9.759679572763686,7.0,0.0,34.0,7310.0,8.445542944009832,0.5457931612061282,0.8160460903137869
ID3921,3921,24,0.17840753495693207,1124.9779896689936,58.989680794565004,0.0,88.0,88,15.0,1,,10.743658210947931,9.0,0.0,32.0,8047.0,8.133148515883603,0.49486210286788257,0.8745940949684713
ID3922,3922,65,0.11673036962747574,1332.3388541853922,316.43777596370626,0.0,88.0,88,15.0,1,,7.528704939919893,6.0,0.0,27.0,5639.0,5.965658500280382,0.4146774985621794,0.7398520950725644
ID3923,3923,20,0.1600499302148819,256.82861835535306,407.0314577666588,0.0,88.0,88,15.0,1,,10.475300400534046,8.0,0.0,31.0,7846.0,7.269891857301462,0.4572183348883794,0.9042063276517429
ID3924,3924,21,0.2812480628490448,383.46853436049355,412.6394469864736,0.0,88.0,88,15.0,1,,25.16955941255007,25.0,12.0,40.0,18852.0,5.291940440816822,0.5215290673027625,3.2605354511296794
ID3925,3925,2,0.23423346877098083,2828.5042328092204,684.8290198826568,0.0,88.0,88,15.0,1,,14.578104138851803,12.0,0.0,44.0,10919.0,9.746018034248639,0.544334227259269,1.0544553135828918
ID3926,3926,3,0.17059068381786346,2152.578232893557,795.2905866346204,0.0,88.0,88,15.0,1,,10.51935914552737,8.0,0.0,34.0,7879.0,7.968266715859024,0.47778761711542317,0.8536469298544732
ID3927,3927,5,0.21197102963924408,2367.9704438848225,1252.1399972321904,0.0,88.0,88,15.0,1,,12.456608811748998,10.0,0.0,39.0,9330.0,9.083675181039208,0.574722867072745,1.0009734740006266
ID3928,3928,6,0.142567977309227,394.2916952065252,1344.1418804695907,0.0,88.0,88,15.0,1,,14.062750333778371,14.0,6.0,25.0,10533.0,3.3134087360736735,0.46272108312790006,2.685239430758233
ID3929,3929,8,0.13901183009147644,676.7411539475924,1501.7592991947163,0.0,88.0,88,15.0,1,,9.791722296395193,9.0,0.0,24.0,7334.0,5.43280645094897,0.5056928680692475,1.210640743643808
ID3930,3930,9,0.17586466670036316,2418.463164123292,1566.3694742591883,0.0,88.0,88,15.0,1,,11.251001335113484,10.0,0.0,31.0,8427.0,6.9242281514486255,0.5549232126977763,1.1597750123208836
ID3931,3931,11,0.18789567053318024,2650.138446197403,1707.157464134973,0.0,88.0,88,15.0,1,,10.9652870493992,9.0,0.0,38.0,8213.0,8.626000481637176,0.535088408657754,0.8862018933065536
ID3932,3932,13,0.20667658746242523,449.88371904464117,1779.6549953412468,0.0,88.0,88,15.0,1,,12.331108144192257,10.0,0.0,37.0,9236.0,8.746266214840254,0.5640297180425243,1.0168722513646893
ID3933,3933,62,0.10954863578081131,2634.9529152210703,1880.3316686231365,0.0,88.0,88,15.0,1,,8.858477970627503,9.0,0.0,21.0,6635.0,4.301007011932591,0.4482354064635826,1.2749288609421696
ID3934,3934,14,0.21648025512695312,2285.782102477314,1891.4135937065635,0.0,88.0,88,15.0,1,,13.23497997329773,11.0,0.0,38.0,9913.0,8.399344538080609,0.5903102831827308,1.1697858653381958
ID3935,3935,57,0.15814463794231415,2792.7804087495388,1958.8014595535976,0.0,88.0,88,15.0,1,,9.610146862483312,8.0,0.0,32.0,7198.0,7.612626972136836,0.49203119701593767,0.8326072857456702
ID3938,3938,59,0.16594693064689636,2898.115597927568,15.19043789621638,0.0,89.0,89,15.0,1,,10.946595460614152,8.0,0.0,35.0,8199.0,8.651130788999499,0.5694805647373535,0.918246224873637
ID3939,3939,24,0.14734825491905212,1116.747948058057,63.504429657030286,0.0,89.0,89,15.0,1,,9.751668891855807,8.0,0.0,27.0,7304.0,6.638065807569412,0.45509431064535755,0.9189198912553626
ID3940,3940,,0.10082393884658813,923.5827844171176,141.46003069949444,0.0,89.0,89,15.0,1,,8.718291054739653,8.0,0.0,21.0,6530.0,3.647862060215684,0.4449349628396442,1.4718758705835724
ID3941,3941,,0.10055068135261536,2855.9701567467678,221.21440911078074,0.0,89.0,89,15.0,1,,9.77570093457944,10.0,0.0,23.0,7322.0,4.55394254720836,0.34371620564253375,1.0982034639632805
ID3942,3942,65,0.11589992046356201,1331.0147110085043,315.53377334644387,0.0,89.0,89,15.0,1,,7.65954606141522,6.0,0.0,26.0,5737.0,5.941356036997816,0.4093589590838798,0.7489108603670869
ID3943,3943,61,0.12032785266637802,2506.2394151930625,359.1946675640623,0.0,89.0,89,15.0,1,,7.91588785046729,6.0,0.0,26.0,5929.0,6.538011126078933,0.3772230485675484,0.6632509967174814
ID3944,3944,20,0.18913017213344574,257.78645119229435,404.52327915947717,0.0,89.0,89,15.0,1,,11.683578104138851,10.0,0.0,36.0,8751.0,8.078161622636992,0.5336040160379921,1.006466157247172
ID3945,3945,21,0.2821059823036194,383.17477734969845,413.3082461758144,0.0,89.0,89,15.0,1,,24.757009345794394,25.0,11.0,38.0,18543.0,5.259543871783697,0.5365870828918042,3.287480080200736
ID3946,3946,2,0.2679521143436432,2829.1606859674976,685.1215657475744,0.0,89.0,89,15.0,1,,15.337783711615486,12.0,0.0,49.0,11488.0,11.848844159483386,0.5534033572396555,0.9223041597963346
ID3947,3947,66,0.1079181656241417,1184.0939862266932,760.8350501117166,0.0,89.0,89,15.0,1,,10.048064085447264,10.0,0.0,25.0,7526.0,5.855920457306835,0.36882988697348446,0.924685078416481
ID3948,3948,3,0.1596498191356659,2150.267957298287,792.0240486119267,0.0,89.0,89,15.0,1,,10.162883845126835,8.0,0.0,31.0,7612.0,7.566119259982357,0.4571703647376675,0.8428329682755508
ID3949,3949,5,0.1884777545928955,2371.6542529930853,1262.2864690600538,0.0,89.0,89,15.0,1,,11.742323097463284,10.0,0.0,33.0,8795.0,7.63499440181781,0.5553630342641677,1.0982987641285766
ID3950,3950,6,0.1354149430990219,393.564281735678,1342.3153525250234,0.0,89.0,89,15.0,1,,13.636849132176234,14.0,5.0,24.0,10214.0,2.980601939159583,0.4614681573718183,2.889298641000163
ID3951,3951,8,0.1447921246290207,674.0927609372067,1499.6593343654688,0.0,89.0,89,15.0,1,,10.30173564753004,9.0,0.0,25.0,7716.0,5.372962584089366,0.5181161665796052,1.3087259658856922
ID3952,3952,9,0.1525760143995285,2428.9133811309835,1566.7034796315088,0.0,89.0,89,15.0,1,,10.455273698264353,9.0,0.0,26.0,7831.0,5.870682128019806,0.5195312580965057,1.217808161207113
ID3953,3953,11,0.1490415781736374,2648.3674071464293,1706.1231298208609,0.0,89.0,89,15.0,1,,9.078771695594126,7.0,0.0,32.0,6800.0,7.2913354620948665,0.46607549328393366,0.7916804938188956
ID3954,3954,13,0.23464004695415497,447.14391100556446,1780.2790756238453,0.0,89.0,89,15.0,1,,13.022696929238986,10.0,0.0,43.0,9754.0,10.302679558533924,0.5947668507761732,0.9428232689331869
ID3955,3955,62,0.1161627471446991,2625.9758597302125,1875.031075838631,0.0,89.0,89,15.0,1,,8.961281708945261,9.0,0.0,22.0,6712.0,4.4980502563929425,0.4635106266418024,1.261942705259403
ID3956,3956,14,0.2226652204990387,2281.276732814537,1893.4487222284586,0.0,89.0,89,15.0,1,,13.606141522029372,11.0,0.0,40.0,10191.0,8.638368253411581,0.5901564378685781,1.1691239646124865
ID3957,3957,57,0.1540985256433487,2796.4082592437635,1965.5013601248359,0.0,89.0,89,15.0,1,,9.349799732977303,7.0,0.0,33.0,7003.0,7.750828183277217,0.4610847235391772,0.7613590741274566
ID3958,3958,17,0.17301367223262787,723.0357732572794,1970.3136948479555,0.0,89.0,89,15.0,1,,10.264352469959947,7.0,0.0,34.0,7688.0,8.245372889009168,0.4961336361820976,0.8256187294107707
ID3959,3959,15,0.1426984816789627,432.9361417137943,1974.6819650454038,0.0,89.0,89,15.0,1,,9.275033377837117,8.0,0.0,29.0,6947.0,6.428477660559053,0.47964316777666854,0.9354026744017643
ID3968,3968,3,0.17196796834468842,2152.3986079475717,792.7243964916244,0.0,90.0,90,15.0,1,,10.225634178905207,7.0,0.0,36.0,7659.0,8.446027752211679,0.4772369764782068,0.7822609644561886
ID3969,3969,5,0.2242162823677063,2380.3349699231912,1260.5931436855037,0.0,90.0,90,15.0,1,,13.024032042723631,10.0,0.0,42.0,9755.0,9.403290997404012,0.5911246959182473,1.0291305313827956
ID3970,3970,6,0.12992528080940247,394.511188061064,1343.3445946434895,0.0,90.0,90,15.0,1,,12.16154873164219,12.0,2.0,25.0,9109.0,3.5902148289496245,0.470303228488686,2.1670527993320032
ID3971,3971,8,0.1533830612897873,685.1451128258617,1498.8759960005111,0.0,90.0,90,15.0,1,,10.770360480640855,10.0,0.0,29.0,8067.0,5.790516634227933,0.5115430887171988,1.2589387779486614
ID3972,3972,9,0.1592419594526291,2432.3792561453893,1564.168260951495,0.0,90.0,90,15.0,1,,11.13351134846462,10.0,0.0,28.0,8339.0,5.849110822450451,0.5300581175718114,1.318827105191938
ID3973,3973,11,0.1332230567932129,2648.116362952465,1704.9908789659532,0.0,90.0,90,15.0,1,,8.001335113484647,5.0,0.0,34.0,5993.0,7.248363144087418,0.4251118817025054,0.6585773568272814
ID3974,3974,13,0.19057555496692657,441.4400256555761,1786.3266049410456,0.0,90.0,90,15.0,1,,11.503337783711615,9.0,0.0,38.0,8616.0,8.014128704842557,0.5650633654072298,1.036484427418067
ID3975,3975,62,0.1098840981721878,2627.3240386682173,1865.7879455304428,0.0,90.0,90,15.0,1,,9.098798397863819,9.0,0.0,19.0,6815.0,4.012795196890808,0.4552596941644552,1.4186842406922957
ID3976,3976,14,0.20134632289409637,2285.5424551505,1884.5559331686477,0.0,90.0,90,15.0,1,,11.819759679572764,10.0,0.0,37.0,8853.0,8.677731932536936,0.5774272545860487,0.9971955933281873
ID3977,3977,57,0.1166369840502739,2805.0470180693524,1969.893907671813,0.0,90.0,90,15.0,1,,8.029372496662216,7.0,0.0,24.0,6014.0,5.6088349192294595,0.4238989516895348,0.8523581460091589
ID3978,3978,15,0.1435195803642273,431.552623219966,1973.2418772462343,0.0,90.0,90,15.0,1,,9.489986648865154,8.0,0.0,30.0,7108.0,6.463924456926164,0.46194188767908034,0.9278046821403914
ID3979,3979,17,0.1829131543636322,726.3548313278554,1974.9031405005219,0.0,90.0,90,15.0,1,,10.906542056074766,8.0,0.0,36.0,8169.0,8.529240202251756,0.5048982168532892,0.8580319072220371
ID3960,3960,59,0.18607158958911896,2898.130117849341,5.974390338691128,0.0,90.0,90,15.0,1,,11.30173564753004,9.0,0.0,40.0,8465.0,10.09141424026024,0.6685548373553258,0.8974694162685053
ID3961,3961,24,0.16070325672626495,1117.4356805971445,68.44099848692119,0.0,90.0,90,15.0,1,,9.899866488651535,8.0,0.0,32.0,7415.0,7.477371387717168,0.4810229689748703,0.8600315867851969
ID3962,3962,65,0.13792432844638824,1328.6818555253785,317.08268719085316,0.0,90.0,90,15.0,1,,8.520694259012016,6.0,0.0,29.0,6382.0,6.898125107494321,0.4397194882886411,0.7545217123488086
ID3963,3963,61,0.10739658772945404,2507.4309264333097,358.83537975389856,0.0,90.0,90,15.0,1,,7.440587449933244,6.0,0.0,26.0,5573.0,5.739045149381011,0.3597286708825805,0.6859940955023683
ID3964,3964,20,0.15921922028064728,257.83358778182185,409.6348578526462,0.0,90.0,90,15.0,1,,10.48731642189586,9.0,0.0,28.0,7855.0,6.571809173292469,0.5048771351549216,1.07076479107744
ID3965,3965,21,0.2747015058994293,384.1916784845516,413.38037926630506,0.0,90.0,90,15.0,1,,24.656875834445927,25.0,11.0,37.0,18468.0,4.816251605902016,0.5261159969256517,3.5298222744943857
ID3966,3966,2,0.2797289788722992,2825.7616037456537,686.1079408087473,0.0,90.0,90,15.0,1,,15.998664886515353,12.0,0.0,49.0,11983.0,11.689441660893438,0.597141810084762,1.0234201673706327
ID3967,3967,66,0.11236423254013062,1183.2495281033305,758.7499338274624,0.0,90.0,90,15.0,1,,10.594125500667557,11.0,0.0,27.0,7935.0,5.8321685540673585,0.36493948432074935,0.9713427413934821
ID4000,4000,15,0.14630569517612457,432.9556882873826,1974.8710259876782,0.0,91.0,91,15.0,1,,8.998664886515353,7.0,0.0,32.0,6740.0,6.945836927362036,0.4865972897871679,0.8481249524562915
ID3980,3980,59,0.18352873623371124,2903.0,0.0,0.0,91.0,91,15.0,1,,9.124165554072096,5.0,0.0,37.0,6834.0,9.881750897830814,0.6147559836043434,0.7030482192967399
ID3981,3981,24,0.1715640127658844,1115.0406039577515,69.52965994395885,0.0,91.0,91,15.0,1,,10.376502002670227,8.0,0.0,35.0,7772.0,8.006500236459527,0.502885260365616,0.8673239330931735
ID3982,3982,,0.10412643104791641,2859.8558753829525,216.66334038635628,0.0,91.0,91,15.0,1,,9.98931909212283,10.0,0.0,22.0,7482.0,4.4616480002338434,0.35221281045098735,1.1663547967915757
ID3983,3983,65,0.1047082170844078,1326.5046761591611,323.75821398404685,0.0,91.0,91,15.0,1,,7.356475300400534,6.0,0.0,23.0,5510.0,5.544643931754067,0.3651689562696584,0.7097960225998523
ID3984,3984,20,0.1384550780057907,263.9100322595553,409.23251149905354,0.0,91.0,91,15.0,1,,9.395193591455273,8.0,0.0,25.0,7037.0,6.08111641621442,0.49494485402840827,1.0230198300063276
ID3985,3985,21,0.290050208568573,384.1432065345959,413.05025784893155,0.0,91.0,91,15.0,1,,25.813084112149532,26.0,14.0,40.0,19334.0,5.252428999550779,0.5320208725363627,3.413293947178126
ID3986,3986,2,0.26256608963012695,2827.6472238683755,689.3865924556956,0.0,91.0,91,15.0,1,,15.162883845126835,12.0,0.0,46.0,11357.0,11.253765155493184,0.5655555473054783,0.9734658952832453
ID3987,3987,66,0.10681810230016708,1185.300437870287,752.3012914417598,0.0,91.0,91,15.0,1,,10.22429906542056,10.0,0.0,24.0,7658.0,5.323783504063721,0.37190959806605667,1.0412500753045497
ID3988,3988,3,0.15495431423187256,2157.3560712094823,791.2312223002879,0.0,91.0,91,15.0,1,,9.355140186915888,7.0,0.0,30.0,7007.0,7.596925629782025,0.46510642346245984,0.7818538618011673
ID3989,3989,5,0.20074787735939026,2378.0683895685606,1259.6071193597336,0.0,91.0,91,15.0,1,,11.447263017356475,9.0,0.0,35.0,8574.0,8.718347400892815,0.5798253253969643,0.9637970565328158
ID3990,3990,6,0.13132989406585693,395.3423731191161,1345.3187791833973,0.0,91.0,91,15.0,1,,12.858477970627503,13.0,5.0,22.0,9631.0,3.1510542045664156,0.46192120354969995,2.5787403739753603
ID3991,3991,8,0.12058964371681213,686.5872758251542,1504.8863120411802,0.0,91.0,91,15.0,1,,9.699599465954606,9.0,0.0,21.0,7265.0,4.523174119734163,0.43340052818697433,1.2967682431841527
ID3992,3992,9,0.17233715951442719,2425.798905260389,1560.7662931997381,0.0,91.0,91,15.0,1,,11.400534045393858,10.0,0.0,29.0,8539.0,6.590367280424121,0.533399003712651,1.2034903062022553
ID3993,3993,11,0.1657048910856247,2648.367444369899,1706.3644333205716,0.0,91.0,91,15.0,1,,9.845126835781041,7.0,0.0,34.0,7374.0,7.944496187280852,0.4992088232895438,0.8252871318185823
ID3994,3994,13,0.2053704559803009,437.76149812840544,1786.315017628428,0.0,91.0,91,15.0,1,,12.120160213618158,10.0,0.0,38.0,9078.0,8.592309829701865,0.5753788563468581,1.0303797473871084
ID3995,3995,62,0.10330908000469208,2621.681465805122,1861.708433122022,0.0,91.0,91,15.0,1,,8.506008010680908,8.0,0.0,19.0,6371.0,3.997195367682511,0.43022485464919763,1.280240562775266
ID3996,3996,14,0.22888292372226715,2293.8719780396987,1879.7647120105116,0.0,91.0,91,15.0,1,,13.349799732977303,11.0,0.0,37.0,9999.0,9.142393500449371,0.613642925551393,1.110588391991069
ID3997,3997,67,0.10301370918750763,566.6777984580383,1907.5830347968517,0.0,91.0,91,15.0,1,,8.602136181575434,8.0,0.0,23.0,6443.0,4.132406910564094,0.42084259997776713,1.2331245822343762
ID3998,3998,57,0.1104598119854927,2808.998183230692,1966.3932377239414,0.0,91.0,91,15.0,1,,7.607476635514018,6.0,0.0,27.0,5698.0,6.190016773931404,0.3363795144691738,0.6186977358309151
ID3999,3999,17,0.18782566487789154,728.1305040834457,1974.1541649650962,0.0,91.0,91,15.0,1,,10.85981308411215,8.0,0.0,38.0,8134.0,8.6892490255555,0.5285437487649045,0.8643172278155036
ID4032,4032,62,0.11359118670225143,2613.2310963801533,1852.1540106494408,0.0,92.0,92,15.0,1,,9.349799732977303,9.0,0.0,20.0,7003.0,4.0961623604093225,0.4532395741360784,1.423789378228465
ID4033,4033,14,0.21587909758090973,2291.5794804309967,1886.7832099251584,0.0,92.0,92,15.0,1,,13.016021361815755,11.0,0.0,38.0,9749.0,8.777996292357045,0.5706792288001458,1.0775003513414296
ID4034,4034,67,0.10981561243534088,559.865080931379,1906.5979803580515,0.0,92.0,92,15.0,1,,8.890520694259012,9.0,0.0,23.0,6659.0,4.359362457822866,0.4351572880388244,1.2367473081971412
ID4035,4035,57,0.10393297672271729,2803.570099567971,1965.4534383034984,0.0,92.0,92,15.0,1,,6.757009345794392,5.0,0.0,27.0,5061.0,5.881605480023272,0.386155266644909,0.6400865599211814
ID4036,4036,17,0.187825009226799,724.0039054233941,1969.7920390591514,0.0,92.0,92,15.0,1,,11.029372496662216,8.0,0.0,33.0,8261.0,8.238373253079171,0.5640658155163621,0.9656374314671824
ID4037,4037,15,0.14717580378055573,432.0238094688701,1975.3606160306751,0.0,92.0,92,15.0,1,,9.604806408544727,8.0,0.0,32.0,7194.0,6.542030165455843,0.4830255753227124,0.9563735464565766
ID4019,4019,59,0.1632496416568756,2909.0,0.0,0.0,92.0,92,15.0,1,,8.627503337783711,6.0,0.0,36.0,6462.0,9.117846506060355,0.582268848027498,0.6964118183867141
ID4020,4020,24,0.1663939356803894,1106.8011545158165,69.30097025924674,0.0,92.0,92,15.0,1,,10.401869158878505,8.0,0.0,31.0,7791.0,7.316931264716807,0.49603035073254226,0.9427146436443347
ID4021,4021,65,0.10949347913265228,1326.153646229161,327.1021650829818,0.0,92.0,92,15.0,1,,7.567423230974633,6.0,0.0,24.0,5668.0,5.423242356395074,0.4124716639976665,0.814954536013989
ID4022,4022,20,0.16359089314937592,275.5017363596013,406.6666173931042,0.0,92.0,92,15.0,1,,10.093457943925234,8.0,0.0,30.0,7560.0,7.347874109953772,0.5049237799809034,0.9217636689359802
ID4023,4023,21,0.2759915590286255,384.5595768944421,413.56539886469153,0.0,92.0,92,15.0,1,,24.417890520694257,24.0,11.0,38.0,18289.0,4.777145942048942,0.5461843103053161,3.611167116966287
ID4024,4024,2,0.2547203004360199,2824.701602698727,687.2820822534327,0.0,92.0,92,15.0,1,,14.686248331108144,12.0,0.0,49.0,11000.0,10.805974058115563,0.5849086309998043,1.0031381378898905
ID4025,4025,3,0.17878347635269165,2155.520756671789,779.4833249322197,0.0,92.0,92,15.0,1,,10.333778371161548,8.0,0.0,36.0,7740.0,8.6975744519111,0.5054184854303596,0.7977831531682842
ID4026,4026,5,0.16309672594070435,2380.3273502191596,1256.9593925756435,0.0,92.0,92,15.0,1,,10.098798397863819,8.0,0.0,32.0,7564.0,7.192231485525738,0.5154902017658892,0.9552198157211091
ID4027,4027,6,0.13925355672836304,394.2245102712933,1342.179172093748,0.0,92.0,92,15.0,1,,13.643524699599466,14.0,2.0,26.0,10219.0,3.472162230446052,0.46637360240526027,2.4994582982041647
ID4028,4028,8,0.1261233687400818,694.1327430628123,1513.0393789146385,0.0,92.0,92,15.0,1,,9.307076101468624,9.0,0.0,27.0,6971.0,5.138375658445233,0.47488917558367044,1.1664074673056801
ID4029,4029,9,0.17460963129997253,2432.642407727892,1554.4920041315577,0.0,92.0,92,15.0,1,,11.683578104138851,11.0,0.0,29.0,8751.0,6.331739081830166,0.5603224465394321,1.3252765580543546
ID4030,4030,11,0.16474536061286926,2647.6383715534,1704.5126245406905,0.0,92.0,92,15.0,1,,9.895861148197596,7.0,0.0,36.0,7412.0,8.100791963788938,0.47041551204322907,0.7816236075941844
ID4031,4031,13,0.22691302001476288,439.5250238861001,1781.291245283723,0.0,92.0,92,15.0,1,,13.092122830440587,10.0,0.0,43.0,9806.0,9.978361851873514,0.5573779781879589,0.9391535282689693
ID4001,4001,59,0.15315592288970947,2913.117801705791,17.005826679490845,0.0,93.0,93,15.0,1,,9.83177570093458,7.0,0.0,34.0,7364.0,7.550967970877378,0.5327365479917271,0.9051161387548203
ID4002,4002,24,0.16709968447685242,1106.3435909592067,72.49657923606951,0.0,93.0,93,15.0,1,,10.401869158878505,8.0,0.0,35.0,7791.0,7.826497343812062,0.48006526890783985,0.8621708988533237
ID4003,4003,20,0.14333586394786835,279.5774581930854,410.34015937505313,0.0,93.0,93,15.0,1,,9.921228304405874,9.0,0.0,29.0,7431.0,6.262992108170451,0.4587748992776796,0.9963798621677823
ID4004,4004,21,0.2874602973461151,383.61971307132563,412.95297812245116,0.0,93.0,93,15.0,1,,25.40320427236315,25.0,11.0,40.0,19027.0,5.261126776609149,0.5337352392813325,3.3605875224757704
ID4005,4005,,0.10581609606742859,2125.3584651873957,414.67152794804537,0.0,93.0,93,15.0,1,,8.144192256341789,7.0,0.0,24.0,6100.0,5.171707694403959,0.3826499072738512,0.8716325218565318
ID4006,4006,2,0.22411561012268066,2833.1931078046973,689.4192740745431,0.0,93.0,93,15.0,1,,13.328437917222963,11.0,0.0,43.0,9983.0,9.76441785152064,0.5357127186676262,0.9523243068944828
ID4007,4007,,0.10585080832242966,1172.7139106654402,757.2184947765561,0.0,93.0,93,15.0,1,,10.11214953271028,10.0,0.0,24.0,7574.0,5.069909585737862,0.3663502107585442,1.0695662292320018
ID4008,4008,3,0.17172880470752716,2152.405123546125,775.9914033632443,0.0,93.0,93,15.0,1,,10.134846461949266,8.0,0.0,38.0,7591.0,8.30753962265661,0.492980305233039,0.8056570999526294
ID4009,4009,5,0.2382236272096634,2393.1788481631047,1249.4682233657338,0.0,93.0,93,15.0,1,,12.945260347129507,9.0,0.0,47.0,9696.0,11.111055562556341,0.5718256269208741,0.8477049419595242
ID4010,4010,6,0.1351727396249771,395.5989189313246,1343.8066802039184,0.0,93.0,93,15.0,1,,13.571428571428571,14.0,0.0,24.0,10165.0,3.601735427560608,0.44000385838354394,2.3026958713395773
ID4011,4011,8,0.12645618617534637,694.3267335477292,1520.4681255452624,0.0,93.0,93,15.0,1,,9.277703604806408,8.0,0.0,21.0,6949.0,4.7038267573720685,0.5013598395032405,1.3172976574299984
ID4012,4012,9,0.15549476444721222,2434.9320750775314,1549.719487814558,0.0,93.0,93,15.0,1,,10.256341789052069,9.0,0.0,25.0,7682.0,5.928809204065444,0.5589863821150304,1.240548970212273
ID4013,4013,11,0.12580130994319916,2651.5367271048344,1703.6344536619883,0.0,93.0,93,15.0,1,,8.654205607476635,7.0,0.0,27.0,6482.0,6.135876706524426,0.402975227556494,0.8102311328164514
ID4014,4014,13,0.19683846831321716,445.12363471356,1792.0499709270007,0.0,93.0,93,15.0,1,,11.719626168224298,10.0,0.0,35.0,8778.0,8.206323495610457,0.5755950672703364,1.0434402191171652
ID4015,4015,62,0.10176616907119751,2612.801734202558,1851.1906647272995,0.0,93.0,93,15.0,1,,8.604806408544727,8.0,0.0,22.0,6445.0,4.041400505273265,0.4229462654886155,1.2657149291006475
ID4016,4016,14,0.2232741415500641,2294.088138402943,1894.9154255165192,0.0,93.0,93,15.0,1,,13.504672897196262,11.0,0.0,39.0,10115.0,8.679932110929636,0.5909851846698893,1.155867878591454
ID4017,4017,15,0.14445430040359497,424.2032161958938,1963.9506612035439,0.0,93.0,93,15.0,1,,9.2630173564753,7.0,0.0,28.0,6938.0,6.572221722524198,0.46922634215524334,0.9002516911190348
ID4018,4018,17,0.20604099333286285,722.8667343252899,1968.0831074286364,0.0,93.0,93,15.0,1,,11.483311081441922,8.0,0.0,41.0,8601.0,9.537783110825167,0.548646121364629,0.8530800926254032
ID4038,4038,59,0.17000994086265564,2923.5326905973993,15.515986919338149,0.0,94.0,94,15.0,1,,10.874499332443257,7.0,0.0,40.0,8145.0,9.250104995592109,0.5277611699790965,0.8122216666361955
ID4039,4039,24,0.15569527447223663,1114.249224526493,69.7266438618242,0.0,94.0,94,15.0,1,,9.953271028037383,9.0,0.0,35.0,7455.0,7.057950014254733,0.4720212302780254,0.9044086477157359
ID4040,4040,65,0.11240313947200775,1322.48900301998,334.3313510211713,0.0,94.0,94,15.0,1,,8.110814419225635,7.0,0.0,28.0,6075.0,5.584284001711442,0.3736670342112469,0.7901877124608019
ID4041,4041,20,0.16761980950832367,279.3838899420993,408.52965644840253,0.0,94.0,94,15.0,1,,10.174899866488651,8.0,0.0,32.0,7621.0,7.594862473142565,0.4962198055071316,0.8886258045416583
ID4042,4042,21,0.27645906805992126,383.4122504220467,413.11576763677743,0.0,94.0,94,15.0,1,,24.17089452603471,24.0,10.0,38.0,18104.0,5.263907667443811,0.5386571935376151,3.215030138813246
ID4043,4043,2,0.1990051567554474,2841.3230469337495,684.7333187693282,0.0,94.0,94,15.0,1,,12.068090787716956,9.0,0.0,38.0,9039.0,9.147157544075192,0.4974168621632589,0.876516688777882
ID4044,4044,,0.10718448460102081,1492.7489916244579,689.7302525726572,0.0,94.0,94,15.0,1,,10.233644859813085,10.0,0.0,23.0,7665.0,5.496487958601785,0.31514728666935266,0.8923068671599187
ID4045,4045,3,0.20526261627674103,2154.589120466125,770.6878150973071,0.0,94.0,94,15.0,1,,11.283044058744993,8.0,0.0,43.0,8451.0,9.947723966400174,0.5406486092361106,0.7960567840846261
ID4046,4046,5,0.21356023848056793,2387.0913206869996,1245.9296984034136,0.0,94.0,94,15.0,1,,11.990654205607477,9.0,0.0,39.0,8981.0,9.517991307448323,0.572008819645599,0.9168015045604619
ID4047,4047,6,0.13662418723106384,394.6439822126969,1343.7713139598925,0.0,94.0,94,15.0,1,,13.841121495327103,14.0,3.0,22.0,10367.0,3.383684796894939,0.43548058442237897,2.4818918372218683
ID4048,4048,8,0.12242168933153152,691.0975302203342,1517.5989612779817,0.0,94.0,94,15.0,1,,8.790387182910548,8.0,0.0,25.0,6584.0,5.064568490431731,0.46763000318911235,1.106066751759272
ID4049,4049,9,0.15272220969200134,2431.1949028946915,1540.7215912071147,0.0,94.0,94,15.0,1,,10.783711615487316,9.0,0.0,30.0,8077.0,5.714340867771784,0.5103157967027597,1.2752735875844357
ID4050,4050,11,0.11317873746156693,2655.7726194973443,1701.6432596961342,0.0,94.0,94,15.0,1,,7.841121495327103,6.0,0.0,26.0,5873.0,5.950114978660779,0.3644570687236768,0.7039945922183137
ID4051,4051,13,0.1999024897813797,449.92756062995363,1791.1424627063077,0.0,94.0,94,15.0,1,,11.953271028037383,9.0,0.0,36.0,8953.0,8.480660957459389,0.5661857937853516,1.0190670256103889
ID4052,4052,62,0.11157729476690292,2608.2729114241147,1847.1498721517944,0.0,94.0,94,15.0,1,,9.18958611481976,9.0,0.0,22.0,6883.0,3.9181257748863008,0.45802857640108346,1.4735813385363346
ID4053,4053,68,0.10901707410812378,577.424333917586,1893.9335696326577,0.0,94.0,94,15.0,1,,8.600801068090787,8.0,0.0,22.0,6442.0,4.5664493044903125,0.4381647214309315,1.1476752983849765
ID4054,4054,14,0.20948296785354614,2300.2221463540277,1900.0080076580089,0.0,94.0,94,15.0,1,,12.57943925233645,11.0,0.0,38.0,9422.0,8.709399569523281,0.5581425206843789,1.0347632409241978
ID4055,4055,15,0.14289119839668274,423.469254736801,1955.2692324766554,0.0,94.0,94,15.0,1,,9.515353805073431,8.0,0.0,28.0,7127.0,6.421583074768393,0.45718640181166426,0.929803177971551
ID4056,4056,17,0.19161255657672882,722.6809144669504,1966.7822246129986,0.0,94.0,94,15.0,1,,10.76502002670227,8.0,0.0,35.0,8063.0,9.047456841588161,0.527344925338237,0.8216293838693519
ID4064,4064,5,0.22890836000442505,2382.6004931496595,1248.5718723321952,0.0,95.0,95,15.0,1,,12.69425901201602,9.0,0.0,43.0,9508.0,10.258620042618418,0.575353463418837,0.9038682387764051
ID4065,4065,6,0.14049407839775085,393.2055818780618,1343.3161664923387,0.0,95.0,95,15.0,1,,14.118825100133511,14.0,2.0,24.0,10575.0,3.3468047987715557,0.4601190280998385,2.6587659244259214
ID4066,4066,8,0.11816383898258209,697.4001514713143,1515.5609326062947,0.0,95.0,95,15.0,1,,8.341789052069426,8.0,0.0,22.0,6248.0,5.0477005410615385,0.4789848334008953,1.070418628141671
ID4067,4067,9,0.19482338428497314,2419.4769029583017,1532.8476905294124,0.0,95.0,95,15.0,1,,12.591455273698264,11.0,0.0,33.0,9431.0,6.998375032337932,0.5943503922365383,1.3414283839724053
ID4068,4068,11,0.12337366491556168,2645.654642151704,1701.0342814896824,0.0,95.0,95,15.0,1,,8.467289719626168,7.0,0.0,24.0,6342.0,5.807800466113276,0.4271603683036074,0.8727320068180429
ID4069,4069,13,0.22238382697105408,457.0665429860142,1783.3737680916424,0.0,95.0,95,15.0,1,,12.967957276368491,10.0,0.0,40.0,9713.0,9.327753924798541,0.5816113678899941,1.022486528676295
ID4070,4070,62,0.12283921986818314,2605.0254472426027,1853.7138189921277,0.0,95.0,95,15.0,1,,9.628838451268358,9.0,0.0,20.0,7212.0,4.2963137242193135,0.4927671862179647,1.4796452674333775
ID4071,4071,68,0.11667854338884354,575.3409656813418,1894.3893907565441,0.0,95.0,95,15.0,1,,8.790387182910548,8.0,0.0,21.0,6584.0,4.64719034024271,0.4816856875216252,1.2298586381146697
ID4072,4072,14,0.20858655869960785,2299.0858229850105,1894.222698040683,0.0,95.0,95,15.0,1,,12.68090787716956,11.0,0.0,37.0,9498.0,8.168409294630349,0.5997017956682513,1.163962984229722
ID4073,4073,69,0.11126291006803513,2798.029294572565,1945.9551896205876,0.0,95.0,95,15.0,1,,7.830440587449933,7.0,0.0,26.0,5865.0,5.5351895603244445,0.40353518347690026,0.8134704811191208
ID4074,4074,15,0.14102746546268463,420.9796298204251,1950.1580163614196,0.0,95.0,95,15.0,1,,9.333778371161548,8.0,0.0,27.0,6991.0,6.418405541003384,0.4530204813705451,0.9067893841147542
ID4075,4075,17,0.20980340242385864,719.8836249990637,1967.514472331843,0.0,95.0,95,15.0,1,,11.543391188251002,8.0,0.0,38.0,8646.0,9.796992866851062,0.563208309760675,0.849029570179732
ID4057,4057,59,0.16656120121479034,2924.3505594536205,10.385712722766552,0.0,95.0,95,15.0,1,,11.102803738317757,8.0,0.0,38.0,8316.0,9.29572698915391,0.6196022939408371,0.9138689717869716
ID4058,4058,24,0.16149993240833282,1116.2346443229674,71.76154229871655,0.0,95.0,95,15.0,1,,9.554072096128172,7.0,0.0,34.0,7156.0,7.737078246097761,0.49489630861302103,0.8176071220601719
ID4059,4059,65,0.12347516417503357,1316.71040267937,328.60805359688567,0.0,95.0,95,15.0,1,,8.51268357810414,7.0,0.0,26.0,6376.0,5.911912372129049,0.4126855073746732,0.841283218685817
ID4060,4060,20,0.15810401737689972,281.98241473288533,406.83528664694177,0.0,95.0,95,15.0,1,,10.345794392523365,8.0,0.0,29.0,7749.0,6.848771236480861,0.48968751978405217,0.9931275623870027
ID4061,4061,21,0.2867811322212219,383.6181815718877,412.85279033366413,0.0,95.0,95,15.0,1,,25.61682242990654,26.0,11.0,38.0,19187.0,5.234734367687133,0.5249963393714947,3.369365144808394
ID4062,4062,2,0.23050719499588013,2841.6395165059366,680.2090904099398,0.0,95.0,95,15.0,1,,13.186915887850468,10.0,0.0,44.0,9877.0,10.800068811408146,0.5233296348513795,0.8389346780750271
ID4063,4063,3,0.1931653767824173,2160.436843663796,770.287157480952,0.0,95.0,95,15.0,1,,10.791722296395193,7.0,0.0,41.0,8083.0,9.22081381027982,0.533272031538019,0.814106265547443
ID4096,4096,24,0.1221761554479599,1113.4404774383704,82.3347616759639,0.0,96.0,96,15.0,1,,8.68090787716956,7.0,0.0,29.0,6502.0,5.924066859735332,0.392845362606546,0.8265971812980897
ID4097,4097,65,0.14084365963935852,1309.6429632113277,322.3935973115467,0.0,96.0,96,15.0,1,,9.036048064085447,7.0,0.0,28.0,6768.0,6.570272817477405,0.463688251389165,0.8713700529979622
ID4098,4098,20,0.17396198213100433,281.8610421693112,406.7358658136137,0.0,96.0,96,15.0,1,,11.0347129506008,9.0,0.0,31.0,8265.0,7.497691040595095,0.5008867018739044,0.9823247525375184
ID4099,4099,21,0.28839096426963806,383.61350859369225,412.83206505275626,0.0,96.0,96,15.0,1,,26.0173564753004,26.0,13.0,37.0,19487.0,4.752254512224598,0.5273253160457296,3.7804242696320354
ID4100,4100,2,0.2099122554063797,2831.5696498670586,683.9671450971613,0.0,96.0,96,15.0,1,,12.949265687583445,11.0,0.0,41.0,9699.0,9.128763387454436,0.5199729112045912,0.970527973724657
ID4101,4101,,0.10385705530643463,1168.6882140498044,756.3926494266872,0.0,96.0,96,15.0,1,,9.886515353805073,10.0,0.0,26.0,7405.0,5.40020719114715,0.353502466999394,0.9563045349442085
ID4102,4102,3,0.15804749727249146,2161.7615271776804,766.5177912955423,0.0,96.0,96,15.0,1,,9.4913217623498,7.0,0.0,31.0,7109.0,7.392111128794538,0.49283121637805694,0.8477654351533396
ID4103,4103,5,0.19713236391544342,2385.0157193882774,1245.2490028270515,0.0,96.0,96,15.0,1,,10.861148197596796,7.0,0.0,40.0,8135.0,9.574752297975142,0.5275619651836732,0.7835249471772145
ID4104,4104,6,0.1412857621908188,394.5713560014833,1344.2358116657201,0.0,96.0,96,15.0,1,,13.893190921228305,14.0,1.0,26.0,10406.0,3.5244477084118095,0.4521572351644799,2.454803702780248
ID4105,4105,8,0.13778594136238098,703.3699525336327,1517.019920792919,0.0,96.0,96,15.0,1,,9.981308411214954,10.0,0.0,26.0,7476.0,5.084018463805667,0.508015665494707,1.322761674200791
ID4106,4106,9,0.18699795007705688,2423.7931603290117,1535.318207663422,0.0,96.0,96,15.0,1,,11.654205607476635,10.0,0.0,33.0,8729.0,7.499860894640141,0.5604549743839433,1.1162178142173453
ID4107,4107,11,0.14623215794563293,2637.592838378596,1696.8684513026808,0.0,96.0,96,15.0,1,,9.017356475300401,7.0,0.0,31.0,6754.0,7.3561766369265955,0.42832836518173245,0.7352006121034447
ID4108,4108,13,0.1893783062696457,454.91946504149024,1789.3059297121843,0.0,96.0,96,15.0,1,,11.702269692923899,10.0,0.0,31.0,8765.0,7.544042355097863,0.5695298764362515,1.1257524598386583
ID4109,4109,62,0.11440137028694153,2600.3924573663826,1850.9911337941749,0.0,96.0,96,15.0,1,,8.977303070761014,8.0,0.0,21.0,6724.0,4.430782899429348,0.43793365566500825,1.234141298679827
ID4110,4110,14,0.1994238644838333,2296.487130784867,1896.1066928984733,0.0,96.0,96,15.0,1,,11.802403204272363,10.0,0.0,38.0,8840.0,8.173482923080794,0.5928017938840112,1.0748331598261045
ID4111,4111,68,0.11264211684465408,568.3606045359861,1900.581904138747,0.0,96.0,96,15.0,1,,9.209612817089452,9.0,0.0,24.0,6898.0,4.542445510242838,0.42157816946939897,1.2025108672189024
ID4112,4112,69,0.10622471570968628,2796.926612362369,1940.3745218570327,0.0,96.0,96,15.0,1,,7.257676902536716,5.0,0.0,26.0,5436.0,6.184038921024981,0.34198718619483087,0.598159323726774
ID4113,4113,15,0.1542389690876007,421.389029226507,1946.1332910694157,0.0,96.0,96,15.0,1,,9.344459279038718,7.0,0.0,31.0,6999.0,6.8950429285568475,0.527110026245251,0.9355740032720188
ID4114,4114,17,0.212296724319458,722.7559502320076,1970.4403645369248,0.0,96.0,96,15.0,1,,11.79305740987984,9.0,0.0,40.0,8833.0,9.626509458590128,0.5730880723624074,0.8925979765965703
ID4095,4095,59,0.15671581029891968,2930.4711294662084,11.00085877183097,0.0,96.0,96,15.0,1,,10.655540720961282,8.0,0.0,36.0,7981.0,8.470073892593858,0.6203238977472652,0.9632410109523366
ID4076,4076,59,0.14088550209999084,2932.2104093048833,12.829395752256604,0.0,97.0,97,15.0,1,,9.77570093457944,7.0,0.0,32.0,7322.0,7.832838948000063,0.5557652114213395,0.8916738036595397
ID4077,4077,24,0.18310405313968658,1113.872850906136,88.4107681677049,0.0,97.0,97,15.0,1,,10.70493991989319,8.0,0.0,39.0,8018.0,8.527071683784303,0.5195643609970669,0.8584886742853033
ID4078,4078,65,0.1369050294160843,1307.1383730719476,323.69576848949663,0.0,97.0,97,15.0,1,,8.471295060080108,6.0,0.0,30.0,6345.0,7.093213677343207,0.42642506853921874,0.7140531293868427
ID4079,4079,20,0.16359196603298187,277.08556540550927,402.6059752682228,0.0,97.0,97,15.0,1,,10.336448598130842,9.0,0.0,30.0,7742.0,7.347306152021897,0.4857920977989736,0.9199529366280816
ID4080,4080,21,0.28517699241638184,384.20016003589933,412.95431253617954,0.0,97.0,97,15.0,1,,25.833110814419225,26.0,12.0,40.0,19349.0,5.000553291820285,0.5300505672442556,3.5793169906121314
ID4081,4081,2,0.24244911968708038,2832.0939661475813,684.8457590515466,0.0,97.0,97,15.0,1,,14.188251001335113,11.0,0.0,44.0,10627.0,10.693872040081713,0.5407490473207941,0.9312959847393223
ID4082,4082,3,0.1923886239528656,2159.9260684238116,765.1864447890367,0.0,97.0,97,15.0,1,,11.279038718291055,8.0,0.0,38.0,8448.0,8.713248326594695,0.5309706979938383,0.897895237182356
ID4083,4083,5,0.2154199481010437,2381.770029053041,1244.2703519019526,0.0,97.0,97,15.0,1,,11.890520694259012,9.0,0.0,41.0,8906.0,10.07359434714149,0.551360019256209,0.8390137660269172
ID4084,4084,6,0.13699570298194885,394.4066234568729,1343.1166256530353,0.0,97.0,97,15.0,1,,13.570093457943925,14.0,5.0,23.0,10164.0,3.4624745589632497,0.46458276309328456,2.486425306649079
ID4085,4085,8,0.13007362186908722,703.103523894018,1516.3115110700658,0.0,97.0,97,15.0,1,,9.447263017356475,9.0,0.0,26.0,7076.0,5.091826165740511,0.4757167282149014,1.1962111790018328
ID4086,4086,9,0.1991356760263443,2419.150792779879,1539.3454973489672,0.0,97.0,97,15.0,1,,12.372496662216289,10.0,0.0,36.0,9267.0,7.5570091266428046,0.5847633131265141,1.2082397053362306
ID4087,4087,11,0.14864368736743927,2635.55853685799,1699.7197631449183,0.0,97.0,97,15.0,1,,9.086782376502002,7.0,0.0,33.0,6806.0,7.626242262751035,0.4376826934668213,0.7254806858725821
ID4088,4088,13,0.23576991260051727,463.2130212677243,1786.1017259135263,0.0,97.0,97,15.0,1,,13.34045393858478,10.0,0.0,45.0,9992.0,9.806427571689799,0.6089137263343323,1.0297049146631807
ID4089,4089,62,0.11251544207334518,2599.2647548085542,1850.9045832459622,0.0,97.0,97,15.0,1,,9.468624833110814,9.0,0.0,20.0,7092.0,4.2041030193487146,0.4400962943945813,1.3765745439900567
ID4090,4090,14,0.20818732678890228,2297.8951868871445,1890.4344768030344,0.0,97.0,97,15.0,1,,12.279038718291055,10.0,0.0,35.0,9197.0,8.673572322216085,0.5766298409227291,1.0355324954186236
ID4091,4091,68,0.11502186208963394,557.1349810196696,1890.7373953094525,0.0,97.0,97,15.0,1,,9.383177570093459,9.0,0.0,21.0,7028.0,4.542583430285075,0.44285995642285964,1.2679999917029956
ID4092,4092,69,0.10170900076627731,2799.7754678471147,1944.8178223210766,0.0,97.0,97,15.0,1,,7.363150867823765,6.0,0.0,23.0,5515.0,5.606196791513519,0.350984354614631,0.6824373604477334
ID4093,4093,15,0.17126910388469696,424.1138376115944,1949.6034925641202,0.0,97.0,97,15.0,1,,10.30173564753004,8.0,0.0,36.0,7716.0,8.163421721481244,0.4823698741279772,0.8212809712641912
ID4094,4094,17,0.2111104130744934,730.5924460741794,1966.7377542233282,0.0,97.0,97,15.0,1,,12.060080106809078,9.0,0.0,38.0,9033.0,9.435419133147889,0.5556295128733809,0.9130574895759691
ID4128,4128,62,0.10269557684659958,2604.2731056241496,1848.4511782632862,0.0,98.0,98,15.0,1,,8.766355140186915,8.0,0.0,20.0,6566.0,3.899491285471934,0.41533002134037295,1.3194006928523265
ID4129,4129,14,0.1582486480474472,2297.009472254368,1887.757196943179,0.0,98.0,98,15.0,1,,10.997329773030708,10.0,0.0,28.0,8237.0,6.263594270162405,0.5207285002323505,1.20241196304791
ID4130,4130,68,0.106172576546669,558.9928200782656,1889.855397717071,0.0,98.0,98,15.0,1,,8.823765020026702,9.0,0.0,21.0,6609.0,4.158416660362588,0.4288297389352615,1.2736800386645608
ID4131,4131,15,0.14362533390522003,432.9082024611078,1947.9591893682182,0.0,98.0,98,15.0,1,,9.548731642189587,8.0,0.0,29.0,7152.0,6.293774117368262,0.4745414713383097,0.9765212819605071
ID4132,4132,17,0.17379990220069885,725.7088166786623,1969.744993084207,0.0,98.0,98,15.0,1,,10.580774365821094,8.0,0.0,33.0,7925.0,7.515969019936611,0.5359395089142854,0.9824356865251139
ID4115,4115,59,0.18308156728744507,2930.0,0.0,0.0,98.0,98,15.0,1,,9.30841121495327,6.0,0.0,41.0,6972.0,10.15150979322845,0.6008521513094595,0.6883214680741562
ID4116,4116,24,0.1699228584766388,1111.2779676523523,90.39416408691096,0.0,98.0,98,15.0,1,,9.699599465954606,7.0,0.0,31.0,7265.0,8.186774410012013,0.509819161771224,0.8001330229464677
ID4117,4117,65,0.14441326260566711,1304.415529649162,321.3987369802382,0.0,98.0,98,15.0,1,,9.118825100133511,7.0,0.0,30.0,6830.0,7.006340192699729,0.4469410956500671,0.8040389703812367
ID4118,4118,20,0.17236840724945068,274.558763709564,395.58777886838214,0.0,98.0,98,15.0,1,,11.132176234979973,9.0,0.0,32.0,8338.0,7.420696105182936,0.4903061368739221,0.9870911574712264
ID4119,4119,21,0.28425443172454834,383.92067658599314,413.05326541491047,0.0,98.0,98,15.0,1,,25.35113484646195,25.0,10.0,39.0,18988.0,5.03976852231629,0.5259755589152699,3.467646335159432
ID4120,4120,2,0.2514643669128418,2827.510873626049,683.800497153061,0.0,98.0,98,15.0,1,,14.91588785046729,12.0,0.0,46.0,11172.0,10.664656314085606,0.5494482363288068,0.9919321177957322
ID4121,4121,3,0.18737588822841644,2158.629994382097,765.6232193110732,0.0,98.0,98,15.0,1,,10.953271028037383,8.0,0.0,37.0,8204.0,8.837463134882245,0.5176374439251387,0.8454810252256069
ID4122,4122,5,0.21415215730667114,2384.5027344618175,1246.457814760856,0.0,98.0,98,15.0,1,,12.265687583444592,9.0,0.0,40.0,9187.0,9.552285624722286,0.5708528355077372,0.9332612992081338
ID4123,4123,6,0.12981046736240387,395.09034522593197,1343.5490957407187,0.0,98.0,98,15.0,1,,12.89452603471295,13.0,4.0,22.0,9658.0,3.3750950782294478,0.46786653382298127,2.4354811907934875
ID4124,4124,8,0.10757313668727875,708.4730592665252,1509.7537323140148,0.0,98.0,98,15.0,1,,8.440587449933245,8.0,0.0,22.0,6322.0,4.598099779210426,0.4130111337970698,1.0731006395030647
ID4125,4125,9,0.19125136733055115,2417.3677099190127,1547.0354294096478,0.0,98.0,98,15.0,1,,11.723631508678238,10.0,0.0,35.0,8781.0,7.7905221213251306,0.5611644365606736,1.0818500778212412
ID4126,4126,11,0.14854420721530914,2637.6117579428424,1695.5279816541765,0.0,98.0,98,15.0,1,,9.064085447263018,7.0,0.0,36.0,6789.0,7.493394943467573,0.4707919177247521,0.7743782163728005
ID4127,4127,13,0.2472846955060959,465.6753830934285,1785.7686288787975,0.0,98.0,98,15.0,1,,14.193591455273697,11.0,0.0,46.0,10631.0,10.286337002506032,0.5973593938090695,1.0320354252403077
ID4133,4133,59,0.1809975802898407,2935.6871262049863,14.440277354677795,0.0,99.0,99,15.0,1,,11.475300400534046,9.0,0.0,41.0,8595.0,9.82499221383329,0.5856004104163439,0.8627192069942702
ID4134,4134,24,0.1704561859369278,1117.645267639524,93.77058882449874,0.0,99.0,99,15.0,1,,9.806408544726303,7.0,0.0,32.0,7345.0,8.333211791902146,0.485251828036718,0.7689438767555067
ID4135,4135,65,0.11123301088809967,1295.8239694841006,325.54823527987975,0.0,99.0,99,15.0,1,,7.751668891855807,6.0,0.0,26.0,5806.0,5.667220976938428,0.38581985535318103,0.7616103843427307
ID4136,4136,20,0.15245488286018372,279.173522612203,400.31378213994793,0.0,99.0,99,15.0,1,,9.571428571428571,8.0,0.0,32.0,7169.0,6.942220338179631,0.483569020180162,0.8987917533090749
ID4137,4137,21,0.2751731276512146,383.998892020566,413.1031749969852,0.0,99.0,99,15.0,1,,24.731642189586115,25.0,12.0,38.0,18524.0,4.768583136932038,0.5256896790066514,3.5740188094769607
ID4138,4138,2,0.26062312722206116,2820.183149126925,682.0798961571153,0.0,99.0,99,15.0,1,,15.479305740987984,12.0,0.0,46.0,11594.0,10.921751908828627,0.5761408943951368,1.036150478671185
ID4139,4139,3,0.14582344889640808,2157.1123545039427,767.3914660908885,0.0,99.0,99,15.0,1,,9.711615487316422,8.0,0.0,28.0,7274.0,6.5535340657044,0.47999058335783756,0.9612130946276871
ID4140,4140,5,0.23680521547794342,2384.5976966833236,1245.8439532611244,0.0,99.0,99,15.0,1,,13.341789052069426,11.0,0.0,43.0,9993.0,10.287348936043344,0.5876236903039743,0.9600466133710689
ID4141,4141,6,0.14369605481624603,395.34824953096387,1343.8743087941825,0.0,99.0,99,15.0,1,,13.87716955941255,14.0,5.0,27.0,10394.0,3.4696352039492457,0.487306562925254,2.620890284207875
ID4142,4142,8,0.10847922414541245,710.9786808686848,1504.5656332300596,0.0,99.0,99,15.0,1,,8.845126835781041,9.0,0.0,22.0,6625.0,4.271224872997138,0.4363063659709607,1.2581316505695033
ID4143,4143,9,0.19876447319984436,2413.107713137145,1550.186752969265,0.0,99.0,99,15.0,1,,11.797062750333778,9.0,0.0,35.0,8836.0,8.34333073967576,0.5805793443846449,1.0387468117098801
ID4144,4144,11,0.144651398062706,2646.025546360989,1696.4478885368912,0.0,99.0,99,15.0,1,,9.114819759679573,7.0,0.0,31.0,6827.0,7.132448775536468,0.4528448845242043,0.7966538093398254
ID4145,4145,13,0.22113561630249023,460.8727184505128,1782.1829649805168,0.0,99.0,99,15.0,1,,13.194926568758344,11.0,0.0,40.0,9883.0,8.922538061327085,0.5886696825860975,1.0959396155201497
ID4146,4146,62,0.11833754181861877,2603.5700283253686,1839.9137009990357,0.0,99.0,99,15.0,1,,8.955941255006676,8.0,0.0,22.0,6708.0,4.618254013756908,0.4808732331430581,1.259436094925761
ID4147,4147,14,0.21422964334487915,2288.33449154807,1895.9244009459135,0.0,99.0,99,15.0,1,,12.951935914552736,11.0,0.0,35.0,9701.0,8.516441294152322,0.5866169349958532,1.124576584187041
ID4148,4148,15,0.15960198640823364,435.28357858184984,1945.1499083456738,0.0,99.0,99,15.0,1,,9.62483311081442,8.0,0.0,32.0,7209.0,7.514476056692362,0.48883151068081104,0.8410816148173288
ID4149,4149,,0.11528430134057999,2792.9641851347496,1949.5571041557168,0.0,99.0,99,15.0,1,,8.268357810413885,7.0,0.0,28.0,6193.0,6.178176625611731,0.35590359595693005,0.7025746916480922
ID4150,4150,17,0.20537716150283813,724.7221419274487,1966.0418379403277,0.0,99.0,99,15.0,1,,11.714285714285714,9.0,0.0,37.0,8774.0,9.071673691219798,0.5569306717068413,0.923826146740786
ID4160,4160,6,0.1413024514913559,394.8066984423544,1344.461449367446,0.0,100.0,100,15.0,1,,13.959946595460615,14.0,6.0,25.0,10456.0,3.3679835756915617,0.45337377320332,2.585966307219213
ID4161,4161,8,0.12996001541614532,722.1057187843116,1502.3867436214464,0.0,100.0,100,15.0,1,,9.644859813084112,9.0,0.0,25.0,7224.0,5.192231536560345,0.4619620388266055,1.1739296130419814
ID4162,4162,9,0.1966169774532318,2411.2609624243382,1547.7062987772733,0.0,100.0,100,15.0,1,,11.675567423230975,9.0,0.0,36.0,8745.0,8.357180370702542,0.5628873911973997,1.0063337758341857
ID4163,4163,11,0.16257767379283905,2640.825395458115,1701.1459540293813,0.0,100.0,100,15.0,1,,9.642189586114819,7.0,0.0,34.0,7222.0,8.021537419907869,0.4818688518458983,0.7817486376350041
ID4164,4164,13,0.22083523869514465,456.95719276328384,1772.1475053191261,0.0,100.0,100,15.0,1,,12.7716955941255,10.0,0.0,40.0,9566.0,9.541491152044285,0.5602599162953903,0.9612910595860996
ID4165,4165,62,0.11677185446023941,2597.92100334615,1839.8950773051079,0.0,100.0,100,15.0,1,,8.951935914552736,9.0,0.0,21.0,6705.0,4.43887025133502,0.4730043567017204,1.29519637121548
ID4166,4166,14,0.20391671359539032,2287.1651271101755,1901.132104576395,0.0,100.0,100,15.0,1,,12.333778371161548,10.0,0.0,35.0,9238.0,8.389304003753377,0.5592500200434012,1.054606524073937
ID4167,4167,15,0.15470969676971436,443.03922961429447,1941.707556925876,0.0,100.0,100,15.0,1,,9.523364485981308,7.0,0.0,32.0,7133.0,7.096813429815811,0.4992915850604535,0.8937687320168686
ID4168,4168,17,0.2017711102962494,722.3862128980026,1963.2468063507467,0.0,100.0,100,15.0,1,,11.360480640854473,9.0,0.0,41.0,8509.0,9.321692129313346,0.5456408807885725,0.8604591392893229
ID4151,4151,59,0.2223901003599167,2941.0,0.0,0.0,100.0,100,15.0,1,,9.67022696929239,7.0,0.0,40.0,7243.0,10.188828556553169,0.6538977229299396,0.750487709476469
ID4152,4152,24,0.17089571058750153,1118.971847317166,91.90702244111392,0.0,100.0,100,15.0,1,,10.500667556742323,8.0,0.0,32.0,7865.0,7.9969286940505855,0.46613303028336195,0.8349494472888597
ID4153,4153,65,0.16478370130062103,1292.8333536605085,327.08881880037166,0.0,100.0,100,15.0,1,,9.483311081441922,6.0,0.0,35.0,7103.0,8.249375392699523,0.4767704404738639,0.7422757227002773
ID4154,4154,70,0.12203655391931534,2494.66632749406,342.33228930863316,0.0,100.0,100,15.0,1,,7.886515353805073,6.0,0.0,31.0,5907.0,6.529176988397544,0.39034391738177043,0.6782376314032347
ID4155,4155,20,0.1431177854537964,286.41736595298124,401.3200623839785,0.0,100.0,100,15.0,1,,9.283044058744993,8.0,0.0,30.0,6953.0,6.53926792125216,0.4801363402132558,0.9209883408687779
ID4156,4156,21,0.27184489369392395,383.27133894638047,413.2232806881181,0.0,100.0,100,15.0,1,,24.225634178905207,24.0,11.0,37.0,18145.0,4.731404329601049,0.5400601298208306,3.5910340768398994
ID4157,4157,2,0.26424169540405273,2823.010799563167,684.8264655597519,0.0,100.0,100,15.0,1,,15.51268357810414,12.0,0.0,45.0,11619.0,11.184113632081216,0.5655036291894177,1.0020668066624494
ID4158,4158,3,0.13136866688728333,2155.5144875993,768.4591987363603,0.0,100.0,100,15.0,1,,8.650200267022697,7.0,0.0,30.0,6479.0,6.469627979241628,0.42132552680224394,0.7926857775531115
ID4159,4159,5,0.2053147405385971,2387.581894802485,1245.1896189428646,0.0,100.0,100,15.0,1,,11.735647530040053,9.0,0.0,38.0,8790.0,9.104390006711885,0.56440103434268,0.9300919941995136
ID4169,4169,59,0.20697057247161865,2935.0,0.0,0.0,101.0,101,15.0,1,,9.260347129506007,5.0,0.0,39.0,6936.0,10.357527959935101,0.6316639819254335,0.6922397517811179
ID4170,4170,24,0.16013076901435852,1119.4594004567723,99.19009610471977,0.0,101.0,101,15.0,1,,9.548731642189587,7.0,0.0,32.0,7152.0,7.834814606178125,0.4682035040313684,0.7773119830749909
ID4171,4171,65,0.16468167304992676,1294.9804113535117,325.77581834451604,0.0,101.0,101,15.0,1,,9.703604806408546,7.0,0.0,36.0,7268.0,8.141972217278111,0.46913368467853706,0.7611474228435366
ID4172,4172,70,0.12183910608291626,2488.5158176873306,345.9752488686653,0.0,101.0,101,15.0,1,,8.443257676902537,7.0,0.0,26.0,6324.0,6.201694443640692,0.4186465430024429,0.8035316351344014
ID4173,4173,20,0.16368542611598969,292.4659742730439,406.630767261308,0.0,101.0,101,15.0,1,,10.169559412550067,8.0,0.0,32.0,7617.0,7.714271269714042,0.4740904677787806,0.847957942579679
ID4174,4174,21,0.2902117073535919,384.50843612512335,413.2362184950236,0.0,101.0,101,15.0,1,,26.15086782376502,26.0,14.0,40.0,19587.0,4.741436403207505,0.532224852612154,3.8315881338909907
ID4175,4175,102,0.10826605558395386,2134.9595795751416,436.8383286513109,0.0,101.0,101,15.0,1,,8.248331108144193,7.0,0.0,28.0,6178.0,5.563898434907346,0.36232017410787803,0.7885517804762308
ID4176,4176,2,0.22893556952476501,2827.2122694933796,678.2321621212902,0.0,101.0,101,15.0,1,,13.260347129506007,10.0,0.0,43.0,9932.0,10.80541508071326,0.514022501912068,0.8332843695392794
ID4177,4177,3,0.11603035777807236,2157.9433682281347,777.1662538989763,0.0,101.0,101,15.0,1,,8.560747663551401,8.0,0.0,24.0,6412.0,5.225462902160567,0.4489846250306485,1.0152771567669692
ID4178,4178,,0.10332868993282318,1184.8037969378488,782.2323871997702,0.0,101.0,101,15.0,1,,10.341789052069426,10.0,0.0,24.0,7746.0,5.275371847738522,0.3273812576916386,0.9670094647075451
ID4179,4179,5,0.2035132795572281,2392.655528245833,1252.0506579664434,0.0,101.0,101,15.0,1,,12.285714285714286,10.0,0.0,35.0,9202.0,8.322289600925975,0.5748818006259573,1.0777503643171322
ID4180,4180,6,0.1292940378189087,394.857330647314,1343.197260816817,0.0,101.0,101,15.0,1,,13.086782376502002,13.0,2.0,24.0,9802.0,3.307615411935303,0.4628447447442965,2.503715456508291
ID4181,4181,8,0.12117075175046921,720.4156448282416,1509.2827565885384,0.0,101.0,101,15.0,1,,9.078771695594126,9.0,0.0,23.0,6800.0,4.98987644520876,0.448479375023752,1.1266718876725093
ID4182,4182,9,0.2222326248884201,2419.853754256108,1544.5924984424018,0.0,101.0,101,15.0,1,,13.121495327102803,10.0,0.0,39.0,9828.0,9.235187875035932,0.5787290689214293,1.0416822939513548
ID4183,4183,11,0.17193672060966492,2642.1228615123778,1703.7106661051573,0.0,101.0,101,15.0,1,,9.826435246995995,7.0,0.0,36.0,7360.0,8.293854159617352,0.5303721501757064,0.8212081585306876
ID4184,4184,13,0.2083478718996048,461.98907770977564,1769.0623163608677,0.0,101.0,101,15.0,1,,12.208277703604807,10.0,0.0,37.0,9144.0,8.840650268131814,0.5713351009499302,1.004204768754675
ID4185,4185,62,0.10672514140605927,2595.421099880683,1843.6285921175213,0.0,101.0,101,15.0,1,,8.734312416555408,9.0,0.0,20.0,6542.0,3.775471102610979,0.46445625254411943,1.467425218440444
ID4186,4186,14,0.2129349261522293,2281.7195413390614,1905.100521382578,0.0,101.0,101,15.0,1,,12.556742323097463,10.0,0.0,35.0,9405.0,8.69098420696143,0.5833193999287579,1.0645741205168744
ID4187,4187,15,0.14842239022254944,443.4258473795688,1934.4945864535448,0.0,101.0,101,15.0,1,,9.728971962616823,8.0,0.0,29.0,7287.0,6.560697810439678,0.4802165968849656,0.9621855035310848
ID4188,4188,17,0.2073012739419937,727.6921702421322,1963.8869565849088,0.0,101.0,101,15.0,1,,12.02136181575434,9.0,0.0,39.0,9004.0,9.119355496253158,0.5576299613686727,0.9438464056149444
ID4189,4189,71,0.1570989340543747,2037.0,2047.0,0.0,101.0,101,15.0,1,,7.033377837116155,5.0,0.0,32.0,5268.0,7.70947794639681,0.5978816239063474,0.6827152076589189
ID4192,4192,65,0.16602757573127747,1285.7889848749958,322.08747746109344,0.0,102.0,102,15.0,1,,9.719626168224298,8.0,0.0,35.0,7280.0,8.058204167525007,0.48917371361067674,0.7924265911339697
ID4193,4193,70,0.10398299247026443,2482.1351129512514,348.2981949539137,0.0,102.0,102,15.0,1,,7.408544726301735,6.0,0.0,25.0,5549.0,5.51844080534782,0.36461285601952736,0.7174126553862255
ID4194,4194,20,0.15879760682582855,294.89820670858757,403.04600978118816,0.0,102.0,102,15.0,1,,9.488651535380507,8.0,0.0,32.0,7107.0,7.662251517204455,0.476152370148176,0.798900792327572
ID4195,4195,21,0.27138185501098633,384.1631489473619,413.0211269105795,0.0,102.0,102,15.0,1,,24.411214953271028,24.0,12.0,39.0,18284.0,4.963684400395335,0.5243222695912907,3.3832706364663774
ID4196,4196,102,0.12540113925933838,2135.6675971041013,427.89150620706687,0.0,102.0,102,15.0,1,,8.229639519359145,6.0,0.0,30.0,6164.0,6.484092216743029,0.42452964669441956,0.7564812314278787
ID4197,4197,2,0.19617138803005219,2830.907052094605,680.6183338359176,0.0,102.0,102,15.0,1,,13.240320427236314,12.0,0.0,36.0,9917.0,8.217688493442907,0.4766017530813437,1.0400903631081253
ID4198,4198,3,0.11231812834739685,2159.66520793412,782.7220958243028,0.0,102.0,102,15.0,1,,7.991989319092123,7.0,0.0,24.0,5986.0,5.118378327729216,0.43586004082582347,0.9479544122024138
ID4199,4199,5,0.22344623506069183,2388.6734630002607,1247.7636979045553,0.0,102.0,102,15.0,1,,13.357810413885181,11.0,0.0,39.0,10005.0,9.263385084335722,0.5587874473525931,1.0338446729555182
ID4200,4200,6,0.12487644702196121,394.4016692043544,1343.631142028287,0.0,102.0,102,15.0,1,,12.651535380507344,13.0,3.0,21.0,9476.0,2.99555167852375,0.44418757313696944,2.5980004041364873
ID4201,4201,8,0.13273295760154724,718.6961994095442,1511.0693293717832,0.0,102.0,102,15.0,1,,9.938584779706275,9.0,0.0,23.0,7444.0,4.813246941807173,0.49136969777880457,1.360628158982828
ID4202,4202,9,0.2105269730091095,2420.5509429352965,1544.5186552121818,0.0,102.0,102,15.0,1,,12.384512683578103,10.0,0.0,39.0,9276.0,8.998459489898801,0.5581599034953612,0.986023720140091
ID4203,4203,11,0.1513526886701584,2647.235234604514,1694.4725486895675,0.0,102.0,102,15.0,1,,9.886515353805073,8.0,0.0,29.0,7405.0,6.929298585267342,0.47889351785111894,0.9240298872070726
ID4204,4204,13,0.22475683689117432,458.510051954853,1758.476475288603,0.0,102.0,102,15.0,1,,12.955941255006676,11.0,0.0,40.0,9704.0,9.266519146230342,0.6109313457171494,1.0604683582738152
ID4205,4205,14,0.22230039536952972,2277.2087454296807,1909.4117114566932,0.0,102.0,102,15.0,1,,13.232309746328438,10.0,0.0,36.0,9911.0,8.707177728144197,0.6002977448331623,1.1401294490912262
ID4206,4206,15,0.1599133014678955,435.4320808329802,1929.4622304334578,0.0,102.0,102,15.0,1,,10.56475300400534,9.0,0.0,36.0,7913.0,6.747163147118294,0.49289371324144987,1.0339332973367432
ID4207,4207,17,0.18619148433208466,734.6076964436897,1959.6496961919563,0.0,102.0,102,15.0,1,,10.652870493991989,8.0,0.0,35.0,7979.0,8.269503467854896,0.5699928149248147,0.9353818220565069
ID4208,4208,71,0.2614127993583679,2037.0,2047.0,0.0,102.0,102,15.0,1,,11.146862483311082,8.0,0.0,44.0,8349.0,11.121824495832097,0.6864157948955253,0.8158854883912564
ID4190,4190,59,0.15105955302715302,2934.6620857566127,12.950829471674659,0.0,102.0,102,15.0,1,,10.51268357810414,8.0,0.0,36.0,7874.0,8.748348163868862,0.5258437875715184,0.828255261514598
ID4191,4191,24,0.1511145383119583,1118.1205224958521,99.76632932565758,0.0,102.0,102,15.0,1,,9.963951935914553,8.0,0.0,31.0,7463.0,7.043222811318648,0.44325739147923815,0.8689652075812052
ID4224,4224,,0.10129745304584503,547.3216941965569,1875.9452491016452,0.0,103.0,103,15.0,1,,8.773030707610147,9.0,0.0,22.0,6571.0,3.9680231241465376,0.4075406760580604,1.2803109447542775
ID4225,4225,,0.1005413755774498,701.1828931502613,1897.2681998051191,0.0,103.0,103,15.0,1,,9.7716955941255,10.0,0.0,25.0,7319.0,4.80724163331914,0.3817917879425283,1.1232797983110734
ID4226,4226,14,0.2107357531785965,2279.9624392485853,1908.0557675882317,0.0,103.0,103,15.0,1,,13.539385847797062,11.0,0.0,36.0,10141.0,7.608755872839745,0.5756109754621801,1.3001557457364932
ID4227,4227,15,0.13467372953891754,436.5037202588718,1921.037197512806,0.0,103.0,103,15.0,1,,8.746328437917223,7.0,0.0,27.0,6551.0,6.220524334727433,0.45376086812891403,0.877733854535725
ID4228,4228,,0.10992716997861862,2807.460166349591,1944.245722231536,0.0,103.0,103,15.0,1,,7.979973297730307,7.0,0.0,24.0,5977.0,5.761375587686304,0.369528159877368,0.7474494360856822
ID4229,4229,17,0.19912664592266083,727.2988967627829,1953.056136194199,0.0,103.0,103,15.0,1,,11.345794392523365,9.0,0.0,37.0,8498.0,8.936753353303205,0.5572365173945732,0.9085945399413982
ID4230,4230,71,0.2497999519109726,2040.0,2047.0,0.0,103.0,103,15.0,1,,10.843791722296395,9.0,0.0,43.0,8122.0,10.766401716658985,0.6651118329416195,0.8046219024117518
ID4209,4209,59,0.14422707259655,2939.4935233409246,10.504867782508352,0.0,103.0,103,15.0,1,,10.599465954606142,9.0,0.0,33.0,7939.0,7.568743757543605,0.595659274697589,1.0455575082469635
ID4210,4210,24,0.13599058985710144,1109.5731157263742,98.96650497593741,0.0,103.0,103,15.0,1,,8.759679572763686,7.0,0.0,27.0,6561.0,6.400904674016961,0.45794219774620054,0.8597005690903564
ID4211,4211,65,0.15936368703842163,1290.7028439250294,323.0670066166724,0.0,103.0,103,15.0,1,,9.640854472630174,7.0,0.0,32.0,7221.0,7.673517715833501,0.469699486504418,0.8030499618550067
ID4212,4212,70,0.11411019414663315,2488.7340780963855,349.2860604467483,0.0,103.0,103,15.0,1,,7.425901201602136,6.0,0.0,30.0,5562.0,6.432198574223835,0.3896729077438287,0.6474516477036827
ID4213,4213,20,0.1246713399887085,296.28835425796296,407.3415637866303,0.0,103.0,103,15.0,1,,8.176234979973298,6.0,0.0,26.0,6124.0,6.107190574623007,0.41821403117980316,0.7895846726839791
ID4214,4214,21,0.2856005132198334,383.74531702999224,413.2320195694826,0.0,103.0,103,15.0,1,,25.27636849132176,25.0,7.0,39.0,18932.0,5.047076736682099,0.5407933515016959,3.5155373295956958
ID4215,4215,2,0.20691625773906708,2827.9951891785668,677.4766289071586,0.0,103.0,103,15.0,1,,12.712950600801069,10.0,0.0,40.0,9522.0,9.711843228895132,0.47741097063899246,0.8459910467394968
ID4216,4216,3,0.1496562361717224,2156.9725752779277,787.7814081353692,0.0,103.0,103,15.0,1,,9.71562082777036,8.0,0.0,32.0,7277.0,7.248126001238737,0.43972130411443877,0.818792572845312
ID4217,4217,5,0.19333794713020325,2392.3348993326604,1241.2784670802776,0.0,103.0,103,15.0,1,,11.738317757009346,10.0,0.0,36.0,8792.0,7.679292793479515,0.5880491713632757,1.13204665986832
ID4218,4218,6,0.13348358869552612,393.7904375748866,1343.2282090641263,0.0,103.0,103,15.0,1,,13.006675567423231,13.0,2.0,23.0,9742.0,3.0015518762788584,0.47873072324155025,2.805773784547717
ID4219,4219,8,0.12680494785308838,722.4609987164312,1506.2900192763625,0.0,103.0,103,15.0,1,,9.237650200267023,8.0,0.0,23.0,6919.0,5.370958033068661,0.44709150701939393,1.0627721740846077
ID4220,4220,9,0.20944678783416748,2420.850407502772,1545.536327544426,0.0,103.0,103,15.0,1,,12.22429906542056,10.0,0.0,36.0,9156.0,8.762486717361556,0.5842765943448659,1.028996914178289
ID4221,4221,11,0.19002674520015717,2648.923588411446,1691.8660388866583,0.0,103.0,103,15.0,1,,10.957276368491321,8.0,0.0,38.0,8207.0,8.830446301106585,0.5293260514010727,0.8589603948181058
ID4222,4222,13,0.21782615780830383,458.9801240328794,1748.851701505593,0.0,103.0,103,15.0,1,,12.870493991989319,10.0,0.0,39.0,9640.0,8.992304933534992,0.5922072536121588,1.0647025903137346
ID4223,4223,,0.11597772687673569,2577.855673520636,1847.868858590728,0.0,103.0,103,15.0,1,,9.531375166889186,9.0,0.0,21.0,7139.0,4.173463514314978,0.4482858719970462,1.413805597135688
ID4231,4231,59,0.16244521737098694,2940.679001902859,5.999063348515331,0.0,104.0,104,15.0,1,,10.110814419225635,8.0,0.0,39.0,7573.0,8.910412883716141,0.6593781818750437,0.9017943364280886
ID4232,4232,24,0.15278229117393494,1111.3938006796716,106.00361405083287,0.0,104.0,104,15.0,1,,9.522029372496663,8.0,0.0,30.0,7132.0,7.101713896037222,0.48195114058923394,0.8720983553443672
ID4233,4233,,0.10119592398405075,2860.6132779716463,215.34113007724963,0.0,104.0,104,15.0,1,,9.695594125500667,10.0,0.0,22.0,7262.0,4.743782232262701,0.3442211171547381,1.0467584476642735
ID4234,4234,65,0.14413046836853027,1295.7371294990005,330.0159479066967,0.0,104.0,104,15.0,1,,8.707610146862484,7.0,0.0,29.0,6522.0,7.019164619437504,0.46375785378356277,0.7860778947373727
ID4235,4235,70,0.12093054503202438,2492.2296334257417,352.2183473880287,0.0,104.0,104,15.0,1,,7.853137516688919,6.0,0.0,32.0,5882.0,6.398513063275205,0.4029209016122629,0.704986415563746
ID4236,4236,21,0.2781156897544861,383.6337628781357,413.1300416243297,0.0,104.0,104,15.0,1,,25.098798397863817,25.0,10.0,40.0,18799.0,5.155430255668957,0.5158285419491855,3.3133956564075593
ID4237,4237,20,0.1539524644613266,298.1329179439966,413.510658581505,0.0,104.0,104,15.0,1,,9.727636849132177,8.0,0.0,32.0,7286.0,6.9530932135941645,0.4986659757936069,0.931031088060876
ID4238,4238,2,0.19552087783813477,2826.332844218296,669.0328075807894,0.0,104.0,104,15.0,1,,11.623497997329773,8.0,0.0,42.0,8706.0,10.09459446834178,0.4370280592310776,0.7003611344532558
ID4239,4239,3,0.13153918087482452,2159.617806479257,796.4938528621286,0.0,104.0,104,15.0,1,,8.834445927903872,7.0,0.0,29.0,6617.0,6.124976404522929,0.4574587081816231,0.9054417842609579
ID4240,4240,5,0.20701788365840912,2400.0970136226283,1244.5294638582318,0.0,104.0,104,15.0,1,,12.276368491321762,10.0,0.0,40.0,9195.0,8.704122795516712,0.5690012084543641,1.0229745114160527
ID4241,4241,6,0.15015533566474915,394.1791581506986,1343.110015278902,0.0,104.0,104,15.0,1,,14.572763684913218,15.0,3.0,25.0,10915.0,3.490875114217699,0.4771140060063234,2.6967814697623607
ID4242,4242,8,0.14568178355693817,720.212274841479,1512.8393766979232,0.0,104.0,104,15.0,1,,10.005340453938585,9.0,0.0,28.0,7494.0,6.024013736280714,0.4822352796324674,1.0807313427472585
ID4243,4243,9,0.19998644292354584,2420.7802215162374,1548.4415165118826,0.0,104.0,104,15.0,1,,11.51268357810414,9.0,0.0,39.0,8623.0,8.928498618181958,0.5482595688923112,0.9132098259397484
ID4244,4244,11,0.17037317156791687,2651.0002205864203,1694.8450919781296,0.0,104.0,104,15.0,1,,9.962616822429906,8.0,0.0,33.0,7462.0,7.939186746211103,0.5158683989399522,0.8540923469079238
ID4245,4245,13,0.24006374180316925,461.9993594286988,1751.2114205842524,0.0,104.0,104,15.0,1,,13.655540720961282,10.0,0.0,42.0,10228.0,10.229788309554571,0.5933617198274066,0.9942083270151395
ID4246,4246,14,0.18958765268325806,2270.18980092275,1899.4484769145338,0.0,104.0,104,15.0,1,,11.626168224299066,9.0,0.0,39.0,8708.0,8.061206958270517,0.5328958165185095,1.00275814693958
ID4247,4247,15,0.15100190043449402,439.2250244855734,1922.1522049948783,0.0,104.0,104,15.0,1,,9.667556742323097,8.0,0.0,29.0,7241.0,7.2176089657821745,0.44254581055500136,0.821830010400292
ID4248,4248,17,0.21196608245372772,725.3699001143505,1954.1664308000832,0.0,104.0,104,15.0,1,,12.229639519359145,9.0,0.0,40.0,9160.0,9.245500567964559,0.5666149320434518,0.9568392361393707
ID4249,4249,71,0.2673730254173279,2041.0,2047.0,0.0,104.0,104,15.0,1,,11.347129506008011,8.0,0.0,43.0,8499.0,11.408889624813359,0.695805453172985,0.816177144908245
ID4256,4256,2,0.19730794429779053,2828.2495854532585,681.1764675919121,0.0,105.0,105,15.0,1,,12.36448598130841,10.0,0.0,40.0,9261.0,9.360679460168493,0.4499594369040233,0.8198156414294879
ID4257,4257,3,0.17003199458122253,2156.736541739258,800.0355253013134,0.0,105.0,105,15.0,1,,10.12283044058745,8.0,0.0,35.0,7582.0,8.298629130996968,0.4733260407798565,0.7837672914742841
ID4258,4258,5,0.20973968505859375,2404.253586797557,1250.6729810065822,0.0,105.0,105,15.0,1,,12.523364485981308,10.0,0.0,40.0,9380.0,8.427009758979445,0.5843972343991557,1.0962802643176388
ID4259,4259,6,0.12409394234418869,395.1820067408518,1342.6403669648296,0.0,105.0,105,15.0,1,,12.875834445927904,13.0,2.0,24.0,9644.0,3.1088653215487696,0.4387197883881395,2.5258902575535385
ID4260,4260,8,0.1312754899263382,719.3380197555699,1511.770428094285,0.0,105.0,105,15.0,1,,9.299065420560748,8.0,0.0,25.0,6965.0,5.173592105599958,0.49453817643811754,1.1895150013661715
ID4261,4261,9,0.21134118735790253,2420.5444325269928,1545.2846837537786,0.0,105.0,105,15.0,1,,12.753004005340454,10.0,0.0,37.0,9552.0,8.51212612086884,0.5794256776701878,1.099266479556846
ID4262,4262,11,0.17369039356708527,2648.400946868776,1702.1199931478002,0.0,105.0,105,15.0,1,,9.973297730307076,8.0,0.0,35.0,7470.0,8.408954511834022,0.5209386581117491,0.8124593948425785
ID4263,4263,13,0.2175806313753128,463.4976350899944,1758.459793590193,0.0,105.0,105,15.0,1,,12.853137516688918,10.0,0.0,39.0,9627.0,8.958001018928721,0.5862773386410469,1.0606009945009351
ID4264,4264,14,0.20663437247276306,2267.3787805423476,1899.729886267068,0.0,105.0,105,15.0,1,,12.7369826435247,10.0,0.0,35.0,9540.0,7.972981244228605,0.590434718823145,1.186128795972061
ID4265,4265,15,0.1574138104915619,441.51041688912863,1915.2628698933404,0.0,105.0,105,15.0,1,,10.237650200267023,8.0,0.0,35.0,7668.0,7.0079880190634976,0.48318831680598595,0.9518248967962251
ID4266,4266,17,0.19672565162181854,718.7436017864628,1953.2847572395076,0.0,105.0,105,15.0,1,,11.835781041388518,10.0,0.0,36.0,8865.0,8.503286645813496,0.5378080554080845,0.9735657115818421
ID4267,4267,71,0.24878838658332825,2041.0,2047.0,0.0,105.0,105,15.0,1,,10.41789052069426,7.0,0.0,38.0,7803.0,10.805907986643485,0.7028161050658149,0.795833974631471
ID4250,4250,59,0.1324363499879837,2951.636420643594,10.540178804862629,0.0,105.0,105,15.0,1,,10.041388518024032,8.0,0.0,35.0,7521.0,7.2993403991013865,0.5657390237187291,0.9941156489862232
ID4251,4251,24,0.16017690300941467,1114.2752037782493,108.22000888712377,0.0,105.0,105,15.0,1,,9.62483311081442,7.0,0.0,35.0,7209.0,7.828336887742709,0.4567713718219756,0.7710120665826262
ID4252,4252,65,0.15528953075408936,1295.477301674555,328.4186571629618,0.0,105.0,105,15.0,1,,9.428571428571429,7.0,0.0,33.0,7062.0,7.498612043713402,0.4709234299259979,0.8051100332986549
ID4253,4253,70,0.11294969171285629,2491.463150466041,352.7756971873019,0.0,105.0,105,15.0,1,,7.464619492656876,6.0,0.0,26.0,5591.0,6.098600744283536,0.38151344920785535,0.6760241379472434
ID4254,4254,20,0.17967990040779114,306.6472792468234,410.13041616529546,0.0,105.0,105,15.0,1,,11.30841121495327,9.0,0.0,34.0,8470.0,7.849329564454831,0.5064868918096801,0.968728054793548
ID4255,4255,21,0.27806949615478516,383.98157088849035,413.13224863503365,0.0,105.0,105,15.0,1,,24.977303070761014,25.0,11.0,38.0,18708.0,4.895514447002092,0.5280872010964553,3.526425443948296
ID4288,4288,17,0.21813172101974487,707.7942339990544,1952.8569670051234,0.0,106.0,106,15.0,1,,12.411214953271028,9.0,0.0,41.0,9296.0,9.614170815717117,0.5734084493692444,0.9409251329799962
ID4268,4268,59,0.15141892433166504,2950.1362616509036,14.435141680683747,0.0,106.0,106,15.0,1,,9.769025367156209,7.0,0.0,34.0,7317.0,8.684382795000706,0.54501759085079,0.7936323568447061
ID4269,4269,24,0.16056464612483978,1120.2512508248553,100.34096301038213,0.0,106.0,106,15.0,1,,9.744993324432576,7.0,0.0,31.0,7299.0,7.3559512198549655,0.5071880474688489,0.8916086434023761
ID4270,4270,65,0.12428600341081619,1294.9192309010282,328.06930957948714,0.0,106.0,106,15.0,1,,9.129506008010681,9.0,0.0,24.0,6838.0,5.635596129922975,0.4334124618251121,0.9796425288640714
ID4271,4271,70,0.12955091893672943,2489.932991404758,357.5234996020847,0.0,106.0,106,15.0,1,,8.233644859813085,7.0,0.0,29.0,6167.0,6.688456028873738,0.42187726386563257,0.7305000684752273
ID4272,4272,20,0.18399694561958313,304.0840785130508,412.9273239254159,0.0,106.0,106,15.0,1,,11.2630173564753,9.0,0.0,35.0,8436.0,7.912048753788006,0.533870789783286,0.9909304565387539
ID4273,4273,21,0.2822205424308777,383.50458222346316,412.65216756053906,0.0,106.0,106,15.0,1,,26.124165554072096,26.0,12.0,40.0,19567.0,4.959117973406086,0.5027988919810712,3.5250187290631763
ID4274,4274,72,0.10685274749994278,2134.34266092028,430.28313528962894,0.0,106.0,106,15.0,1,,7.635514018691588,6.0,0.0,29.0,5719.0,5.6777894658090196,0.3702060607261847,0.7266857267237947
ID4275,4275,2,0.18576572835445404,2826.3375648216356,681.0305169300077,0.0,106.0,106,15.0,1,,12.31909212283044,10.0,0.0,38.0,9227.0,8.604247255420495,0.45831207313701494,0.8999256764783586
ID4276,4276,,0.10177741199731827,1487.2553932226053,714.1674328154801,0.0,106.0,106,15.0,1,,10.344459279038718,10.0,0.0,22.0,7748.0,4.886564783399855,0.3669253401956531,1.1364937198818252
ID4277,4277,3,0.20730151236057281,2162.5848752597162,798.6945256934333,0.0,106.0,106,15.0,1,,11.21762349799733,7.0,0.0,40.0,8402.0,9.973194512451391,0.5546774074237772,0.8025955645226894
ID4278,4278,5,0.18489587306976318,2404.3734358813977,1251.4079541498359,0.0,106.0,106,15.0,1,,11.339118825100133,9.0,0.0,35.0,8493.0,7.832117461349452,0.5430683222268162,1.0190592252682698
ID4279,4279,6,0.14305005967617035,393.3368908449678,1343.7890306240822,0.0,106.0,106,15.0,1,,13.696929238985314,13.0,5.0,24.0,10259.0,3.2761092209111617,0.47483367133265836,2.6921130881160416
ID4280,4280,8,0.13709776103496552,722.3205449216914,1511.487883892389,0.0,106.0,106,15.0,1,,10.061415220293725,10.0,0.0,25.0,7536.0,5.019637226685005,0.5311999585503197,1.390730118449106
ID4281,4281,9,0.1948363482952118,2415.6117066408647,1540.8988200942358,0.0,106.0,106,15.0,1,,11.751668891855807,10.0,0.0,36.0,8802.0,7.8772170645263095,0.5742992901125128,1.0884480583555078
ID4282,4282,11,0.14336471259593964,2642.35937013502,1707.186671966184,0.0,106.0,106,15.0,1,,8.917222963951936,7.0,0.0,30.0,6679.0,6.759314016052245,0.4872803861799264,0.8644563695346246
ID4283,4283,13,0.21124665439128876,458.849848756425,1751.5734990141013,0.0,106.0,106,15.0,1,,12.38584779706275,10.0,0.0,35.0,9277.0,8.965433470187268,0.5739932576969164,1.0076004802031433
ID4284,4284,,0.10329020023345947,2553.0544000957852,1849.611674676342,0.0,106.0,106,15.0,1,,8.702269692923899,8.0,0.0,19.0,6518.0,4.00277412852138,0.41317571812566684,1.271276661110846
ID4285,4285,,0.10196887701749802,547.8513963636691,1875.9052493592224,0.0,106.0,106,15.0,1,,8.341789052069426,8.0,0.0,21.0,6248.0,4.363574002860059,0.417798311547605,1.1266760924399406
ID4286,4286,14,0.2220434844493866,2268.5110304331656,1898.612634690395,0.0,106.0,106,15.0,1,,12.974632843791722,10.0,0.0,40.0,9718.0,9.270483753078132,0.5767139332016111,1.0238355708738935
ID4287,4287,15,0.14016275107860565,437.5781699993561,1909.1654750926548,0.0,106.0,106,15.0,1,,9.311081441922564,7.0,0.0,30.0,6974.0,6.441688051428324,0.4477933838008937,0.8941317492519401
ID4289,4289,59,0.15800319612026215,2953.8145229701718,15.683572452194467,0.0,107.0,107,15.0,1,,10.138851802403204,8.0,0.0,33.0,7594.0,8.03547943161595,0.5622555585946357,0.9082149700713605
ID4290,4290,24,0.1228327825665474,1119.6513265363217,90.66869368728196,0.0,107.0,107,15.0,1,,8.834445927903872,8.0,0.0,23.0,6617.0,5.502487441287265,0.43301171765217755,0.9702868819633887
ID4291,4291,65,0.15426494181156158,1298.3516600950468,331.08409040557757,0.0,107.0,107,15.0,1,,9.380507343124165,7.0,0.0,32.0,7026.0,7.3933193039726115,0.4675221991072506,0.8084151020335727
ID4292,4292,70,0.1132834181189537,2490.1500515026064,362.84642555339644,0.0,107.0,107,15.0,1,,7.694259012016022,6.0,0.0,24.0,5763.0,5.65507974214707,0.4124167593064091,0.794568799378404
ID4293,4293,20,0.15760204195976257,299.76174323915876,411.0490257204763,0.0,107.0,107,15.0,1,,9.710280373831775,8.0,0.0,31.0,7273.0,7.253998606072402,0.494536390012668,0.885882368292907
ID4294,4294,21,0.281563401222229,384.26749680881676,412.8159129175681,0.0,107.0,107,15.0,1,,24.82109479305741,25.0,12.0,36.0,18591.0,4.9742689117339465,0.538481532547311,3.4930129453117202
ID4295,4295,72,0.10587772727012634,2138.823718793961,427.38611787493824,0.0,107.0,107,15.0,1,,7.8024032042723634,7.0,0.0,26.0,5844.0,5.558001852394416,0.3927048407184831,0.7916748849416156
ID4296,4296,2,0.20403383672237396,2821.7631271687183,677.077698539998,0.0,107.0,107,15.0,1,,12.360480640854473,9.0,0.0,46.0,9258.0,9.668618280179434,0.49235872852466595,0.8435471284483949
ID4297,4297,3,0.20965805649757385,2160.2224891526907,802.4500403742068,0.0,107.0,107,15.0,1,,11.500667556742323,8.0,0.0,44.0,8614.0,10.008235223107267,0.5506928952092118,0.8161673509241869
ID4298,4298,5,0.1854976862668991,2397.8741509508545,1253.6807051621124,0.0,107.0,107,15.0,1,,11.448598130841122,9.0,0.0,32.0,8575.0,7.637795744471995,0.5571549536739179,1.072650973399184
ID4299,4299,6,0.13636469841003418,394.1908316406689,1342.2092688757907,0.0,107.0,107,15.0,1,,13.269692923898532,13.0,4.0,25.0,9939.0,3.3402267905832552,0.4733564868353694,2.5526743063538673
ID4300,4300,8,0.13494357466697693,723.054931834482,1513.8252519876478,0.0,107.0,107,15.0,1,,10.06675567423231,10.0,0.0,26.0,7540.0,4.802887697591903,0.49965910058153384,1.3966846057964875
ID4301,4301,9,0.17480599880218506,2411.023514910019,1539.0403134230216,0.0,107.0,107,15.0,1,,11.460614152202938,10.0,0.0,31.0,8584.0,6.774252145859475,0.5374767488270866,1.1828444981005413
ID4302,4302,11,0.16841775178909302,2648.5065346127344,1716.326063452696,0.0,107.0,107,15.0,1,,10.527369826435248,8.0,0.0,31.0,7885.0,7.3578043362458905,0.5032650540876882,0.9579941434533035
ID4303,4303,13,0.18072406947612762,468.83404964302474,1744.7620518182011,0.0,107.0,107,15.0,1,,11.11214953271028,9.0,0.0,33.0,8323.0,7.874566403414298,0.5305641812406124,0.9783354815813265
ID4304,4304,14,0.22199147939682007,2267.7436743751878,1892.8366787176985,0.0,107.0,107,15.0,1,,13.30173564753004,11.0,0.0,37.0,9963.0,8.726673088108043,0.5948967611304364,1.1370999215515496
ID4305,4305,15,0.15205389261245728,434.2465843712673,1904.8444197470828,0.0,107.0,107,15.0,1,,9.68090787716956,8.0,0.0,32.0,7251.0,7.067355186707756,0.48144536623452966,0.8903290336061879
ID4306,4306,17,0.22632621228694916,708.1785846904877,1952.7875186035928,0.0,107.0,107,15.0,1,,13.14018691588785,10.0,0.0,40.0,9842.0,9.59920620978963,0.5804541174222432,1.0055003389616275
ID4320,4320,9,0.1711398959159851,2412.5025096894765,1530.8130986652163,0.0,108.0,108,15.0,1,,10.646194926568759,9.0,0.0,29.0,7974.0,7.158186074819443,0.5399023415332187,1.0429018968814625
ID4321,4321,11,0.16600672900676727,2643.7091355332705,1718.5115310421186,0.0,108.0,108,15.0,1,,9.489986648865154,7.0,0.0,36.0,7108.0,8.294638989274228,0.498994302276415,0.7617171133327172
ID4322,4322,13,0.19456152617931366,473.204964498381,1739.358920849765,0.0,108.0,108,15.0,1,,11.902536715620828,9.0,0.0,34.0,8915.0,8.519863953829615,0.5302206882825455,0.9681429012516455
ID4323,4323,14,0.19930587708950043,2261.5556488172233,1892.6602011889056,0.0,108.0,108,15.0,1,,12.198931909212282,10.0,0.0,35.0,9137.0,8.024141310909416,0.5640271423063258,1.0965007996301803
ID4324,4324,15,0.1243639811873436,434.72008391536104,1896.9831858919351,0.0,108.0,108,15.0,1,,8.615487316421897,7.0,0.0,28.0,6453.0,5.69961772185705,0.43022226292279814,0.9093968827545112
ID4325,4325,17,0.2293168604373932,703.6733428268096,1953.0115437324837,0.0,108.0,108,15.0,1,,13.181575433911883,10.0,0.0,40.0,9873.0,10.021321236886465,0.5658261961469702,0.9506306811966548
ID4326,4326,73,0.24049554765224457,2042.0,2047.0,0.0,108.0,108,15.0,1,,10.336448598130842,8.0,0.0,39.0,7742.0,10.293890960856269,0.6928481132869654,0.8219432365128232
ID4307,4307,59,0.18701505661010742,2949.623568922712,16.743653103023494,0.0,108.0,108,15.0,1,,11.197596795727637,8.0,0.0,38.0,8387.0,9.275690993923257,0.5886848074104759,0.894650963693518
ID4308,4308,24,0.18676500022411346,1123.6862099249138,83.79914417925859,0.0,108.0,108,15.0,1,,11.353805073431241,9.0,0.0,34.0,8504.0,8.271402448797554,0.5163048482074198,0.9347854779738216
ID4309,4309,,0.10074997693300247,2858.534170830469,221.31443975061865,0.0,108.0,108,15.0,1,,9.833110814419225,10.0,0.0,21.0,7365.0,4.859818174538564,0.33125832421583373,1.0069441250934066
ID4310,4310,65,0.14944392442703247,1298.6394588402482,332.7538113819098,0.0,108.0,108,15.0,1,,9.759679572763686,8.0,0.0,32.0,7310.0,7.199296452842162,0.42854852337054133,0.8133556802430448
ID4311,4311,70,0.1428549885749817,2501.251891555242,366.30069612633656,0.0,108.0,108,15.0,1,,9.130841121495328,7.0,0.0,29.0,6839.0,6.783037349295896,0.4605176432216462,0.8488990333166554
ID4312,4312,20,0.1633792668581009,302.5869739821197,409.8079307054748,0.0,108.0,108,15.0,1,,10.42456608811749,8.0,0.0,36.0,7808.0,7.2186060084931745,0.497437981562115,0.9594552904442085
ID4313,4313,21,0.2932277023792267,383.7111401306581,413.09019997479385,0.0,108.0,108,15.0,1,,25.802403204272363,26.0,10.0,39.0,19326.0,5.246179622735046,0.5377027630960451,3.439670727017916
ID4314,4314,72,0.10918232053518295,2134.3590257371234,425.6880918445805,0.0,108.0,108,15.0,1,,7.738317757009346,7.0,0.0,27.0,5796.0,5.4748709212891775,0.40770567390547524,0.8187240814519102
ID4315,4315,2,0.2166704684495926,2812.9165601466766,680.3264465470362,0.0,108.0,108,15.0,1,,14.552736982643525,12.0,0.0,41.0,10900.0,8.765602353016625,0.4910236552022099,1.093479868684396
ID4316,4316,3,0.2105311006307602,2157.147478900058,807.0654690454097,0.0,108.0,108,15.0,1,,11.995994659546062,9.0,0.0,39.0,8985.0,9.451606828277145,0.5552960991235124,0.9063003587832786
ID4317,4317,5,0.19684992730617523,2398.4741735774332,1261.791312893458,0.0,108.0,108,15.0,1,,11.686248331108144,10.0,0.0,31.0,8753.0,8.24420622663171,0.5827349837395815,1.0438044614168864
ID4318,4318,6,0.13827750086784363,394.66210060555255,1343.4227666643426,0.0,108.0,108,15.0,1,,13.687583444592791,14.0,4.0,23.0,10252.0,3.325258730240546,0.4706444740261986,2.634611611752949
ID4319,4319,8,0.11745945364236832,718.9254012183634,1520.0301076096243,0.0,108.0,108,15.0,1,,8.504672897196262,8.0,0.0,22.0,6370.0,4.794051802003585,0.48198595000333117,1.1539186168486988
ID4327,4327,59,0.18732687830924988,2954.8951155250393,20.06011672191001,0.0,109.0,109,15.0,1,,11.082777036048064,8.0,0.0,39.0,8301.0,9.146963189674967,0.5102841183645543,0.8187570581748261
ID4328,4328,24,0.17772547900676727,1123.9901121440005,84.46840718074085,0.0,109.0,109,15.0,1,,10.83845126835781,9.0,0.0,32.0,8118.0,7.905140529812528,0.5123295939596237,0.9289463281093576
ID4329,4329,65,0.1447652131319046,1302.3923849241478,331.64939324594053,0.0,109.0,109,15.0,1,,8.92256341789052,7.0,0.0,28.0,6683.0,6.940109405030567,0.46131935591663087,0.8117267581857089
ID4330,4330,70,0.14917980134487152,2504.318289423898,368.2904050155243,0.0,109.0,109,15.0,1,,8.819759679572764,7.0,0.0,35.0,6606.0,7.54670551388431,0.4669886669038768,0.7440616590506315
ID4331,4331,20,0.17754055559635162,306.4664260960897,402.098951152008,0.0,109.0,109,15.0,1,,10.722296395193592,9.0,0.0,33.0,8031.0,8.012209737640896,0.5021500277887807,0.8947169715090307
ID4332,4332,21,0.2855934202671051,384.0615026690255,413.1627118848709,0.0,109.0,109,15.0,1,,24.9305740987984,25.0,12.0,39.0,18673.0,5.168858552344071,0.5369995625152533,3.37029421919433
ID4333,4333,72,0.10656124353408813,2135.6131830806944,425.71664086048605,0.0,109.0,109,15.0,1,,7.463284379172229,6.0,0.0,28.0,5590.0,5.890516297113557,0.3804497978687215,0.6983664448297291
ID4334,4334,2,0.21370099484920502,2812.5213302081015,684.0122042662414,0.0,109.0,109,15.0,1,,13.037383177570094,10.0,0.0,40.0,9765.0,9.368492627186749,0.529465001215997,0.9634926818927915
ID4335,4335,,0.10117726773023605,1472.3120305962898,698.3496113278973,0.0,109.0,109,15.0,1,,9.214953271028037,9.0,0.0,23.0,6902.0,5.139288809722476,0.36947124596504094,0.9674930097126154
ID4336,4336,3,0.21031679213047028,2150.437097047262,801.571049989999,0.0,109.0,109,15.0,1,,12.136181575433913,10.0,0.0,38.0,9090.0,9.130376921373207,0.5769373814788398,0.9726074357058668
ID4337,4337,5,0.18331585824489594,2407.62979225327,1274.9757759317904,0.0,109.0,109,15.0,1,,11.164218958611482,10.0,0.0,33.0,8362.0,7.668325109440694,0.5649968951276239,1.0512122302307567
ID4338,4338,6,0.13789398968219757,394.3346319142791,1343.1458035155954,0.0,109.0,109,15.0,1,,13.548731642189587,14.0,4.0,23.0,10148.0,3.3637480875660555,0.4589489589396469,2.5341333434431093
ID4339,4339,8,0.11708830296993256,715.0472864005293,1523.7417021015845,0.0,109.0,109,15.0,1,,8.870493991989319,9.0,0.0,22.0,6644.0,4.536606590236383,0.46355356810020343,1.2386197136245163
ID4340,4340,9,0.2168097048997879,2402.9039161925557,1528.1340131319644,0.0,109.0,109,15.0,1,,13.49799732977303,11.0,0.0,37.0,10110.0,8.366060716955085,0.5660335890336249,1.166324643633455
ID4341,4341,11,0.20455412566661835,2633.886185054028,1718.387695059091,0.0,109.0,109,15.0,1,,11.43124165554072,8.0,0.0,39.0,8562.0,9.35598045357482,0.5550915349164753,0.8722535441988901
ID4342,4342,13,0.21371208131313324,483.7113290027345,1736.1981011027167,0.0,109.0,109,15.0,1,,13.595460614152202,11.0,0.0,36.0,10183.0,8.390887004007459,0.5474159563999843,1.1463742716585885
ID4343,4343,74,0.10812021791934967,2542.9239635295867,1856.745444776938,0.0,109.0,109,15.0,1,,9.054739652870493,9.0,0.0,21.0,6782.0,4.102098666320083,0.42786339465038326,1.3228735523216313
ID4344,4344,14,0.21452796459197998,2258.6536938372565,1888.9255711584317,0.0,109.0,109,15.0,1,,12.846461949265688,11.0,0.0,38.0,9622.0,8.795762160505395,0.575847995181129,1.067415706019835
ID4345,4345,15,0.13456813991069794,439.05659255729535,1893.5818771174743,0.0,109.0,109,15.0,1,,9.460614152202938,8.0,0.0,28.0,7086.0,5.977015704731941,0.44958188017070616,0.9818179698414221
ID4346,4346,17,0.19901686906814575,702.3360103599637,1949.5275292737201,0.0,109.0,109,15.0,1,,12.176234979973298,10.0,0.0,38.0,9120.0,8.454086201725652,0.54642435035668,1.0178357705713046
ID4347,4347,73,0.2497566193342209,2040.0,2047.0,0.0,109.0,109,15.0,1,,10.738317757009346,8.0,0.0,41.0,8043.0,10.816697720316148,0.6555626689545978,0.7862128597663981
ID4384,4384,14,0.2062017172574997,2259.342470683058,1887.6173770434423,0.0,110.0,110,15.0,1,,12.416555407209612,10.0,0.0,34.0,9300.0,8.229498486430918,0.5947739429371021,1.1254094550816658
ID4385,4385,15,0.1248946562409401,436.685777514655,1902.3425701832664,0.0,110.0,110,15.0,1,,9.210947930574099,8.0,0.0,25.0,6899.0,5.538473870734035,0.44294682944667557,1.0210464058604511
ID4386,4386,17,0.21461725234985352,701.8772604790512,1945.8226171518838,0.0,110.0,110,15.0,1,,12.190921228304406,9.0,0.0,40.0,9131.0,9.789748148068476,0.5500205749139445,0.8837643408549288
ID4368,4368,59,0.2139003574848175,2960.27391193046,19.142697718811668,0.0,110.0,110,15.0,1,,12.142857142857142,9.0,0.0,45.0,9095.0,10.2804077645019,0.5716464887988671,0.8592374826622137
ID4369,4369,24,0.1726461499929428,1127.5568323702919,82.28751495467377,0.0,110.0,110,15.0,1,,10.421895861148197,8.0,0.0,32.0,7806.0,8.12211947358269,0.510510694085346,0.867338033722381
ID4370,4370,65,0.15068675577640533,1296.8838591864012,325.4020596344076,0.0,110.0,110,15.0,1,,9.20694259012016,7.0,0.0,31.0,6896.0,7.114694808443154,0.4843229202668067,0.8444924748358308
ID4371,4371,70,0.14602822065353394,2510.179808086174,372.1949817683362,0.0,110.0,110,15.0,1,,8.534045393858477,6.0,0.0,30.0,6392.0,7.469759161339668,0.46622204416005464,0.7265598655615754
ID4372,4372,20,0.15585877001285553,313.9473176194467,404.16090946921923,0.0,110.0,110,15.0,1,,10.002670226969292,8.0,0.0,33.0,7492.0,6.778188779293147,0.5042187969215643,0.9893280142384024
ID4373,4373,21,0.28604960441589355,383.97014713949204,413.18910463123814,0.0,110.0,110,15.0,1,,25.39919893190921,26.0,11.0,41.0,19024.0,5.149066620074637,0.537815249866502,3.450249118745201
ID4374,4374,72,0.13331128656864166,2137.24113329885,431.93127007822994,0.0,110.0,110,15.0,1,,9.006675567423231,7.0,0.0,27.0,6746.0,6.582565554627345,0.4040180333615581,0.7874579761074425
ID4375,4375,2,0.20810772478580475,2809.1875971247755,691.2522877590691,0.0,110.0,110,15.0,1,,13.267022696929239,11.0,0.0,38.0,9937.0,8.27167348041475,0.539201247954581,1.1237392937619903
ID4376,4376,3,0.23985210061073303,2152.036232449728,794.8615385020087,0.0,110.0,110,15.0,1,,13.492656875834445,10.0,0.0,43.0,10106.0,10.417180996324452,0.5841588109018899,0.9552333493607597
ID4377,4377,5,0.21875956654548645,2405.9458295668283,1286.2829314996407,0.0,110.0,110,15.0,1,,12.566088117489986,10.0,0.0,37.0,9412.0,9.28211858640673,0.578771762779829,0.9925924517119714
ID4378,4378,6,0.11982157826423645,395.2867350127296,1343.168233376018,0.0,110.0,110,15.0,1,,11.655540720961282,12.0,1.0,21.0,8730.0,3.306356199533338,0.4673142682560814,2.2454256700005586
ID4379,4379,8,0.1356782615184784,706.7469713495155,1521.0698757926002,0.0,110.0,110,15.0,1,,10.124165554072096,10.0,0.0,24.0,7583.0,4.99404091463487,0.4929813071716907,1.3387923427493809
ID4380,4380,9,0.2078612595796585,2402.923932530251,1529.6176651012597,0.0,110.0,110,15.0,1,,12.137516688918558,10.0,0.0,35.0,9091.0,8.609070252725633,0.5849301906647991,1.0406327352765894
ID4381,4381,11,0.21145829558372498,2627.8165096056173,1714.1118643768539,0.0,110.0,110,15.0,1,,12.620827770360481,11.0,0.0,37.0,9453.0,8.905949093746512,0.5691416478439488,1.0280064627064354
ID4382,4382,13,0.18481828272342682,481.92268515308797,1743.2389646740132,0.0,110.0,110,15.0,1,,12.117489986648865,11.0,0.0,32.0,9076.0,7.362070455513531,0.5202369283070465,1.1265036279769562
ID4383,4383,74,0.1157386526465416,2548.172203399551,1860.256035759197,0.0,110.0,110,15.0,1,,9.104138851802404,9.0,0.0,21.0,6819.0,4.425841285258502,0.46149282346992754,1.2990961552117948
ID4352,4352,20,0.1660340130329132,315.56477721109286,407.9389366454439,0.0,111.0,111,15.0,1,,10.061415220293725,8.0,0.0,33.0,7536.0,7.741752114473856,0.49333977055681827,0.8586917739498245
ID4353,4353,21,0.2916882336139679,383.7030707748575,412.67028710553194,0.0,111.0,111,15.0,1,,26.436582109479307,27.0,12.0,38.0,19801.0,4.757802155463713,0.5343449342819468,3.87014837726115
ID4354,4354,2,0.1755804717540741,2813.163011091222,688.4861490625386,0.0,111.0,111,15.0,1,,11.874499332443257,10.0,0.0,31.0,8894.0,6.643138365958077,0.540964826943085,1.2550132401115706
ID4355,4355,,0.10568468272686005,1468.8923627499512,708.7256582914347,0.0,111.0,111,15.0,1,,9.942590120160213,10.0,0.0,25.0,7447.0,5.6628222040246055,0.38552065208791975,0.9770825334552068
ID4356,4356,3,0.22606536746025085,2160.6024113757585,800.9078542961787,0.0,111.0,111,15.0,1,,12.702269692923899,9.0,0.0,41.0,9514.0,10.17839578867473,0.5591262046173251,0.895077348165485
ID4357,4357,5,0.2179730385541916,2410.619363438324,1288.691215381746,0.0,111.0,111,15.0,1,,12.690253671562083,10.0,0.0,37.0,9505.0,9.085168825213074,0.5840065860010815,1.0299782622493368
ID4358,4358,6,0.1390509158372879,395.7177030679251,1344.8019319688228,0.0,111.0,111,15.0,1,,13.349799732977303,13.0,4.0,24.0,9999.0,3.447535054860493,0.46541673658624866,2.45967034360451
ID4359,4359,9,0.19489353895187378,2402.695780417381,1524.1893204490345,0.0,111.0,111,15.0,1,,11.654205607476635,10.0,0.0,37.0,8729.0,8.034803909664497,0.5842222230563409,1.0697920373017777
ID4360,4360,8,0.12328152358531952,704.122962469069,1529.2078745030115,0.0,111.0,111,15.0,1,,9.39652870493992,9.0,0.0,24.0,7038.0,4.741334760769398,0.47237149603807344,1.2716368452939184
ID4361,4361,11,0.18882577121257782,2625.5348937207227,1716.9345092264418,0.0,111.0,111,15.0,1,,10.841121495327103,8.0,0.0,37.0,8120.0,8.819043372911485,0.5271400980493358,0.8486525121871672
ID4362,4362,13,0.2304072082042694,473.1488023953034,1738.3398915368432,0.0,111.0,111,15.0,1,,13.700934579439252,11.0,0.0,41.0,10262.0,9.502533390450326,0.5721892340232826,1.0494835799556
ID4363,4363,74,0.12126106768846512,2554.5689242296526,1862.9812704411747,0.0,111.0,111,15.0,1,,9.622162883845126,9.0,0.0,23.0,7207.0,4.133803536613192,0.4893019764666167,1.5294915138806442
ID4364,4364,14,0.20647354423999786,2268.837213690606,1893.01128654777,0.0,111.0,111,15.0,1,,12.012016021361816,9.0,0.0,39.0,8997.0,8.686987922491815,0.5894914039467464,1.0256424175542516
ID4365,4365,15,0.1347401887178421,433.1431013398678,1900.292605898116,0.0,111.0,111,15.0,1,,9.931909212283044,9.0,0.0,27.0,7439.0,5.374420422654632,0.4690592775714428,1.1801019010352847
ID4366,4366,17,0.2117723673582077,701.3777693751643,1945.1866485890046,0.0,111.0,111,15.0,1,,11.567423230974633,8.0,0.0,42.0,8664.0,9.720412746707721,0.5785174939146605,0.8722661360455102
ID4367,4367,75,0.24018694460391998,2064.0,2047.0,0.0,111.0,111,15.0,1,,10.432576769025367,8.0,0.0,38.0,7814.0,10.290424727806794,0.6546114565490521,0.8021874426613154
ID4348,4348,59,0.15974386036396027,2969.61796564731,18.30315279338488,0.0,111.0,111,15.0,1,,10.388518024032043,8.0,0.0,33.0,7781.0,7.4492885615700395,0.5214817235009919,0.9559631417014696
ID4349,4349,24,0.18083880841732025,1134.4280595977289,82.61360137299819,0.0,111.0,111,15.0,1,,10.376502002670227,8.0,0.0,34.0,7772.0,8.437551856465479,0.5222267007968179,0.843809192757306
ID4350,4350,65,0.17078576982021332,1293.9959568966274,326.6370223363083,0.0,111.0,111,15.0,1,,10.209612817089452,8.0,0.0,32.0,7647.0,8.175554633568696,0.48223435944249293,0.8125747399997477
ID4351,4351,70,0.13138732314109802,2502.2057804321216,369.9559787562392,0.0,111.0,111,15.0,1,,8.722296395193592,7.0,0.0,26.0,6533.0,6.389772665715003,0.43046813728417477,0.8215580423750338
ID4387,4387,59,0.1877523511648178,2978.727691164714,16.390678297426298,0.0,112.0,112,15.0,1,,10.966622162883844,7.0,0.0,41.0,8214.0,9.993993219597375,0.5790895505556956,0.8048274766616331
ID4388,4388,24,0.1592290997505188,1139.7731112115125,85.31725789512585,0.0,112.0,112,15.0,1,,9.837116154873165,8.0,0.0,30.0,7368.0,7.175057823733763,0.5046348026162356,0.9196413399499377
ID4389,4389,,0.10225339978933334,2267.215357157821,194.49641397278117,0.0,112.0,112,15.0,1,,9.853137516688918,9.0,0.0,23.0,7380.0,4.81278449076969,0.3462701079196851,1.0531516779661294
ID4390,4390,65,0.16263148188591003,1301.14707774119,326.06649835650313,0.0,112.0,112,15.0,1,,9.875834445927904,8.0,0.0,33.0,7397.0,7.485230788102981,0.509078638006778,0.8901672322236166
ID4391,4391,70,0.12985488772392273,2493.841814101972,363.809773340216,0.0,112.0,112,15.0,1,,8.59279038718291,7.0,0.0,27.0,6436.0,6.2681608945624125,0.4538771709340184,0.855923005918657
ID4392,4392,20,0.16100963950157166,315.59228259034103,412.40904564635395,0.0,112.0,112,15.0,1,,9.753004005340454,7.0,0.0,34.0,7305.0,7.594265510086173,0.48856359679794414,0.8430169982769956
ID4393,4393,21,0.28168854117393494,383.6392265466423,413.162880305073,0.0,112.0,112,15.0,1,,25.134846461949266,25.0,11.0,39.0,18826.0,5.278270016596907,0.5271384619378147,3.287463342091305
ID4394,4394,2,0.22171235084533691,2815.5208254184217,683.2145447683042,0.0,112.0,112,15.0,1,,13.751668891855807,11.0,0.0,44.0,10300.0,9.802311362120333,0.5107697515227122,0.9486014808310107
ID4395,4395,3,0.21797990798950195,2168.3736313386216,802.2070688835933,0.0,112.0,112,15.0,1,,12.025367156208278,8.0,0.0,45.0,9007.0,10.663203135158165,0.5161004861676125,0.7677979340965655
ID4396,4396,5,0.22945444285869598,2408.8367387054564,1289.8490614663624,0.0,112.0,112,15.0,1,,12.684913217623498,10.0,0.0,42.0,9501.0,10.250579709663738,0.5714705122792983,0.9000293222279849
ID4397,4397,,0.1144360825419426,1213.2089760803917,1295.353253463404,0.0,112.0,112,15.0,1,,10.703604806408546,11.0,0.0,22.0,8017.0,5.26442508541786,0.4199644143427726,1.2026635342714302
ID4398,4398,6,0.14350907504558563,394.82230768135815,1342.6859239559697,0.0,112.0,112,15.0,1,,13.506008010680908,13.0,2.0,25.0,10116.0,3.6397286002335894,0.4775264471039828,2.3985576614727644
ID4399,4399,9,0.1911594271659851,2412.1210947063983,1526.8744706242596,0.0,112.0,112,15.0,1,,12.251001335113484,11.0,0.0,34.0,9176.0,7.286975758654435,0.5585072309054936,1.2049644572003209
ID4400,4400,8,0.1216166689991951,696.9565112331122,1539.9738153491626,0.0,112.0,112,15.0,1,,9.244325767690254,9.0,0.0,24.0,6924.0,4.753030047422534,0.4668497051047388,1.2380156887249636
ID4401,4401,11,0.1840963512659073,2637.273257089758,1714.8792674634306,0.0,112.0,112,15.0,1,,11.093457943925234,9.0,0.0,35.0,8309.0,8.123006373588204,0.5295276322690854,0.9456086654847065
ID4402,4402,13,0.22499491274356842,476.9227461722351,1736.9893984659168,0.0,112.0,112,15.0,1,,13.818424566088117,11.0,0.0,40.0,10350.0,9.273424289303769,0.5468831442556846,1.0536234500378294
ID4403,4403,74,0.12964282929897308,2552.741277139356,1865.4250068050703,0.0,112.0,112,15.0,1,,9.855807743658211,10.0,0.0,24.0,7382.0,4.664180728352122,0.48330430960072923,1.3770105190039534
ID4404,4404,14,0.19112426042556763,2282.506304004679,1895.1270872651237,0.0,112.0,112,15.0,1,,11.23898531375167,9.0,0.0,35.0,8418.0,8.147390713573492,0.5763069479782787,1.0086758462622059
ID4405,4405,15,0.12218037247657776,434.64382314683485,1895.619953954614,0.0,112.0,112,15.0,1,,9.233644859813085,9.0,0.0,24.0,6916.0,4.910170628499541,0.4671918659142156,1.197608695612321
ID4406,4406,17,0.21419231593608856,691.2835455685586,1947.2828154930023,0.0,112.0,112,15.0,1,,12.453938584779706,10.0,0.0,40.0,9328.0,9.238206883301702,0.5752848178064541,0.9846295311370512
ID4407,4407,75,0.166068434715271,2061.0,2047.0,0.0,112.0,112,15.0,1,,7.417890520694259,5.0,0.0,31.0,5556.0,7.897589853282578,0.6022652353785858,0.7061048988271755
ID4416,4416,5,0.2043890804052353,2410.3807961579573,1297.3670309768927,0.0,113.0,113,15.0,1,,11.897196261682243,9.0,0.0,38.0,8911.0,9.126933471239676,0.5491676528970557,0.9241793600215464
ID4417,4417,6,0.14011035859584808,394.7732148845464,1344.0510447847112,0.0,113.0,113,15.0,1,,13.41789052069426,14.0,3.0,23.0,10050.0,3.5870012401850597,0.47776495102455696,2.4187536490588064
ID4418,4418,9,0.1922125667333603,2415.7533745705055,1523.472024103889,0.0,113.0,113,15.0,1,,11.724966622162883,10.0,0.0,35.0,8782.0,7.886167332280919,0.5626220773223101,1.0706276045885887
ID4419,4419,8,0.12135785073041916,693.8217600236882,1539.6804898790251,0.0,113.0,113,15.0,1,,8.802403204272363,8.0,0.0,23.0,6593.0,4.961988625065944,0.4760528373306244,1.1442706097802573
ID4420,4420,11,0.17809803783893585,2638.449870806456,1710.303962336242,0.0,113.0,113,15.0,1,,10.672897196261681,9.0,0.0,32.0,7994.0,7.81186364793036,0.5407385966240996,0.9589944087007738
ID4421,4421,13,0.21507233381271362,487.15378901128025,1737.0861752690264,0.0,113.0,113,15.0,1,,13.72630173564753,12.0,0.0,37.0,10281.0,8.520099847508101,0.5442581932079459,1.1355961570765194
ID4422,4422,74,0.11614559590816498,2549.607528349362,1868.7022368565204,0.0,113.0,113,15.0,1,,8.639519359145527,8.0,0.0,23.0,6471.0,4.456964481460046,0.49608292613567395,1.2855205337576772
ID4423,4423,15,0.12454318255186081,427.304590771406,1892.7375791200564,0.0,113.0,113,15.0,1,,8.740987983978638,8.0,0.0,28.0,6547.0,5.742206025442269,0.441586900589665,0.9325821590765885
ID4424,4424,14,0.18790532648563385,2295.0415717456685,1897.088973461845,0.0,113.0,113,15.0,1,,11.690253671562083,10.0,0.0,32.0,8756.0,7.637346570380287,0.5643150496012979,1.1043553546939562
ID4425,4425,17,0.17197832465171814,700.2022045476125,1947.4163952790639,0.0,113.0,113,15.0,1,,10.39652870493992,8.0,0.0,33.0,7787.0,7.66347952403375,0.5282697884951119,0.9378817772407683
ID4426,4426,75,0.11548987776041031,2060.0,2047.0,0.0,113.0,113,15.0,1,,5.735647530040054,4.0,0.0,25.0,4296.0,6.319232401405929,0.497698116340997,0.6032395905483042
ID4408,4408,59,0.14805848896503448,2972.5620051474552,15.160178263876894,0.0,113.0,113,15.0,1,,9.907877169559413,7.0,0.0,33.0,7421.0,7.947575852511029,0.5430465344375348,0.8774733818067484
ID4409,4409,24,0.1688026487827301,1143.1986099187363,84.15884612475155,0.0,113.0,113,15.0,1,,10.496662216288385,8.0,0.0,32.0,7862.0,7.518359138696658,0.5052579683229547,0.9372606557220086
ID4410,4410,65,0.17908252775669098,1305.566902248672,329.090896408121,0.0,113.0,113,15.0,1,,10.554072096128172,8.0,0.0,35.0,7905.0,8.002594839879494,0.5353428806629122,0.9196993393143083
ID4411,4411,70,0.1787804365158081,2488.0767783079314,369.3486399058876,0.0,113.0,113,15.0,1,,10.009345794392523,7.0,0.0,38.0,7497.0,8.684374573751318,0.5185776337528724,0.7871797696143986
ID4412,4412,20,0.14809805154800415,318.36038146178106,411.5339563112954,0.0,113.0,113,15.0,1,,9.2630173564753,8.0,0.0,34.0,6938.0,7.1749700087668264,0.4558958076274762,0.8085328813317478
ID4413,4413,21,0.2883042097091675,383.6813712407631,413.0426249423664,0.0,113.0,113,15.0,1,,25.54072096128171,26.0,8.0,39.0,19130.0,5.274295453200193,0.5346772011660935,3.37421940240239
ID4414,4414,2,0.19500456750392914,2820.368489821987,681.6004799872879,0.0,113.0,113,15.0,1,,12.890520694259012,11.0,0.0,39.0,9655.0,8.358368848569018,0.4914426887114548,1.0163545426999012
ID4415,4415,3,0.2443663775920868,2171.9637518900886,798.5295440390947,0.0,113.0,113,15.0,1,,13.337783711615486,9.0,0.0,47.0,9990.0,11.47687402246311,0.5565354232561037,0.8310436877626836
ID4448,4448,24,0.15619131922721863,1138.9995335737215,79.37839031208512,0.0,114.0,114,15.0,1,,9.572763684913218,7.0,0.0,30.0,7170.0,7.33401754437083,0.48404063603193087,0.8514544489362971
ID4449,4449,65,0.16439570486545563,1309.7293454815867,332.4192660727492,0.0,114.0,114,15.0,1,,9.499332443257677,7.0,0.0,34.0,7115.0,8.151576212054817,0.49336391359993437,0.7699866881264454
ID4450,4450,70,0.15530754625797272,2486.3850274173774,367.0089405868244,0.0,114.0,114,15.0,1,,9.380507343124165,7.0,0.0,32.0,7026.0,7.939490026525396,0.4554132111995973,0.7394060983150209
ID4451,4451,20,0.12418121844530106,319.95971387448435,409.4979932128773,0.0,114.0,114,15.0,1,,8.599465954606142,7.0,0.0,28.0,6441.0,5.8116423565279405,0.44447042710257195,0.9106192196064762
ID4452,4452,21,0.2867507040500641,384.66579610400515,412.7497305698824,0.0,114.0,114,15.0,1,,24.959946595460615,25.0,10.0,39.0,18695.0,5.3636225683736996,0.5424278284297024,3.273049308955779
ID4453,4453,76,0.10192085802555084,2155.233475816417,414.1782527453436,0.0,114.0,114,15.0,1,,7.638184245660881,7.0,0.0,26.0,5721.0,5.2375326796389725,0.3889900505484581,0.8168319908136172
ID4454,4454,2,0.17276592552661896,2823.56954041728,681.9972215087665,0.0,114.0,114,15.0,1,,11.682242990654206,10.0,0.0,33.0,8750.0,7.5707336366095745,0.4861643503219032,1.0095655782424482
ID4455,4455,,0.10276663303375244,1460.2880107049323,696.1079246617617,0.0,114.0,114,15.0,1,,9.917222963951936,10.0,0.0,24.0,7428.0,4.990749172669248,0.39514447615938786,1.1256180815839172
ID4456,4456,3,0.2373986542224884,2170.950329484945,802.7012149832959,0.0,114.0,114,15.0,1,,12.25233644859813,8.0,0.0,46.0,9177.0,11.29202243193081,0.596956469619927,0.811197797076917
ID4457,4457,5,0.19997350871562958,2406.9162074651667,1301.7000909383844,0.0,114.0,114,15.0,1,,11.332443257676903,8.0,0.0,42.0,8488.0,9.194730939179342,0.5392885142992284,0.8636060291903926
ID4458,4458,6,0.13006974756717682,394.61983820282137,1342.8423219026865,0.0,114.0,114,15.0,1,,12.846461949265688,13.0,2.0,23.0,9622.0,3.3557642809518486,0.4547824657492071,2.393468617659287
ID4459,4459,9,0.16509397327899933,2406.3209055739594,1520.2932589205411,0.0,114.0,114,15.0,1,,10.947930574098798,10.0,0.0,33.0,8200.0,6.233745632883512,0.562851064841729,1.2649951267226223
ID4460,4460,8,0.11242081969976425,696.5156425306214,1541.4978944237398,0.0,114.0,114,15.0,1,,9.08411214953271,9.0,0.0,25.0,6804.0,4.3434905709978056,0.45340262324764535,1.3048833468210004
ID4461,4461,11,0.21235834062099457,2632.8877962346314,1707.284379779614,0.0,114.0,114,15.0,1,,12.516688918558078,10.0,0.0,36.0,9375.0,8.926994555998771,0.5670472863071752,1.0147320067859922
ID4462,4462,13,0.23401278257369995,491.0977344574908,1736.534432258333,0.0,114.0,114,15.0,1,,14.45260347129506,11.0,0.0,41.0,10825.0,9.6787688304783,0.5261560656228523,1.0296072691230782
ID4463,4463,74,0.118551105260849,2551.5157181637132,1872.6210493797025,0.0,114.0,114,15.0,1,,9.06675567423231,9.0,0.0,24.0,6791.0,4.483281811037199,0.4755854373518909,1.3036171254216722
ID4464,4464,15,0.13098998367786407,428.3202960041402,1892.6852720680756,0.0,114.0,114,15.0,1,,9.136181575433913,8.0,0.0,29.0,6843.0,5.980372249706634,0.4290711455227972,0.9173645630007456
ID4465,4465,14,0.20705656707286835,2297.669634406981,1900.0052024280499,0.0,114.0,114,15.0,1,,12.461949265687583,10.0,0.0,36.0,9334.0,8.54683272746224,0.5659163006344557,1.0538879253129647
ID4466,4466,17,0.22263529896736145,703.807117763632,1942.338786482296,0.0,114.0,114,15.0,1,,12.42456608811749,10.0,0.0,39.0,9306.0,9.610947132900863,0.599041131422433,0.9685946050827131
ID4447,4447,59,0.1668970137834549,2967.892427413276,18.161895437901347,0.0,114.0,114,15.0,1,,10.17222963951936,8.0,0.0,34.0,7619.0,7.994214349777582,0.5549056038958262,0.9082082541235812
ID4427,4427,59,0.1859564632177353,2971.3705939935785,16.744385437690724,0.0,115.0,115,15.0,1,,10.923898531375167,7.0,0.0,40.0,8182.0,9.77218183019075,0.5551252657963198,0.7980713690038794
ID4428,4428,24,0.1615910679101944,1137.2498079990023,79.18786520021287,0.0,115.0,115,15.0,1,,9.781041388518023,8.0,0.0,31.0,7326.0,7.626832276365745,0.4860035772623529,0.8388619729008704
ID4429,4429,65,0.17530442774295807,1309.6869847817234,339.22292831805134,0.0,115.0,115,15.0,1,,10.506008010680908,8.0,0.0,36.0,7869.0,7.641466437150414,0.541897921740384,0.966390997729892
ID4430,4430,70,0.15493790805339813,2486.526125659004,364.8996042549799,0.0,115.0,115,15.0,1,,9.037383177570094,6.0,0.0,35.0,6769.0,7.988708046029086,0.4689914304229824,0.7223402035101611
ID4431,4431,20,0.16052401065826416,315.2860802248346,410.30858859214146,0.0,115.0,115,15.0,1,,10.11214953271028,8.0,0.0,32.0,7574.0,7.430478086767433,0.4812523937963378,0.8843019008491833
ID4432,4432,21,0.2840481102466583,383.3709042977514,413.01649373320276,0.0,115.0,115,15.0,1,,25.871829105473964,26.0,13.0,40.0,19378.0,5.182459050521126,0.5129920879303944,3.3852851825201653
ID4433,4433,76,0.11133214831352234,2154.6767345990934,417.2216562913141,0.0,115.0,115,15.0,1,,8.136181575433913,7.0,0.0,27.0,6094.0,5.485044016234899,0.3868885611124281,0.8275892372385533
ID4434,4434,2,0.2063898742198944,2819.882809902792,687.7278239314569,0.0,115.0,115,15.0,1,,12.83177570093458,10.0,0.0,37.0,9611.0,8.592435715314677,0.5390055311673332,1.046052555421306
ID4435,4435,3,0.23107318580150604,2173.4475517179226,799.8948497892218,0.0,115.0,115,15.0,1,,12.013351134846461,8.0,0.0,48.0,8998.0,11.131678220805986,0.5860935659474631,0.7975752585312897
ID4436,4436,5,0.18151435256004333,2415.049951465724,1298.871202226622,0.0,115.0,115,15.0,1,,10.485981308411215,8.0,0.0,36.0,7854.0,8.445729769646674,0.5357856918206222,0.8662881779808405
ID4437,4437,6,0.13348974287509918,396.5951108312386,1343.7191602123578,0.0,115.0,115,15.0,1,,13.08411214953271,13.0,2.0,22.0,9800.0,3.6759990701680385,0.4232040481837745,2.116808173308306
ID4438,4438,9,0.16796642541885376,2394.6311215926535,1523.500883880734,0.0,115.0,115,15.0,1,,10.748998664886516,10.0,0.0,30.0,8051.0,6.82739955555368,0.5377781960586023,1.1011644349805059
ID4439,4439,8,0.124235138297081,696.1291700414947,1542.4785668169682,0.0,115.0,115,15.0,1,,9.684913217623498,9.0,0.0,23.0,7254.0,4.636757280040608,0.46283675274220015,1.321731807623579
ID4440,4440,11,0.22319795191287994,2634.5895178775495,1700.6814326632166,0.0,115.0,115,15.0,1,,12.623497997329773,10.0,0.0,42.0,9455.0,9.794125874798606,0.5708552098703265,0.9367718723425197
ID4441,4441,13,0.23427526652812958,487.8250225689453,1736.2973613416352,0.0,115.0,115,15.0,1,,13.874499332443257,10.0,0.0,45.0,10392.0,10.165226121863821,0.5337525485644867,0.9499810377012439
ID4442,4442,74,0.11422284692525864,2556.2686539122083,1868.3761283886945,0.0,115.0,115,15.0,1,,8.94392523364486,9.0,0.0,21.0,6699.0,4.6002855148275215,0.4533496105176289,1.2129321770505705
ID4443,4443,14,0.20912553369998932,2293.3066996462526,1892.7925771623939,0.0,115.0,115,15.0,1,,12.36181575433912,10.0,0.0,36.0,9259.0,8.466902211686676,0.5904092927660729,1.0840067785398915
ID4444,4444,15,0.10491728782653809,428.2582788284145,1897.3533755603507,0.0,115.0,115,15.0,1,,7.747663551401869,7.0,0.0,23.0,5803.0,4.920396870435031,0.40739480325758115,0.9115912683955049
ID4445,4445,17,0.17626388370990753,702.9269241768608,1933.023738387465,0.0,115.0,115,15.0,1,,10.967957276368491,10.0,0.0,33.0,8215.0,7.324162540383606,0.5400744447427884,1.0502910999720998
ID4446,4446,,0.1988043636083603,2066.0,2047.0,0.0,115.0,115,15.0,1,,8.538050734312417,6.0,0.0,36.0,6395.0,9.244030126883363,0.6566521578603812,0.7322028581541385
ID4487,4487,59,0.12350326776504517,2974.6233409556844,6.988487827500767,0.0,116.0,116,15.0,1,,8.604806408544727,7.0,0.0,31.0,6445.0,7.16432623841489,0.585503495202703,0.8870702900047411
ID4488,4488,24,0.13115301728248596,1135.093313983952,81.16795097110554,0.0,116.0,116,15.0,1,,8.281708945260347,7.0,0.0,28.0,6203.0,6.594800193256091,0.4203250971421767,0.7432687574481609
ID4489,4489,65,0.17376333475112915,1309.4304844266649,344.8512866353943,0.0,116.0,116,15.0,1,,10.483311081441922,8.0,0.0,33.0,7852.0,7.584906327394223,0.5535390173522171,0.9849276294597499
ID4490,4490,70,0.13623136281967163,2489.4201816337713,363.9114938580292,0.0,116.0,116,15.0,1,,8.874499332443257,7.0,0.0,29.0,6647.0,6.623185145148161,0.4500332056751338,0.8317131592749607
ID4491,4491,21,0.273908406496048,383.67673710079345,413.0471644231268,0.0,116.0,116,15.0,1,,24.587449933244326,25.0,11.0,38.0,18416.0,4.916892472900968,0.5248591939776733,3.442435723410135
ID4492,4492,20,0.12869329750537872,306.28242390137154,415.9392712356532,0.0,116.0,116,15.0,1,,8.456608811748998,7.0,0.0,27.0,6334.0,6.0680014358637315,0.43500731802448084,0.844934433749643
ID4493,4493,2,0.19877798855304718,2824.192194500811,685.4490771351167,0.0,116.0,116,15.0,1,,12.606141522029372,10.0,0.0,38.0,9442.0,8.649349435289425,0.4967014048129711,0.9673618432850938
ID4494,4494,3,0.23557813465595245,2175.0534503774716,803.4401501290567,0.0,116.0,116,15.0,1,,13.540720961281709,10.0,0.0,44.0,10142.0,10.550110119979369,0.5435984015270778,0.9039796257277355
ID4495,4495,,0.10718416422605515,2610.790622707209,1116.586357463458,0.0,116.0,116,15.0,1,,8.774365821094793,8.0,0.0,20.0,6572.0,3.9283128026700744,0.4547565666863624,1.3964594300458402
ID4496,4496,5,0.19976988434791565,2413.7958701358375,1299.8407642783907,0.0,116.0,116,15.0,1,,11.477970627503337,9.0,0.0,38.0,8597.0,8.865369031724217,0.5592885003194482,0.9287689761078145
ID4497,4497,6,0.1409928947687149,395.83561079771874,1344.4055624306386,0.0,116.0,116,15.0,1,,13.728971962616823,14.0,1.0,23.0,10283.0,3.3383169469034657,0.4572262740810047,2.5807422530601287
ID4498,4498,9,0.11080223321914673,2388.18854774763,1533.5945142221155,0.0,116.0,116,15.0,1,,9.479305740987984,10.0,0.0,22.0,7100.0,4.443484871824152,0.44229419699116373,1.3083990073643976
ID4499,4499,8,0.11238256096839905,700.7705393319455,1540.7926127129472,0.0,116.0,116,15.0,1,,8.393858477970628,8.0,0.0,20.0,6287.0,4.523676830947787,0.47070160251969584,1.1877394402499377
ID4500,4500,11,0.20278584957122803,2628.591755843156,1702.685489429496,0.0,116.0,116,15.0,1,,11.515353805073431,9.0,0.0,39.0,8625.0,8.942707828381689,0.57765308244312,0.9429612030467246
ID4501,4501,13,0.24988538026809692,490.1275729542484,1735.1604550615189,0.0,116.0,116,15.0,1,,14.74766355140187,12.0,0.0,42.0,11046.0,10.208868720370171,0.5746163641538468,1.0543354936903013
ID4502,4502,74,0.11987674981355667,2549.741481038352,1864.3329050856587,0.0,116.0,116,15.0,1,,9.085447263017356,8.0,0.0,23.0,6805.0,4.714372633244996,0.4727376787702468,1.2372208232244268
ID4503,4503,14,0.20088671147823334,2287.9492273986484,1879.7539380826634,0.0,116.0,116,15.0,1,,12.213618157543392,10.0,0.0,35.0,9148.0,7.96095259183908,0.5851099720450069,1.1326282717684437
ID4504,4504,15,0.1368415504693985,429.0698729367635,1905.6992269110417,0.0,116.0,116,15.0,1,,9.550066755674232,8.0,0.0,26.0,7153.0,5.961482034164502,0.46779649855832917,1.0211117718817542
ID4505,4505,17,0.1959543377161026,702.8302960646635,1927.3005261764367,0.0,116.0,116,15.0,1,,11.969292389853138,10.0,0.0,40.0,8965.0,8.76507820210367,0.4997642526935855,0.9100911000047757
ID4480,4480,9,0.17780594527721405,2379.9433924935406,1545.3617174556346,0.0,117.0,117,15.0,1,,12.088117489986649,11.0,0.0,32.0,9054.0,6.750736169566801,0.5185705029870259,1.2229547349120746
ID4481,4481,11,0.20642594993114471,2625.561814180065,1698.2827692216126,0.0,117.0,117,15.0,1,,11.344459279038718,9.0,0.0,37.0,8497.0,9.575280779871663,0.569386856622246,0.8596857048427747
ID4482,4482,13,0.24807408452033997,489.9561009314626,1731.1888518540704,0.0,117.0,117,15.0,1,,15.002670226969292,12.0,0.0,41.0,11237.0,10.143357106752925,0.5495033909763588,1.0490463791388138
ID4483,4483,74,0.11826197057962418,2547.957699058528,1864.2576238525266,0.0,117.0,117,15.0,1,,9.036048064085447,9.0,0.0,23.0,6768.0,4.517646135689744,0.47569446595248993,1.2895196621550933
ID4484,4484,14,0.20469212532043457,2283.787715882993,1879.67948868027,0.0,117.0,117,15.0,1,,12.576769025367156,11.0,0.0,37.0,9420.0,7.988028792220859,0.5904910675706976,1.169072802576741
ID4485,4485,15,0.10824891924858093,426.54035712300464,1910.2463292266602,0.0,117.0,117,15.0,1,,8.646194926568759,8.0,0.0,23.0,6476.0,4.778970429184759,0.38957460126976484,1.0144471869464904
ID4486,4486,17,0.16964316368103027,711.3081590247987,1938.6956205520135,0.0,117.0,117,15.0,1,,11.082777036048064,9.0,0.0,31.0,8301.0,6.899863191676851,0.5374736146882603,1.1230202558659743
ID4467,4467,59,0.1573120504617691,2978.0,0.0,0.0,117.0,117,15.0,1,,6.962616822429907,4.0,0.0,30.0,5215.0,8.29655502173325,0.5249320339932378,0.5777730516801386
ID4468,4468,24,0.12171627581119537,1130.9427266291868,75.83240836488115,0.0,117.0,117,15.0,1,,7.7650200267022695,6.0,0.0,30.0,5816.0,6.10017133150066,0.43602996165989,0.773006906839909
ID4469,4469,65,0.15234418213367462,1312.3681081352322,338.65047098014077,0.0,117.0,117,15.0,1,,9.63818424566088,8.0,0.0,33.0,7219.0,6.759321938054511,0.49624255337449946,0.9458321861646652
ID4470,4470,70,0.1632056087255478,2491.806348424081,354.61971630742624,0.0,117.0,117,15.0,1,,9.506008010680908,7.0,0.0,36.0,7120.0,8.233655253216082,0.46974894212840085,0.7380030337998394
ID4471,4471,21,0.2758321762084961,384.01806565627817,413.1595398211646,0.0,117.0,117,15.0,1,,24.672897196261683,25.0,10.0,37.0,18480.0,4.744664863812679,0.5311947312981292,3.608011688609463
ID4472,4472,20,0.15970240533351898,305.9914052848708,420.80970541584475,0.0,117.0,117,15.0,1,,10.225634178905207,8.0,0.0,33.0,7659.0,7.329785748756953,0.4735600185277229,0.8966772817115426
ID4473,4473,76,0.1102713793516159,2156.9188816672754,432.9520717547784,0.0,117.0,117,15.0,1,,7.9879839786381845,7.0,0.0,25.0,5983.0,5.57626893256585,0.3791536110839415,0.7876368483734761
ID4474,4474,,0.1036871150135994,1059.191812095094,646.5437145532158,0.0,117.0,117,15.0,1,,8.942590120160213,9.0,0.0,25.0,6698.0,5.341109282023955,0.3593051673586142,0.8851326326670375
ID4475,4475,2,0.16003142297267914,2833.1356358794865,689.1409133683039,0.0,117.0,117,15.0,1,,11.348464619492656,10.0,0.0,34.0,8500.0,7.30285003466181,0.41515598764985034,0.9117624746351518
ID4476,4476,3,0.17923253774642944,2181.289510008771,796.7101668545185,0.0,117.0,117,15.0,1,,10.634178905206943,8.0,0.0,37.0,7965.0,9.042218640422943,0.4544187504233028,0.7348957441052558
ID4477,4477,5,0.20068220794200897,2411.360584960766,1297.0514486510338,0.0,117.0,117,15.0,1,,11.574098798397864,9.0,0.0,36.0,8669.0,8.814118590059776,0.5715963287118178,0.9551832905779826
ID4478,4478,6,0.1344020515680313,393.96352326816935,1343.314396062002,0.0,117.0,117,15.0,1,,13.791722296395193,14.0,3.0,24.0,10330.0,3.174410694865425,0.4464730349350989,2.6820710494200437
ID4479,4479,8,0.12099949270486832,702.9667781916708,1540.3456723134902,0.0,117.0,117,15.0,1,,9.11214953271028,8.0,0.0,22.0,6825.0,4.693347698532609,0.47020118109588593,1.24186690257281
ID4512,4512,76,0.14183373749256134,2153.5362621156023,427.92415135922755,0.0,118.0,118,15.0,1,,8.974632843791722,7.0,0.0,30.0,6722.0,7.044028648743619,0.445391897032394,0.7852035753917432
ID4513,4513,2,0.16180041432380676,2843.086664733534,696.9571511343609,0.0,118.0,118,15.0,1,,10.141522029372497,8.0,0.0,32.0,7596.0,7.973300924137597,0.42635851853217505,0.7603984502054779
ID4514,4514,3,0.20446562767028809,2188.7322511790676,792.9401423990972,0.0,118.0,118,15.0,1,,11.822429906542055,8.0,0.0,43.0,8855.0,10.050100644504305,0.47762131109025674,0.7604783994054785
ID4515,4515,5,0.1716812252998352,2403.3060680494054,1292.8358669519243,0.0,118.0,118,15.0,1,,10.539385847797062,8.0,0.0,33.0,7894.0,7.430253962945257,0.5305401219933931,0.9833659268590497
ID4516,4516,6,0.1435973197221756,394.2504287738352,1343.0427015391112,0.0,118.0,118,15.0,1,,14.050734312416555,14.0,4.0,23.0,10524.0,3.5009685627232745,0.4582458649085687,2.52236892568594
ID4517,4517,8,0.11156021058559418,714.4032133737379,1538.952644520072,0.0,118.0,118,15.0,1,,8.985313751668892,8.0,0.0,22.0,6730.0,4.573937802420599,0.420312560854436,1.1626832838832601
ID4518,4518,9,0.1589275598526001,2382.6988019308537,1546.2147655037015,0.0,118.0,118,15.0,1,,10.401869158878505,9.0,0.0,31.0,7791.0,6.322022177753955,0.5448088247030616,1.1605256913991242
ID4519,4519,11,0.17616626620292664,2629.060140072583,1693.6460530009135,0.0,118.0,118,15.0,1,,11.129506008010681,9.0,0.0,35.0,8336.0,7.061649638098776,0.5403233551889891,1.1057108143005023
ID4520,4520,13,0.2555847764015198,495.1874295361177,1728.6170189263635,0.0,118.0,118,15.0,1,,15.184245660881174,12.0,0.0,42.0,11373.0,10.309292709728632,0.5742629407822667,1.074553059693766
ID4521,4521,74,0.11046280711889267,2554.9592609895612,1876.049691355053,0.0,118.0,118,15.0,1,,9.04539385847797,9.0,0.0,21.0,6775.0,4.020744438615493,0.44061698034599267,1.3761434519599867
ID4522,4522,14,0.2012087106704712,2280.8824083656073,1886.01413090231,0.0,118.0,118,15.0,1,,12.068090787716956,10.0,0.0,33.0,9039.0,8.298373606021585,0.5773970046209885,1.064655484193219
ID4523,4523,15,0.1273604929447174,420.57431325927183,1925.2246415998616,0.0,118.0,118,15.0,1,,8.731642189586115,7.0,0.0,25.0,6540.0,5.6643009206722805,0.45183039557484356,0.9594871607073602
ID4524,4524,17,0.21200470626354218,720.0167929375555,1945.8449494048932,0.0,118.0,118,15.0,1,,11.495327102803738,9.0,0.0,41.0,8610.0,9.814130490228074,0.5771220553175853,0.8572388948677508
ID4506,4506,59,0.185505211353302,2975.0,0.0,0.0,118.0,118,15.0,1,,7.762349799732977,4.0,0.0,39.0,5814.0,9.153306455592428,0.6061164724504841,0.6400652556013893
ID4507,4507,24,0.1355360895395279,1128.5300542758887,77.11889282642699,0.0,118.0,118,15.0,1,,9.064085447263018,8.0,0.0,29.0,6789.0,6.436331940500274,0.43408821287277527,0.8525457226524477
ID4508,4508,65,0.15480473637580872,1316.8706555294398,337.860334447692,0.0,118.0,118,15.0,1,,9.811748998664887,8.0,0.0,30.0,7349.0,6.788679690257465,0.5043006569254675,0.9690495767423036
ID4509,4509,70,0.16059866547584534,2488.2963564049314,351.40706969887935,0.0,118.0,118,15.0,1,,9.288384512683578,6.0,0.0,39.0,6957.0,8.171270670178625,0.466967145059898,0.7236799209533846
ID4510,4510,21,0.2828361392021179,383.2796164721979,413.0040929535212,0.0,118.0,118,15.0,1,,25.226969292389853,25.0,11.0,39.0,18895.0,5.2719385292326475,0.5175085159756749,3.2637065295951344
ID4511,4511,20,0.15361230075359344,309.4980431792962,419.6149409211802,0.0,118.0,118,15.0,1,,9.983978638184245,8.0,0.0,30.0,7478.0,7.141410433017073,0.45117152621449597,0.8693058052752747
ID4544,4544,15,0.11962033063173294,424.6900418172909,1925.978718355544,0.0,119.0,119,15.0,1,,8.221628838451268,7.0,0.0,29.0,6158.0,5.725121675471476,0.449814476484659,0.8910952688234592
ID4545,4545,17,0.1819315254688263,717.8079086940239,1937.1801462782025,0.0,119.0,119,15.0,1,,11.389853137516688,9.0,0.0,32.0,8531.0,7.728356260319783,0.5157223424606013,1.0028991893426338
ID4525,4525,59,0.1762944608926773,2977.0,0.0,0.0,119.0,119,15.0,1,,7.321762349799733,4.0,0.0,37.0,5484.0,8.95095484358491,0.5992827035205481,0.6130314576647574
ID4526,4526,24,0.17181764543056488,1130.0279835661265,71.38704507030933,0.0,119.0,119,15.0,1,,10.343124165554071,8.0,0.0,34.0,7747.0,8.132165050486819,0.4922268868844057,0.8390851229218638
ID4527,4527,65,0.155959352850914,1319.8180184296214,322.87707841531386,0.0,119.0,119,15.0,1,,9.69158878504673,8.0,0.0,29.0,7259.0,6.942637100233782,0.518003586411559,0.9527094621655042
ID4528,4528,70,0.17850720882415771,2497.2126499447254,353.5150670216158,0.0,119.0,119,15.0,1,,10.279038718291055,7.0,0.0,36.0,7699.0,8.805737746294758,0.48878966730150614,0.7664881078914284
ID4529,4529,21,0.28293198347091675,384.48982676414704,412.87288744650044,0.0,119.0,119,15.0,1,,25.4739652870494,25.0,11.0,37.0,19080.0,4.90916722997312,0.5335532171572515,3.610751607857661
ID4530,4530,20,0.13267412781715393,313.14704966080984,424.32466078343214,0.0,119.0,119,15.0,1,,9.15754339118825,8.0,0.0,27.0,6859.0,6.079180069766102,0.4511913125862798,0.9366989474989387
ID4531,4531,76,0.12334743142127991,2152.002583550948,427.7837669885005,0.0,119.0,119,15.0,1,,8.445927903871828,7.0,0.0,29.0,6326.0,6.110289830959303,0.4033467276384848,0.7945644064809458
ID4532,4532,2,0.1538572609424591,2838.9783405047356,697.8216341733521,0.0,119.0,119,15.0,1,,9.861148197596796,7.0,0.0,32.0,7386.0,8.049608836657555,0.38563290577134285,0.6818810182835193
ID4533,4533,,0.1020662784576416,1481.307626444484,713.005619331443,0.0,119.0,119,15.0,1,,10.198931909212282,10.0,0.0,24.0,7639.0,5.208148585810659,0.3451163276142397,1.0048632978744279
ID4534,4534,3,0.16640640795230865,2179.512769902263,794.5984884810056,0.0,119.0,119,15.0,1,,10.349799732977303,8.0,0.0,40.0,7752.0,8.325461274975877,0.4236064287169424,0.7398202915237996
ID4535,4535,77,0.10247383266687393,2613.5854077465756,1126.0952439736664,0.0,119.0,119,15.0,1,,8.811748998664887,9.0,0.0,21.0,6600.0,3.820934561186746,0.4241813237843873,1.3737533689421049
ID4536,4536,5,0.20601630210876465,2401.3062780372065,1285.7830836070857,0.0,119.0,119,15.0,1,,11.743658210947931,9.0,0.0,41.0,8796.0,9.336174139451789,0.5483645483472653,0.8909649221669105
ID4537,4537,6,0.14674268662929535,395.4919591566997,1344.7011410711134,0.0,119.0,119,15.0,1,,13.983978638184245,14.0,2.0,24.0,10474.0,3.4802359744772673,0.4842211647214771,2.6217857784799445
ID4538,4538,8,0.12605491280555725,711.276329784174,1539.1334778996534,0.0,119.0,119,15.0,1,,9.847797062750335,9.0,0.0,25.0,7376.0,4.684518943729703,0.47727933781703835,1.3583575356701643
ID4539,4539,9,0.19321973621845245,2383.1708172158355,1556.022787240089,0.0,119.0,119,15.0,1,,12.590120160213619,12.0,0.0,33.0,9430.0,6.918661010102164,0.5796769451761642,1.3355359001867293
ID4540,4540,11,0.21864823997020721,2638.630051897222,1698.7198607238706,0.0,119.0,119,15.0,1,,12.39652870493992,9.0,0.0,44.0,9285.0,9.783978976801466,0.563497062329319,0.9132909663050013
ID4541,4541,13,0.24913553893566132,498.806344818827,1726.36099566684,0.0,119.0,119,15.0,1,,14.543391188251002,11.0,0.0,44.0,10893.0,10.246287953532898,0.5833277724885519,1.0458537286455414
ID4542,4542,74,0.10471979528665543,2555.7808653276356,1884.097252639402,0.0,119.0,119,15.0,1,,8.53671562082777,8.0,0.0,19.0,6394.0,3.987990045060503,0.44274531454951443,1.3138054093300915
ID4543,4543,14,0.2146618366241455,2276.8941071209574,1885.9091998602933,0.0,119.0,119,15.0,1,,12.595460614152202,11.0,0.0,34.0,9434.0,8.478537275950954,0.6213213110932725,1.138597628121092
ID4576,4576,5,0.19638197124004364,2394.3545048726673,1283.5695953251752,0.0,120.0,120,15.0,1,,11.456608811748998,9.0,0.0,36.0,8581.0,8.529583606827336,0.5595643080495978,0.963840047210979
ID4577,4577,6,0.12359105050563812,394.181670445849,1343.8311259657612,0.0,120.0,120,15.0,1,,12.627503337783711,13.0,4.0,21.0,9458.0,2.998456249695684,0.45605838788817166,2.638101059941695
ID4578,4578,8,0.11409252136945724,715.9363551180696,1538.6073297111545,0.0,120.0,120,15.0,1,,8.652870493991989,8.0,0.0,23.0,6481.0,4.734917841225157,0.44788644090834157,1.1306056871435313
ID4579,4579,9,0.1622696965932846,2380.8634009615,1555.3213136577185,0.0,120.0,120,15.0,1,,10.802403204272363,10.0,0.0,29.0,8091.0,6.188089697954959,0.5315997310609926,1.2118064227663332
ID4580,4580,11,0.19656944274902344,2637.630075729032,1705.277186072012,0.0,120.0,120,15.0,1,,11.288384512683578,9.0,0.0,37.0,8455.0,8.916555303645483,0.5440252217071966,0.8921324298627925
ID4581,4581,13,0.19421932101249695,502.5122083280059,1735.9289494594032,0.0,120.0,120,15.0,1,,12.846461949265688,12.0,0.0,32.0,9622.0,7.888540317943177,0.5097250545079041,1.0996513192328203
ID4582,4582,14,0.21355532109737396,2278.8526694924385,1888.9764368774188,0.0,120.0,120,15.0,1,,12.411214953271028,10.0,0.0,35.0,9296.0,8.865252860537787,0.5841803198020642,1.0325128707032145
ID4583,4583,74,0.13530783355236053,2558.3235753286094,1888.639223486686,0.0,120.0,120,15.0,1,,9.926568758344459,9.0,0.0,26.0,7435.0,4.995045845328859,0.5103994515764245,1.3430990812408643
ID4584,4584,17,0.18059514462947845,713.1698081632259,1923.9024097937895,0.0,120.0,120,15.0,1,,12.596795727636849,12.0,0.0,33.0,9435.0,7.49190582031812,0.4838823758889165,1.0965743948613023
ID4566,4566,59,0.14162003993988037,2977.0,0.0,0.0,120.0,120,15.0,1,,6.499332443257677,4.0,0.0,32.0,4868.0,7.674986253556087,0.5369367978225484,0.5916819229443944
ID4567,4567,24,0.15432986617088318,1134.717160292779,72.27848523225279,0.0,120.0,120,15.0,1,,9.356475300400534,7.0,0.0,31.0,7008.0,7.689306163179723,0.4534717646027361,0.759274420646093
ID4568,4568,,0.10628443956375122,933.7791071962938,158.61032954779293,0.0,120.0,120,15.0,1,,9.336448598130842,9.0,0.0,22.0,6993.0,3.946706295031254,0.4086863221288354,1.3726275238317507
ID4569,4569,65,0.15921562910079956,1315.750303747439,325.01067784744237,0.0,120.0,120,15.0,1,,10.218958611481977,8.0,0.0,31.0,7654.0,6.856833391201938,0.5120000660873725,1.009325500336681
ID4570,4570,70,0.1688561588525772,2499.4400287854087,354.22395931795927,0.0,120.0,120,15.0,1,,9.853137516688918,7.0,0.0,36.0,7380.0,8.32975507972973,0.49424245906145164,0.7825125053857414
ID4571,4571,21,0.28470271825790405,384.00968269511463,413.115465829241,0.0,120.0,120,15.0,1,,25.25634178905207,25.0,11.0,38.0,18917.0,5.1090752818846985,0.5335400204240348,3.439774928369504
ID4572,4572,76,0.10911047458648682,2150.7934210408216,432.1830212713385,0.0,120.0,120,15.0,1,,7.8718291054739655,7.0,0.0,25.0,5896.0,5.567247564703033,0.3786576018838139,0.7767037090575921
ID4573,4573,2,0.17718000710010529,2836.031510658481,702.0284880892542,0.0,120.0,120,15.0,1,,11.240320427236314,9.0,0.0,38.0,8419.0,8.403648806689452,0.4507593775781863,0.8311706072511851
ID4574,4574,3,0.19247819483280182,2171.6202109171545,792.4627623125562,0.0,120.0,120,15.0,1,,10.847797062750335,7.0,0.0,41.0,8125.0,9.6717965350521,0.48905217601338125,0.7367322409702888
ID4575,4575,77,0.10820146650075912,2615.7560797546075,1128.517964474624,0.0,120.0,120,15.0,1,,8.700934579439252,8.0,0.0,20.0,6517.0,3.882465956855561,0.48722044728434505,1.46837979850736
ID4546,4546,59,0.10643096268177032,2969.0,0.0,0.0,121.0,121,15.0,1,,5.341789052069426,3.0,0.0,28.0,4001.0,6.174652992335878,0.48168485050380266,0.5624854858635812
ID4547,4547,24,0.1425362229347229,1129.289818294642,72.60555463189965,0.0,121.0,121,15.0,1,,8.974632843791722,7.0,0.0,29.0,6722.0,7.068658513976231,0.4357223853239511,0.7706356313221828
ID4548,4548,65,0.16706502437591553,1312.6410930705856,328.3664473086473,0.0,121.0,121,15.0,1,,9.934579439252337,8.0,0.0,32.0,7441.0,7.819811873952922,0.5060133310450551,0.8537216985811295
ID4549,4549,70,0.1617499589920044,2496.3676811224814,352.7776383541863,0.0,121.0,121,15.0,1,,9.622162883845126,7.0,0.0,35.0,7207.0,7.964163727085796,0.4665513557511319,0.768713840352616
ID4550,4550,21,0.27413854002952576,383.9115632772628,412.9477319037466,0.0,121.0,121,15.0,1,,25.22162883845127,25.0,11.0,37.0,18891.0,4.931781903572759,0.5055731114340808,3.4346412507521573
ID4551,4551,20,0.14068610966205597,320.0879618233618,436.0961361152886,0.0,121.0,121,15.0,1,,9.283044058744993,7.0,0.0,28.0,6953.0,6.652167297862538,0.4429586737224477,0.856774557810648
ID4552,4552,76,0.11371371895074844,2148.6431484925142,437.2948330838142,0.0,121.0,121,15.0,1,,7.546061415220294,6.0,0.0,25.0,5652.0,6.066659663011538,0.38561914227986527,0.692333599974226
ID4553,4553,2,0.191874161362648,2834.1074354384327,704.0517903575171,0.0,121.0,121,15.0,1,,11.218958611481977,8.0,0.0,43.0,8403.0,10.069151995511445,0.4403547243402776,0.6812756134229586
ID4554,4554,3,0.1836787313222885,2173.023519245281,791.4146691586632,0.0,121.0,121,15.0,1,,11.06675567423231,8.0,0.0,38.0,8289.0,8.876353720383703,0.46823237970986237,0.7952109704507547
ID4555,4555,77,0.10750468820333481,2622.156475536218,1128.8799997795409,0.0,121.0,121,15.0,1,,8.89853137516689,9.0,0.0,19.0,6665.0,3.9407863816119506,0.4482660463640699,1.3978254190255457
ID4556,4556,5,0.21898208558559418,2392.5989381096597,1276.4448887229871,0.0,121.0,121,15.0,1,,12.40720961281709,9.0,0.0,39.0,9293.0,9.817642165235666,0.5600371180876967,0.9073582591215116
ID4557,4557,6,0.1334616243839264,393.72841848863214,1343.8218740578855,0.0,121.0,121,15.0,1,,13.42056074766355,14.0,4.0,23.0,10052.0,3.2305616480957484,0.44151280362422385,2.5447634772622174
ID4558,4558,8,0.10659661144018173,713.3764787151983,1537.001092603094,0.0,121.0,121,15.0,1,,8.777036048064085,8.0,0.0,22.0,6574.0,4.157295793607152,0.440335232378642,1.2908827682797932
ID4559,4559,9,0.1718713343143463,2377.9539803041303,1553.0408880189298,0.0,121.0,121,15.0,1,,10.949265687583445,10.0,0.0,31.0,8201.0,6.639099072325254,0.5592002554564274,1.1829633895458964
ID4560,4560,11,0.19018147885799408,2643.6514065518877,1704.420052044012,0.0,121.0,121,15.0,1,,11.09078771695594,9.0,0.0,37.0,8307.0,8.374891366144116,0.5524059323119108,0.9424672033522403
ID4561,4561,13,0.17188760638237,509.37882871502046,1734.636748892652,0.0,121.0,121,15.0,1,,11.791722296395193,10.0,0.0,30.0,8832.0,7.181704759990899,0.4842203620834954,1.0713326822526843
ID4562,4562,74,0.1271156370639801,2554.1272993284642,1886.9679997764379,0.0,121.0,121,15.0,1,,9.786381842456608,9.0,0.0,22.0,7330.0,4.723337935160183,0.4614452067252579,1.3084006037529872
ID4563,4563,14,0.21505562961101532,2277.505363311597,1888.0983274113305,0.0,121.0,121,15.0,1,,12.660881174899867,9.0,0.0,39.0,9483.0,9.042225944126354,0.5639081782466718,1.0097543111468321
ID4564,4564,15,0.10653293877840042,424.7972707652389,1908.1094979759416,0.0,121.0,121,15.0,1,,8.102803738317757,7.0,0.0,23.0,6069.0,5.032127280064241,0.3815967459970527,0.8894817852147877
ID4565,4565,17,0.19635911285877228,708.0774932432904,1921.4857798492976,0.0,121.0,121,15.0,1,,12.686248331108144,11.0,0.0,37.0,9502.0,8.430057341947125,0.4979972803098496,1.0005726358198495
ID4585,4585,59,0.1480361968278885,2966.695133761826,11.99009095978038,0.0,122.0,122,15.0,1,,9.826435246995995,7.0,0.0,37.0,7360.0,8.739197807483718,0.5672624125474689,0.8139480974698639
ID4586,4586,24,0.13853950798511505,1132.4995311347232,68.7165365016704,0.0,122.0,122,15.0,1,,8.395193591455273,7.0,0.0,29.0,6288.0,6.927337024999349,0.45512042800332647,0.758091775940323
ID4587,4587,65,0.16394925117492676,1303.76672712525,325.8399600179479,0.0,122.0,122,15.0,1,,10.403204272363151,9.0,0.0,34.0,7792.0,7.4385389275492875,0.47973187110715704,0.906828217925083
ID4588,4588,70,0.17236532270908356,2498.3510778336904,357.68107712923995,0.0,122.0,122,15.0,1,,9.862483311081442,7.0,0.0,36.0,7387.0,8.49211932419495,0.49254437285083513,0.7665108372127947
ID4589,4589,21,0.27354973554611206,383.79133593289004,412.82698774193335,0.0,122.0,122,15.0,1,,24.218958611481977,24.0,9.0,40.0,18140.0,4.9036288521265154,0.534242256921568,3.4396334618381275
ID4590,4590,76,0.10810345411300659,2144.241280079511,434.2649338903173,0.0,122.0,122,15.0,1,,7.578104138851803,6.0,0.0,27.0,5676.0,5.844541411893997,0.3500096732746746,0.6723312400898954
ID4591,4591,20,0.14645375311374664,318.8299320314266,439.7461597299978,0.0,122.0,122,15.0,1,,8.98931909212283,7.0,0.0,31.0,6733.0,7.130929332518324,0.47258888126102666,0.809119452532809
ID4592,4592,2,0.17691156268119812,2835.8498379085427,704.6936647074356,0.0,122.0,122,15.0,1,,10.646194926568759,8.0,0.0,38.0,7974.0,9.126212589239023,0.43507721102820707,0.7073345895175924
ID4593,4593,78,0.11132638156414032,1489.3248024686554,717.2054006510632,0.0,122.0,122,15.0,1,,10.23497997329773,10.0,0.0,24.0,7666.0,5.573841157310158,0.3712311155603209,0.9942511813146627
ID4594,4594,3,0.13731294870376587,2174.8938828147275,795.6872331544871,0.0,122.0,122,15.0,1,,9.037383177570094,7.0,0.0,30.0,6769.0,6.75971802633009,0.41822317448931573,0.7885107676882095
ID4595,4595,77,0.12025272101163864,2627.6733818790044,1127.8333761320478,0.0,122.0,122,15.0,1,,9.560747663551401,9.0,0.0,20.0,7161.0,4.181140171064768,0.49129069931170427,1.5066187139053906
ID4596,4596,5,0.2259419709444046,2389.802747870644,1272.4790390761195,0.0,122.0,122,15.0,1,,12.67022696929239,10.0,0.0,45.0,9490.0,10.162157576330449,0.5668413797119781,0.9021213878751422
ID4597,4597,6,0.1415703147649765,395.2150053073926,1343.659781813422,0.0,122.0,122,15.0,1,,13.343124165554071,13.0,3.0,25.0,9994.0,3.5889791737990646,0.4743090081756934,2.3921556735418013
ID4598,4598,8,0.10397008061408997,712.7100312735575,1542.0880943803702,0.0,122.0,122,15.0,1,,7.8210947930574095,7.0,0.0,21.0,5858.0,4.469149553361041,0.44747311062281464,1.0820045715333473
ID4599,4599,9,0.16365617513656616,2377.508442283076,1557.0283410657055,0.0,122.0,122,15.0,1,,10.702269692923899,9.0,0.0,29.0,8016.0,6.47605690396749,0.5302374439953331,1.1452671366932428
ID4600,4600,11,0.20812499523162842,2643.294224902149,1704.9107803148572,0.0,122.0,122,15.0,1,,11.86648865153538,9.0,0.0,40.0,8888.0,9.185306278181589,0.5616007349911977,0.9292150698823991
ID4601,4601,13,0.20841161906719208,512.1491532512414,1722.7994384266922,0.0,122.0,122,15.0,1,,12.797062750333778,10.0,0.0,39.0,9585.0,8.695314487402232,0.5271563442873927,1.0160403095093213
ID4602,4602,14,0.21468302607536316,2272.5307505426317,1880.8964452262794,0.0,122.0,122,15.0,1,,12.985313751668892,11.0,0.0,39.0,9726.0,8.36922348087436,0.5926375977976744,1.1547009274384474
ID4603,4603,74,0.13232484459877014,2546.091499864719,1885.4715485858098,0.0,122.0,122,15.0,1,,10.192256341789053,10.0,1.0,23.0,7634.0,4.627041403327276,0.48236476846104526,1.433565177940331
ID4604,4604,15,0.11593355238437653,419.7596772248462,1904.8655856221474,0.0,122.0,122,15.0,1,,8.560747663551401,8.0,0.0,23.0,6412.0,4.894131318772076,0.4607852518100341,1.1035150697399827
ID4605,4605,17,0.19904665648937225,704.0076496884286,1917.9153713858354,0.0,122.0,122,15.0,1,,12.23497997329773,9.0,0.0,39.0,9164.0,8.94013389256437,0.4966770781568501,0.9083124051985565
ID4608,4608,,0.11218365281820297,926.6261075518443,154.4758932556853,0.0,123.0,123,15.0,1,,9.436582109479305,9.0,0.0,23.0,7068.0,4.107876490959007,0.43633967268071244,1.3957090248248902
ID4609,4609,65,0.161185160279274,1302.6763306794876,319.1518228584094,0.0,123.0,123,15.0,1,,9.523364485981308,7.0,0.0,32.0,7133.0,7.740514388375714,0.47558582758327894,0.7930763672056212
ID4610,4610,70,0.13042977452278137,2489.0269711331184,355.78137655638005,0.0,123.0,123,15.0,1,,9.042723631508679,8.0,0.0,26.0,6773.0,6.19066841783782,0.44652059791511384,0.901796583939562
ID4611,4611,21,0.2822764217853546,383.8371791957969,412.9147083042955,0.0,123.0,123,15.0,1,,25.30440587449933,25.0,10.0,38.0,18953.0,5.027011989867883,0.528218062027036,3.4797187132113603
ID4612,4612,76,0.11857255548238754,2135.968096558658,434.8936525597927,0.0,123.0,123,15.0,1,,8.403204272363151,7.0,0.0,25.0,6294.0,5.786328196446088,0.41956648517817197,0.8584537573421656
ID4613,4613,20,0.14819568395614624,322.96829420267284,435.77769742618796,0.0,123.0,123,15.0,1,,9.485981308411215,7.0,0.0,33.0,7105.0,7.524212503763381,0.41365260484326377,0.7378095516426606
ID4614,4614,2,0.16429489850997925,2836.484657369474,707.0740422737057,0.0,123.0,123,15.0,1,,10.154873164218959,7.0,0.0,37.0,7606.0,8.950251296994166,0.3747408014422078,0.6185565764440462
ID4615,4615,78,0.10071323812007904,1489.6796661938408,718.1993972275724,0.0,123.0,123,15.0,1,,9.522029372496663,10.0,0.0,24.0,7132.0,5.264512220925102,0.37613039454687375,0.9887357028043521
ID4616,4616,3,0.14714622497558594,2172.133142377258,800.4123727461478,0.0,123.0,123,15.0,1,,10.675567423230975,9.0,0.0,32.0,7996.0,6.3891371384659195,0.42985423837718145,1.0046347577622952
ID4617,4617,5,0.21476490795612335,2384.068674808879,1269.1043628817959,0.0,123.0,123,15.0,1,,11.45260347129506,8.0,0.0,38.0,8578.0,9.563436345631203,0.6139867677989816,0.9111277837055594
ID4618,4618,6,0.12161172181367874,393.92181441940926,1341.971800875523,0.0,123.0,123,15.0,1,,12.630173564753004,13.0,4.0,24.0,9460.0,3.022322936484757,0.43775780523493885,2.5447587227748536
ID4619,4619,8,0.11680973321199417,722.1723841479441,1544.2946035319976,0.0,123.0,123,15.0,1,,9.453938584779706,9.0,0.0,21.0,7081.0,4.189313639681832,0.46595083989727193,1.4345661825752514
ID4620,4620,9,0.1751863956451416,2378.1486447510497,1559.0032549924074,0.0,123.0,123,15.0,1,,11.897196261682243,11.0,0.0,28.0,8911.0,6.1428063349457025,0.5601563498825817,1.3907495836211885
ID4621,4621,11,0.18284988403320312,2647.771559935621,1709.9475010686547,0.0,123.0,123,15.0,1,,10.723631508678238,8.0,0.0,35.0,8032.0,8.249760304595766,0.5408025045016444,0.9124777132707255
ID4622,4622,13,0.21361416578292847,510.19605790844304,1717.2250737135837,0.0,123.0,123,15.0,1,,13.570093457943925,11.0,0.0,36.0,10164.0,8.29789372261995,0.549048974416979,1.1592868303755648
ID4623,4623,14,0.20176595449447632,2273.2779443487,1883.6140940669393,0.0,123.0,123,15.0,1,,11.9652870493992,10.0,0.0,34.0,8962.0,8.245165287570966,0.5867822337273315,1.0732808439668218
ID4624,4624,74,0.1361483633518219,2541.5456687920496,1888.3508913837397,0.0,123.0,123,15.0,1,,10.0347129506008,10.0,0.0,27.0,7516.0,5.0789354045865664,0.5133047485253809,1.3403281753062994
ID4625,4625,15,0.11711680144071579,413.56155527849893,1904.3502228845991,0.0,123.0,123,15.0,1,,8.947930574098798,8.0,0.0,26.0,6702.0,5.214768375913247,0.4081428061030218,0.9946791706316812
ID4626,4626,,0.10080043226480484,2799.3586081322583,1905.1167939032296,0.0,123.0,123,15.0,1,,9.134846461949266,9.0,0.0,26.0,6842.0,5.285610132714829,0.34108896702097546,0.8791160390372564
ID4627,4627,17,0.19467562437057495,696.1209934196316,1923.1164436260303,0.0,123.0,123,15.0,1,,11.584779706275034,9.0,0.0,38.0,8677.0,9.208797996824867,0.48628851853525834,0.8232006826295785
ID4606,4606,59,0.17317217588424683,2961.4567523699957,18.53104018940366,0.0,123.0,123,15.0,1,,10.267022696929239,8.0,0.0,37.0,7690.0,8.989045283442117,0.49375794508068854,0.7550832183353625
ID4607,4607,24,0.1520526111125946,1130.6303771521214,67.37539876705803,0.0,123.0,123,15.0,1,,9.675567423230975,8.0,0.0,29.0,7247.0,7.2001710916099855,0.4578998876860935,0.8441244066527694
ID4640,4640,6,0.14382468163967133,394.21214926014954,1343.6211255771627,0.0,124.0,124,15.0,1,,13.863818424566087,14.0,3.0,24.0,10384.0,3.2781299040033565,0.48607010929687616,2.7665996271059754
ID4641,4641,8,0.10405001044273376,717.9972273800238,1538.9134520004793,0.0,124.0,124,15.0,1,,8.535380507343124,8.0,0.0,21.0,6393.0,4.15545392807285,0.4420730761708461,1.2593348093014047
ID4642,4642,9,0.15797340869903564,2379.4739297031747,1564.3025295936197,0.0,124.0,124,15.0,1,,10.867823765020027,10.0,0.0,26.0,8140.0,5.835525829050896,0.5279300937000485,1.2869614002743974
ID4643,4643,13,0.19235962629318237,514.3358991933949,1716.2701821553053,0.0,124.0,124,15.0,1,,12.162883845126835,10.0,0.0,35.0,9110.0,8.291975388497125,0.5017446298317877,0.9801559844168015
ID4644,4644,11,0.18334652483463287,2646.4571467267774,1717.104050119832,0.0,124.0,124,15.0,1,,11.467289719626168,10.0,0.0,34.0,8589.0,7.773399090485509,0.5287386037645343,1.0204403025357514
ID4645,4645,14,0.1924290657043457,2273.6477201225102,1887.4103798775159,0.0,124.0,124,15.0,1,,11.983978638184245,10.0,0.0,33.0,8976.0,7.847119412864639,0.5469661474638555,1.0799419172525562
ID4646,4646,15,0.12615430355072021,409.54663448537326,1903.8460057648074,0.0,124.0,124,15.0,1,,8.60347129506008,7.0,0.0,27.0,6444.0,5.828799852465113,0.4461473380419897,0.9107314420506349
ID4647,4647,17,0.1998489946126938,693.7478585455444,1926.0816099713638,0.0,124.0,124,15.0,1,,11.891855807743658,9.0,0.0,38.0,8907.0,8.88279598997419,0.5291378507385909,0.9265143131976162
ID4628,4628,59,0.1803164929151535,2966.541695570679,20.14287465490232,0.0,124.0,124,15.0,1,,10.642189586114819,8.0,0.0,35.0,7971.0,8.528977564802696,0.5344206455623234,0.8691661598004684
ID4629,4629,24,0.12453668564558029,1128.9060317405822,59.78662394382939,0.0,124.0,124,15.0,1,,9.36849132176235,8.0,0.0,24.0,7017.0,5.404283357041868,0.4197284256900822,1.0250018451481664
ID4630,4630,65,0.1253606230020523,1306.8296249683265,320.2057721941629,0.0,124.0,124,15.0,1,,8.531375166889186,8.0,0.0,24.0,6390.0,5.82206212015869,0.44638438884343573,0.9044768868407589
ID4631,4631,70,0.16961799561977386,2486.7689958990545,344.5381481222937,0.0,124.0,124,15.0,1,,9.841121495327103,7.0,0.0,35.0,7371.0,8.439790961145862,0.4826818839007475,0.7591995063845517
ID4632,4632,21,0.279641330242157,383.7693896740043,413.4471220061258,0.0,124.0,124,15.0,1,,25.142857142857142,25.0,10.0,38.0,18832.0,4.997822291228274,0.5249798152852445,3.463716385318808
ID4633,4633,20,0.12836036086082458,315.72900637634626,431.2737508984105,0.0,124.0,124,15.0,1,,8.393858477970628,7.0,0.0,27.0,6287.0,6.383552954862858,0.4250214517170363,0.7843657492240567
ID4634,4634,76,0.14029757678508759,2131.831983899577,437.7711454745073,0.0,124.0,124,15.0,1,,8.64886515353805,7.0,0.0,30.0,6478.0,7.46244174597069,0.4140270118291164,0.6787020142812964
ID4635,4635,2,0.16274777054786682,2828.617552656964,698.2319455448019,0.0,124.0,124,15.0,1,,11.448598130841122,10.0,0.0,33.0,8575.0,7.411805064595122,0.416948917282781,0.909048333194403
ID4636,4636,78,0.10431919991970062,1479.0169197475395,724.837059888994,0.0,124.0,124,15.0,1,,9.974632843791722,10.0,0.0,22.0,7471.0,5.26065483917556,0.3778331590594551,1.039897522635822
ID4637,4637,3,0.18377311527729034,2157.4528114756113,805.8123845063285,0.0,124.0,124,15.0,1,,10.78237650200267,8.0,0.0,39.0,8076.0,9.404425469365947,0.47312902614391117,0.7364631564362847
ID4638,4638,77,0.1057153269648552,2633.441809537901,1114.0577594033416,0.0,124.0,124,15.0,1,,8.363150867823766,8.0,0.0,22.0,6264.0,4.223885316987038,0.45538533921684654,1.2390500736917551
ID4639,4639,5,0.15243056416511536,2380.6826549764555,1265.8486332467908,0.0,124.0,124,15.0,1,,10.320427236315087,10.0,0.0,34.0,7730.0,6.529560248322735,0.5140189644986324,1.0732269398062297
ID4648,4648,59,0.17731285095214844,2960.740605433707,22.90801535973446,0.0,125.0,125,15.0,1,,10.61415220293725,8.0,0.0,34.0,7950.0,8.070667989722576,0.5249155640127774,0.9054187373863527
ID4649,4649,24,0.15459738671779633,1124.457581249904,59.07671140310467,0.0,125.0,125,15.0,1,,9.598130841121495,7.0,0.0,33.0,7189.0,7.312544838125486,0.46597959281660917,0.8344245867656108
ID4650,4650,65,0.15803280472755432,1315.8237189775132,327.98060294433947,0.0,125.0,125,15.0,1,,9.102803738317757,6.0,0.0,31.0,6818.0,7.930773686906414,0.4729364763493611,0.7370694514579216
ID4651,4651,70,0.18064549565315247,2488.2040439807743,343.3772663912808,0.0,125.0,125,15.0,1,,10.218958611481977,7.0,0.0,38.0,7654.0,8.909084079071398,0.49580350137123613,0.7603938964781468
ID4652,4652,21,0.28543755412101746,384.01501820301115,413.03794254841955,0.0,125.0,125,15.0,1,,25.82910547396529,26.0,12.0,38.0,19346.0,4.802256251788769,0.5217387534618715,3.6881368408111896
ID4653,4653,20,0.14485478401184082,306.0946807086283,429.5268772007436,0.0,125.0,125,15.0,1,,9.937249666221629,9.0,0.0,28.0,7443.0,6.2614654977538775,0.47352722305684136,1.0200160206996531
ID4654,4654,76,0.15167048573493958,2134.604651712092,434.1783350950265,0.0,125.0,125,15.0,1,,9.31909212283044,7.0,0.0,34.0,6980.0,7.517425121547907,0.45419730671408554,0.7743828180498716
ID4655,4655,2,0.21136386692523956,2822.0532960056275,698.2085202992703,0.0,125.0,125,15.0,1,,13.583444592790388,11.0,0.0,42.0,10174.0,8.878414814382351,0.49584010654288707,1.0142872306462563
ID4656,4656,3,0.19394183158874512,2154.5213709191785,799.5231755298323,0.0,125.0,125,15.0,1,,10.560747663551401,7.0,0.0,44.0,7910.0,9.733925868283345,0.5168710720605284,0.7393842317379705
ID4657,4657,77,0.11600781232118607,2634.1178565067503,1116.7499148187096,0.0,125.0,125,15.0,1,,9.489986648865154,9.0,0.0,22.0,7108.0,4.477390452842052,0.42453544954862893,1.263314054202797
ID4658,4658,5,0.18514493107795715,2371.6201954963017,1258.0041186281833,0.0,125.0,125,15.0,1,,11.013351134846461,9.0,0.0,37.0,8249.0,8.35043520021302,0.5460603353543033,0.931653810212387
ID4659,4659,6,0.1437205672264099,393.71912741020975,1343.9666364600414,0.0,125.0,125,15.0,1,,13.826435246995995,14.0,3.0,23.0,10356.0,3.2104101604844923,0.4872529221345428,2.8219500351352615
ID4660,4660,8,0.10359205305576324,719.9148606454031,1539.0055894001796,0.0,125.0,125,15.0,1,,8.722296395193592,8.0,0.0,19.0,6533.0,3.980943518446256,0.44072487127918286,1.34048304869376
ID4661,4661,9,0.13094528019428253,2369.6692744831034,1567.5131520402651,0.0,125.0,125,15.0,1,,9.822429906542055,9.0,0.0,23.0,7357.0,4.859164005909215,0.4910531651185646,1.3314435622973408
ID4662,4662,11,0.19050639867782593,2639.212443869812,1703.062320589119,0.0,125.0,125,15.0,1,,11.153538050734312,9.0,0.0,36.0,8354.0,8.662209947931274,0.5367433788311818,0.8994546853857208
ID4663,4663,13,0.19668196141719818,516.0299876110485,1718.2001251244612,0.0,125.0,125,15.0,1,,12.029372496662216,10.0,0.0,36.0,9010.0,8.530642612122875,0.5138808176667187,0.9573306016043086
ID4664,4664,79,0.11465024203062057,2517.0589838472706,1879.7003194018118,0.0,125.0,125,15.0,1,,9.11214953271028,9.0,0.0,21.0,6825.0,4.435602714722176,0.4553122458928137,1.285438609804093
ID4665,4665,,0.12005248665809631,2811.1038459725924,1890.0371133665315,0.0,125.0,125,15.0,1,,9.416555407209612,8.0,0.0,29.0,7053.0,6.303173243038156,0.3539073453962779,0.7810223285565894
ID4666,4666,14,0.21390756964683533,2270.4785153185444,1896.2377743899456,0.0,125.0,125,15.0,1,,12.879839786381842,11.0,0.0,39.0,9647.0,8.250359381313109,0.6189186333847333,1.1936475915060407
ID4667,4667,15,0.14141590893268585,402.6173788398112,1900.2992947090606,0.0,125.0,125,15.0,1,,9.795727636849133,8.0,0.0,27.0,7337.0,6.043264948786138,0.47079982063994663,1.0377142547032163
ID4668,4668,17,0.20214036107063293,694.2372142234661,1924.2678045694488,0.0,125.0,125,15.0,1,,12.539385847797062,10.0,0.0,40.0,9392.0,8.933210892034523,0.4949824600537487,0.9295064067380221
ID4672,4672,70,0.14825224876403809,2487.6053007430132,342.28449641059626,0.0,126.0,126,15.0,1,,8.942590120160213,6.0,0.0,34.0,6698.0,7.717655584490108,0.43401105072917734,0.7013845858181542
ID4673,4673,21,0.28833112120628357,383.545657728631,413.0032625386326,0.0,126.0,126,15.0,1,,26.013351134846463,26.0,13.0,39.0,19484.0,5.026649101343437,0.5202510154856014,3.5419739605450355
ID4674,4674,76,0.14226023852825165,2133.2013894399242,424.744876721523,0.0,126.0,126,15.0,1,,8.62483311081442,7.0,0.0,29.0,6460.0,7.208467438576653,0.43923673059330487,0.7303048269576913
ID4675,4675,20,0.15044361352920532,308.2002321624318,432.3580634357456,0.0,126.0,126,15.0,1,,9.288384512683578,7.0,0.0,32.0,6957.0,7.183212468712663,0.47405715176165447,0.8317021986491999
ID4676,4676,2,0.18800252676010132,2822.9265663975502,702.4791155399935,0.0,126.0,126,15.0,1,,12.253671562082777,10.0,0.0,35.0,9178.0,8.036664179078194,0.49232027769887066,1.0060187931572582
ID4677,4677,3,0.21461519598960876,2159.3864753074654,798.2229918479517,0.0,126.0,126,15.0,1,,11.791722296395193,8.0,0.0,39.0,8832.0,10.452432915255242,0.528154467046456,0.7798005757673944
ID4678,4678,77,0.13968254625797272,2634.7498790878426,1120.698811683684,0.0,126.0,126,15.0,1,,11.050734312416555,11.0,0.0,24.0,8277.0,4.797792509346177,0.48810415209039965,1.510980448181331
ID4679,4679,5,0.22013069689273834,2371.324127987615,1260.0297128372763,0.0,126.0,126,15.0,1,,12.356475300400534,9.0,0.0,44.0,9255.0,10.085054138260654,0.5605082653825142,0.8801613931575224
ID4680,4680,6,0.132813960313797,394.521232896812,1343.0067305680475,0.0,126.0,126,15.0,1,,13.096128170894525,13.0,2.0,24.0,9809.0,3.516021156789894,0.4500909742289298,2.3122058065069537
ID4681,4681,9,0.12997713685035706,2361.543027085153,1568.53257987496,0.0,126.0,126,15.0,1,,9.07743658210948,9.0,0.0,22.0,6799.0,5.160979247108814,0.508257892961364,1.185412851832581
ID4682,4682,11,0.18027688562870026,2635.7239429904175,1705.618340028002,0.0,126.0,126,15.0,1,,10.676902536715621,9.0,0.0,32.0,7997.0,7.784515208021015,0.5636426900388591,0.9888036539820692
ID4683,4683,13,0.2261023074388504,507.64006652169644,1714.6634917898118,0.0,126.0,126,15.0,1,,14.070761014686248,12.0,0.0,40.0,10539.0,9.321016565866191,0.5428975774615497,1.0623438528488112
ID4684,4684,79,0.12742966413497925,2507.567508592747,1876.8149986074027,0.0,126.0,126,15.0,1,,9.664886515353805,9.0,0.0,23.0,7239.0,4.735361134486179,0.4990790657417869,1.3589968912701802
ID4685,4685,14,0.1979375034570694,2272.6789829663894,1896.8229105403368,0.0,126.0,126,15.0,1,,11.886515353805073,10.0,0.0,35.0,8903.0,8.203735438230098,0.5646546194241615,1.04577270819246
ID4686,4686,15,0.1511489748954773,405.50439884589065,1902.6305138041662,0.0,126.0,126,15.0,1,,9.921228304405874,8.0,0.0,31.0,7431.0,6.533782272827624,0.5003385769745355,1.0127575604767232
ID4687,4687,17,0.1838243156671524,696.0436518958076,1921.656853756823,0.0,126.0,126,15.0,1,,11.76101468624833,10.0,0.0,36.0,8809.0,8.145421405803765,0.4697413497756972,0.9229519865859753
ID4669,4669,59,0.2023046910762787,2956.4366212394652,20.25134170264265,0.0,126.0,126,15.0,1,,11.110814419225635,8.0,0.0,43.0,8322.0,9.930359273379882,0.5688813005868653,0.8114140062025504
ID4670,4670,24,0.15098457038402557,1122.3829712069248,61.64167043070926,0.0,126.0,126,15.0,1,,9.797062750333778,8.0,0.0,29.0,7338.0,6.8812651120886565,0.4558510175878807,0.8915867167706575
ID4671,4671,65,0.17142726480960846,1317.563500714906,321.6472913157715,0.0,126.0,126,15.0,1,,10.240320427236314,8.0,0.0,35.0,7670.0,8.025755859508838,0.49922979446007315,0.8497474881075106
ID4704,4704,79,0.13909167051315308,2507.429363467345,1873.6497291258522,0.0,127.0,127,15.0,1,,10.656875834445929,10.0,0.0,26.0,7982.0,4.682830324943392,0.5112663805366405,1.5397765235428331
ID4705,4705,,0.10306697338819504,2810.2518175925925,1890.119790862466,0.0,127.0,127,15.0,1,,8.7716955941255,8.0,0.0,23.0,6570.0,5.254735570693195,0.3280967204308164,0.8247738184143295
ID4706,4706,14,0.2101137787103653,2280.240507326606,1899.1450455615977,0.0,127.0,127,15.0,1,,12.607476635514018,11.0,0.0,36.0,9443.0,8.449171567374025,0.585463186247851,1.1020149046451717
ID4707,4707,15,0.15973052382469177,403.6607573024785,1910.6286528806404,0.0,127.0,127,15.0,1,,10.232309746328438,8.0,0.0,31.0,7664.0,6.999004713824878,0.5026380250355601,0.9780664315011258
ID4708,4708,17,0.19428890943527222,697.6242004418681,1923.79101930192,0.0,127.0,127,15.0,1,,12.412550066755674,10.0,0.0,39.0,9297.0,8.566468802243016,0.4792610435330569,0.9388938193651353
ID4688,4688,59,0.17720311880111694,2951.531913856276,19.316156665870984,0.0,127.0,127,15.0,1,,10.136181575433913,7.0,0.0,36.0,7592.0,8.71795963282118,0.5473153859422789,0.822523541286332
ID4689,4689,24,0.1495596468448639,1121.9029787909788,68.86010926716028,0.0,127.0,127,15.0,1,,9.460614152202938,8.0,0.0,32.0,7086.0,6.957864795324299,0.477940114092593,0.8794071385946737
ID4690,4690,65,0.16353774070739746,1322.4201783127232,320.3015832484587,0.0,127.0,127,15.0,1,,9.975967957276369,8.0,0.0,35.0,7472.0,7.524253780332215,0.5054382840729,0.8902803421534617
ID4691,4691,70,0.14960284531116486,2490.042757110881,341.19314864759104,0.0,127.0,127,15.0,1,,8.56475300400534,5.0,0.0,32.0,6415.0,8.020704281099464,0.4380559659835009,0.650558185330814
ID4692,4692,21,0.27992409467697144,383.95902311907633,413.0313100882688,0.0,127.0,127,15.0,1,,25.077436582109478,26.0,11.0,38.0,18783.0,4.819399950200959,0.5317152131210361,3.612611233804181
ID4693,4693,76,0.14225326478481293,2133.2491922152794,418.8456950631912,0.0,127.0,127,15.0,1,,8.54739652870494,6.0,0.0,34.0,6402.0,7.39124060842239,0.4455777600010839,0.7128999026927633
ID4694,4694,20,0.14694854617118835,311.14148593160644,438.8876465186426,0.0,127.0,127,15.0,1,,9.240320427236314,7.0,0.0,31.0,6921.0,7.228577267274232,0.45268824175177813,0.7966929836864397
ID4695,4695,2,0.16878752410411835,2827.7618441460595,701.6728661245137,0.0,127.0,127,15.0,1,,11.31909212283044,9.0,0.0,36.0,8478.0,7.604419009988205,0.44071282054510424,0.9106548711536967
ID4696,4696,3,0.19520269334316254,2162.154367017016,797.2878673067706,0.0,127.0,127,15.0,1,,11.48731642189586,8.0,0.0,41.0,8604.0,9.667267219298095,0.4690475800582736,0.758797504369625
ID4697,4697,77,0.11904340237379074,2633.550300784231,1122.1611821013882,0.0,127.0,127,15.0,1,,9.288384512683578,9.0,0.0,22.0,6957.0,4.345030498600735,0.48412063932171107,1.3946388065627349
ID4698,4698,5,0.215953528881073,2370.163100588806,1260.5578710033167,0.0,127.0,127,15.0,1,,11.534045393858477,8.0,0.0,44.0,8639.0,10.406213554316649,0.5520813244947772,0.7885105362669009
ID4699,4699,6,0.1303112804889679,395.6065224793604,1343.8584787388604,0.0,127.0,127,15.0,1,,13.27369826435247,13.0,4.0,22.0,9942.0,3.0479439584865324,0.4492326303813422,2.699902925345527
ID4700,4700,8,0.10096379369497299,727.3967999096207,1550.1928009106166,0.0,127.0,127,15.0,1,,8.316421895861149,8.0,0.0,19.0,6229.0,4.066296849438712,0.4366734276431367,1.2432719479518304
ID4701,4701,9,0.14317746460437775,2359.374978445925,1573.250978099291,0.0,127.0,127,15.0,1,,10.114819759679573,10.0,0.0,27.0,7576.0,5.595563261142584,0.5094388834470327,1.2201715383721168
ID4702,4702,11,0.20790532231330872,2630.74435138644,1706.1771703523673,0.0,127.0,127,15.0,1,,11.826435246995995,9.0,0.0,41.0,8858.0,9.423164978465365,0.5444637233387699,0.8848676052971032
ID4703,4703,13,0.22288861870765686,505.2059989028159,1711.5250119905565,0.0,127.0,127,15.0,1,,13.395193591455273,11.0,0.0,36.0,10033.0,8.749409658995374,0.5900872654812006,1.1363065807590746
ID4736,4736,,0.11702757328748703,1479.6986170845125,704.7738300269486,0.0,128.0,128,15.0,1,,10.572763684913218,10.0,0.0,25.0,7919.0,5.411821628725326,0.40044698742485135,1.1172578224781073
ID4737,4737,2,0.18108585476875305,2840.8682714043894,706.7377385319822,0.0,128.0,128,15.0,1,,10.476635514018692,7.0,0.0,36.0,7847.0,9.488864929434811,0.4370974151825829,0.6716292409867748
ID4738,4738,3,0.1382981687784195,2172.621382646501,799.5986016782358,0.0,128.0,128,15.0,1,,10.065420560747663,8.0,0.0,31.0,7539.0,6.681824896480287,0.38231386178903287,0.8332593826206406
ID4739,4739,77,0.12097825855016708,2636.772083938025,1123.0017939244044,0.0,128.0,128,15.0,1,,9.184245660881174,9.0,0.0,21.0,6879.0,4.65444616641342,0.4647208031429487,1.252110738023281
ID4740,4740,5,0.20760348439216614,2366.752257430733,1270.7228120508535,0.0,128.0,128,15.0,1,,11.83845126835781,9.0,0.0,40.0,8867.0,9.21138076328071,0.5697744269056733,0.9329660812709217
ID4741,4741,6,0.13538719713687897,395.5612376477148,1343.6157482621447,0.0,128.0,128,15.0,1,,13.712950600801069,14.0,3.0,24.0,10271.0,3.490492123794719,0.44621936923479066,2.424311876312844
ID4742,4742,8,0.11906257271766663,728.4629510101311,1551.0119851367908,0.0,128.0,128,15.0,1,,9.576769025367156,9.0,0.0,23.0,7173.0,4.466577572962996,0.461397716351914,1.3538830283451568
ID4743,4743,9,0.12132424116134644,2361.5380027500623,1571.3046313335583,0.0,128.0,128,15.0,1,,8.913217623497998,8.0,0.0,24.0,6676.0,5.071857862082156,0.46030840454356836,1.1079030341950988
ID4744,4744,13,0.20310424268245697,508.9617355496204,1700.7716473721377,0.0,128.0,128,15.0,1,,12.246995994659546,9.0,0.0,36.0,9173.0,8.925067274644823,0.5224667120249681,0.9418004480678175
ID4745,4745,11,0.21530112624168396,2630.2320396002187,1705.374985261496,0.0,128.0,128,15.0,1,,12.272363150867823,9.0,0.0,42.0,9192.0,9.334287744483882,0.5748391442504888,0.9598141366469503
ID4746,4746,79,0.13217633962631226,2503.565989499453,1875.8382529190524,0.0,128.0,128,15.0,1,,9.92256341789052,9.0,0.0,22.0,7432.0,4.837673662849966,0.4922351821933513,1.3531710151921228
ID4747,4747,14,0.21465958654880524,2279.3916880335605,1900.3360489054053,0.0,128.0,128,15.0,1,,12.485981308411215,10.0,0.0,38.0,9352.0,8.998447786804272,0.5868880888100149,1.0263466524193274
ID4748,4748,15,0.1612718105316162,405.2001086274165,1914.190255413674,0.0,128.0,128,15.0,1,,10.630173564753004,9.0,0.0,33.0,7962.0,6.894211909822315,0.4861998726034397,1.0088424399667548
ID4749,4749,17,0.19795717298984528,703.0513534213856,1921.3276780955757,0.0,128.0,128,15.0,1,,13.272363150867823,11.0,0.0,37.0,9941.0,8.4793266933618,0.46585271364591163,0.9948902571602138
ID4729,4729,59,0.15244601666927338,2958.6182448729487,27.96649634420067,0.0,128.0,128,15.0,1,,9.678237650200266,7.0,0.0,30.0,7249.0,7.319983569436203,0.4707489468860964,0.8463830989104505
ID4730,4730,24,0.13404114544391632,1123.2426163679095,75.20042846404891,0.0,128.0,128,15.0,1,,9.180240320427236,8.0,0.0,25.0,6876.0,5.892153256293068,0.4605780218790285,0.9826264734015456
ID4731,4731,65,0.1709890216588974,1324.7914255046667,320.8901995293934,0.0,128.0,128,15.0,1,,10.061415220293725,8.0,0.0,32.0,7536.0,7.892931151707641,0.5205761629197132,0.8728243488517605
ID4732,4732,70,0.12723888456821442,2498.5133187197607,345.2905830060852,0.0,128.0,128,15.0,1,,8.184245660881174,6.0,0.0,29.0,6130.0,6.606650159898887,0.40818870188046863,0.7181703422310977
ID4733,4733,21,0.2855900228023529,383.7122878916046,412.815961258657,0.0,128.0,128,15.0,1,,25.316421895861147,25.0,10.0,37.0,18962.0,5.139759041913516,0.5297745038071643,3.4115614313924896
ID4734,4734,76,0.13453391194343567,2128.371350982616,412.80729501083414,0.0,128.0,128,15.0,1,,8.404539385847798,7.0,0.0,28.0,6295.0,6.57966651525666,0.4669943225868505,0.813248362938149
ID4735,4735,20,0.14145752787590027,314.58930369492185,431.5946602504407,0.0,128.0,128,15.0,1,,9.36849132176235,8.0,0.0,29.0,7017.0,6.399813708350862,0.4649358280407093,0.9291947251815458
ID4709,4709,59,0.19325347244739532,2965.4735463788843,31.390314630322443,0.0,129.0,129,15.0,1,,10.4913217623498,7.0,0.0,40.0,7858.0,9.76263705878274,0.5174870331867119,0.7329385112195174
ID4710,4710,24,0.1705891489982605,1118.0708638077429,76.1252587195388,0.0,129.0,129,15.0,1,,9.886515353805073,7.0,0.0,35.0,7405.0,8.377088198847774,0.47673472025775726,0.7619990841807359
ID4711,4711,65,0.1683933436870575,1320.3486014930952,319.50298918478904,0.0,129.0,129,15.0,1,,9.883845126835782,7.0,0.0,34.0,7403.0,8.003249217002935,0.5035863497003809,0.8272469254847565
ID4712,4712,70,0.14616654813289642,2502.072640303711,344.1682409778983,0.0,129.0,129,15.0,1,,8.632843791722296,6.0,0.0,33.0,6466.0,7.574234403230801,0.4504960805291865,0.70797772564055
ID4713,4713,76,0.15750868618488312,2127.9230699208074,408.79657603988534,0.0,129.0,129,15.0,1,,9.134846461949266,6.0,0.0,34.0,6842.0,8.180564265031414,0.4551377870689812,0.6985327333618566
ID4714,4714,21,0.28044119477272034,384.2197636822861,413.11617718770486,0.0,129.0,129,15.0,1,,25.562082777036046,26.0,9.0,40.0,19146.0,4.957892636953324,0.5143703068486309,3.5024578629105156
ID4715,4715,20,0.13792634010314941,313.33558867910386,430.16277799787906,0.0,129.0,129,15.0,1,,9.212283044058745,8.0,0.0,26.0,6900.0,6.253688429926971,0.4505963021070341,0.9151706547418561
ID4716,4716,2,0.19657309353351593,2837.350399994448,703.0420367712072,0.0,129.0,129,15.0,1,,11.65954606141522,8.0,0.0,43.0,8733.0,9.714107405282533,0.4577745147741691,0.7538240595955258
ID4717,4717,3,0.16430392861366272,2170.4597438797687,807.9915691344577,0.0,129.0,129,15.0,1,,10.655540720961282,8.0,0.0,36.0,7981.0,7.7486525916859765,0.4463260417353968,0.8487217273009071
ID4718,4718,77,0.10903746634721756,2638.7591253061382,1124.6433254829358,0.0,129.0,129,15.0,1,,8.317757009345794,8.0,0.0,20.0,6230.0,4.483537002543447,0.458495812597441,1.16639501094723
ID4719,4719,5,0.20848093926906586,2370.5134540515483,1274.1499580334607,0.0,129.0,129,15.0,1,,12.009345794392523,10.0,0.0,37.0,8995.0,8.838186969225854,0.5906149777752772,1.009079886467327
ID4720,4720,6,0.1273094266653061,395.343068201418,1343.0505788878802,0.0,129.0,129,15.0,1,,12.58210947930574,13.0,3.0,22.0,9424.0,3.3607120352270945,0.4527225444842326,2.3334666573941742
ID4721,4721,8,0.10712961107492447,727.4329569850834,1547.5298192442322,0.0,129.0,129,15.0,1,,8.500667556742323,8.0,0.0,23.0,6367.0,4.4815798974582215,0.44137584435437627,1.1616711564485505
ID4722,4722,9,0.11823143064975739,2358.595741886375,1570.2807269573034,0.0,129.0,129,15.0,1,,9.014686248331108,8.0,0.0,24.0,6752.0,4.687398975919338,0.45364543103869237,1.2003468147376477
ID4723,4723,11,0.20621244609355927,2631.95207054558,1697.7549183952497,0.0,129.0,129,15.0,1,,12.44192256341789,10.0,0.0,36.0,9319.0,8.764653401018473,0.5413927614130488,0.9971990883956791
ID4724,4724,13,0.17611439526081085,514.9899414963218,1703.729932211646,0.0,129.0,129,15.0,1,,11.483311081441922,10.0,0.0,31.0,8601.0,7.586844914722512,0.5088735491289959,1.0209229127227972
ID4725,4725,79,0.138656347990036,2501.4238024356623,1875.0541761152635,0.0,129.0,129,15.0,1,,10.345794392523365,10.0,0.0,27.0,7749.0,5.018340593857471,0.5070474611039861,1.387252091249783
ID4726,4726,14,0.21649257838726044,2283.7841413789392,1900.796379244074,0.0,129.0,129,15.0,1,,12.5086782376502,10.0,0.0,39.0,9369.0,9.13894481261607,0.5781516519530849,1.0028555880282524
ID4727,4727,15,0.12146026641130447,407.8248421598204,1923.8141413581575,0.0,129.0,129,15.0,1,,8.320427236315087,7.0,0.0,23.0,6232.0,5.37436695230989,0.4617675249724661,0.9781228039182117
ID4728,4728,17,0.18733127415180206,704.8538790226049,1924.973658776757,0.0,129.0,129,15.0,1,,12.277703604806408,11.0,0.0,43.0,9196.0,8.62205833352371,0.46958575575720374,0.9100309537381761
ID4768,4768,15,0.15453596413135529,421.87609189443987,1920.1704932775872,0.0,130.0,130,15.0,1,,9.966622162883844,8.0,0.0,32.0,7465.0,7.323152570782794,0.45587163366252154,0.852313549738956
ID4769,4769,17,0.20190314948558807,703.9381521355581,1923.9977241310887,0.0,130.0,130,15.0,1,,13.018691588785046,11.0,0.0,39.0,9751.0,8.665480901158244,0.4849915116691229,0.9813294479304001
ID4750,4750,59,0.1939423680305481,2960.2438301030274,26.48859596462482,0.0,130.0,130,15.0,1,,11.024032042723631,8.0,0.0,42.0,8257.0,9.434659012002946,0.5003382397401815,0.7793252937923665
ID4751,4751,24,0.16572239995002747,1114.1636716381847,80.75030432030819,0.0,130.0,130,15.0,1,,9.92256341789052,8.0,0.0,32.0,7432.0,7.616958692960353,0.5049921254479198,0.8742238631815588
ID4752,4752,65,0.15605223178863525,1319.7317090179474,328.10124070391504,0.0,130.0,130,15.0,1,,9.9652870493992,8.0,0.0,33.0,7464.0,6.979448197631982,0.4923866767263049,0.9421578051234467
ID4753,4753,70,0.14629413187503815,2506.048030699159,343.2916492153479,0.0,130.0,130,15.0,1,,8.496662216288385,6.0,0.0,34.0,6364.0,7.741412497337388,0.4340546916182705,0.6644111006713098
ID4754,4754,76,0.1615583300590515,2126.88830977427,408.44602942599164,0.0,130.0,130,15.0,1,,9.80373831775701,7.0,0.0,33.0,7343.0,8.153453840901339,0.4470353582506661,0.7429213189393306
ID4755,4755,21,0.2826040983200073,383.65235808421943,413.17426229928174,0.0,130.0,130,15.0,1,,25.076101468624834,25.0,10.0,40.0,18782.0,5.265499429909262,0.5279628829902935,3.291099641635567
ID4756,4756,20,0.12414927035570145,311.2107332746784,431.9860407929696,0.0,130.0,130,15.0,1,,8.89452603471295,8.0,0.0,26.0,6662.0,5.844082380720702,0.4061502812799456,0.8792077290525235
ID4757,4757,2,0.18221506476402283,2835.109979214658,705.3341561303498,0.0,130.0,130,15.0,1,,12.004005340453938,11.0,0.0,34.0,8991.0,8.376261018000966,0.4592998345762402,0.9021063278099717
ID4758,4758,3,0.16456854343414307,2165.470440015739,802.7434175086682,0.0,130.0,130,15.0,1,,10.606141522029372,9.0,0.0,35.0,7944.0,7.729450221972799,0.4579111248809391,0.8619636542134982
ID4759,4759,77,0.10996956378221512,2633.022114832399,1124.6141401298373,0.0,130.0,130,15.0,1,,8.591455273698264,8.0,0.0,22.0,6435.0,4.254752818019965,0.467644031684607,1.2868177944782633
ID4760,4760,5,0.19637469947338104,2373.274880043389,1272.6443836206918,0.0,130.0,130,15.0,1,,11.560747663551401,9.0,0.0,37.0,8659.0,8.59738845291436,0.5530742612496444,0.9577244912019842
ID4761,4761,6,0.12678922712802887,394.5861628569196,1343.3409036147345,0.0,130.0,130,15.0,1,,12.622162883845126,13.0,3.0,22.0,9454.0,3.4393274619532375,0.4591038354686937,2.3094840670516574
ID4762,4762,8,0.1070016622543335,719.7679182835948,1549.993832655068,0.0,130.0,130,15.0,1,,8.781041388518023,9.0,0.0,21.0,6577.0,4.295578311672037,0.43054523631916414,1.2304715359748808
ID4763,4763,9,0.1145082488656044,2354.176107194758,1577.4343890109042,0.0,130.0,130,15.0,1,,8.957276368491321,9.0,0.0,23.0,6709.0,4.470735628942136,0.4533521785906507,1.2499476424470857
ID4764,4764,11,0.21456386148929596,2633.153425761274,1698.0048957915228,0.0,130.0,130,15.0,1,,12.268357810413885,9.0,0.0,40.0,9189.0,9.526143318479255,0.552448111484939,0.9165870527748472
ID4765,4765,13,0.1796477884054184,514.642707536519,1714.2253153650875,0.0,130.0,130,15.0,1,,11.213618157543392,10.0,0.0,37.0,8399.0,8.147850106419185,0.4934763965252657,0.9094959090525429
ID4766,4766,79,0.11876410245895386,2495.9010869006484,1872.4729521316835,0.0,130.0,130,15.0,1,,9.851802403204273,10.0,0.0,23.0,7379.0,4.037350693710531,0.4721178318159469,1.5651538867606887
ID4767,4767,14,0.19301427900791168,2291.458838621564,1894.5755779811689,0.0,130.0,130,15.0,1,,12.120160213618158,10.0,0.0,37.0,9078.0,7.68820765020645,0.5712015302607306,1.146227227701667
ID4770,4770,59,0.20900239050388336,2956.9387817527363,29.53845511172902,0.0,131.0,131,15.0,1,,11.457943925233645,9.0,0.0,42.0,8582.0,10.027897265847473,0.5408239512091458,0.8021022012343513
ID4771,4771,24,0.1449871063232422,1120.9099123860403,80.41490701324355,0.0,131.0,131,15.0,1,,9.714285714285714,9.0,0.0,28.0,7276.0,6.272644235010217,0.48322939490982636,1.0091023853084742
ID4772,4772,65,0.16101232171058655,1318.3081851451545,328.8765846735262,0.0,131.0,131,15.0,1,,9.57543391188251,7.0,0.0,33.0,7172.0,7.880880198674118,0.47268258460721696,0.7799633281166087
ID4773,4773,70,0.13055719435214996,2505.310483080931,336.03986976357197,0.0,131.0,131,15.0,1,,8.288384512683578,6.0,0.0,33.0,6208.0,7.005699450670784,0.39580776308714133,0.6709761492132273
ID4774,4774,76,0.168930321931839,2124.4671109184555,408.2804495286333,0.0,131.0,131,15.0,1,,9.700934579439252,7.0,0.0,37.0,7266.0,8.503145796127821,0.4929183461398784,0.753360548322763
ID4775,4775,21,0.281827449798584,383.9140164783706,412.9996662099404,0.0,131.0,131,15.0,1,,25.157543391188252,25.0,10.0,38.0,18843.0,4.7761956925887725,0.5361126315106486,3.6766229430598525
ID4776,4776,20,0.12074180692434311,311.5194588609914,427.9083489408188,0.0,131.0,131,15.0,1,,8.29506008010681,7.0,0.0,26.0,6213.0,6.180635591363605,0.381979617099862,0.7419163543582538
ID4777,4777,2,0.21720734238624573,2837.8206098786864,709.6248331333219,0.0,131.0,131,15.0,1,,12.320427236315087,8.0,0.0,45.0,9228.0,10.986567969709823,0.4702204429048498,0.7173197128982749
ID4778,4778,3,0.2061038762331009,2159.824395017036,791.5108710872905,0.0,131.0,131,15.0,1,,11.188251001335113,8.0,0.0,42.0,8380.0,10.03686098110492,0.5403025646839769,0.78203335754284
ID4779,4779,77,0.15062405169010162,2628.942727914102,1117.3562324827678,0.0,131.0,131,15.0,1,,11.264352469959947,11.0,0.0,26.0,8437.0,5.493513215401541,0.49446058691720185,1.356854463116199
ID4780,4780,5,0.20022812485694885,2379.866046859307,1265.6068559500434,0.0,131.0,131,15.0,1,,11.727636849132177,9.0,0.0,36.0,8784.0,8.854470902857447,0.5517504910347439,0.9418868352386264
ID4781,4781,6,0.1308964192867279,394.8501380420396,1343.1606561036265,0.0,131.0,131,15.0,1,,13.432576769025367,13.0,2.0,24.0,10061.0,3.4009760172781807,0.4433871178309454,2.4265318917567518
ID4782,4782,8,0.11790778487920761,720.6627088883067,1555.8295471184358,0.0,131.0,131,15.0,1,,9.038718291054739,9.0,0.0,22.0,6770.0,4.7219304560774,0.4632118009888517,1.2119638892140094
ID4783,4783,9,0.13239122927188873,2349.447190530148,1580.0684595368737,0.0,131.0,131,15.0,1,,9.548731642189587,9.0,0.0,24.0,7152.0,5.141249678378588,0.4955364589763982,1.230794640822836
ID4784,4784,11,0.17581790685653687,2636.3030251264113,1694.854500363872,0.0,131.0,131,15.0,1,,10.830440587449933,9.0,0.0,34.0,8112.0,7.460006196557882,0.5352938474172696,1.012366286338046
ID4785,4785,13,0.21153418719768524,507.87452842423176,1712.2758875131808,0.0,131.0,131,15.0,1,,12.789052069425901,10.0,0.0,37.0,9579.0,9.028821218902278,0.5428388379576659,0.9967532191289313
ID4786,4786,14,0.19762714207172394,2297.121712134979,1885.660272620499,0.0,131.0,131,15.0,1,,12.524699599465954,11.0,0.0,33.0,9381.0,7.662917954283294,0.566818688159261,1.1825746250712976
ID4787,4787,17,0.1898367702960968,702.2228058243627,1920.4696836944552,0.0,131.0,131,15.0,1,,12.210947930574099,10.0,0.0,37.0,9146.0,8.07026878557022,0.4971032927760592,1.0048153245224223
ID4788,4788,15,0.14309941232204437,419.5895264628515,1921.7306779849182,0.0,131.0,131,15.0,1,,9.469959946595461,8.0,0.0,31.0,7093.0,6.389598635307125,0.4747629970069246,0.954243454381719
ID4808,4808,59,0.18939629197120667,2961.9274293382327,29.683551818034903,0.0,132.0,132,15.0,1,,11.125500667556743,9.0,0.0,36.0,8333.0,8.331388600489465,0.5532935213927365,0.9513366370337885
ID4809,4809,24,0.17129167914390564,1127.3721488213591,78.82279904925616,0.0,132.0,132,15.0,1,,10.020026702269693,8.0,0.0,36.0,7505.0,8.219149057489625,0.49506696267380734,0.8073750392848572
ID4810,4810,70,0.10379471629858017,2504.593434117429,323.74536916351667,0.0,132.0,132,15.0,1,,7.21762349799733,6.0,0.0,25.0,5406.0,5.578742044035162,0.3857168931172112,0.7202480436872034
ID4811,4811,65,0.113489530980587,1320.5063259312533,334.9636354752976,0.0,132.0,132,15.0,1,,8.265687583444592,7.0,0.0,23.0,6191.0,5.34456195346804,0.40212454780345797,0.8870964861437618
ID4812,4812,76,0.12930068373680115,2125.7437609452804,408.21121973467785,0.0,132.0,132,15.0,1,,8.64886515353805,7.0,0.0,28.0,6478.0,6.287736508068203,0.4490243441803929,0.8524894106207581
ID4813,4813,21,0.28143754601478577,384.5409302731357,412.9077419002225,0.0,132.0,132,15.0,1,,24.630173564753004,24.0,12.0,36.0,18448.0,4.970307299250175,0.5500560939381597,3.517011536257465
ID4814,4814,2,0.2418782114982605,2837.9224300388023,709.4352587294413,0.0,132.0,132,15.0,1,,13.08411214953271,9.0,0.0,47.0,9800.0,11.929701672636293,0.5185572128755902,0.7490489348822232
ID4815,4815,,0.1041603609919548,1469.2892646371586,730.1882933864625,0.0,132.0,132,15.0,1,,9.903871829105475,10.0,0.0,24.0,7418.0,5.146916263257386,0.40932425563488767,1.1177494336298843
ID4816,4816,3,0.19742532074451447,2161.3732327657845,791.8399252287337,0.0,132.0,132,15.0,1,,11.644859813084112,8.0,0.0,43.0,8722.0,9.42813606248204,0.4902953026774972,0.8126879469683551
ID4817,4817,77,0.14567969739437103,2633.5002028659874,1115.6594083354803,0.0,132.0,132,15.0,1,,10.708945260347129,10.0,0.0,25.0,8021.0,5.190559878659671,0.5125784481529025,1.3983146980499221
ID4818,4818,5,0.1973579376935959,2382.8828212504623,1263.8734908084386,0.0,132.0,132,15.0,1,,11.51935914552737,9.0,0.0,36.0,8628.0,8.389018261765992,0.5735075496505271,1.0009617521665701
ID4819,4819,6,0.1361449807882309,394.8593839044649,1342.191867742906,0.0,132.0,132,15.0,1,,13.477970627503337,13.0,1.0,25.0,10095.0,3.423512307244228,0.4505012765606433,2.4454597457934586
ID4820,4820,9,0.13615837693214417,2346.3279235174164,1576.640484386477,0.0,132.0,132,15.0,1,,10.13351134846462,9.0,0.0,24.0,7590.0,5.003828596371279,0.5011232128819351,1.3521214696770028
ID4821,4821,11,0.15334130823612213,2641.84771013649,1690.70414894071,0.0,132.0,132,15.0,1,,10.005340453938585,9.0,0.0,27.0,7494.0,6.393092303059099,0.5065834896751357,1.0524675623564514
ID4822,4822,13,0.20807844400405884,508.5635748976079,1710.5856354440607,0.0,132.0,132,15.0,1,,12.678237650200266,10.0,0.0,38.0,9496.0,8.74715043544116,0.5424020849656735,1.019403299354244
ID4823,4823,79,0.12061136960983276,2511.7078542160216,1862.9553927812674,0.0,132.0,132,15.0,1,,9.355140186915888,9.0,0.0,21.0,7007.0,4.376885798352372,0.48863179312465993,1.4031674816810211
ID4824,4824,14,0.18413442373275757,2302.291909220205,1876.7456466374529,0.0,132.0,132,15.0,1,,11.347129506008011,10.0,0.0,32.0,8499.0,7.498996931893157,0.5687266821088366,1.0971579434138352
ID4825,4825,80,0.1292666643857956,2835.051482811201,1883.17892373733,0.0,132.0,132,15.0,1,,8.411214953271028,6.0,0.0,30.0,6300.0,6.725256271521338,0.4003482482209212,0.7151246848121818
ID4826,4826,15,0.12814386188983917,420.8615432990802,1914.3328767508726,0.0,132.0,132,15.0,1,,9.05607476635514,8.0,0.0,24.0,6783.0,5.907672530901688,0.4204410110197784,0.9074766311627092
ID4827,4827,17,0.16488495469093323,694.1113160797898,1919.64751999887,0.0,132.0,132,15.0,1,,10.62483311081442,8.0,0.0,39.0,7958.0,8.240338541808095,0.4085502514478137,0.747963138065247
ID4800,4800,9,0.1218971237540245,2344.3003277613293,1570.3949070739654,0.0,133.0,133,15.0,1,,9.128170894526034,9.0,0.0,22.0,6837.0,4.628396367352616,0.49564265581525124,1.3071458440809236
ID4801,4801,11,0.2057163119316101,2654.2964541246406,1683.327660940797,0.0,133.0,133,15.0,1,,11.679572763684913,9.0,0.0,40.0,8748.0,9.187812889887224,0.5594946276700095,0.9121302267505004
ID4802,4802,13,0.19829469919204712,514.3328287136037,1709.824938630851,0.0,133.0,133,15.0,1,,11.969292389853138,10.0,0.0,37.0,8965.0,8.692941826575325,0.5311143108844426,0.9552390905243151
ID4803,4803,79,0.10361851006746292,2497.960293684527,1869.2163033598824,0.0,133.0,133,15.0,1,,8.727636849132177,9.0,0.0,21.0,6537.0,3.8588806385250742,0.434029926826722,1.3690735447588251
ID4804,4804,14,0.20476862788200378,2305.350755048703,1874.2494015390168,0.0,133.0,133,15.0,1,,12.097463284379172,10.0,0.0,35.0,9061.0,8.407238826122752,0.5923705653725505,1.070582778568681
ID4805,4805,80,0.13070882856845856,2837.6720599963073,1883.4446752011395,0.0,133.0,133,15.0,1,,8.985313751668892,7.0,0.0,29.0,6730.0,6.583771009858403,0.3912242745426912,0.7675685503465584
ID4806,4806,15,0.14094413816928864,426.4156696459363,1903.751713207719,0.0,133.0,133,15.0,1,,9.050734312416555,7.0,0.0,29.0,6779.0,6.755278397280917,0.45831960293748664,0.842143846046113
ID4807,4807,17,0.1958465278148651,685.8947276710559,1920.5272881086937,0.0,133.0,133,15.0,1,,11.271028037383177,8.0,0.0,39.0,8442.0,9.545975249310214,0.49140301608322895,0.7780652557509524
ID4789,4789,59,0.18405045568943024,2959.66364836395,34.64227581171,0.0,133.0,133,15.0,1,,11.360480640854473,9.0,0.0,39.0,8509.0,8.272810810066726,0.4983372440993536,0.9134554688501522
ID4790,4790,24,0.16130699217319489,1131.1298622610605,77.88644726915113,0.0,133.0,133,15.0,1,,10.054739652870493,8.0,0.0,31.0,7531.0,7.127632797577475,0.5009911513436146,0.9416888567021137
ID4791,4791,65,0.14806890487670898,1317.8944955967006,343.3458651442814,0.0,133.0,133,15.0,1,,9.647530040053404,8.0,0.0,31.0,7226.0,7.063212287735859,0.4315983192957205,0.823573645761615
ID4792,4792,76,0.17939667403697968,2130.897547749104,403.5511818951276,0.0,133.0,133,15.0,1,,10.17890520694259,7.0,0.0,36.0,7624.0,8.782733021934876,0.5043597174787193,0.7771235703351242
ID4793,4793,21,0.2721061110496521,383.8997964099235,413.1811674233968,0.0,133.0,133,15.0,1,,24.142857142857142,24.0,10.0,39.0,18083.0,5.101079141060386,0.5237049225340713,3.2534368713183817
ID4794,4794,20,0.12376097589731216,324.28679401754704,424.31561897406414,0.0,133.0,133,15.0,1,,8.506008010680908,7.0,0.0,26.0,6371.0,6.082896923222138,0.39519595972305116,0.7921776982628328
ID4795,4795,2,0.1922750622034073,2840.9658697050827,712.2063841080046,0.0,133.0,133,15.0,1,,11.35113484646195,8.0,0.0,38.0,8502.0,9.406495333495085,0.46830116344914186,0.769753244359188
ID4796,4796,3,0.19718581438064575,2160.5720863020633,792.1218723953123,0.0,133.0,133,15.0,1,,11.851802403204273,9.0,0.0,39.0,8877.0,9.358040815081555,0.4808036681384422,0.8224315334622372
ID4797,4797,77,0.13117237389087677,2640.428808937465,1115.190808842632,0.0,133.0,133,15.0,1,,9.656875834445929,9.0,0.0,26.0,7233.0,5.140904575287246,0.5030089506985465,1.2573067485702074
ID4798,4798,5,0.1855500191450119,2372.740371454846,1260.1985424164238,0.0,133.0,133,15.0,1,,11.41789052069426,10.0,0.0,31.0,8552.0,7.529460877489525,0.5688637449459024,1.0997020082436182
ID4799,4799,6,0.14316600561141968,395.12461957735496,1344.0189910661852,0.0,133.0,133,15.0,1,,14.345794392523365,15.0,4.0,22.0,10745.0,3.2315786551974717,0.46918038485391184,2.8353363949860744
ID4832,4832,76,0.17138001322746277,2125.6062751573995,404.5756373014002,0.0,134.0,134,15.0,1,,9.571428571428571,6.0,0.0,35.0,7169.0,8.485393912768643,0.5217368861175062,0.7734757891876436
ID4833,4833,21,0.2798517048358917,384.26817511310395,413.11837851537507,0.0,134.0,134,15.0,1,,25.15086782376502,25.0,11.0,37.0,18838.0,4.710886234264767,0.5393940321421623,3.7414219749378628
ID4834,4834,20,0.12132380902767181,313.68729426808426,420.61461533250775,0.0,134.0,134,15.0,1,,8.571428571428571,7.0,0.0,27.0,6420.0,6.106828448967464,0.3897662665824384,0.7872813601968962
ID4835,4835,2,0.23036473989486694,2844.6427549195223,714.4441485771048,0.0,134.0,134,15.0,1,,12.093457943925234,7.0,0.0,48.0,9058.0,11.47978099019261,0.5534938468426852,0.7506718865436783
ID4836,4836,3,0.19056583940982819,2163.3184194987316,792.532814302582,0.0,134.0,134,15.0,1,,12.233644859813085,10.0,0.0,37.0,9163.0,8.904883007450504,0.4446594304937617,0.8457065163893643
ID4837,4837,77,0.13098347187042236,2638.241245290617,1117.9790796314805,0.0,134.0,134,15.0,1,,9.51935914552737,9.0,0.0,23.0,7130.0,5.100719422413826,0.4985436822712901,1.2417669108087137
ID4838,4838,5,0.21400457620620728,2368.4166138306337,1255.1834316839922,0.0,134.0,134,15.0,1,,12.221628838451268,10.0,0.0,38.0,9154.0,9.198872984679056,0.587993987026562,0.9838944143066622
ID4839,4839,6,0.1297779232263565,396.05262779137985,1343.9649475183865,0.0,134.0,134,15.0,1,,13.017356475300401,13.0,3.0,22.0,9750.0,3.420755765584918,0.44896409031281714,2.35822212477262
ID4840,4840,,0.10583531856536865,724.7080565854299,1551.961980606849,0.0,134.0,134,15.0,1,,8.58210947930574,8.0,0.0,23.0,6428.0,4.247081455746001,0.43964158405570686,1.2341781028851255
ID4841,4841,9,0.1368159055709839,2343.0205057149747,1563.8621776092268,0.0,134.0,134,15.0,1,,9.835781041388518,9.0,0.0,25.0,7367.0,5.000374460321628,0.513053274927514,1.3339653957645667
ID4842,4842,11,0.1724535971879959,2654.5069270813447,1670.9757325980866,0.0,134.0,134,15.0,1,,10.785046728971963,9.0,0.0,33.0,8078.0,7.4523793461509,0.5297887923749176,1.0023707036371128
ID4843,4843,13,0.21614281833171844,518.593571043493,1704.1998292170742,0.0,134.0,134,15.0,1,,12.608811748998665,10.0,0.0,39.0,9444.0,9.609792092831942,0.5441917185576662,0.9247852067277705
ID4844,4844,79,0.11126752942800522,2496.9065395658527,1870.2272363308773,0.0,134.0,134,15.0,1,,9.610146862483312,9.0,0.0,21.0,7198.0,3.846340521354041,0.43599070264121603,1.5171827287625408
ID4845,4845,14,0.20904427766799927,2309.343622276063,1874.1708007877758,0.0,134.0,134,15.0,1,,12.594125500667557,10.0,0.0,35.0,9433.0,8.366329748791403,0.5903007943381043,1.1175246884660195
ID4846,4846,80,0.12388801574707031,2839.4419944878796,1877.7125108951673,0.0,134.0,134,15.0,1,,8.186915887850468,6.0,0.0,31.0,6132.0,6.339106173571633,0.412687801273706,0.7545668731904308
ID4847,4847,15,0.1283968836069107,429.72970261064864,1905.7724804477323,0.0,134.0,134,15.0,1,,8.708945260347129,8.0,0.0,27.0,6523.0,5.707035491386118,0.46909330942479666,0.9745291651802201
ID4848,4848,17,0.19488929212093353,688.6810911663893,1919.5967995768735,0.0,134.0,134,15.0,1,,11.472630173564752,8.0,0.0,41.0,8593.0,9.5119323401185,0.4679079454324249,0.7689282838020346
ID4828,4828,59,0.18347784876823425,2964.8649096968616,26.419985168229083,0.0,134.0,134,15.0,1,,10.516688918558078,8.0,0.0,38.0,7877.0,8.894437469513644,0.5130582847960666,0.8018656029072758
ID4829,4829,24,0.17580446600914001,1128.7328461068837,81.14106958310171,0.0,134.0,134,15.0,1,,10.445927903871828,8.0,0.0,33.0,7824.0,8.103364660662395,0.511958294658473,0.8729842501590428
ID4830,4830,,0.11518117785453796,2515.11992630911,320.4494621344733,0.0,134.0,134,15.0,1,,7.7276368491321765,6.0,0.0,28.0,5788.0,6.245473004057885,0.38017034811267914,0.6816428957280901
ID4831,4831,65,0.1573503017425537,1316.0784005382422,344.8391634786886,0.0,134.0,134,15.0,1,,10.230974632843791,9.0,0.0,30.0,7663.0,7.2957977602118085,0.43491270818601413,0.8500624506856987
ID4864,4864,79,0.12401983886957169,2497.1862202269926,1874.40962357485,0.0,135.0,135,15.0,1,,9.640854472630174,10.0,0.0,23.0,7221.0,4.5360100864299815,0.49872596688825255,1.414527061410176
ID4865,4865,80,0.1116890013217926,2831.452683900146,1876.457068932335,0.0,135.0,135,15.0,1,,7.606141522029373,6.0,0.0,26.0,5697.0,5.921592382875463,0.3744997473547646,0.6999431263880873
ID4866,4866,15,0.1437249481678009,428.2351038565385,1913.8764937339781,0.0,135.0,135,15.0,1,,9.345794392523365,8.0,0.0,29.0,7000.0,6.722680827104877,0.47596524772734894,0.896608470543341
ID4867,4867,17,0.17487077414989471,689.8648963936282,1915.5819099567996,0.0,135.0,135,15.0,1,,10.789052069425901,8.0,0.0,35.0,8081.0,8.426996203233816,0.44396984087920516,0.7872919905119322
ID4849,4849,59,0.18144488334655762,2967.3102147341415,21.96805897464211,0.0,135.0,135,15.0,1,,10.718291054739653,8.0,0.0,37.0,8028.0,8.717764104364432,0.5072909232950593,0.8275808572855704
ID4850,4850,24,0.16128508746623993,1125.6759381441339,79.64442852403064,0.0,135.0,135,15.0,1,,9.662216288384514,8.0,0.0,29.0,7237.0,7.315606780584242,0.5196575764232496,0.9032914941289207
ID4851,4851,65,0.12424318492412567,1318.2905202785755,335.1716475540581,0.0,135.0,135,15.0,1,,8.260347129506007,7.0,0.0,27.0,6187.0,5.825932289781211,0.45186028866008404,0.8825558743427717
ID4852,4852,76,0.15473565459251404,2126.377549364234,408.0214610351439,0.0,135.0,135,15.0,1,,9.336448598130842,7.0,0.0,32.0,6993.0,7.387590309379596,0.49067766893227793,0.8319964075873363
ID4853,4853,21,0.28162866830825806,384.11269891663625,413.0873935834805,0.0,135.0,135,15.0,1,,24.79706275033378,25.0,12.0,39.0,18573.0,5.179550692070272,0.5220235359641132,3.284028100951401
ID4854,4854,20,0.1434725672006607,312.1885441877993,422.5840006625272,0.0,135.0,135,15.0,1,,9.120160213618158,7.0,0.0,29.0,6831.0,7.042763341353927,0.4406102016908923,0.7921317680088386
ID4855,4855,2,0.2280312329530716,2847.7008981036797,717.1756265309754,0.0,135.0,135,15.0,1,,12.643524699599466,9.0,0.0,44.0,9470.0,10.431455739411744,0.5637917875110652,0.8739630158556755
ID4856,4856,3,0.16576741635799408,2158.537308934036,791.038040415768,0.0,135.0,135,15.0,1,,10.903871829105475,9.0,0.0,35.0,8167.0,7.546210471192076,0.4653719288390063,0.917770586622613
ID4857,4857,77,0.13301372528076172,2641.476792853982,1115.4722662968557,0.0,135.0,135,15.0,1,,10.044058744993324,10.0,0.0,23.0,7523.0,4.685217688431159,0.5182234329245684,1.4634935820915047
ID4858,4858,5,0.19030746817588806,2369.7176343400847,1249.5302081637135,0.0,135.0,135,15.0,1,,12.257676902536716,11.0,0.0,32.0,9181.0,7.369476392291238,0.5573893607565207,1.190592122403478
ID4859,4859,6,0.13125361502170563,393.4292525540309,1341.6571095777847,0.0,135.0,135,15.0,1,,13.335113484646195,13.0,4.0,23.0,9988.0,3.048819907441736,0.4532653812148042,2.7283655825403907
ID4860,4860,9,0.12764935195446014,2341.053436941512,1565.166654393871,0.0,135.0,135,15.0,1,,9.220293724966622,9.0,0.0,26.0,6906.0,5.086767400560697,0.4877087916674521,1.188435257389648
ID4861,4861,11,0.19959725439548492,2657.28118599788,1665.2586026059053,0.0,135.0,135,15.0,1,,11.781041388518023,9.0,0.0,37.0,8824.0,8.650684711217005,0.5691749528870838,0.9879560080245048
ID4862,4862,13,0.18808357417583466,522.2098725792482,1710.8526146510865,0.0,135.0,135,15.0,1,,11.826435246995995,10.0,0.0,36.0,8858.0,8.31269216593523,0.5029338390517472,0.9521670540222469
ID4863,4863,14,0.22605150938034058,2310.698639210472,1867.0391855112575,0.0,135.0,135,15.0,1,,13.335113484646195,11.0,0.0,42.0,9988.0,9.092137294499237,0.5995338308400673,1.099463943099245
ID4896,4896,3,0.15655700862407684,2153.307938336419,792.6551958417992,0.0,136.0,136,15.0,1,,10.082777036048064,8.0,0.0,32.0,7552.0,7.791129247519755,0.4283802627429081,0.7762388280201264
ID4897,4897,77,0.14738993346691132,2648.770656135411,1106.3638798113816,0.0,136.0,136,15.0,1,,10.71562082777036,10.0,0.0,25.0,8026.0,5.424546512049067,0.5013910263885807,1.3193700981707537
ID4898,4898,5,0.1893845647573471,2359.3852162495596,1245.5670725156217,0.0,136.0,136,15.0,1,,12.19626168224299,10.0,0.0,35.0,9135.0,7.375721620882745,0.5497703818961341,1.1731841721848433
ID4899,4899,6,0.12298130989074707,393.54938057233943,1342.685011321747,0.0,136.0,136,15.0,1,,12.205607476635514,12.0,2.0,22.0,9142.0,3.4529566592471563,0.4645263201355039,2.2423913671700735
ID4900,4900,81,0.11021419614553452,728.3218746831951,1553.9735558628713,0.0,136.0,136,15.0,1,,8.769025367156209,8.0,0.0,21.0,6568.0,4.417854118391378,0.4485628655592189,1.229294450073843
ID4901,4901,9,0.14602935314178467,2346.806243885294,1568.6159618680747,0.0,136.0,136,15.0,1,,10.456608811748998,10.0,0.0,26.0,7832.0,5.2656489189789175,0.5200296976737292,1.358767122536956
ID4902,4902,11,0.1969398856163025,2660.2208155436324,1663.3731092806606,0.0,136.0,136,15.0,1,,11.377837116154874,8.0,0.0,35.0,8522.0,8.718570144763149,0.5579170608013854,0.9346946365297487
ID4903,4903,13,0.19914430379867554,521.5945701662946,1709.4239270839528,0.0,136.0,136,15.0,1,,11.97863818424566,9.0,0.0,39.0,8972.0,8.877332352333138,0.52219500111976,0.9258004384713209
ID4904,4904,79,0.11374159157276154,2493.7483854043267,1863.347112187608,0.0,136.0,136,15.0,1,,8.770360480640855,8.0,0.0,21.0,6569.0,4.459038468968492,0.454739969181473,1.2296569745980526
ID4905,4905,14,0.21135003864765167,2310.5548757551073,1865.6104349301897,0.0,136.0,136,15.0,1,,12.267022696929239,10.0,0.0,36.0,9188.0,8.730562479246663,0.5953117395058667,1.048638565599159
ID4906,4906,80,0.13560937345027924,2829.4710600107196,1867.7033189378278,0.0,136.0,136,15.0,1,,8.551401869158878,7.0,0.0,31.0,6405.0,7.080257162090474,0.44504365460369877,0.7439434528268991
ID4907,4907,15,0.11186206340789795,431.99683286710444,1912.0819774240404,0.0,136.0,136,15.0,1,,8.16822429906542,7.0,0.0,24.0,6118.0,5.236237849442377,0.41457294103236303,0.9143529937473598
ID4908,4908,17,0.19983640313148499,690.4028214630538,1913.0029958748223,0.0,136.0,136,15.0,1,,12.42056074766355,10.0,0.0,38.0,9303.0,9.048777753350269,0.46829995241760014,0.8755694626274675
ID4889,4889,59,0.1908915936946869,2965.611877186346,24.355503295101386,0.0,136.0,136,15.0,1,,10.886515353805073,8.0,0.0,36.0,8154.0,8.639802944892253,0.5568676799162742,0.9013954415213613
ID4890,4890,24,0.14859944581985474,1128.5826575380029,83.09834494627438,0.0,136.0,136,15.0,1,,9.667556742323097,8.0,0.0,27.0,7241.0,6.443317396806346,0.49444246527376307,0.9928274214831164
ID4891,4891,65,0.10769778490066528,1324.6709673212179,326.597098951488,0.0,136.0,136,15.0,1,,7.487316421895861,6.0,0.0,23.0,5608.0,5.185480746230712,0.4350330752814866,0.8754422919164018
ID4892,4892,76,0.16945001482963562,2133.687369250207,402.8796731246114,0.0,136.0,136,15.0,1,,9.619492656875835,6.0,0.0,40.0,7205.0,8.688039246312565,0.47410367828438177,0.712206091573984
ID4893,4893,21,0.28528892993927,384.37146166893797,413.00565919587115,0.0,136.0,136,15.0,1,,25.497997329773032,26.0,13.0,40.0,19098.0,5.117241355022675,0.5262322669300159,3.4360304918029647
ID4894,4894,20,0.10351163893938065,308.41160789385356,432.83714939436203,0.0,136.0,136,15.0,1,,8.416555407209612,8.0,0.0,22.0,6304.0,4.555368624610284,0.41236643478905544,1.0788890275179193
ID4895,4895,2,0.1898094117641449,2851.427001740076,716.6229568356877,0.0,136.0,136,15.0,1,,11.025367156208278,8.0,0.0,38.0,8258.0,9.02021778612544,0.5217989855957818,0.838208331653876
ID4868,4868,59,0.1959424763917923,2964.163129405871,28.76538230976383,0.0,137.0,137,15.0,1,,10.668891855807743,7.0,0.0,42.0,7991.0,9.882321301452107,0.5191181610756755,0.737844774128482
ID4869,4869,24,0.15912866592407227,1129.2665180868817,75.82155629017777,0.0,137.0,137,15.0,1,,10.45260347129506,9.0,0.0,29.0,7829.0,7.006830836641023,0.470751042566159,0.9549595232042323
ID4870,4870,82,0.1013987734913826,895.3338528815848,193.1288490535419,0.0,137.0,137,15.0,1,,8.241655540720961,8.0,0.0,23.0,6173.0,4.087489120352086,0.4339751461272792,1.220424954209896
ID4871,4871,65,0.13760560750961304,1329.6496692078956,320.7614175288059,0.0,137.0,137,15.0,1,,9.046728971962617,7.0,0.0,31.0,6776.0,6.6470777309233835,0.4297064892333958,0.8181177998005474
ID4872,4872,76,0.15514260530471802,2131.7847025851684,405.35285189643747,0.0,137.0,137,15.0,1,,9.197596795727637,7.0,0.0,37.0,6889.0,7.841917027493091,0.45805751677964385,0.7369321062478388
ID4873,4873,21,0.27917200326919556,383.89068773435116,413.058453008558,0.0,137.0,137,15.0,1,,24.51935914552737,24.0,11.0,38.0,18365.0,5.049086497087033,0.5402577174477028,3.4066999628179504
ID4874,4874,20,0.15046891570091248,307.15428635037694,440.61774186945047,0.0,137.0,137,15.0,1,,9.570093457943925,8.0,0.0,31.0,7168.0,7.097635564483939,0.46805108854280875,0.8597745164252242
ID4875,4875,83,0.10866699367761612,2793.4124869252755,455.3008009446036,0.0,137.0,137,15.0,1,,9.280373831775702,9.0,0.0,20.0,6951.0,3.8786956665826247,0.44345509471063504,1.470131328611784
ID4876,4876,2,0.21992133557796478,2852.098550449819,718.5013718196828,0.0,137.0,137,15.0,1,,12.018691588785046,8.0,0.0,42.0,9002.0,10.479272788644234,0.5539377095731505,0.8176799823428997
ID4877,4877,3,0.20709756016731262,2158.9832594906866,783.0658912807786,0.0,137.0,137,15.0,1,,11.403204272363151,8.0,0.0,42.0,8541.0,10.326244555369977,0.49871631408723704,0.7349344984596226
ID4878,4878,77,0.15645970404148102,2645.0223979803945,1106.2273066214248,0.0,137.0,137,15.0,1,,11.033377837116156,11.0,0.0,26.0,8264.0,5.597956745518428,0.5385117263411024,1.3797592110289512
ID4879,4879,5,0.17635323107242584,2354.7118550167015,1246.7802453205547,0.0,137.0,137,15.0,1,,11.443257676902537,10.0,0.0,30.0,8571.0,7.051267422318762,0.5385344073096907,1.136105677154342
ID4880,4880,6,0.12080372124910355,394.3940525766832,1343.826443085069,0.0,137.0,137,15.0,1,,12.468624833110814,12.0,5.0,21.0,9339.0,2.8967325968069444,0.4624013424670365,2.7220284254632405
ID4881,4881,81,0.11208856105804443,726.9339656638498,1562.570714606065,0.0,137.0,137,15.0,1,,8.950600801068092,9.0,0.0,21.0,6704.0,4.061553835460212,0.47074617372949856,1.410714209949595
ID4882,4882,9,0.14737337827682495,2341.862612252573,1576.0262193561239,0.0,137.0,137,15.0,1,,10.515353805073431,10.0,0.0,26.0,7876.0,5.523294547829919,0.49705198124036754,1.264214043245187
ID4883,4883,11,0.1855558305978775,2658.281104914801,1667.1263746764844,0.0,137.0,137,15.0,1,,10.837116154873165,8.0,0.0,34.0,8117.0,8.252865988243855,0.5451666665080319,0.9266012759405551
ID4884,4884,13,0.17087744176387787,515.5458875713905,1712.1903173209519,0.0,137.0,137,15.0,1,,11.244325767690254,10.0,0.0,30.0,8422.0,7.325171639728832,0.4882611199292642,1.0072067241826077
ID4885,4885,14,0.23607777059078217,2304.7691729075154,1862.4046544254913,0.0,137.0,137,15.0,1,,13.841121495327103,11.0,0.0,39.0,10367.0,9.460450567693655,0.6066954354996748,1.1049092854880362
ID4886,4886,80,0.12232357263565063,2824.356042206799,1866.420285777599,0.0,137.0,137,15.0,1,,8.10547396528705,6.0,0.0,28.0,6071.0,6.3646613300247346,0.40669843205922634,0.7363844450828734
ID4887,4887,17,0.18822671473026276,695.7946300658219,1906.682188242284,0.0,137.0,137,15.0,1,,12.16154873164219,10.0,0.0,39.0,9109.0,8.70854984362909,0.43883378629407394,0.8518487057736052
ID4888,4888,15,0.12072430551052094,433.3611738822485,1907.856855235306,0.0,137.0,137,15.0,1,,9.192256341789053,8.0,0.0,24.0,6885.0,5.185117932793994,0.414838174906392,1.039597985974109
ID4928,4928,17,0.19591018557548523,693.1351314511398,1902.3118050215978,0.0,138.0,138,15.0,1,,12.114819759679573,10.0,0.0,37.0,9074.0,9.153775812849508,0.4547727690014791,0.8274580205025995
ID4929,4929,15,0.10289739817380905,429.40094507287165,1916.4708201397796,0.0,138.0,138,15.0,1,,7.901201602136181,7.0,0.0,23.0,5918.0,4.827324315969283,0.3982378332790721,0.9323481834010415
ID4909,4909,59,0.1736455261707306,2964.5526495096638,29.364378091794357,0.0,138.0,138,15.0,1,,9.901201602136181,7.0,0.0,38.0,7416.0,8.846030630317232,0.4969529146871164,0.7431501370041834
ID4910,4910,24,0.14604295790195465,1117.0717520302844,74.30564215166058,0.0,138.0,138,15.0,1,,9.256341789052069,8.0,0.0,30.0,6933.0,6.67772079745772,0.48625972731247075,0.907015509964493
ID4911,4911,82,0.10980851203203201,892.4848062106785,195.7803085277548,0.0,138.0,138,15.0,1,,8.854472630173564,8.0,0.0,23.0,6632.0,4.205792020492408,0.46913212970842555,1.3445570175783534
ID4912,4912,65,0.12763561308383942,1326.566961615351,332.25151558481264,0.0,138.0,138,15.0,1,,8.016021361815755,6.0,0.0,29.0,6004.0,6.346270088983268,0.4461493623719354,0.779358787518631
ID4913,4913,76,0.16978520154953003,2127.2749829914296,405.56290070545157,0.0,138.0,138,15.0,1,,9.795727636849133,7.0,0.0,37.0,7337.0,8.54147997236032,0.48878435712968094,0.7530417789454057
ID4914,4914,21,0.2707233130931854,383.9347445539425,413.07423918177403,0.0,138.0,138,15.0,1,,24.819759679572762,25.0,6.0,37.0,18590.0,4.95928173662663,0.5161635479220545,3.407611430766051
ID4915,4915,20,0.1395944356918335,303.9844792049546,436.97631051792996,0.0,138.0,138,15.0,1,,9.017356475300401,7.0,0.0,31.0,6754.0,6.529322422059187,0.45755482690457405,0.8670803826847672
ID4916,4916,83,0.11261105537414551,2789.762128416694,457.0326287815203,0.0,138.0,138,15.0,1,,9.10146862483311,9.0,0.0,22.0,6817.0,4.478153802251677,0.4345739064690794,1.2313547370319815
ID4917,4917,2,0.23473109304904938,2855.8418317114456,717.8144262512026,0.0,138.0,138,15.0,1,,12.688918558077436,9.0,0.0,45.0,9504.0,10.835085983388527,0.5790440744726267,0.8588940871920776
ID4918,4918,3,0.19743630290031433,2165.9874626263163,784.3966014632794,0.0,138.0,138,15.0,1,,11.682242990654206,9.0,0.0,39.0,8750.0,8.957443490904547,0.5274565876008851,0.9007203997162536
ID4919,4919,77,0.14625975489616394,2649.4579182860402,1104.2283694939615,0.0,138.0,138,15.0,1,,10.218958611481977,10.0,0.0,24.0,7654.0,5.784463192214258,0.5111362027852386,1.1951064931794666
ID4920,4920,5,0.1963883489370346,2354.3713966703626,1254.430298133143,0.0,138.0,138,15.0,1,,12.63150867823765,11.0,0.0,32.0,9461.0,7.303787786919535,0.5747637120547933,1.2624407850186816
ID4921,4921,6,0.13456857204437256,395.0252109157605,1344.2507703094868,0.0,138.0,138,15.0,1,,12.723631508678238,13.0,1.0,23.0,9530.0,3.365003858190483,0.47765709665329975,2.4445452613461227
ID4922,4922,81,0.11082198470830917,724.5957225748882,1566.6811234138295,0.0,138.0,138,15.0,1,,8.873164218958612,8.0,0.0,22.0,6646.0,4.360884501730645,0.44546384780851017,1.2541201922906386
ID4923,4923,9,0.16325388848781586,2332.051242425157,1571.4899843063358,0.0,138.0,138,15.0,1,,11.269692923898532,11.0,0.0,25.0,8441.0,5.897919739918426,0.5468600890113852,1.3510406446536531
ID4924,4924,11,0.20120754837989807,2654.83696766166,1661.5837504466213,0.0,138.0,138,15.0,1,,11.981308411214954,10.0,0.0,34.0,8974.0,8.39306263677382,0.5793274083357062,1.047286926745736
ID4925,4925,13,0.22349639236927032,520.9439843426592,1717.589761945327,0.0,138.0,138,15.0,1,,12.946595460614152,10.0,0.0,41.0,9697.0,9.73196012556537,0.567060625701112,0.9627841830323611
ID4926,4926,80,0.13086789846420288,2818.0103170630964,1863.9611989510452,0.0,138.0,138,15.0,1,,8.271028037383177,6.0,0.0,29.0,6195.0,6.855847781860133,0.4165882704745025,0.7095642371014919
ID4927,4927,14,0.24290324747562408,2305.604390286546,1867.2312149152237,0.0,138.0,138,15.0,1,,14.088117489986649,11.0,0.0,42.0,10552.0,9.719885912221669,0.6101183101678495,1.0984443593312334
ID4930,4930,59,0.20232905447483063,2959.750878791209,25.984388600780495,0.0,139.0,139,15.0,1,,11.185580774365821,8.0,0.0,41.0,8378.0,10.167133024949049,0.5152284296300176,0.7481897199596814
ID4931,4931,24,0.17067568004131317,1112.0163865436266,73.39296808216704,0.0,139.0,139,15.0,1,,10.118825100133511,8.0,0.0,32.0,7579.0,7.783880966191584,0.5198921022272328,0.8893329039635641
ID4932,4932,82,0.1070999950170517,897.5720403415935,195.53346929633318,0.0,139.0,139,15.0,1,,8.863818424566087,9.0,0.0,21.0,6639.0,4.516178504869119,0.4276907870309436,1.175913795404368
ID4933,4933,,0.10301630944013596,2770.086052242635,220.88408406304606,0.0,139.0,139,15.0,1,,9.465954606141523,9.0,0.0,25.0,7090.0,4.779129907951967,0.3796893505327766,1.0901661213610174
ID4934,4934,65,0.13960474729537964,1318.5055218815733,330.46254756191166,0.0,139.0,139,15.0,1,,8.675567423230975,7.0,0.0,33.0,6498.0,6.787469077331314,0.4621417078540511,0.8079895060123955
ID4935,4935,76,0.1524842381477356,2123.90690194574,400.7485663247793,0.0,139.0,139,15.0,1,,9.383177570093459,7.0,0.0,31.0,7028.0,7.415930608355597,0.4650814407651217,0.8033069339230681
ID4936,4936,21,0.288033664226532,384.3056063326908,413.17311285409016,0.0,139.0,139,15.0,1,,26.16822429906542,27.0,12.0,39.0,19600.0,5.275410080914575,0.5146219413888026,3.3707929687758957
ID4937,4937,20,0.15098156034946442,305.5966346410132,442.5544524073847,0.0,139.0,139,15.0,1,,9.411214953271028,7.0,0.0,34.0,7049.0,7.299123252821751,0.4668210688844439,0.8206884107685343
ID4938,4938,,0.10185492038726807,1068.2864616555476,677.1017462116738,0.0,139.0,139,15.0,1,,9.345794392523365,9.0,0.0,23.0,7000.0,4.817170610461014,0.3640894160612228,1.0356652512724118
ID4939,4939,2,0.20162782073020935,2858.9060293046564,709.8262150289343,0.0,139.0,139,15.0,1,,11.85981308411215,10.0,0.0,39.0,8883.0,8.97220011097199,0.5600077447192999,0.9490217537278834
ID4940,4940,3,0.21382085978984833,2165.7021055292403,787.0515359218431,0.0,139.0,139,15.0,1,,11.899866488651535,8.0,0.0,43.0,8913.0,10.50995771695098,0.5156122882807637,0.7703822306926109
ID4941,4941,77,0.14425836503505707,2649.9081154868427,1098.3546028907376,0.0,139.0,139,15.0,1,,10.619492656875835,10.0,1.0,27.0,7954.0,5.069115276730536,0.5160916220533334,1.4262739763522465
ID4942,4942,5,0.20401740074157715,2351.2271248840602,1247.8978189763877,0.0,139.0,139,15.0,1,,12.977303070761014,11.0,0.0,34.0,9720.0,7.880169905756268,0.5658858900200221,1.190275832908399
ID4943,4943,6,0.1303182691335678,394.66302714130336,1343.0793769964098,0.0,139.0,139,15.0,1,,12.699599465954606,13.0,1.0,22.0,9512.0,3.5403347903260958,0.46946991638064234,2.292042969531472
ID4944,4944,9,0.16737787425518036,2336.872816697873,1573.9688510173282,0.0,139.0,139,15.0,1,,11.514018691588785,11.0,0.0,27.0,8624.0,6.118821537710141,0.5339083791952358,1.3099552386932394
ID4945,4945,11,0.1903609186410904,2659.918752116096,1660.5663449018077,0.0,139.0,139,15.0,1,,11.57543391188251,10.0,0.0,33.0,8670.0,8.051720178914795,0.5394746431803025,1.007574339257361
ID4946,4946,13,0.21119460463523865,515.4942869941046,1712.7002907368435,0.0,139.0,139,15.0,1,,12.845126835781041,10.0,0.0,38.0,9621.0,9.017365503975476,0.5300395554064838,0.9869481597926697
ID4947,4947,14,0.18158794939517975,2304.2744232318773,1859.2214870430048,0.0,139.0,139,15.0,1,,11.18291054739653,9.0,0.0,34.0,8376.0,7.4950911970534415,0.5566016697279698,1.0670258428724708
ID4948,4948,84,0.10306894034147263,2486.707014313715,1861.2009312869998,0.0,139.0,139,15.0,1,,8.70493991989319,8.0,0.0,21.0,6520.0,3.863616057594656,0.4466659186578199,1.391285879657063
ID4949,4949,80,0.16014720499515533,2823.405517207113,1863.4655683392016,0.0,139.0,139,15.0,1,,9.727636849132177,7.0,0.0,34.0,7286.0,8.146259756334661,0.4439609130990772,0.7342913112452127
ID4950,4950,17,0.18351781368255615,690.1688668067638,1905.551799953753,0.0,139.0,139,15.0,1,,12.61415220293725,11.0,0.0,33.0,9448.0,8.026817516761636,0.4375052020314264,0.9565737723567801
ID4960,4960,77,0.13891778886318207,2648.9597670820795,1103.7819737085413,0.0,140.0,140,15.0,1,,9.843791722296395,9.0,0.0,24.0,7373.0,5.26829935719204,0.5303568835727359,1.2950825624730335
ID4961,4961,5,0.20183682441711426,2347.131523318124,1254.2540600817135,0.0,140.0,140,15.0,1,,12.18291054739653,10.0,0.0,34.0,9125.0,8.269357556974374,0.5719237735598193,1.072052237866092
ID4962,4962,6,0.13165828585624695,394.068957490877,1342.804095867308,0.0,140.0,140,15.0,1,,13.081441922563418,13.0,4.0,23.0,9798.0,3.2092846677269944,0.4729780624628499,2.6177133682126583
ID4963,4963,9,0.1497398167848587,2341.9316595476066,1574.6867305724502,0.0,140.0,140,15.0,1,,9.863818424566087,9.0,0.0,25.0,7388.0,5.944047204123407,0.5332504398039118,1.1542793851097364
ID4964,4964,11,0.19543085992336273,2657.962320467447,1660.319256655747,0.0,140.0,140,15.0,1,,11.444592790387183,9.0,0.0,38.0,8572.0,9.089494920814344,0.5109232756807643,0.8515376710445737
ID4965,4965,13,0.2298026978969574,509.48268533418695,1712.0853641441429,0.0,140.0,140,15.0,1,,13.906542056074766,11.0,0.0,40.0,10416.0,9.775382286924371,0.5418076866196752,0.9998396478489671
ID4966,4966,14,0.220138818025589,2306.232558739075,1853.2966142587816,0.0,140.0,140,15.0,1,,12.941255006675567,10.0,0.0,40.0,9693.0,9.412090814641912,0.5582588372379623,0.9851815952109452
ID4967,4967,80,0.15754427015781403,2827.683824201168,1858.1169625223702,0.0,140.0,140,15.0,1,,9.950600801068092,8.0,0.0,32.0,7453.0,7.416844918312556,0.46772280478582223,0.8550757778112773
ID4968,4968,84,0.11423242837190628,2478.5432962652585,1866.8805733927663,0.0,140.0,140,15.0,1,,9.341789052069426,9.0,0.0,20.0,6997.0,4.052876116587338,0.46925814938415505,1.4723478897126017
ID4969,4969,17,0.20173916220664978,686.1426087470193,1904.8812081802523,0.0,140.0,140,15.0,1,,12.086782376502002,10.0,0.0,39.0,9053.0,9.23456648191967,0.5001963506239514,0.8728037434636917
ID4970,4970,85,0.11498168110847473,440.9865413677193,1948.8134013692916,0.0,140.0,140,15.0,1,,8.801068090787718,8.0,0.0,26.0,6592.0,4.951011232732251,0.4215933306350403,1.0543621806727037
ID4951,4951,59,0.19724498689174652,2955.6743229991635,30.03779013983023,0.0,140.0,140,15.0,1,,11.144192256341789,8.0,0.0,41.0,8347.0,9.55874234032719,0.5074431204632445,0.7849179685830234
ID4952,4952,24,0.18031011521816254,1110.027667009691,71.59613897730104,0.0,140.0,140,15.0,1,,11.232309746328438,10.0,0.0,31.0,8413.0,7.3887088761028155,0.5549344401898709,1.0850758746577087
ID4953,4953,82,0.11354342848062515,892.9991945498983,196.1324445501169,0.0,140.0,140,15.0,1,,8.743658210947931,8.0,0.0,24.0,6549.0,4.443462778724695,0.48540636036574,1.28606170152215
ID4954,4954,65,0.12207932025194168,1321.8276561559308,330.7385526494689,0.0,140.0,140,15.0,1,,8.347129506008011,8.0,0.0,24.0,6252.0,5.700612867938324,0.4330012230269119,0.8848877042066339
ID4955,4955,76,0.1459018737077713,2126.3443568897924,395.20759898738305,0.0,140.0,140,15.0,1,,8.90520694259012,7.0,0.0,35.0,6670.0,7.318048680342738,0.4612062389941516,0.7681788991174724
ID4956,4956,21,0.2716158628463745,384.33850493624266,413.12355695955836,0.0,140.0,140,15.0,1,,24.311081441922564,25.0,12.0,37.0,18209.0,4.775790947739799,0.5317711904022698,3.5344339796840263
ID4957,4957,20,0.15927837789058685,302.81060146303963,440.08248082909853,0.0,140.0,140,15.0,1,,10.15754339118825,8.0,0.0,35.0,7608.0,7.434330134264982,0.46110634529706396,0.8623749065534975
ID4958,4958,2,0.2489623725414276,2859.268272628369,700.1521611537592,0.0,140.0,140,15.0,1,,12.774365821094793,8.0,0.0,49.0,9568.0,12.205836456984787,0.5776751649011047,0.7664218998441557
ID4959,4959,3,0.20333299040794373,2161.8792975023744,786.9132530989754,0.0,140.0,140,15.0,1,,12.387182910547397,9.0,0.0,42.0,9278.0,9.739914360982828,0.4681579277478367,0.8110862057392372
ID4992,4992,85,0.13290822505950928,438.18389277767534,1955.3450574290662,0.0,141.0,141,15.0,1,,9.377837116154874,8.0,0.0,29.0,7024.0,6.089360417066915,0.41916217928383964,0.9097269530059057
ID4971,4971,59,0.19956934452056885,2952.3774297154623,40.332927805617075,0.0,141.0,141,15.0,1,,11.323097463284379,9.0,0.0,38.0,8481.0,9.328082092616057,0.5343983244003848,0.8455316209769043
ID4972,4972,24,0.1972232162952423,1105.6253043361817,77.36681721707295,0.0,141.0,141,15.0,1,,12.213618157543392,10.0,0.0,37.0,9148.0,8.229968477629264,0.5287887211647709,1.0266227295966255
ID4973,4973,82,0.11956559866666794,889.4329254961292,197.31785484537687,0.0,141.0,141,15.0,1,,8.974632843791722,9.0,0.0,24.0,6722.0,4.553091155419746,0.4884880071402815,1.2937456628095487
ID4974,4974,65,0.10709214955568314,1328.0645849460664,338.0284283974087,0.0,141.0,141,15.0,1,,7.835781041388518,7.0,0.0,24.0,5869.0,4.917338236451933,0.42000974512178896,0.94264951342427
ID4975,4975,76,0.15550021827220917,2126.03675352857,393.9022373537294,0.0,141.0,141,15.0,1,,9.432576769025367,7.0,0.0,33.0,7065.0,7.4188880502530115,0.4849312864598973,0.8304153594819483
ID4976,4976,21,0.2865712344646454,383.5263149982834,413.05791754220434,0.0,141.0,141,15.0,1,,26.269692923898532,26.0,15.0,38.0,19676.0,4.842095111210215,0.5110882003204908,3.669929454341444
ID4977,4977,20,0.13436108827590942,304.61675035950833,443.4242909079726,0.0,141.0,141,15.0,1,,8.611481975967957,7.0,0.0,30.0,6450.0,6.630018153463046,0.4570889611340772,0.8149066091937522
ID4978,4978,86,0.10871265828609467,2779.9889891393673,456.2388565901795,0.0,141.0,141,15.0,1,,8.841121495327103,9.0,0.0,23.0,6622.0,4.141238650946874,0.4539433812986079,1.3330955820694577
ID4979,4979,,0.10311217606067657,1076.4914961009097,681.5537875706688,0.0,141.0,141,15.0,1,,10.005340453938585,10.0,0.0,22.0,7494.0,5.326502529374545,0.3526650746042359,0.9794717278336452
ID4980,4980,2,0.19019681215286255,2852.292975821729,699.2899901297124,0.0,141.0,141,15.0,1,,10.890520694259012,8.0,0.0,37.0,8157.0,9.19958603876636,0.4983762664159659,0.787493216849288
ID4981,4981,3,0.2171248346567154,2156.4333422227596,791.5622790030463,0.0,141.0,141,15.0,1,,12.626168224299066,9.0,0.0,43.0,9457.0,10.297274385151953,0.5050058839137243,0.8228819233747897
ID4982,4982,77,0.1293485313653946,2648.0968492394204,1099.2542549321365,0.0,141.0,141,15.0,1,,10.128170894526034,10.0,0.0,26.0,7586.0,4.682670234695775,0.4847733597005187,1.41236198760647
ID4983,4983,5,0.19249475002288818,2349.124071786775,1247.818104212929,0.0,141.0,141,15.0,1,,11.987983978638184,10.0,0.0,32.0,8979.0,7.7806571364942485,0.5571768100176182,1.1025923542253255
ID4984,4984,6,0.13496805727481842,395.9452412748815,1344.0242032853157,0.0,141.0,141,15.0,1,,13.065420560747663,13.0,4.0,24.0,9786.0,3.5001517141532688,0.46209109546305377,2.35949840275062
ID4985,4985,9,0.1762089729309082,2344.7719877647437,1574.4675010692004,0.0,141.0,141,15.0,1,,11.727636849132177,11.0,0.0,29.0,8784.0,6.269828217634073,0.5777507491331977,1.3698940684433747
ID4986,4986,11,0.19750021398067474,2658.98972392919,1659.1564086879573,0.0,141.0,141,15.0,1,,11.89853137516689,10.0,0.0,36.0,8912.0,8.330111636247327,0.5542660327384089,1.0187448882398387
ID4987,4987,13,0.2049831598997116,511.93301627744927,1712.9846543261565,0.0,141.0,141,15.0,1,,12.373831775700934,10.0,0.0,38.0,9268.0,8.938539932603238,0.530793502641365,0.9600118775186276
ID4988,4988,14,0.22275690734386444,2307.080067952013,1847.6232826089424,0.0,141.0,141,15.0,1,,12.777036048064085,10.0,0.0,42.0,9570.0,9.843818129890819,0.5550082506873604,0.9265380862742137
ID4989,4989,80,0.16101811826229095,2824.004203539413,1856.5827258820448,0.0,141.0,141,15.0,1,,9.735647530040053,7.0,0.0,33.0,7292.0,7.897543973715827,0.46855310892823143,0.7866326205380081
ID4990,4990,84,0.12174636870622635,2469.7283985791046,1865.5519959460676,0.0,141.0,141,15.0,1,,9.712950600801069,9.0,0.0,22.0,7275.0,4.140139432145961,0.48943124990548553,1.541833373217312
ID4991,4991,17,0.18765832483768463,683.1968372730868,1908.4518186186988,0.0,141.0,141,15.0,1,,12.118825100133511,10.0,0.0,35.0,9077.0,8.285224959435933,0.4944565558267203,0.9679012561336678
ID5024,5024,77,0.14393174648284912,2642.3315220165828,1105.4872822257635,0.0,142.0,142,15.0,1,,10.526034712950601,10.0,0.0,29.0,7884.0,5.290838404278098,0.49617636055497094,1.3195430903276144
ID5025,5025,5,0.17933063209056854,2351.5343551033766,1250.9347956718138,0.0,142.0,142,15.0,1,,11.411214953271028,10.0,0.0,31.0,8547.0,7.149599460976574,0.5577641891110183,1.1429548666785583
ID5026,5026,6,0.1316155046224594,394.2769593242499,1344.1969882307387,0.0,142.0,142,15.0,1,,13.357810413885181,13.0,4.0,23.0,10005.0,3.136831998274607,0.463061291739347,2.6955660013871845
ID5027,5027,9,0.14049682021141052,2337.753194274829,1575.6537799262103,0.0,142.0,142,15.0,1,,9.684913217623498,8.0,0.0,26.0,7254.0,5.701772817394173,0.48905941891804705,1.1157462079222442
ID5028,5028,11,0.2080860137939453,2658.6059428687704,1663.4344604207956,0.0,142.0,142,15.0,1,,12.18291054739653,10.0,0.0,37.0,9125.0,8.65947761010764,0.5880363236709927,1.0419168924705877
ID5029,5029,13,0.1845296174287796,513.1981367308642,1714.9078318517254,0.0,142.0,142,15.0,1,,12.248331108144193,11.0,0.0,33.0,9174.0,7.18564098617512,0.53072270083957,1.181986565218749
ID5030,5030,80,0.13028500974178314,2822.9229429829284,1851.6336842566163,0.0,142.0,142,15.0,1,,8.706275033377837,8.0,0.0,27.0,6521.0,6.06883206254712,0.4402004165640816,0.8769700775099681
ID5031,5031,14,0.20382311940193176,2297.4645154181817,1854.700810558521,0.0,142.0,142,15.0,1,,12.421895861148197,10.0,0.0,37.0,9304.0,8.281210685135372,0.5756478470785299,1.0960283056178857
ID5032,5032,84,0.10090558975934982,2463.3547019487337,1859.3955028441999,0.0,142.0,142,15.0,1,,8.367156208277704,8.0,0.0,20.0,6267.0,4.020673853837861,0.4520730276650486,1.2957737111733092
ID5033,5033,17,0.22128641605377197,673.7836071924036,1906.4469471641023,0.0,142.0,142,15.0,1,,12.787716955941255,10.0,0.0,42.0,9578.0,9.456998582381125,0.58032778549403,0.9931066165675
ID5034,5034,85,0.1141781210899353,432.9805251755956,1943.759431682974,0.0,142.0,142,15.0,1,,8.437917222963952,8.0,0.0,23.0,6320.0,5.024054857089295,0.4513204834826181,1.0445581054034017
ID5015,5015,59,0.1966562569141388,2947.8031235090543,42.87343724636652,0.0,142.0,142,15.0,1,,11.267022696929239,8.0,0.0,40.0,8439.0,9.183846800749924,0.5228302111737784,0.8424104102915729
ID5016,5016,24,0.17840681970119476,1106.3208871218915,74.60256644886356,0.0,142.0,142,15.0,1,,10.903871829105475,9.0,0.0,32.0,8167.0,7.8526774932138474,0.5110155052036031,0.9392000972716205
ID5017,5017,82,0.11096128076314926,894.0814849275147,203.6098020807378,0.0,142.0,142,15.0,1,,8.527369826435248,8.0,0.0,20.0,6387.0,4.413865022468965,0.4653432615656076,1.2270439087967586
ID5018,5018,76,0.14120306074619293,2130.32935780645,396.2759658146727,0.0,142.0,142,15.0,1,,8.647530040053404,6.0,0.0,29.0,6477.0,6.974260155745451,0.46350887380766503,0.7853922735504741
ID5019,5019,21,0.28419455885887146,384.358174459784,413.2588912651822,0.0,142.0,142,15.0,1,,24.401869158878505,25.0,8.0,36.0,18277.0,5.464767729844199,0.545620173300395,3.1526011071166464
ID5020,5020,20,0.13750529289245605,309.1285414130128,433.33831074573015,0.0,142.0,142,15.0,1,,8.723631508678238,7.0,0.0,29.0,6534.0,6.571469663057243,0.4515748645131661,0.8259525944831052
ID5021,5021,86,0.1178130954504013,2776.772046784125,452.7416480531091,0.0,142.0,142,15.0,1,,9.060080106809078,9.0,0.0,25.0,6786.0,4.587284272739359,0.4675340096868333,1.2584368084276236
ID5022,5022,2,0.21805168688297272,2848.397413763668,701.9581784665468,0.0,142.0,142,15.0,1,,12.008010680907876,9.0,0.0,40.0,8994.0,10.43722973878637,0.5324948221528636,0.7995252640377719
ID5023,5023,3,0.1935608685016632,2160.98386554943,788.2253512999451,0.0,142.0,142,15.0,1,,12.29506008010681,10.0,0.0,36.0,9209.0,8.781040566215927,0.4650797753213625,0.888957192732772
ID4993,4993,59,0.19357642531394958,2943.094189237527,41.069405778783924,0.0,143.0,143,15.0,1,,11.149532710280374,8.0,0.0,37.0,8351.0,9.015083345290002,0.5392189721669729,0.8665261471636241
ID4994,4994,24,0.17960256338119507,1107.9567625543657,77.02261439254615,0.0,143.0,143,15.0,1,,10.23898531375167,8.0,0.0,34.0,7669.0,8.230001009483173,0.5463152429932792,0.879087912179381
ID4995,4995,82,0.11243294924497604,894.8125254209849,205.6464319752101,0.0,143.0,143,15.0,1,,9.461949265687583,9.0,0.0,21.0,7087.0,4.023687475583293,0.4505978550198552,1.4609268084865537
ID4996,4996,76,0.12432488799095154,2132.1963944082627,392.66878747307544,0.0,143.0,143,15.0,1,,8.339118825100133,7.0,0.0,33.0,6246.0,6.133525804517747,0.4201352948298413,0.8044506507930282
ID4997,4997,21,0.2793748080730438,383.36424766984135,413.0446875659213,0.0,143.0,143,15.0,1,,25.068090787716955,25.0,12.0,39.0,18776.0,4.9098187352627365,0.5220917987849117,3.5026103047952137
ID4998,4998,20,0.12937742471694946,307.534473515647,433.74165783006066,0.0,143.0,143,15.0,1,,8.522029372496663,7.0,0.0,25.0,6383.0,6.2862729786180065,0.44133229167431126,0.8301974114178816
ID4999,4999,86,0.12368285655975342,2785.844833488335,447.294947088008,0.0,143.0,143,15.0,1,,9.296395193591454,9.0,0.0,24.0,6963.0,4.934355208084334,0.4756145889585042,1.2144968445191568
ID5000,5000,2,0.2252979874610901,2851.261013607369,701.6572597086036,0.0,143.0,143,15.0,1,,12.429906542056075,8.0,0.0,48.0,9310.0,10.87935603909893,0.5330167054810848,0.7944903057339715
ID5001,5001,3,0.1562981754541397,2153.0725832048784,792.3075971573427,0.0,143.0,143,15.0,1,,11.433911882510014,10.0,0.0,30.0,8564.0,6.8202649671527835,0.43002687562186254,1.0082656888487482
ID5002,5002,77,0.14142842590808868,2638.665109993853,1102.0280682254029,0.0,143.0,143,15.0,1,,10.56875834445928,10.0,0.0,25.0,7916.0,4.918548999285204,0.5234112332946077,1.4765319424795935
ID5003,5003,5,0.19254259765148163,2356.527741878818,1249.2993207989382,0.0,143.0,143,15.0,1,,12.186915887850468,10.0,0.0,33.0,9128.0,7.54574567388812,0.5571974787817732,1.1558117274713273
ID5004,5004,,0.10463863611221313,1221.7228490754728,1341.7922979473085,0.0,143.0,143,15.0,1,,10.106809078771695,10.0,0.0,22.0,7570.0,4.91797087544061,0.3787860837482979,1.1291593333475796
ID5005,5005,6,0.13772159814834595,394.2258427637213,1342.6582776405116,0.0,143.0,143,15.0,1,,13.320427236315087,13.0,1.0,27.0,9977.0,3.300684069287218,0.4769540754314187,2.6064762117327422
ID5006,5006,9,0.1610747128725052,2342.3278746383003,1564.6473035305503,0.0,143.0,143,15.0,1,,10.958611481975968,10.0,0.0,28.0,8208.0,6.109486460203344,0.5351642699561748,1.2505845971773952
ID5007,5007,,0.10132195055484772,717.0738115060753,1572.1504240519944,0.0,143.0,143,15.0,1,,8.962616822429906,9.0,0.0,19.0,6713.0,3.6550736239591224,0.42661291004217705,1.46654887059455
ID5008,5008,11,0.1849917471408844,2652.9574703791327,1659.680037336913,0.0,143.0,143,15.0,1,,11.380507343124165,10.0,0.0,36.0,8524.0,7.616699515338957,0.5550464794111907,1.066622582445277
ID5009,5009,13,0.24702832102775574,503.9941291789035,1721.8407697470366,0.0,143.0,143,15.0,1,,14.097463284379172,11.0,0.0,43.0,10559.0,10.490247901889756,0.5861548993626239,0.9932350087094112
ID5010,5010,80,0.19344758987426758,2814.7228694303944,1845.1216707541703,0.0,143.0,143,15.0,1,,11.277703604806408,9.0,0.0,41.0,8447.0,8.809347069393883,0.5297483048974723,0.8866588365130272
ID5011,5011,84,0.11562157422304153,2459.7271936328843,1853.0591549289531,0.0,143.0,143,15.0,1,,9.082777036048064,9.0,0.0,20.0,6803.0,4.226993062760692,0.4771412767403446,1.3881681254086942
ID5012,5012,14,0.21124716103076935,2288.0160886160506,1859.564645486833,0.0,143.0,143,15.0,1,,12.660881174899867,10.0,0.0,36.0,9483.0,8.420266471899021,0.5890685102134248,1.1147854164871764
ID5013,5013,17,0.2123972773551941,675.341039694655,1906.9422575216638,0.0,143.0,143,15.0,1,,12.144192256341789,9.0,0.0,38.0,9096.0,9.407047878116183,0.5530008331066574,0.9193891455582985
ID5014,5014,85,0.1226530373096466,428.59978937137015,1943.8618011713904,0.0,143.0,143,15.0,1,,8.829105473965287,8.0,0.0,27.0,6613.0,5.477484968343824,0.45275111384558603,1.004694018306023
ID5056,5056,24,0.17798283696174622,1106.7646300354804,72.30613128150846,0.0,144.0,144,15.0,1,,10.843791722296395,9.0,0.0,32.0,8122.0,7.69529368912647,0.5328222982048975,0.9796626388605266
ID5057,5057,82,0.12438961863517761,895.7797616593554,211.45185028867905,0.0,144.0,144,15.0,1,,10.024032042723631,10.0,0.0,22.0,7508.0,4.395483739451754,0.4638543168241904,1.4452717341077819
ID5058,5058,76,0.1452767550945282,2135.8152179856156,384.2377734661242,0.0,144.0,144,15.0,1,,9.013351134846461,7.0,0.0,32.0,6751.0,7.086164354021712,0.45727207188732677,0.7982503185687397
ID5059,5059,21,0.27761736512184143,383.5279163875916,412.91613734431814,0.0,144.0,144,15.0,1,,24.882510013351133,25.0,13.0,38.0,18637.0,4.917726976073039,0.5288467687342121,3.500464397256047
ID5060,5060,20,0.12347226589918137,312.0965619591776,443.3190130031661,0.0,144.0,144,15.0,1,,7.90520694259012,6.0,0.0,27.0,5921.0,6.163141874992701,0.418873483381675,0.7573214708558653
ID5061,5061,86,0.14449743926525116,2791.268591676319,447.7349245391154,0.0,144.0,144,15.0,1,,10.643524699599466,10.0,0.0,27.0,7972.0,5.510299192017814,0.4915084901916503,1.2730503538038056
ID5062,5062,,0.10374341905117035,1070.1563240449025,688.694363218732,0.0,144.0,144,15.0,1,,10.44192256341789,11.0,0.0,24.0,7821.0,5.6306461421361576,0.3285568847919222,0.9172392840488099
ID5063,5063,2,0.23315487802028656,2851.164983559937,696.9197543999471,0.0,144.0,144,15.0,1,,12.611481975967957,8.0,0.0,49.0,9446.0,11.38919774203734,0.5394678845391678,0.7760647328667397
ID5064,5064,3,0.16476263105869293,2139.691176591317,797.2494201683359,0.0,144.0,144,15.0,1,,11.84245660881175,11.0,0.0,31.0,8870.0,7.039366946333559,0.4473548947726858,1.0399569283437495
ID5065,5065,77,0.13512952625751495,2636.800397989198,1100.4948433749203,0.0,144.0,144,15.0,1,,10.012016021361816,10.0,0.0,23.0,7499.0,5.07759204581268,0.482241768260936,1.2830379509243126
ID5066,5066,5,0.21285796165466309,2360.8872711698696,1245.7199165238133,0.0,144.0,144,15.0,1,,12.706275033377837,10.0,0.0,39.0,9517.0,8.559588277505254,0.5975517645487015,1.1104933595286366
ID5067,5067,6,0.12925834953784943,395.0578157374231,1342.6331179286376,0.0,144.0,144,15.0,1,,12.488651535380507,13.0,1.0,21.0,9354.0,3.543683379732125,0.4492567354842012,2.1849419416970335
ID5068,5068,9,0.17828980088233948,2346.0680180573436,1565.9795859296362,0.0,144.0,144,15.0,1,,11.303070761014686,10.0,0.0,31.0,8466.0,6.947877271455707,0.555642522115048,1.162144073924694
ID5069,5069,11,0.19972512125968933,2650.11628809681,1653.8059657044319,0.0,144.0,144,15.0,1,,11.315086782376502,9.0,0.0,38.0,8475.0,8.73783642864117,0.5795577356944552,0.9502659689693425
ID5070,5070,13,0.27918848395347595,502.10592455981947,1720.2310018343665,0.0,144.0,144,15.0,1,,16.349799732977303,13.0,0.0,48.0,12246.0,11.63851436700877,0.5640448718071523,1.0132330153006794
ID5071,5071,80,0.10196108371019363,2810.6947711733733,1838.0346508360428,0.0,144.0,144,15.0,1,,8.164218958611482,8.0,0.0,21.0,6115.0,4.580066241390229,0.42209670627582485,1.0581706530980453
ID5072,5072,84,0.11287785321474075,2462.227849969445,1848.3296032444593,0.0,144.0,144,15.0,1,,9.311081441922564,9.0,0.0,21.0,6974.0,4.219973835998675,0.44866368640096577,1.3667016200637911
ID5073,5073,14,0.21743528544902802,2292.351380223897,1868.6418671087365,0.0,144.0,144,15.0,1,,13.149532710280374,10.0,0.0,37.0,9849.0,8.549420058547739,0.5916915695213227,1.143510416513472
ID5074,5074,17,0.21405039727687836,679.1812767645491,1901.9325760978716,0.0,144.0,144,15.0,1,,12.543391188251002,10.0,0.0,41.0,9395.0,9.229967452794973,0.5673245476510568,0.9838240450971436
ID5075,5075,85,0.12653785943984985,428.2658990505657,1949.8394299879815,0.0,144.0,144,15.0,1,,8.608811748998665,7.0,0.0,24.0,6448.0,5.7201190390992815,0.45780738189690495,0.9452589238478324
ID5055,5055,59,0.21269768476486206,2938.765388390323,45.81852760550356,0.0,144.0,144,15.0,1,,11.865153538050734,9.0,0.0,44.0,8887.0,10.08475980662953,0.537102707548155,0.8222279834982218
ID5035,5035,59,0.18013134598731995,2937.5630437714453,38.649314919176824,0.0,145.0,145,15.0,1,,10.811748998664887,9.0,0.0,34.0,8098.0,8.22400755587931,0.5319591911510689,0.9130058708561405
ID5036,5036,24,0.1914195865392685,1107.6467436319,66.3221377632497,0.0,145.0,145,15.0,1,,11.025367156208278,8.0,0.0,32.0,8258.0,8.533710913621466,0.5520832443423065,0.919125226268242
ID5037,5037,82,0.11433111131191254,900.2655222231422,209.12967212564124,0.0,145.0,145,15.0,1,,8.794392523364486,8.0,0.0,26.0,6587.0,4.488895456335765,0.46669524202561513,1.2467800386702943
ID5038,5038,76,0.16786237061023712,2130.1423700187443,384.2679150856439,0.0,145.0,145,15.0,1,,9.963951935914553,7.0,0.0,35.0,7463.0,8.647279154031065,0.4461614549695229,0.7109800360890922
ID5039,5039,21,0.2840631902217865,384.20978442287577,413.2365441757241,0.0,145.0,145,15.0,1,,25.074766355140188,25.0,8.0,41.0,18781.0,4.9380944553964525,0.5504900214096651,3.6056865783798075
ID5040,5040,20,0.13923919200897217,308.5456690769739,446.63055959894865,0.0,145.0,145,15.0,1,,9.018691588785046,7.0,0.0,30.0,6755.0,6.853483668377948,0.44893807103550276,0.8154526747574132
ID5041,5041,86,0.12302356213331223,2785.2144115208257,447.85081106671663,0.0,145.0,145,15.0,1,,9.471295060080108,9.0,0.0,23.0,7094.0,4.810393277166117,0.4619862771808624,1.244355745930179
ID5042,5042,2,0.18443672358989716,2843.0959514641386,696.0862644343933,0.0,145.0,145,15.0,1,,12.259012016021362,11.0,0.0,35.0,9182.0,8.25963638063019,0.46095464480176773,0.9365824161437625
ID5043,5043,3,0.18509967625141144,2131.8410607718406,802.6149537057054,0.0,145.0,145,15.0,1,,11.037383177570094,8.0,0.0,35.0,8267.0,9.22410766020447,0.45336324487872937,0.7465241945207104
ID5044,5044,77,0.13703840970993042,2640.186725960387,1102.591160418096,0.0,145.0,145,15.0,1,,10.153538050734312,10.0,0.0,27.0,7605.0,5.140192770392842,0.48370656343949625,1.2879587455718182
ID5045,5045,5,0.1945141702890396,2358.4975547974877,1249.2314866850024,0.0,145.0,145,15.0,1,,11.332443257676903,9.0,0.0,35.0,8488.0,8.26841015284477,0.5748265905813081,1.0005427464535168
ID5046,5046,6,0.13085530698299408,395.01529040179247,1343.1613133825242,0.0,145.0,145,15.0,1,,13.042723631508679,13.0,4.0,22.0,9769.0,3.322792951678078,0.445031866705126,2.417734971527679
ID5047,5047,9,0.16816526651382446,2344.1246155117597,1567.182422677088,0.0,145.0,145,15.0,1,,11.093457943925234,10.0,0.0,30.0,8309.0,6.371672135898616,0.5511081953502986,1.2371953908389426
ID5048,5048,11,0.2125946581363678,2654.0113353862207,1654.0699820230018,0.0,145.0,145,15.0,1,,12.348464619492656,10.0,0.0,37.0,9249.0,9.020331367918189,0.5793802998158678,1.0043786515513808
ID5049,5049,13,0.2595352828502655,501.2989812661227,1719.6352348343719,0.0,145.0,145,15.0,1,,15.253671562082777,12.0,0.0,44.0,11425.0,10.893247332060307,0.5661190899137726,1.0123484884729905
ID5050,5050,80,0.1506890207529068,2808.302627299455,1838.998507220067,0.0,145.0,145,15.0,1,,9.837116154873165,8.0,0.0,28.0,7368.0,6.400422798001279,0.5032238966750575,1.0290268739778896
ID5051,5051,84,0.11037519574165344,2460.5475130225677,1845.2084510895065,0.0,145.0,145,15.0,1,,8.830440587449933,9.0,0.0,21.0,6614.0,4.336061008911524,0.4481004454729097,1.260357276053931
ID5052,5052,14,0.19931000471115112,2293.422973357445,1873.7684900104598,0.0,145.0,145,15.0,1,,12.065420560747663,10.0,0.0,33.0,9037.0,8.09434628004229,0.5811755379306487,1.0957662500438803
ID5053,5053,17,0.21950462460517883,684.5669663548257,1899.3539327646454,0.0,145.0,145,15.0,1,,12.773030707610147,11.0,0.0,42.0,9567.0,9.2125390616789,0.5833740384704358,1.0216642289043152
ID5054,5054,85,0.1240229383111,432.7423741420184,1952.6746507718003,0.0,145.0,145,15.0,1,,8.763684913217624,8.0,0.0,28.0,6564.0,5.730252328724714,0.4320753420303621,0.922861693411674
ID5097,5097,59,0.20964138209819794,2935.5717669272212,33.04948161818697,0.0,146.0,146,15.0,1,,11.515353805073431,8.0,0.0,44.0,8625.0,9.869270722156806,0.5667255403180201,0.8441159012717186
ID5098,5098,24,0.1556093841791153,1104.502602194592,60.26032734052402,0.0,146.0,146,15.0,1,,10.572763684913218,9.0,0.0,32.0,7919.0,6.483966689945776,0.49818170748324214,1.0844287740485576
ID5099,5099,82,0.11992218345403671,905.5593326259018,207.13294211049623,0.0,146.0,146,15.0,1,,8.929238985313752,9.0,0.0,24.0,6688.0,4.804917499197362,0.477054414029688,1.2004109019381937
ID5100,5100,76,0.17231500148773193,2130.0651600334936,382.7949166900314,0.0,146.0,146,15.0,1,,9.874499332443257,7.0,0.0,36.0,7396.0,8.538228201752387,0.5018821755563395,0.772935458797971
ID5101,5101,21,0.27708396315574646,383.8130168941133,413.18888360949256,0.0,146.0,146,15.0,1,,24.99332443257677,25.0,11.0,37.0,18720.0,4.7962449971212235,0.5368832672338066,3.6407566349704945
ID5102,5102,86,0.116363525390625,2783.485683113882,447.3473907556962,0.0,146.0,146,15.0,1,,9.073431241655541,9.0,0.0,22.0,6796.0,4.670845015344105,0.46305180637168103,1.229634300172218
ID5103,5103,20,0.13150416314601898,308.64403562066934,451.72489383455195,0.0,146.0,146,15.0,1,,8.348464619492656,7.0,0.0,28.0,6253.0,6.488580130097472,0.4382282503340577,0.7840784002935847
ID5104,5104,2,0.2263171672821045,2836.1581100659296,695.7743996941117,0.0,146.0,146,15.0,1,,12.998664886515353,10.0,0.0,45.0,9736.0,10.602882683956341,0.5064539580197774,0.8243068213990415
ID5105,5105,3,0.2108297199010849,2139.5682831723984,799.189061711347,0.0,146.0,146,15.0,1,,13.457943925233645,11.0,0.0,42.0,10080.0,9.610455900311102,0.46334500899116493,0.8867934537323267
ID5106,5106,77,0.1356707364320755,2634.7235796969644,1103.0219374125386,0.0,146.0,146,15.0,1,,9.700934579439252,9.0,0.0,23.0,7266.0,5.004143917259469,0.5269926849989152,1.3380779390346342
ID5107,5107,5,0.19333499670028687,2352.9358959490473,1250.5556983155368,0.0,146.0,146,15.0,1,,12.257676902536716,11.0,0.0,35.0,9181.0,7.418836082607704,0.5699924998972029,1.1997035756228107
ID5108,5108,6,0.12917378544807434,393.0164570752052,1344.2427478740278,0.0,146.0,146,15.0,1,,12.841121495327103,13.0,3.0,23.0,9618.0,3.1197348067794133,0.4694090645156037,2.6298079233146248
ID5109,5109,9,0.18272897601127625,2344.4893036400363,1560.2805812632555,0.0,146.0,146,15.0,1,,11.202937249666222,9.0,0.0,33.0,8391.0,7.519418136733794,0.5552535322238975,1.0638191334182823
ID5110,5110,87,0.10760132968425751,714.4000536453713,1569.0388420237284,0.0,146.0,146,15.0,1,,8.562082777036048,9.0,0.0,21.0,6413.0,4.225331545841491,0.446709757123471,1.2513899241100999
ID5111,5111,11,0.1773442178964615,2658.2092318165446,1647.8423915305214,0.0,146.0,146,15.0,1,,11.093457943925234,9.0,0.0,33.0,8309.0,7.369312176663386,0.5378644801830785,1.0529912961025212
ID5112,5112,13,0.25508764386177063,498.5702229491387,1725.9034371471548,0.0,146.0,146,15.0,1,,14.903871829105475,12.0,0.0,45.0,11163.0,10.50433312498526,0.5909605486017245,1.0540463174146364
ID5113,5113,80,0.190792515873909,2812.0426244799673,1842.202477335824,0.0,146.0,146,15.0,1,,10.833110814419225,7.0,0.0,39.0,8114.0,9.047715081588095,0.5305502574595977,0.8300862122609742
ID5114,5114,84,0.10519814491271973,2463.129085222775,1842.788057654807,0.0,146.0,146,15.0,1,,8.453938584779706,8.0,0.0,21.0,6332.0,4.174928492322864,0.4336073609353315,1.2249164492717797
ID5115,5115,14,0.20161233842372894,2299.9582678481156,1866.4839961087007,0.0,146.0,146,15.0,1,,12.514018691588785,10.0,0.0,37.0,9373.0,8.148939664278808,0.5621735307624836,1.1052660021275498
ID5116,5116,17,0.20243290066719055,690.2097278661481,1902.15966411594,0.0,146.0,146,15.0,1,,12.226969292389853,10.0,0.0,34.0,9158.0,8.359679715570248,0.5580117849986114,1.0476876180364583
ID5117,5117,85,0.1365106850862503,439.57187877602166,1953.1961891349206,0.0,146.0,146,15.0,1,,9.84913217623498,9.0,0.0,28.0,7377.0,5.683256195513547,0.4699653376967165,1.1081268067490786
ID5088,5088,9,0.18297354876995087,2338.3956230234544,1564.4980938962458,0.0,147.0,147,15.0,1,,12.050734312416555,10.0,0.0,30.0,9026.0,6.833003436073381,0.5484121702707545,1.2492586807151473
ID5089,5089,87,0.10959748178720474,714.2689316858907,1566.8755430229362,0.0,147.0,147,15.0,1,,8.432576769025367,8.0,0.0,20.0,6316.0,4.342589287552845,0.463950385070302,1.2307978356640876
ID5090,5090,11,0.20456404983997345,2654.844765434087,1647.3268880763949,0.0,147.0,147,15.0,1,,12.428571428571429,10.0,0.0,35.0,9309.0,7.905476725743243,0.6045403293750761,1.184671074913463
ID5091,5091,13,0.25670892000198364,497.67766673938615,1726.721637496758,0.0,147.0,147,15.0,1,,15.449933244325768,13.0,0.0,45.0,11572.0,10.308566378063382,0.5809288012596062,1.1014605021153612
ID5092,5092,80,0.17063389718532562,2802.78614867393,1840.013078998471,0.0,147.0,147,15.0,1,,10.013351134846461,8.0,0.0,31.0,7500.0,7.8409887725562,0.5241879623052612,0.878389479148818
ID5093,5093,84,0.10926210880279541,2459.7979948255715,1842.9692931561199,0.0,147.0,147,15.0,1,,8.975967957276369,8.0,0.0,20.0,6723.0,4.043474875461771,0.4617147085820816,1.4023862114820835
ID5094,5094,14,0.21096119284629822,2301.635158509597,1863.6119711061194,0.0,147.0,147,15.0,1,,12.895861148197596,11.0,0.0,38.0,9659.0,8.307096796026597,0.5862558038846838,1.1474796813636061
ID5095,5095,17,0.20430687069892883,691.8170886693188,1906.3237618101275,0.0,147.0,147,15.0,1,,12.164218958611482,10.0,0.0,36.0,9111.0,8.615587250670623,0.5605482636232074,1.0142970129490274
ID5096,5096,85,0.11773756146430969,437.7404839812317,1950.3969572588542,0.0,147.0,147,15.0,1,,8.291054739652871,7.0,0.0,28.0,6210.0,5.720606114201928,0.39274594665513896,0.8174054717810648
ID5076,5076,59,0.2217862457036972,2930.0945519392662,38.19403545472975,0.0,147.0,147,15.0,1,,12.380507343124165,10.0,0.0,44.0,9273.0,9.905337742098427,0.5762167020976625,0.9138376918756311
ID5077,5077,24,0.1747107356786728,1096.8484857612043,56.97208333542139,0.0,147.0,147,15.0,1,,10.878504672897197,9.0,0.0,31.0,8148.0,7.359916727218833,0.5275526766471388,1.0209299231013336
ID5078,5078,82,0.12178806215524673,902.8373661159089,203.26912436947453,0.0,147.0,147,15.0,1,,9.712950600801069,9.0,0.0,22.0,7275.0,4.6579935863234345,0.441066718913026,1.2764461271449021
ID5079,5079,76,0.17819032073020935,2128.724185067027,383.4568493960205,0.0,147.0,147,15.0,1,,10.355140186915888,7.0,0.0,36.0,7756.0,8.351689181208744,0.509930443842493,0.8374630501987285
ID5080,5080,21,0.28115540742874146,383.67970475055284,413.23599645688023,0.0,147.0,147,15.0,1,,24.628838451268358,25.0,11.0,39.0,18447.0,5.301702013244062,0.5348451476473538,3.2375919090319636
ID5081,5081,86,0.10700026154518127,2787.1091523783075,446.37138001373154,0.0,147.0,147,15.0,1,,8.5086782376502,8.0,0.0,20.0,6373.0,4.422413983688289,0.43451805095400836,1.1655596575923384
ID5082,5082,20,0.13973762094974518,305.5689060139317,456.8805891290143,0.0,147.0,147,15.0,1,,9.248331108144193,8.0,0.0,34.0,6927.0,6.877442241361916,0.4189835348131847,0.7941197809673625
ID5083,5083,2,0.26652249693870544,2829.899373933562,693.1165640526283,0.0,147.0,147,15.0,1,,15.492656875834445,12.0,0.0,53.0,11604.0,11.846907221394204,0.5372525783159519,0.9140799627975534
ID5084,5084,3,0.21345989406108856,2143.314862171584,801.1575809234948,0.0,147.0,147,15.0,1,,14.100133511348465,12.0,0.0,44.0,10561.0,9.081588737266522,0.47279828250657285,0.9968366819923372
ID5085,5085,77,0.132011279463768,2637.032435130441,1102.5093516661427,0.0,147.0,147,15.0,1,,9.92256341789052,9.0,0.0,25.0,7432.0,4.939948022826982,0.5042143420798727,1.3465949118689664
ID5086,5086,5,0.19327412545681,2349.1185031242944,1255.8000481572144,0.0,147.0,147,15.0,1,,11.861148197596796,10.0,0.0,35.0,8884.0,7.902443219682612,0.5543777933804779,1.0706427641351732
ID5087,5087,6,0.12564052641391754,394.21152208457494,1342.5922571449237,0.0,147.0,147,15.0,1,,12.477970627503337,12.0,2.0,21.0,9346.0,3.2557818818584487,0.46312459846031484,2.426247995261254
ID5120,5120,82,0.1200353354215622,897.9483624909958,197.67459523924137,0.0,148.0,148,15.0,1,,9.383177570093459,9.0,0.0,23.0,7028.0,4.688566711052349,0.4409966415018514,1.224932463167278
ID5121,5121,76,0.16693058609962463,2129.4158663220014,386.79709280129117,0.0,148.0,148,15.0,1,,9.89452603471295,8.0,0.0,37.0,7411.0,8.189652689346195,0.4708100469960624,0.7734792029646685
ID5122,5122,21,0.27139368653297424,383.7250601486532,412.7720944859524,0.0,148.0,148,15.0,1,,23.826435246995995,24.0,9.0,36.0,17846.0,5.005536584637721,0.54277327024634,3.349305579362925
ID5123,5123,86,0.11159323155879974,2787.6949825249458,449.406418768782,0.0,148.0,148,15.0,1,,8.805073431241656,8.0,0.0,20.0,6595.0,4.412479373989653,0.45499260319426477,1.2480265960043784
ID5124,5124,20,0.1341352015733719,300.6066390850181,452.8384843432262,0.0,148.0,148,15.0,1,,8.718291054739653,7.0,0.0,28.0,6530.0,6.307151468170604,0.45501938135241654,0.864548209568639
ID5125,5125,2,0.26042744517326355,2830.405744453364,694.5696621656717,0.0,148.0,148,15.0,1,,15.739652870493993,12.0,0.0,51.0,11789.0,11.394143837212347,0.5209319016782893,0.9462690441517709
ID5126,5126,3,0.16210946440696716,2143.366830581186,801.3555994161248,0.0,148.0,148,15.0,1,,11.627503337783711,11.0,0.0,33.0,8709.0,7.391015053272632,0.42472059550670704,0.9379636339279408
ID5127,5127,77,0.13184499740600586,2645.5322277660543,1105.209329193923,0.0,148.0,148,15.0,1,,9.76502002670227,9.0,0.0,25.0,7314.0,4.9568517270255334,0.5005246212983985,1.3142546600152052
ID5128,5128,5,0.20519953966140747,2350.723784513961,1252.0937712655395,0.0,148.0,148,15.0,1,,13.0,11.0,0.0,36.0,9737.0,8.008351256005957,0.5477865569866869,1.1490277945684724
ID5129,5129,6,0.13673615455627441,394.67799485774196,1342.9616566559962,0.0,148.0,148,15.0,1,,12.94392523364486,13.0,4.0,23.0,9695.0,3.42366037266311,0.4803964080831491,2.453731533226961
ID5130,5130,87,0.10313831269741058,716.3146808228571,1565.411778477325,0.0,148.0,148,15.0,1,,8.30173564753004,8.0,0.0,20.0,6218.0,4.104550713012668,0.4359579205839565,1.2281067792974276
ID5131,5131,9,0.18216411769390106,2335.090006325929,1565.3954487519884,0.0,148.0,148,15.0,1,,11.511348464619493,10.0,0.0,32.0,8622.0,7.016705956788055,0.5731274886454902,1.1953917055436456
ID5132,5132,11,0.17859917879104614,2654.0084083093457,1652.0176935394036,0.0,148.0,148,15.0,1,,11.002670226969292,9.0,0.0,35.0,8241.0,7.395257428416421,0.5568543987950613,1.0643107587989036
ID5133,5133,13,0.23806993663311005,492.7759075988014,1729.7799816055872,0.0,148.0,148,15.0,1,,14.875834445927904,12.0,0.0,38.0,11142.0,9.568040370353003,0.5450000066180791,1.096873021934335
ID5134,5134,84,0.10422805696725845,2457.867136380767,1841.155718071986,0.0,148.0,148,15.0,1,,8.643524699599466,8.0,0.0,22.0,6474.0,4.221763877063763,0.42751517764710156,1.2263028473389053
ID5135,5135,80,0.16752362251281738,2790.8625953679198,1844.2352988939763,0.0,148.0,148,15.0,1,,10.355140186915888,8.0,0.0,32.0,7756.0,7.448892957827109,0.5042971764497512,0.932067019750602
ID5136,5136,14,0.18315067887306213,2308.1775091286236,1869.2335756101234,0.0,148.0,148,15.0,1,,11.244325767690254,10.0,0.0,33.0,8422.0,7.792109026502353,0.5350845579030377,1.0060012245175611
ID5137,5137,17,0.21169404685497284,692.2446671850023,1905.383950298922,0.0,148.0,148,15.0,1,,12.642189586114819,10.0,0.0,38.0,9469.0,8.81130979060669,0.5601155389284093,1.0302264189197614
ID5138,5138,85,0.13582280278205872,431.9359794621052,1938.819462461624,0.0,148.0,148,15.0,1,,9.261682242990654,8.0,0.0,28.0,6937.0,6.017433483007929,0.4711856263504312,0.9859006087316524
ID5118,5118,59,0.22256305813789368,2924.9704744301503,40.323193208103596,0.0,148.0,148,15.0,1,,12.596795727636849,10.0,0.0,40.0,9435.0,9.66277882038837,0.5858649368257405,0.9632063867024656
ID5119,5119,24,0.17972862720489502,1100.937456808789,55.38867092706993,0.0,148.0,148,15.0,1,,10.927903871829105,9.0,0.0,35.0,8185.0,8.197275764463546,0.4974678514683534,0.8857370854878803
ID5152,5152,87,0.11338099837303162,720.657066318817,1559.0173105874076,0.0,149.0,149,15.0,1,,8.901201602136181,8.0,0.0,21.0,6667.0,4.481197933349795,0.43601228101152933,1.2062159698414647
ID5153,5153,9,0.18057787418365479,2334.934612906787,1565.9729546773817,0.0,149.0,149,15.0,1,,11.858477970627503,10.0,0.0,33.0,8882.0,6.800538538843626,0.5426733476581648,1.2268180494116598
ID5154,5154,11,0.16691291332244873,2658.3527504276435,1649.9560146318752,0.0,149.0,149,15.0,1,,10.391188251001335,9.0,0.0,29.0,7783.0,6.892061410388597,0.5476365114086063,1.0670124779567178
ID5155,5155,13,0.21668586134910583,488.4746122299499,1736.424255632667,0.0,149.0,149,15.0,1,,13.511348464619493,11.0,0.0,42.0,10120.0,9.389745340755454,0.494769766079341,0.9525849699009705
ID5156,5156,84,0.11807819455862045,2459.775260936886,1838.296680088638,0.0,149.0,149,15.0,1,,9.152202937249665,9.0,0.0,21.0,6855.0,4.2155570145259125,0.5000343900862257,1.4474358597855024
ID5157,5157,80,0.17348450422286987,2783.3549755584977,1848.2777670923094,0.0,149.0,149,15.0,1,,10.299065420560748,7.0,0.0,37.0,7714.0,8.278976769181373,0.49963505004144343,0.8289311560510269
ID5158,5158,14,0.2177373617887497,2318.759050476789,1867.05014593235,0.0,149.0,149,15.0,1,,12.891855807743658,11.0,0.0,36.0,9656.0,8.735740123686865,0.5942225791588823,1.1001348523774506
ID5159,5159,17,0.17073509097099304,686.1671460208833,1898.0610838018458,0.0,149.0,149,15.0,1,,10.854472630173564,9.0,0.0,32.0,8130.0,6.866871715806903,0.5524111259602484,1.1249558016128425
ID5160,5160,85,0.13739840686321259,434.559885390448,1934.377911168813,0.0,149.0,149,15.0,1,,9.411214953271028,8.0,0.0,26.0,7049.0,5.955869997377251,0.4784472633309842,1.022724632329681
ID5139,5139,59,0.20032288134098053,2919.9183556152066,37.78076072975042,0.0,149.0,149,15.0,1,,11.35113484646195,8.0,0.0,39.0,8502.0,9.442384500077301,0.5358476744956081,0.8388432287355552
ID5140,5140,24,0.14108310639858246,1103.4603001992423,46.44650759774031,0.0,149.0,149,15.0,1,,9.044058744993324,8.0,0.0,27.0,6774.0,6.58221819288835,0.4694421349723836,0.877911371242931
ID5141,5141,82,0.13277611136436462,898.5991751352726,195.6130010707628,0.0,149.0,149,15.0,1,,9.97196261682243,9.0,0.0,23.0,7469.0,4.834481100037734,0.49294501753291375,1.3621202149187943
ID5142,5142,88,0.11416348814964294,1359.9190584855448,330.9944881652624,0.0,149.0,149,15.0,1,,8.194926568758344,7.0,0.0,23.0,6138.0,5.370440575957882,0.4027583550425899,0.8762475988905423
ID5143,5143,76,0.1664130687713623,2129.9548882594104,388.86103766863107,0.0,149.0,149,15.0,1,,9.602136181575434,7.0,0.0,36.0,7192.0,8.097949547538438,0.4936664037727953,0.7837954712257741
ID5144,5144,21,0.2812228798866272,383.9902093580224,412.88601992086427,0.0,149.0,149,15.0,1,,24.846461949265688,25.0,11.0,42.0,18610.0,5.486656531861372,0.5235747062261464,3.1124449645341326
ID5145,5145,86,0.12369634211063385,2788.623544121807,452.644531638199,0.0,149.0,149,15.0,1,,9.532710280373832,9.0,0.0,23.0,7140.0,4.808699864051398,0.4678558217588694,1.263709809566894
ID5146,5146,20,0.11107058823108673,302.320117111631,454.5489003484282,0.0,149.0,149,15.0,1,,7.563417890520694,6.0,0.0,28.0,5665.0,5.738070355442762,0.406997631540816,0.7625717962211678
ID5147,5147,2,0.16882532835006714,2839.580823473296,697.1177102232022,0.0,149.0,149,15.0,1,,10.869158878504672,9.0,0.0,37.0,8141.0,7.794415384745958,0.4638082757859187,0.8836833684307843
ID5148,5148,3,0.11697360128164291,2139.8690476823176,800.3254822872123,0.0,149.0,149,15.0,1,,10.618157543391188,10.0,0.0,26.0,7953.0,4.655339217697384,0.41477057644951093,1.3373643734597491
ID5149,5149,77,0.15253928303718567,2643.754623032646,1098.3265110631778,0.0,149.0,149,15.0,1,,10.695594125500667,10.0,0.0,30.0,8011.0,5.776426770138055,0.5320054596633556,1.2859717077397321
ID5150,5150,5,0.17731478810310364,2345.9152630105673,1251.836561451067,0.0,149.0,149,15.0,1,,11.500667556742323,10.0,0.0,31.0,8614.0,6.7208719579105125,0.5617482601045792,1.2310002156389477
ID5151,5151,6,0.1417509764432907,395.6425887324348,1343.4561135853312,0.0,149.0,149,15.0,1,,14.013351134846461,14.0,2.0,23.0,10496.0,3.2650037237925327,0.46303625705205914,2.7167409494900405
ID5161,5161,24,0.16919678449630737,1099.5503194359123,38.179239444736645,0.0,150.0,150,15.0,1,,10.40720961281709,8.0,0.0,31.0,7795.0,7.653142469810876,0.4966150310190462,0.9024730814312442
ID5162,5162,59,0.21079179644584656,2922.6846528339856,38.94620056172461,0.0,150.0,150,15.0,1,,12.038718291054739,9.0,0.0,45.0,9017.0,9.778145798331181,0.5283653127008818,0.8512573306562204
ID5163,5163,82,0.13297335803508759,894.0645594469678,196.69813259037366,0.0,150.0,150,15.0,1,,9.38584779706275,9.0,0.0,26.0,7030.0,5.5405035083948695,0.4709858829676936,1.0848099351442277
ID5164,5164,88,0.10376821458339691,1360.7215520919042,330.83146626821764,0.0,150.0,150,15.0,1,,7.3004005340453935,6.0,0.0,22.0,5468.0,5.35921040853916,0.37844595733504877,0.7479800281474469
ID5165,5165,76,0.1373971849679947,2125.515292411063,391.35791011879223,0.0,150.0,150,15.0,1,,8.265687583444592,6.0,0.0,30.0,6191.0,7.262471126241038,0.42274845267931876,0.6763608604321768
ID5166,5166,21,0.2766963541507721,384.00629379174364,412.83889870070567,0.0,150.0,150,15.0,1,,24.33644859813084,24.0,9.0,41.0,18228.0,5.146674196519698,0.5347363082824672,3.2950835195418917
ID5167,5167,86,0.11725357919931412,2787.3397826125297,448.9001800399293,0.0,150.0,150,15.0,1,,9.069425901201603,9.0,0.0,23.0,6793.0,4.758666433022203,0.44822554432013423,1.17973626325005
ID5168,5168,20,0.13593128323554993,301.46899210880395,459.15127391347045,0.0,150.0,150,15.0,1,,9.124165554072096,8.0,0.0,32.0,6834.0,6.398472056440279,0.4534099544004082,0.889712710705435
ID5169,5169,2,0.20841249823570251,2844.390659524926,702.8108321820035,0.0,150.0,150,15.0,1,,11.982643524699599,8.0,0.0,40.0,8975.0,10.176567818996068,0.48845084267651273,0.7728009920827728
ID5170,5170,77,0.14940039813518524,2644.7199291205543,1099.2919635641135,0.0,150.0,150,15.0,1,,10.530040053404539,10.0,0.0,25.0,7887.0,5.673676681302449,0.49525735740833776,1.229448731515979
ID5171,5171,5,0.17140258848667145,2339.0317593063733,1250.1904930913363,0.0,150.0,150,15.0,1,,11.255006675567424,10.0,0.0,29.0,8430.0,6.582294120517014,0.5541679182651478,1.2193879770447906
ID5172,5172,6,0.13513103127479553,394.89169153630206,1343.257023659058,0.0,150.0,150,15.0,1,,12.596795727636849,13.0,1.0,24.0,9435.0,3.41556524979346,0.48535373380374436,2.410216075827918
ID5173,5173,9,0.17481793463230133,2329.0171991271986,1559.5495608905069,0.0,150.0,150,15.0,1,,11.353805073431241,10.0,0.0,31.0,8504.0,6.945860312108347,0.5278052254126808,1.1294085702623562
ID5174,5174,87,0.12540674209594727,730.981197138771,1564.8668929287403,0.0,150.0,150,15.0,1,,9.156208277703605,9.0,0.0,25.0,6858.0,4.933342256272606,0.4925286760218288,1.2249355803032413
ID5175,5175,11,0.17976006865501404,2663.12027592777,1650.8567395862171,0.0,150.0,150,15.0,1,,11.166889185580775,9.0,0.0,33.0,8364.0,7.354483049465101,0.5541378980658244,1.0827753315066226
ID5176,5176,13,0.18116536736488342,489.47256724904884,1738.2724588499864,0.0,150.0,150,15.0,1,,11.963951935914553,10.0,0.0,33.0,8961.0,7.610507328324323,0.48069985454152975,1.0206997391743953
ID5177,5177,84,0.10631339997053146,2466.7533910527923,1845.6621484156149,0.0,150.0,150,15.0,1,,8.695594125500667,8.0,0.0,21.0,6513.0,4.224102515285897,0.43559991421627753,1.2492494542375348
ID5178,5178,80,0.16638149321079254,2785.6732949083707,1848.9454085062282,0.0,150.0,150,15.0,1,,9.730307076101468,7.0,0.0,36.0,7288.0,8.232542867872214,0.4751689945120946,0.7614280295759265
ID5179,5179,14,0.20688605308532715,2316.749254502302,1868.4577180995432,0.0,150.0,150,15.0,1,,12.610146862483312,10.0,0.0,38.0,9445.0,8.301163091292825,0.5586308951412482,1.0889122008764736
ID5180,5180,17,0.1921297013759613,683.211660623149,1891.4303781970284,0.0,150.0,150,15.0,1,,11.17890520694259,9.0,0.0,36.0,8373.0,8.43994407677428,0.5557887942767756,0.9463435957003459
ID5181,5181,85,0.17653152346611023,438.6295795113775,1926.8927749914121,0.0,150.0,150,15.0,1,,10.690253671562083,9.0,0.0,36.0,8007.0,7.906213190973678,0.519063053870884,0.9240464480969687
ID5184,5184,82,0.14738866686820984,886.9218188258719,195.26543384117707,0.0,151.0,151,15.0,1,,10.256341789052069,10.0,0.0,25.0,7682.0,5.676999091523882,0.5129400760999799,1.2250351805793716
ID5185,5185,76,0.14493513107299805,2127.2438716082866,387.9310660816562,0.0,151.0,151,15.0,1,,9.248331108144193,7.0,0.0,30.0,6927.0,7.011431690469082,0.446267481758423,0.8140166330071257
ID5186,5186,21,0.2798546552658081,384.165035938128,413.0111942301614,0.0,151.0,151,15.0,1,,25.19626168224299,26.0,11.0,37.0,18872.0,5.0690617549814485,0.5241327659635703,3.4186688460433308
ID5187,5187,86,0.13427311182022095,2785.247955332143,451.52928120104036,0.0,151.0,151,15.0,1,,9.963951935914553,9.0,0.0,25.0,7463.0,5.23996707523611,0.4813935273101762,1.2358417571623654
ID5188,5188,20,0.15163196623325348,295.4730155313343,460.50824373819677,0.0,151.0,151,15.0,1,,9.288384512683578,7.0,0.0,30.0,6957.0,7.354807528214875,0.46360488463092947,0.8000608555722297
ID5189,5189,89,0.10821384191513062,1368.8260224851945,527.9063078393515,0.0,151.0,151,15.0,1,,10.576769025367156,11.0,0.0,25.0,7922.0,5.3760754154913055,0.3287439300923516,0.973495868771598
ID5190,5190,90,0.1074247881770134,1038.8827421772828,673.4664617475613,0.0,151.0,151,15.0,1,,10.259012016021362,10.0,0.0,25.0,7684.0,5.539328477816555,0.3585303717904843,0.977541073546312
ID5191,5191,2,0.20979821681976318,2846.703620056258,694.7505804198875,0.0,151.0,151,15.0,1,,11.826435246995995,8.0,0.0,41.0,8858.0,10.536886861660816,0.4885313970621373,0.736726035429412
ID5192,5192,91,0.10323788225650787,2139.8676515053794,779.3628130274594,0.0,151.0,151,15.0,1,,9.610146862483312,10.0,0.0,21.0,7198.0,4.119888322665647,0.3975936088572746,1.3271898913203466
ID5193,5193,77,0.14142091572284698,2652.1186704115917,1092.7647066770323,0.0,151.0,151,15.0,1,,10.23898531375167,9.0,0.0,24.0,7669.0,5.297085974821471,0.5059461567882407,1.2988073890744496
ID5194,5194,5,0.18239611387252808,2341.8943840264883,1243.8224332160476,0.0,151.0,151,15.0,1,,11.419225634178906,10.0,0.0,34.0,8553.0,7.308917265373128,0.5618803772747177,1.1241123025049935
ID5195,5195,6,0.14380976557731628,394.58775551206685,1343.4519578039083,0.0,151.0,151,15.0,1,,13.688918558077436,14.0,2.0,23.0,10253.0,3.4242212948316677,0.4821182517685679,2.6008064237371133
ID5196,5196,9,0.18015296757221222,2325.6111837507337,1558.6220828939884,0.0,151.0,151,15.0,1,,11.162883845126835,9.0,0.0,31.0,8361.0,7.278652414913879,0.559688535434557,1.1006872910083851
ID5197,5197,87,0.1070631816983223,726.1931836439227,1570.8054117497863,0.0,151.0,151,15.0,1,,8.546061415220294,8.0,0.0,21.0,6401.0,4.266468702420837,0.4553054622836365,1.2533608997412187
ID5198,5198,11,0.18230827152729034,2662.3245876970054,1662.3934329046294,0.0,151.0,151,15.0,1,,12.427236315086782,11.0,0.0,30.0,9308.0,6.4905612649178925,0.542148611641883,1.3462149887975616
ID5199,5199,13,0.18636347353458405,487.5938700563427,1740.3505304022679,0.0,151.0,151,15.0,1,,12.400534045393858,10.0,0.0,36.0,9288.0,7.858358384921001,0.47293934570196977,1.013349217236188
ID5200,5200,80,0.1800621747970581,2782.435019042257,1846.4918576807788,0.0,151.0,151,15.0,1,,10.353805073431241,7.0,0.0,36.0,7755.0,8.880011325655559,0.49915051652198134,0.776430784994673
ID5201,5201,84,0.11148452758789062,2471.1718268258437,1854.2896276537917,0.0,151.0,151,15.0,1,,9.033377837116156,9.0,0.0,20.0,6766.0,4.154465021846186,0.44342824001043013,1.3359592606385473
ID5202,5202,14,0.20496270060539246,2316.2682209503673,1866.3185216382385,0.0,151.0,151,15.0,1,,12.194926568758344,10.0,0.0,37.0,9134.0,8.453675332794674,0.5742850377387574,1.052465223204849
ID5203,5203,17,0.18597964942455292,695.3389279104208,1894.0587444699306,0.0,151.0,151,15.0,1,,11.958611481975968,11.0,0.0,30.0,8957.0,7.36661396287305,0.5486806950476194,1.1502722315411216
ID5204,5204,85,0.18027156591415405,437.31550702639817,1927.6339890872532,0.0,151.0,151,15.0,1,,10.686248331108144,8.0,0.0,35.0,8004.0,8.362386211611677,0.5243922629872723,0.8791937176745463
ID5182,5182,24,0.18252603709697723,1096.1270431927453,36.34192663722489,0.0,151.0,151,15.0,1,,11.176234979973298,9.0,0.0,33.0,8371.0,7.748791261840579,0.5399220197175776,1.011402140805742
ID5183,5183,59,0.18685530126094818,2917.5531301894825,44.67526265470404,0.0,151.0,151,15.0,1,,10.826435246995995,8.0,0.0,36.0,8109.0,8.338063980244398,0.5726145499241738,0.9455627275592307
ID5248,5248,85,0.15675273537635803,431.6756011543809,1930.0632435042016,0.0,152.0,152,15.0,1,,9.881174899866489,8.0,0.0,35.0,7401.0,7.160537331405325,0.5037975223665431,0.9246122250315205
ID5226,5226,24,0.14359904825687408,1101.8568627125428,41.749396277449236,0.0,152.0,152,15.0,1,,9.333778371161548,8.0,0.0,29.0,6991.0,6.45040265368491,0.469501761778804,0.9246295521115906
ID5227,5227,59,0.21899457275867462,2918.8621167736164,49.44273269440644,0.0,152.0,152,15.0,1,,12.269692923898532,9.0,0.0,45.0,9190.0,10.372572973604195,0.5448890442930341,0.8344262789356537
ID5228,5228,82,0.1471208781003952,890.7880502168478,190.7478979704328,0.0,152.0,152,15.0,1,,10.057409879839787,9.0,0.0,26.0,7533.0,6.003400481933522,0.48566961632348626,1.0953111853540374
ID5229,5229,76,0.1384754478931427,2124.277893108731,385.11050845673964,0.0,152.0,152,15.0,1,,8.352469959946596,6.0,0.0,31.0,6256.0,7.192255558177568,0.4446985200059181,0.714937806769894
ID5230,5230,21,0.28484857082366943,383.90682662178085,413.1415976757789,0.0,152.0,152,15.0,1,,25.16021361815754,25.0,13.0,38.0,18845.0,5.424096362038624,0.5291694353409354,3.210377226741342
ID5231,5231,86,0.12699991464614868,2785.0656626024806,456.6298689175067,0.0,152.0,152,15.0,1,,9.233644859813085,8.0,0.0,24.0,6916.0,5.228228622723081,0.47689882502424863,1.1405756604524038
ID5232,5232,20,0.14211244881153107,293.7526015789154,462.72536435656076,0.0,152.0,152,15.0,1,,9.02803738317757,7.0,0.0,30.0,6762.0,7.014157876408141,0.45300948059286783,0.802576890730602
ID5233,5233,89,0.11234591901302338,1372.1906417192713,523.1758851504409,0.0,152.0,152,15.0,1,,10.59279038718291,10.0,0.0,24.0,7934.0,5.539455110861996,0.36117778983135124,1.0147977803442336
ID5234,5234,90,0.10377708822488785,1046.6868534281252,670.4601550187296,0.0,152.0,152,15.0,1,,9.853137516688918,10.0,0.0,22.0,7380.0,5.214624274029642,0.36758898341204516,1.0157536961396756
ID5235,5235,2,0.2034001648426056,2849.4455050289102,697.6638424692575,0.0,152.0,152,15.0,1,,11.333778371161548,8.0,0.0,44.0,8489.0,10.024872504237454,0.5089613110813291,0.7626627221192073
ID5236,5236,91,0.10207821428775787,2143.00179505847,778.389368755351,0.0,152.0,152,15.0,1,,10.321762349799734,10.0,0.0,20.0,7731.0,3.64967496789157,0.42871303097300534,1.6972715863806318
ID5237,5237,77,0.14307801425457,2652.807367347663,1087.1869562550478,0.0,152.0,152,15.0,1,,10.009345794392523,9.0,0.0,26.0,7497.0,5.179522434193058,0.5344504043708587,1.3461719108589254
ID5238,5238,5,0.1668587327003479,2348.8061903204757,1247.9218154491896,0.0,152.0,152,15.0,1,,10.778371161548732,10.0,0.0,28.0,8073.0,6.795839558969354,0.5348132229543785,1.1053164093340866
ID5239,5239,6,0.13893838226795197,393.64722746654553,1342.9948893082408,0.0,152.0,152,15.0,1,,13.672897196261681,14.0,3.0,24.0,10241.0,3.32565377213933,0.4632534088858116,2.603230295148243
ID5240,5240,9,0.1919902116060257,2322.182892927586,1553.972871035673,0.0,152.0,152,15.0,1,,11.833110814419225,10.0,0.0,32.0,8863.0,7.746841589622788,0.5621810318057257,1.0993831588687861
ID5241,5241,87,0.1225074976682663,721.8020581016827,1566.5225621600084,0.0,152.0,152,15.0,1,,8.731642189586115,8.0,0.0,22.0,6540.0,5.018023675155465,0.4922630083474629,1.1480083538064512
ID5242,5242,11,0.16704988479614258,2662.4494018684154,1670.9122978713744,0.0,152.0,152,15.0,1,,10.879839786381842,10.0,0.0,30.0,8149.0,6.519118897845307,0.5381004110741032,1.1677294398826217
ID5243,5243,13,0.19041001796722412,481.0537741857461,1744.753248231649,0.0,152.0,152,15.0,1,,11.886515353805073,10.0,0.0,34.0,8903.0,7.9815423607207965,0.5274132688656684,1.028471404408669
ID5244,5244,80,0.1502312868833542,2778.300786657918,1832.5799528758293,0.0,152.0,152,15.0,1,,10.050734312416555,9.0,0.0,30.0,7528.0,6.633659923359124,0.46669524202561513,0.9642021043840647
ID5245,5245,84,0.11693020910024643,2465.1659061794485,1860.8839676925622,0.0,152.0,152,15.0,1,,9.065420560747663,8.0,0.0,23.0,6790.0,4.642830478955123,0.4555524483156107,1.2222094895688784
ID5246,5246,14,0.20195814967155457,2309.454912913915,1868.2941914258568,0.0,152.0,152,15.0,1,,12.121495327102803,10.0,0.0,34.0,9079.0,8.124362905934074,0.5876084859771172,1.1044384731894017
ID5247,5247,17,0.20803219079971313,702.3463887066893,1897.2265529575175,0.0,152.0,152,15.0,1,,12.324432576769025,10.0,0.0,35.0,9231.0,8.452301120389599,0.591287590351382,1.0836076354662938
ID5216,5216,6,0.13681809604167938,395.6215478980938,1343.5915276741532,0.0,153.0,153,15.0,1,,13.260347129506007,13.0,0.0,23.0,9932.0,3.5746867612194073,0.4608746487529942,2.3405437524309316
ID5217,5217,9,0.16491281986236572,2328.788417954823,1554.3120438451879,0.0,153.0,153,15.0,1,,10.473965287049399,9.0,0.0,32.0,7845.0,6.8311122092113585,0.533333478442823,1.0666254324584301
ID5218,5218,87,0.12752626836299896,727.5306297584758,1564.524439625309,0.0,153.0,153,15.0,1,,9.757009345794392,9.0,0.0,25.0,7308.0,4.595652400971381,0.5067460144344013,1.428071112453214
ID5219,5219,11,0.15388353168964386,2675.3897764868357,1676.8065604124672,0.0,153.0,153,15.0,1,,10.324432576769025,9.0,0.0,28.0,7733.0,6.001354892013961,0.52488610702697,1.1843349581623623
ID5220,5220,13,0.1821831613779068,483.5335679568982,1736.7689206540274,0.0,153.0,153,15.0,1,,11.901201602136181,10.0,0.0,34.0,8914.0,7.876612721594649,0.48277878648240286,0.9839049144215843
ID5221,5221,80,0.17217972874641418,2779.4827742978587,1837.739993386465,0.0,153.0,153,15.0,1,,10.461949265687583,8.0,0.0,34.0,7836.0,7.730950847607165,0.5217235678517623,0.9279282185225823
ID5222,5222,14,0.21259020268917084,2308.873769056208,1860.047726315477,0.0,153.0,153,15.0,1,,12.770360480640855,10.0,0.0,41.0,9565.0,8.852361689978615,0.563132099853262,1.0394141014331029
ID5223,5223,84,0.12144485116004944,2475.178944088463,1864.902332422897,0.0,153.0,153,15.0,1,,9.60347129506008,9.0,0.0,21.0,7193.0,4.428763388718389,0.46747027648441625,1.3815304088373674
ID5224,5224,17,0.181743323802948,697.1608839904111,1898.9423130555076,0.0,153.0,153,15.0,1,,11.767690253671562,10.0,0.0,30.0,8814.0,6.997858544111485,0.5524695236344926,1.1968543624601458
ID5225,5225,85,0.1643902212381363,425.4801386132573,1930.1770560589812,0.0,153.0,153,15.0,1,,9.903871829105475,7.0,0.0,33.0,7418.0,8.074774112475687,0.4615555568392245,0.7746638331101606
ID5205,5205,24,0.1657663732767105,1101.8545713609683,48.012103005244235,0.0,153.0,153,15.0,1,,10.586114819759679,8.0,0.0,33.0,7929.0,7.525153505827244,0.46527752665306454,0.8933947987070073
ID5206,5206,59,0.1975908726453781,2915.4452162089883,48.00123875966009,0.0,153.0,153,15.0,1,,11.117489986648865,8.0,0.0,38.0,8327.0,9.24298121348305,0.5407653868166887,0.8443004959945991
ID5207,5207,82,0.11986059695482254,888.3606690162537,193.48989356288334,0.0,153.0,153,15.0,1,,9.109479305740988,9.0,0.0,25.0,6823.0,5.040348257550476,0.4371429935066424,1.099478002281317
ID5208,5208,76,0.13182950019836426,2122.574028184995,383.63931691222126,0.0,153.0,153,15.0,1,,8.291054739652871,6.0,0.0,27.0,6210.0,6.655638724210728,0.43194308450728147,0.7515377618629878
ID5209,5209,21,0.26892757415771484,383.87709127614426,412.9077243121088,0.0,153.0,153,15.0,1,,24.093457943925234,24.0,11.0,35.0,18046.0,4.887703924917508,0.5233333270662404,3.3869414533151616
ID5210,5210,86,0.1214645504951477,2786.909999248967,455.558837546453,0.0,153.0,153,15.0,1,,9.40720961281709,9.0,0.0,24.0,7046.0,4.765461897484651,0.46442333749213116,1.2520832598644782
ID5211,5211,20,0.12525425851345062,287.50158872606283,462.46034709322385,0.0,153.0,153,15.0,1,,8.057409879839787,7.0,0.0,27.0,6035.0,6.4684064951981295,0.4158217359188014,0.7316893934862952
ID5212,5212,90,0.11355023831129074,1054.3248752810234,668.3132028526403,0.0,153.0,153,15.0,1,,10.313751668891856,10.0,0.0,25.0,7725.0,5.950246968070312,0.35035900718459323,0.8994472861030383
ID5213,5213,2,0.2364501655101776,2851.051827388055,695.2558039256821,0.0,153.0,153,15.0,1,,12.514018691588785,8.0,0.0,48.0,9373.0,11.731345574526133,0.53316048975989,0.7419067225360296
ID5214,5214,77,0.15747004747390747,2651.435184906746,1079.961627491287,0.0,153.0,153,15.0,1,,10.907877169559413,10.0,0.0,26.0,8170.0,5.7140697359639825,0.5450086931451907,1.3467816806384165
ID5215,5215,5,0.17466776072978973,2346.8345353117434,1250.8773044615439,0.0,153.0,153,15.0,1,,11.129506008010681,9.0,0.0,33.0,8336.0,6.913371326486926,0.5564796106492462,1.151123235802094
ID5249,5249,24,0.162704735994339,1095.2361844217935,43.28847243745445,0.0,154.0,154,15.0,1,,10.16822429906542,8.0,0.0,32.0,7616.0,7.323028264704801,0.49637269032318365,0.9211969868130271
ID5250,5250,59,0.22357413172721863,2914.0465212792583,45.855218018572096,0.0,154.0,154,15.0,1,,11.997329773030708,8.0,0.0,41.0,8986.0,10.455788935901513,0.5802440556698465,0.8426443614369757
ID5251,5251,82,0.11719126254320145,892.669692478816,193.11291684325937,0.0,154.0,154,15.0,1,,9.29506008010681,9.0,0.0,25.0,6962.0,4.192843361922255,0.4859596680563785,1.4499958643494384
ID5252,5252,76,0.1240646094083786,2122.2092356043804,385.3709712052007,0.0,154.0,154,15.0,1,,7.762349799732977,6.0,0.0,28.0,5814.0,6.693010388005313,0.3952979219270008,0.6571420983484922
ID5253,5253,21,0.2846710681915283,383.7037028209856,413.2903058384509,0.0,154.0,154,15.0,1,,25.503337783711615,25.0,12.0,39.0,19102.0,4.97039923179721,0.5270141563409755,3.5417260280721825
ID5254,5254,86,0.13644012808799744,2790.7082083447785,455.5294988031505,0.0,154.0,154,15.0,1,,9.647530040053404,9.0,0.0,26.0,7226.0,5.452878836698922,0.49276575957505586,1.168070740725917
ID5255,5255,20,0.12197274714708328,291.44621258272696,470.4125006771168,0.0,154.0,154,15.0,1,,8.534045393858477,7.0,0.0,27.0,6392.0,5.7634267605891,0.4261277074117842,0.884882327236563
ID5256,5256,92,0.10337840765714645,1363.046953767187,548.0571719495175,0.0,154.0,154,15.0,1,,10.092122830440587,10.0,0.0,22.0,7559.0,5.232130720647251,0.3691968419502587,1.040221979626275
ID5257,5257,2,0.2259412258863449,2853.8867956739855,694.3384385935778,0.0,154.0,154,15.0,1,,12.085447263017356,8.0,0.0,47.0,9052.0,11.19805484536229,0.5387462413937913,0.7557312503961298
ID5258,5258,77,0.1527709662914276,2652.271605210467,1078.235206684064,0.0,154.0,154,15.0,1,,11.009345794392523,11.0,0.0,26.0,8246.0,5.474898306803388,0.5193134129122293,1.3746673553476436
ID5259,5259,5,0.1585572361946106,2349.2017619021954,1250.357865616918,0.0,154.0,154,15.0,1,,10.753004005340454,9.0,0.0,25.0,8054.0,6.028154281266693,0.5386607977081085,1.2489582623402096
ID5260,5260,6,0.13215361535549164,393.9074872847935,1343.4737671248927,0.0,154.0,154,15.0,1,,13.132176234979973,13.0,2.0,23.0,9836.0,3.244475879646132,0.4770421519661582,2.6144841555609597
ID5261,5261,9,0.18867112696170807,2335.2569244019633,1550.6041655409554,0.0,154.0,154,15.0,1,,11.528704939919892,10.0,0.0,30.0,8635.0,7.4933689798495,0.5860320312180395,1.136953759215537
ID5262,5262,87,0.10685668885707855,724.8983218789296,1561.1073632911693,0.0,154.0,154,15.0,1,,8.714285714285714,8.0,0.0,20.0,6527.0,4.2266750852824035,0.44263070481432304,1.2651711864694333
ID5263,5263,11,0.2025105357170105,2678.47493255611,1680.0722300550779,0.0,154.0,154,15.0,1,,12.29506008010681,11.0,0.0,36.0,9209.0,8.055936772082887,0.5905111023638242,1.1332767116904487
ID5264,5264,13,0.23149465024471283,485.7402954614468,1733.922449698138,0.0,154.0,154,15.0,1,,14.012016021361816,11.0,0.0,42.0,10495.0,9.880089350943685,0.5225774917690538,0.973511404206761
ID5265,5265,80,0.18362197279930115,2773.385750008218,1832.400122492154,0.0,154.0,154,15.0,1,,10.656875834445929,8.0,0.0,36.0,7982.0,8.535927303604653,0.5213179129847634,0.8556415438519279
ID5266,5266,14,0.21118967235088348,2313.029253339649,1858.524930236229,0.0,154.0,154,15.0,1,,11.967957276368491,9.0,0.0,40.0,8964.0,9.245842466063499,0.5686561489303822,0.9384810759331196
ID5267,5267,84,0.14591294527053833,2477.0303647452733,1865.8621624874504,0.0,154.0,154,15.0,1,,10.82109479305741,10.0,0.0,26.0,8105.0,5.0253404256238055,0.505952740397345,1.4468860171109375
ID5268,5268,17,0.21181035041809082,695.500664435909,1904.3560912054493,0.0,154.0,154,15.0,1,,13.096128170894525,11.0,0.0,40.0,9809.0,8.65477819032107,0.5471959358987485,1.0703221612919933
ID5269,5269,85,0.16317865252494812,421.8185287063307,1932.7974051357266,0.0,154.0,154,15.0,1,,10.137516688918558,8.0,0.0,35.0,7593.0,7.213404391535991,0.5217063560204035,0.9636438878584447
ID5280,5280,5,0.18954475224018097,2352.692504133091,1245.9446609916722,0.0,155.0,155,15.0,1,,11.899866488651535,10.0,0.0,33.0,8913.0,7.353878709069946,0.5721797483338595,1.1778389354976417
ID5281,5281,6,0.13050109148025513,394.78988803064084,1344.098902503203,0.0,155.0,155,15.0,1,,12.92256341789052,13.0,3.0,23.0,9679.0,3.4520219368059286,0.44160536254609906,2.2934700350605195
ID5282,5282,9,0.18017315864562988,2336.7212908999127,1552.6159458045486,0.0,155.0,155,15.0,1,,11.08411214953271,9.0,0.0,32.0,8302.0,7.16494930726247,0.577296887208341,1.1324096314057763
ID5283,5283,87,0.11330483108758926,724.979983369747,1563.6346169300205,0.0,155.0,155,15.0,1,,8.703604806408546,8.0,0.0,24.0,6519.0,4.691299300517472,0.4495065019490081,1.1506727486687023
ID5284,5284,11,0.17124496400356293,2679.77942976265,1683.1692746917297,0.0,155.0,155,15.0,1,,10.460614152202938,9.0,0.0,33.0,7835.0,7.291311226961107,0.5455911736046706,1.0128712623650271
ID5285,5285,13,0.21813732385635376,488.03395141828037,1736.7681784111664,0.0,155.0,155,15.0,1,,12.950600801068092,10.0,0.0,40.0,9700.0,9.686473577132212,0.520294398527295,0.9151149893838674
ID5286,5286,80,0.15157602727413177,2770.6369512501833,1828.3385657838448,0.0,155.0,155,15.0,1,,9.815754339118826,8.0,0.0,28.0,7352.0,6.714237217696867,0.49850216026248245,0.9726725653817485
ID5287,5287,14,0.22379404306411743,2319.8688261982356,1864.087321419371,0.0,155.0,155,15.0,1,,13.064085447263018,10.0,0.0,41.0,9785.0,9.281466488933859,0.5760149948012809,1.0288826667750537
ID5288,5288,84,0.1496814489364624,2483.9988319149697,1871.1362655174298,0.0,155.0,155,15.0,1,,10.612817089452603,10.0,0.0,27.0,7949.0,5.534978340988861,0.5247704131867295,1.3198045894105934
ID5289,5289,17,0.19362981617450714,692.125383425506,1905.968776514309,0.0,155.0,155,15.0,1,,11.563417890520695,10.0,0.0,33.0,8661.0,8.150017031099965,0.5560519487561719,1.0140257314670167
ID5290,5290,85,0.15413743257522583,423.99420398714034,1930.7249114402528,0.0,155.0,155,15.0,1,,9.62483311081442,8.0,0.0,29.0,7209.0,6.821009744606329,0.5103898226250487,0.9536466526760318
ID5270,5270,24,0.15189963579177856,1088.2566699653785,42.19512979764629,0.0,155.0,155,15.0,1,,9.349799732977303,8.0,0.0,29.0,7003.0,7.024817776954191,0.492085311880269,0.8778978552983817
ID5271,5271,59,0.19908848404884338,2911.20059283218,46.58620367210535,0.0,155.0,155,15.0,1,,11.09078771695594,8.0,0.0,39.0,8307.0,9.478502727270001,0.5360847405992095,0.8167157287552017
ID5272,5272,82,0.11533039808273315,894.593972194434,192.79108845957,0.0,155.0,155,15.0,1,,9.005340453938585,8.0,0.0,25.0,6745.0,4.648899967375456,0.4450188067167325,1.1931218415597833
ID5273,5273,76,0.15554434061050415,2123.5761153159056,389.57785821696166,0.0,155.0,155,15.0,1,,9.938584779706275,8.0,0.0,33.0,7444.0,7.255753286081639,0.47531933662159004,0.8826153636515425
ID5274,5274,21,0.28507211804389954,384.2816901153422,412.94804778659676,0.0,155.0,155,15.0,1,,25.360480640854473,26.0,11.0,38.0,18995.0,5.264992626989944,0.529183196468955,3.3337746253801503
ID5275,5275,86,0.14819401502609253,2793.069334251291,459.49898803467505,0.0,155.0,155,15.0,1,,10.029372496662216,9.0,0.0,25.0,7512.0,5.919847181177395,0.5172184658626533,1.1550988819509649
ID5276,5276,20,0.12191519886255264,282.92527348459106,471.01583811102904,0.0,155.0,155,15.0,1,,8.081441922563418,7.0,0.0,28.0,6053.0,6.0746285776648365,0.40946970456714393,0.772974474343804
ID5277,5277,92,0.10697168856859207,1358.2494871382098,548.14624255628,0.0,155.0,155,15.0,1,,9.961281708945261,10.0,0.0,27.0,7461.0,5.5497117969154734,0.3584343518984043,0.9472088725979425
ID5278,5278,2,0.22275899350643158,2852.341449872659,696.2655999177571,0.0,155.0,155,15.0,1,,11.676902536715621,7.0,0.0,46.0,8746.0,11.085219866281598,0.5448338586230377,0.7430116940047571
ID5279,5279,77,0.1697206348180771,2661.3330634898675,1076.0729259537118,0.0,155.0,155,15.0,1,,11.647530040053404,11.0,0.0,26.0,8724.0,6.049588743985447,0.5510972796154938,1.3681295207666802
ID5312,5312,59,0.19296795129776,2907.242151500043,41.37130115072786,0.0,156.0,156,15.0,1,,11.363150867823766,9.0,0.0,37.0,8511.0,8.936587578342772,0.5199722537402758,0.869964562651232
ID5313,5313,24,0.17268547415733337,1080.760494623322,49.755994952635724,0.0,156.0,156,15.0,1,,10.481975967957275,9.0,0.0,32.0,7851.0,7.867808801799124,0.5004773855300907,0.8887392525111779
ID5314,5314,82,0.11280129104852676,895.4693198614773,195.9260337714632,0.0,156.0,156,15.0,1,,8.630173564753004,8.0,0.0,21.0,6464.0,4.527184389799787,0.4702521500840359,1.2194396417000584
ID5315,5315,76,0.14364705979824066,2120.505322552355,393.79671457103166,0.0,156.0,156,15.0,1,,8.468624833110814,6.0,0.0,33.0,6343.0,7.594723812679405,0.4443749866413479,0.686120744994563
ID5316,5316,21,0.2784745395183563,384.12738450527803,413.00601364116505,0.0,156.0,156,15.0,1,,24.548731642189587,24.0,12.0,42.0,18387.0,5.280813735587847,0.5307469688285616,3.2236086991695525
ID5317,5317,86,0.1389644742012024,2789.959562084391,459.08968812654007,0.0,156.0,156,15.0,1,,9.622162883845126,9.0,0.0,24.0,7207.0,5.908399723638289,0.48924958930434875,1.070029649238432
ID5318,5318,20,0.10189995169639587,285.4986219201003,465.8271838605157,0.0,156.0,156,15.0,1,,7.481975967957276,7.0,0.0,22.0,5604.0,5.024140477154377,0.387633306801033,0.8320145117651435
ID5319,5319,92,0.10495372861623764,1360.1001947362815,546.486450936703,0.0,156.0,156,15.0,1,,10.372496662216289,10.0,0.0,24.0,7769.0,5.147435038436318,0.347893359662723,1.040190853124588
ID5320,5320,2,0.2187606394290924,2852.0282141325515,697.3653037479182,0.0,156.0,156,15.0,1,,11.666221628838452,8.0,0.0,45.0,8738.0,10.84717337975633,0.5319740287384194,0.7469347484449952
ID5321,5321,93,0.12022358179092407,2134.764609946403,768.5770900155579,0.0,156.0,156,15.0,1,,10.321762349799734,10.0,0.0,24.0,7731.0,4.990559975451711,0.41192339011039325,1.2068127565511713
ID5322,5322,77,0.16494449973106384,2662.1223307165023,1074.8658863970763,0.0,156.0,156,15.0,1,,10.982643524699599,10.0,0.0,27.0,8226.0,6.334353155676627,0.5304485664983631,1.2018745849892425
ID5323,5323,5,0.184244304895401,2354.3190917848165,1251.0584178652703,0.0,156.0,156,15.0,1,,11.938584779706275,10.0,0.0,28.0,8942.0,6.883015492685503,0.5707308340920548,1.2604733370422792
ID5324,5324,6,0.13168741762638092,393.51174033511256,1342.2762449521042,0.0,156.0,156,15.0,1,,13.17890520694259,13.0,3.0,23.0,9871.0,3.4463083213512906,0.43619401773427996,2.322853354039831
ID5325,5325,9,0.18201126158237457,2332.139809818952,1552.0466714637091,0.0,156.0,156,15.0,1,,11.970627503337784,11.0,0.0,31.0,8966.0,6.714713053970149,0.5669115485611946,1.2900016828835184
ID5326,5326,87,0.11113181710243225,725.877964382086,1572.200633115825,0.0,156.0,156,15.0,1,,8.861148197596796,9.0,0.0,23.0,6637.0,4.38268948581552,0.4493249200478648,1.2536434610667477
ID5327,5327,11,0.18070612847805023,2684.5236835251926,1682.6970192415267,0.0,156.0,156,15.0,1,,11.220293724966622,9.0,0.0,35.0,8404.0,7.598431756241011,0.5376179272105639,1.0326081838441457
ID5328,5328,13,0.18030939996242523,493.29496230989025,1745.935491838129,0.0,156.0,156,15.0,1,,11.313751668891856,9.0,0.0,33.0,8474.0,7.805563999824836,0.4966965626509066,0.962032495603766
ID5329,5329,80,0.17067785561084747,2774.2593840087775,1822.0557121952763,0.0,156.0,156,15.0,1,,9.959946595460615,7.0,0.0,32.0,7460.0,8.22452300177765,0.4991256850916234,0.806395619697319
ID5330,5330,14,0.22886613011360168,2318.165538970018,1864.8835442272139,0.0,156.0,156,15.0,1,,13.082777036048064,10.0,0.0,38.0,9799.0,9.489430358796309,0.6101830119410689,1.0448998447608686
ID5331,5331,84,0.12589481472969055,2483.7440885115752,1869.6988217342557,0.0,156.0,156,15.0,1,,9.574098798397864,9.0,0.0,23.0,7171.0,4.446824486862936,0.4916085554806157,1.419196327370266
ID5332,5332,17,0.18944822251796722,688.9978451215691,1907.842383334163,0.0,156.0,156,15.0,1,,11.443257676902537,9.0,0.0,34.0,8571.0,7.8277613783816165,0.561629959655698,1.0515119906901862
ID5333,5333,85,0.16927602887153625,422.95563341339505,1930.2333193960048,0.0,156.0,156,15.0,1,,10.53671562082777,9.0,0.0,35.0,7892.0,7.294074981801555,0.5197630512728773,0.9880855604396632
ID5291,5291,59,0.20344917476177216,2907.6016702253573,40.699477628492794,0.0,157.0,157,15.0,1,,11.381842456608812,8.0,0.0,41.0,8525.0,9.642457988814645,0.532577193821332,0.8203799103321391
ID5292,5292,24,0.1598106026649475,1078.4592425117673,52.97359759363198,0.0,157.0,157,15.0,1,,9.682242990654206,7.0,0.0,33.0,7252.0,7.733735203826742,0.4794404064696309,0.8114351789198667
ID5293,5293,82,0.10696418583393097,896.4786572861941,203.4390955916121,0.0,157.0,157,15.0,1,,9.230974632843791,9.0,0.0,18.0,6914.0,3.7185474905122966,0.4360598704451339,1.5075710736913213
ID5294,5294,76,0.1468852311372757,2121.907041427398,392.63860863775153,0.0,157.0,157,15.0,1,,9.114819759679573,7.0,0.0,32.0,6827.0,7.424497453299272,0.43676207852677595,0.7463990628800312
ID5295,5295,21,0.2806205153465271,384.12850644817297,413.1966931799475,0.0,157.0,157,15.0,1,,24.82510013351135,25.0,8.0,37.0,18594.0,4.972933171499012,0.5433648033722612,3.515048268433145
ID5296,5296,86,0.12271454185247421,2795.412086681602,456.8643901700889,0.0,157.0,157,15.0,1,,9.09479305740988,9.0,0.0,22.0,6812.0,4.93436461309103,0.4697281688402506,1.178151571049903
ID5297,5297,92,0.10257624089717865,1361.655826297485,549.5672006017506,0.0,157.0,157,15.0,1,,10.130841121495328,10.0,0.0,22.0,7588.0,4.945583235868717,0.3579036764126016,1.0798294804359343
ID5298,5298,2,0.22245480120182037,2848.1425551268017,701.3693380837193,0.0,157.0,157,15.0,1,,12.241655540720961,8.0,0.0,45.0,9169.0,11.121909553751587,0.49443218107730935,0.7283184479435884
ID5299,5299,93,0.13234151899814606,2134.6629999114352,764.2710357338281,0.0,157.0,157,15.0,1,,10.690253671562083,10.0,0.0,25.0,8007.0,5.332542968205429,0.43560966223638536,1.2165914906857411
ID5300,5300,77,0.17283055186271667,2662.4024233741293,1078.69913087566,0.0,157.0,157,15.0,1,,11.392523364485982,10.0,0.0,27.0,8533.0,6.2879434472044995,0.5770901457741036,1.3259539362098887
ID5301,5301,5,0.19035638868808746,2351.374479392236,1249.0917058214795,0.0,157.0,157,15.0,1,,11.990654205607477,10.0,0.0,32.0,8981.0,7.380141602941257,0.5645036264990088,1.172460827774862
ID5302,5302,6,0.14532220363616943,395.7120044816083,1345.1773227091687,0.0,157.0,157,15.0,1,,13.676902536715621,14.0,1.0,24.0,10244.0,3.6800172949716443,0.47708934592091773,2.4008268567024538
ID5303,5303,9,0.18501655757427216,2336.7743602183596,1545.3635501271256,0.0,157.0,157,15.0,1,,11.57943925233645,10.0,0.0,33.0,8673.0,7.411737634681601,0.5585774507155202,1.1198310311138728
ID5304,5304,87,0.1077420562505722,723.8541495933343,1577.1656696298014,0.0,157.0,157,15.0,1,,8.514018691588785,8.0,0.0,21.0,6377.0,4.388716512298172,0.43934802030398523,1.1843223504321019
ID5305,5305,11,0.16270719468593597,2684.0441497803654,1687.3353987756593,0.0,157.0,157,15.0,1,,10.556742323097463,9.0,0.0,28.0,7907.0,6.428633146533706,0.5372624693576374,1.1478357657333311
ID5306,5306,13,0.19367937743663788,493.2596083607708,1743.2934040439397,0.0,157.0,157,15.0,1,,12.068090787716956,10.0,0.0,39.0,9039.0,8.592180826195147,0.4948874987366134,0.9299575598582968
ID5307,5307,80,0.1795496940612793,2773.8277099823986,1819.093507597923,0.0,157.0,157,15.0,1,,10.465954606141523,8.0,0.0,33.0,7839.0,8.255963801522762,0.5262004919367785,0.8741394548895075
ID5308,5308,14,0.2176724523305893,2314.0948567389523,1864.258287644014,0.0,157.0,157,15.0,1,,12.356475300400534,9.0,0.0,38.0,9255.0,9.482450797203276,0.5812955284541165,0.9580494866645396
ID5309,5309,84,0.12571607530117035,2473.8383229876567,1864.6951915855714,0.0,157.0,157,15.0,1,,9.13351134846462,8.0,0.0,24.0,6841.0,5.134116889674044,0.4680494500764717,1.134365659970184
ID5310,5310,17,0.1792851835489273,682.4305379469816,1902.599181775027,0.0,157.0,157,15.0,1,,11.671562082777037,10.0,0.0,31.0,8742.0,7.410716718999289,0.514605436046206,1.0702213885721803
ID5311,5311,85,0.17764931917190552,410.6742415675303,1921.7616982950026,0.0,157.0,157,15.0,1,,10.033377837116156,8.0,0.0,34.0,7515.0,8.505123145768984,0.5271804026535418,0.8144519581939832
ID5344,5344,5,0.1648266762495041,2352.433734212788,1238.2902544547633,0.0,158.0,158,15.0,1,,10.847797062750335,9.0,0.0,28.0,8125.0,6.53790356114285,0.5330529868996655,1.1538417602998041
ID5345,5345,6,0.12922242283821106,394.0460605743832,1344.276136029045,0.0,158.0,158,15.0,1,,12.973297730307076,13.0,4.0,22.0,9717.0,3.3625544852962332,0.447756437704041,2.3864777215539332
ID5346,5346,9,0.17187798023223877,2336.1593347682237,1546.2365598152157,0.0,158.0,158,15.0,1,,11.379172229639519,10.0,0.0,31.0,8523.0,6.500957877465094,0.5415999141006906,1.2299011955944004
ID5347,5347,87,0.11647777259349823,726.2115069187121,1575.6400513713465,0.0,158.0,158,15.0,1,,8.819759679572764,8.0,0.0,21.0,6606.0,4.685948325245893,0.4554893340779766,1.1780356593534649
ID5348,5348,11,0.1565200239419937,2690.4750802206186,1681.510562935453,0.0,158.0,158,15.0,1,,10.903871829105475,10.0,0.0,28.0,8167.0,5.816383688641668,0.5268361374276592,1.2937215498195356
ID5349,5349,13,0.2037935107946396,490.57491627852346,1741.9532068763328,0.0,158.0,158,15.0,1,,13.144192256341789,11.0,0.0,37.0,9845.0,8.6312164481464,0.5049992288781133,1.0219892515908726
ID5350,5350,80,0.17385558784008026,2771.3533065190463,1814.8678743449511,0.0,158.0,158,15.0,1,,10.15086782376502,8.0,0.0,35.0,7603.0,8.162450869218087,0.5294828190815477,0.8610331215030027
ID5351,5351,84,0.16388684511184692,2472.8269958008063,1855.3772336688671,0.0,158.0,158,15.0,1,,11.291054739652871,11.0,0.0,29.0,8457.0,5.823444005847881,0.5595222608320134,1.3912667181870384
ID5352,5352,14,0.2243613600730896,2316.3511225476245,1857.7752371539837,0.0,158.0,158,15.0,1,,12.69425901201602,10.0,0.0,38.0,9508.0,9.28535916400011,0.6255569988044335,1.0522121902192687
ID5353,5353,17,0.2122688591480255,675.5275907996615,1909.1465061308368,0.0,158.0,158,15.0,1,,12.722296395193592,10.0,0.0,36.0,9529.0,8.77483013609841,0.5689347359881393,1.0515123035580054
ID5354,5354,85,0.17119565606117249,407.2973817030181,1921.618312249567,0.0,158.0,158,15.0,1,,10.69826435246996,9.0,0.0,34.0,8013.0,7.63749263665401,0.5161557591467124,0.9537388498969803
ID5334,5334,59,0.2008126974105835,2904.6221726563563,39.15015258487137,0.0,158.0,158,15.0,1,,10.94392523364486,7.0,0.0,43.0,8197.0,9.917281199508492,0.5261251633526177,0.7608681516298049
ID5335,5335,24,0.17227496206760406,1076.602195659427,48.63335236322714,0.0,158.0,158,15.0,1,,10.241655540720961,8.0,0.0,31.0,7671.0,7.669062470775318,0.5440223684799199,0.9410681049577994
ID5336,5336,82,0.1245855763554573,901.0982365869927,208.58805448943633,0.0,158.0,158,15.0,1,,9.88785046728972,9.0,0.0,22.0,7406.0,4.484163971473907,0.4676700832011805,1.4052757372417937
ID5337,5337,76,0.12843698263168335,2124.127864827987,390.8090111811256,0.0,158.0,158,15.0,1,,8.387182910547397,7.0,0.0,35.0,6282.0,6.664387451336082,0.41059106852242827,0.7326460971327631
ID5338,5338,21,0.286981463432312,383.97911530730886,413.1562707541872,0.0,158.0,158,15.0,1,,25.763684913217624,26.0,11.0,37.0,19297.0,5.049907637959778,0.527784073059585,3.5249165670339706
ID5339,5339,86,0.14545732736587524,2805.2064110288693,462.3277141744037,0.0,158.0,158,15.0,1,,9.806408544726303,8.0,0.0,26.0,7345.0,5.922734368943158,0.527256360835132,1.1432141942371044
ID5340,5340,92,0.10755318403244019,1360.5594632343516,552.3582985631697,0.0,158.0,158,15.0,1,,10.387182910547397,11.0,0.0,23.0,7780.0,5.2995455556281685,0.3723239242499002,1.0635390828280604
ID5341,5341,2,0.22278380393981934,2844.643629730065,700.5431684277142,0.0,158.0,158,15.0,1,,12.30173564753004,9.0,0.0,45.0,9214.0,10.99743575749297,0.5125020672968211,0.7580617728864572
ID5342,5342,93,0.14734609425067902,2134.7157801995113,757.9957175906659,0.0,158.0,158,15.0,1,,11.566088117489986,11.0,0.0,29.0,8663.0,6.350710373144247,0.38495692583832014,1.0124417747526695
ID5343,5343,77,0.15751215815544128,2662.1998178315075,1070.0278889659457,0.0,158.0,158,15.0,1,,10.759679572763686,9.0,0.0,27.0,8059.0,6.058619872834014,0.5369825536642039,1.2409288079140108
ID5355,5355,24,0.1706806868314743,1075.228521111985,44.249671045657614,0.0,159.0,159,15.0,1,,10.289719626168225,9.0,0.0,31.0,7707.0,7.852426550358311,0.5113057801737046,0.8866618304857364
ID5356,5356,59,0.20442017912864685,2899.482558302311,46.2186210533194,0.0,159.0,159,15.0,1,,11.360480640854473,8.0,0.0,42.0,8509.0,9.62024034874421,0.550579328138064,0.8386228488751151
ID5357,5357,82,0.10368715971708298,899.7952819762644,210.15293982686265,0.0,159.0,159,15.0,1,,8.45260347129506,8.0,0.0,20.0,6331.0,4.05700810166061,0.43398541943574187,1.2610869159559355
ID5358,5358,76,0.12222763150930405,2119.46883527397,394.0734346465654,0.0,159.0,159,15.0,1,,8.695594125500667,7.0,0.0,30.0,6513.0,5.842014919214866,0.4061074005962556,0.859783297754474
ID5359,5359,21,0.2741970419883728,383.86620684536854,413.0219249852008,0.0,159.0,159,15.0,1,,24.72630173564753,25.0,13.0,38.0,18520.0,4.699085679612785,0.5153059137245568,3.5788261745298495
ID5360,5360,86,0.1608199030160904,2802.3734709350133,459.5135655185483,0.0,159.0,159,15.0,1,,11.050734312416555,10.0,0.0,29.0,8277.0,6.10208083385046,0.5377066583076622,1.26652887688266
ID5361,5361,94,0.1094118133187294,1054.439896782538,674.6860684874707,0.0,159.0,159,15.0,1,,10.36181575433912,10.0,0.0,24.0,7761.0,5.75838703957618,0.34105940174009725,0.9152653480484686
ID5362,5362,2,0.2211466282606125,2836.413617253959,693.837030306681,0.0,159.0,159,15.0,1,,13.2283044058745,11.0,0.0,43.0,9908.0,10.143750212707403,0.49910202154845684,0.8683479207561768
ID5363,5363,93,0.16980986297130585,2132.3525948817214,752.1407268492463,0.0,159.0,159,15.0,1,,12.287049399198931,11.0,0.0,35.0,9203.0,7.3309180049762475,0.4332146102010341,1.0132371532550088
ID5364,5364,77,0.15042011439800262,2650.648384824438,1057.2577531838247,0.0,159.0,159,15.0,1,,10.522029372496663,10.0,0.0,29.0,7881.0,5.7278854573018725,0.5381313197512173,1.28537554963945
ID5365,5365,5,0.1448625773191452,2363.2361619135827,1235.6789092284205,0.0,159.0,159,15.0,1,,10.36181575433912,10.0,0.0,28.0,7761.0,5.2941482086147,0.5128246805674966,1.326936325864429
ID5366,5366,6,0.14045211672782898,393.8841058734016,1342.9592349113425,0.0,159.0,159,15.0,1,,13.539385847797062,14.0,4.0,26.0,10141.0,3.5146918756274435,0.48038908470009034,2.5001090939033332
ID5367,5367,,0.1050693690776825,1202.124157212485,1365.1838917089892,0.0,159.0,159,15.0,1,,9.583444592790388,10.0,0.0,25.0,7178.0,5.120478273031367,0.40451483087205703,1.0780756172099772
ID5368,5368,9,0.15394337475299835,2339.827053897406,1546.7472464579703,0.0,159.0,159,15.0,1,,10.304405874499333,9.0,0.0,28.0,7718.0,6.360661547486761,0.4916385015901083,1.0679058525547636
ID5369,5369,11,0.15913452208042145,2685.0129789942134,1672.4483698519125,0.0,159.0,159,15.0,1,,10.728971962616823,10.0,0.0,30.0,8036.0,6.158119429200208,0.5219018952969339,1.1949293127168161
ID5370,5370,13,0.1912282258272171,493.3357966383597,1735.50528134134,0.0,159.0,159,15.0,1,,12.164218958611482,10.0,0.0,35.0,9111.0,8.166450301008265,0.49972374277899456,0.9926579342414349
ID5371,5371,80,0.16665616631507874,2773.6747058392534,1810.3769079996493,0.0,159.0,159,15.0,1,,10.15086782376502,8.0,0.0,33.0,7603.0,7.937081450155957,0.48567851864174993,0.8361734670801072
ID5372,5372,14,0.22592496871948242,2316.6395175384714,1852.9352063450929,0.0,159.0,159,15.0,1,,13.345794392523365,11.0,0.0,40.0,9996.0,9.504251740115425,0.5616693099619798,1.010062187336137
ID5373,5373,84,0.13378199934959412,2476.1818366008924,1859.4254469031443,0.0,159.0,159,15.0,1,,9.925233644859814,9.0,0.0,24.0,7434.0,4.93348987076722,0.49740290578455504,1.3365528624204406
ID5374,5374,17,0.2047366499900818,680.5578386467097,1910.6199638028831,0.0,159.0,159,15.0,1,,12.913217623497998,11.0,0.0,37.0,9672.0,8.204876529092786,0.5401598282071518,1.1039487365747074
ID5375,5375,85,0.17204618453979492,400.6296537029822,1919.4829420878602,0.0,159.0,159,15.0,1,,10.636849132176234,9.0,0.0,35.0,7967.0,7.6699307811154,0.5060992318613791,0.9320380480610831
ID5376,5376,59,0.19637040793895721,2897.2974462922493,34.50047256455335,0.0,160.0,160,15.0,1,,11.51268357810414,9.0,0.0,37.0,8623.0,8.851955998988714,0.5423199367937118,0.9146362614845196
ID5377,5377,24,0.15842321515083313,1065.796495178338,38.22267950840882,0.0,160.0,160,15.0,1,,10.246995994659546,9.0,0.0,28.0,7675.0,6.790732295435647,0.4941078306956822,0.9980441350440978
ID5378,5378,82,0.11374832689762115,898.3780738654426,202.79045589494257,0.0,160.0,160,15.0,1,,9.285714285714286,9.0,0.0,20.0,6955.0,4.187270169741608,0.44542265977985107,1.36675848010547
ID5379,5379,76,0.11295336484909058,2113.665350416629,393.83474142346114,0.0,160.0,160,15.0,1,,7.64218958611482,6.0,0.0,25.0,5724.0,5.713772975575371,0.3982821831114744,0.761940182273353
ID5380,5380,21,0.2824292778968811,384.5426228452436,412.9167939019755,0.0,160.0,160,15.0,1,,24.87716955941255,25.0,14.0,37.0,18633.0,4.9216725233495096,0.5530412246432802,3.599919340592196
ID5381,5381,86,0.14442135393619537,2803.4037595754917,462.01684090387596,0.0,160.0,160,15.0,1,,10.316421895861149,10.0,0.0,27.0,7727.0,5.585984180573394,0.49596495411207536,1.224585065733195
ID5382,5382,94,0.10370944440364838,1061.3939137510363,673.8703559697291,0.0,160.0,160,15.0,1,,9.479305740987984,9.0,0.0,24.0,7100.0,5.753972034148802,0.35986118968788183,0.8719251647279579
ID5383,5383,2,0.21400442719459534,2848.6909557415047,689.5181791099404,0.0,160.0,160,15.0,1,,11.763684913217624,8.0,0.0,42.0,8811.0,10.518837967126508,0.5207442469404595,0.7659032500664817
ID5384,5384,93,0.13197769224643707,2134.758728532285,755.4008986057785,0.0,160.0,160,15.0,1,,11.002670226969292,11.0,0.0,28.0,8241.0,5.5330792622542315,0.38859348520176235,1.1129652189213273
ID5385,5385,77,0.16265814006328583,2651.65899571282,1047.9834041366578,0.0,160.0,160,15.0,1,,11.269692923898532,10.0,0.0,29.0,8441.0,5.978294297963665,0.5422894621072198,1.325653618633755
ID5386,5386,5,0.18931955099105835,2366.236481816964,1239.2193722281638,0.0,160.0,160,15.0,1,,12.576769025367156,11.0,0.0,32.0,9420.0,7.019342620948856,0.5465304052288011,1.26636385095536
ID5387,5387,6,0.1375933438539505,394.4274175282999,1344.4108109375427,0.0,160.0,160,15.0,1,,13.612817089452603,14.0,3.0,22.0,10196.0,3.2357703617757103,0.46556327786302126,2.672849186867355
ID5388,5388,9,0.17135024070739746,2340.2210833851386,1549.5747883488739,0.0,160.0,160,15.0,1,,11.363150867823766,10.0,0.0,30.0,8511.0,6.589087454361126,0.5283822299139344,1.1923938308422284
ID5389,5389,,0.10942006856203079,717.0476356697391,1565.427187897859,0.0,160.0,160,15.0,1,,8.43524699599466,8.0,0.0,22.0,6318.0,4.505212293173155,0.4421722602944752,1.1481189756818824
ID5390,5390,11,0.15395914018154144,2688.471707653315,1666.3279348481813,0.0,160.0,160,15.0,1,,10.695594125500667,10.0,0.0,27.0,8011.0,5.7775838561395885,0.5180692899807616,1.2635281047956715
ID5391,5391,13,0.2088003009557724,492.7343751847652,1734.2603621998508,0.0,160.0,160,15.0,1,,13.267022696929239,11.0,0.0,38.0,9937.0,8.79494533524905,0.5115414633660661,1.0210125961405112
ID5392,5392,80,0.1613563895225525,2773.2216413296806,1802.859808516335,0.0,160.0,160,15.0,1,,10.148197596795727,8.0,0.0,31.0,7601.0,7.335773279482002,0.5028277214026907,0.9257272015912854
ID5393,5393,14,0.2143896222114563,2309.2756009913037,1861.2000170884548,0.0,160.0,160,15.0,1,,12.825100133511349,11.0,0.0,37.0,9606.0,8.378582968705947,0.6188096036562246,1.1702575686286631
ID5394,5394,84,0.13883911073207855,2466.5185818342434,1863.2851463684465,0.0,160.0,160,15.0,1,,10.43124165554072,10.0,0.0,26.0,7813.0,5.3500098637097855,0.462740003253351,1.2336197852541189
ID5395,5395,17,0.17381222546100616,669.1272440813104,1912.2520052040165,0.0,160.0,160,15.0,1,,10.686248331108144,9.0,0.0,29.0,8004.0,7.494496051542856,0.5281079068701854,0.9855563710101058
ID5396,5396,85,0.1595447063446045,393.29887979650965,1917.9282407237035,0.0,160.0,160,15.0,1,,10.098798397863819,8.0,0.0,32.0,7564.0,7.291733004709919,0.46967616085697783,0.8852089735874374
ID5408,5408,9,0.15939846634864807,2339.7588397695117,1556.2755813585463,0.0,161.0,161,15.0,1,,10.619492656875835,10.0,0.0,27.0,7954.0,5.938021624394581,0.5575316201713821,1.2803379569761661
ID5409,5409,11,0.14159534871578217,2697.915646605008,1658.9243159493312,0.0,161.0,161,15.0,1,,10.052069425901202,9.0,0.0,25.0,7529.0,5.6176014079019,0.48456917621100637,1.168126563175305
ID5410,5410,13,0.20074528455734253,495.21886030429044,1736.1601949638703,0.0,161.0,161,15.0,1,,12.600801068090787,10.0,0.0,36.0,9438.0,8.589699676583741,0.5132890532519797,0.9951539771135768
ID5411,5411,80,0.16237854957580566,2772.7605009341637,1799.4623637595441,0.0,161.0,161,15.0,1,,9.559412550066755,7.0,0.0,35.0,7160.0,7.946058631974938,0.49097342050239895,0.7923143382174641
ID5412,5412,14,0.1927214115858078,2311.9393147998862,1864.607325446979,0.0,161.0,161,15.0,1,,12.037383177570094,10.0,0.0,34.0,9016.0,7.713360281545592,0.5593730919540895,1.1196183279378706
ID5413,5413,84,0.1438930332660675,2460.388652391033,1865.803040150178,0.0,161.0,161,15.0,1,,10.14018691588785,9.0,0.0,28.0,7595.0,5.298355154639484,0.5251314443512313,1.3179399992657272
ID5414,5414,17,0.18197649717330933,670.9530698280303,1913.9634708440049,0.0,161.0,161,15.0,1,,11.702269692923899,10.0,0.0,32.0,8765.0,7.3324972711881164,0.525629535801718,1.0997117395423115
ID5415,5415,85,0.16030171513557434,387.86969789862275,1918.954471353599,0.0,161.0,161,15.0,1,,10.15086782376502,8.0,0.0,33.0,7603.0,7.1006846035757665,0.4972830827850758,0.9495825236608477
ID5397,5397,24,0.17036108672618866,1073.695729179922,34.44129719604851,0.0,161.0,161,15.0,1,,9.763684913217624,7.0,0.0,32.0,7313.0,8.004441633774446,0.5339040162560303,0.8491368970348054
ID5398,5398,59,0.1369534730911255,2887.9589818635886,39.575575324344975,0.0,161.0,161,15.0,1,,9.532710280373832,8.0,0.0,26.0,7140.0,6.070711729821469,0.4688324745507101,1.0024257161161676
ID5399,5399,76,0.12936340272426605,2110.2333812186,390.4265318013893,0.0,161.0,161,15.0,1,,8.268357810413885,6.0,0.0,28.0,6193.0,6.659906785824017,0.40632532609254945,0.7174129336358541
ID5400,5400,21,0.2793615758419037,383.74339176955743,413.0076653836279,0.0,161.0,161,15.0,1,,24.897196261682243,25.0,11.0,37.0,18648.0,4.909758387401546,0.5271621214389376,3.500897303246485
ID5401,5401,86,0.17002694308757782,2801.3322615537577,463.5698931841609,0.0,161.0,161,15.0,1,,10.97863818424566,10.0,0.0,30.0,8223.0,6.917355740631218,0.5222639496264309,1.0890264894926023
ID5402,5402,95,0.10869789123535156,1371.898675144908,552.4591188426647,0.0,161.0,161,15.0,1,,10.337783711615486,11.0,0.0,25.0,7743.0,5.048632567678524,0.36697456348472024,1.0994087824646368
ID5403,5403,2,0.20731694996356964,2845.2850864396632,687.9527767870276,0.0,161.0,161,15.0,1,,11.672897196261681,8.0,0.0,41.0,8743.0,10.051262977887266,0.5014525206212028,0.7757222273962914
ID5404,5404,93,0.10259499400854111,2126.7433233594984,765.0801440259895,0.0,161.0,161,15.0,1,,8.62483311081442,8.0,0.0,24.0,6460.0,4.983874813898663,0.35923226139493947,0.9147348579446132
ID5405,5405,77,0.1452387124300003,2647.9036016593404,1036.5203258027411,0.0,161.0,161,15.0,1,,10.854472630173564,10.0,0.0,26.0,8130.0,5.208120140381061,0.4827667535607003,1.3571324783788068
ID5406,5406,5,0.2023879885673523,2367.712353487982,1234.3576551784874,0.0,161.0,161,15.0,1,,12.232309746328438,10.0,0.0,34.0,9162.0,8.174531508280147,0.5857060202963353,1.1054334607758496
ID5407,5407,6,0.13237452507019043,395.3855563727305,1344.0292326933532,0.0,161.0,161,15.0,1,,12.672897196261681,13.0,4.0,23.0,9492.0,3.4835096271296484,0.45831683487758873,2.2866664145126796
ID5416,5416,24,0.16998687386512756,1073.3981956508408,32.48844511375564,0.0,162.0,162,15.0,1,,10.551401869158878,9.0,0.0,32.0,7903.0,7.413788915275635,0.5188288177558292,0.9723334018289347
ID5417,5417,59,0.2139391154050827,2886.9205767178246,46.87178912007297,0.0,162.0,162,15.0,1,,12.070761014686248,9.0,0.0,44.0,9041.0,9.915367108754259,0.5477285425041358,0.8616411468891042
ID5418,5418,76,0.12137024104595184,2115.263981467924,391.3691488183275,0.0,162.0,162,15.0,1,,8.355140186915888,7.0,0.0,26.0,6258.0,5.932275166418659,0.4187318334988207,0.8313772086387412
ID5419,5419,21,0.28688621520996094,384.63595896102294,413.2437705916482,0.0,162.0,162,15.0,1,,25.711615487316422,26.0,13.0,39.0,19258.0,5.042825812261214,0.5327849508965492,3.544509254431059
ID5420,5420,86,0.16424985229969025,2803.942894178555,472.12905195209737,0.0,162.0,162,15.0,1,,11.020026702269693,10.0,0.0,31.0,8254.0,6.37327093039573,0.5470129410305892,1.2227957363751385
ID5421,5421,95,0.10355156660079956,1374.8261728443974,556.9370746417069,0.0,162.0,162,15.0,1,,10.214953271028037,10.0,0.0,22.0,7651.0,5.19028201908654,0.3683421640701777,1.05957608957468
ID5422,5422,,0.1189940869808197,1054.053479526109,664.6239850618022,0.0,162.0,162,15.0,1,,10.543391188251002,10.0,0.0,27.0,7897.0,5.808651093145549,0.38144441545684066,1.0023811043174349
ID5423,5423,2,0.21103942394256592,2845.43225107349,689.7992509289477,0.0,162.0,162,15.0,1,,12.068090787716956,9.0,0.0,41.0,9039.0,10.161235409135791,0.49560328374187074,0.787117950296281
ID5424,5424,93,0.10296031087636948,2127.044388743509,760.4553534154479,0.0,162.0,162,15.0,1,,8.316421895861149,8.0,0.0,26.0,6229.0,5.169585054909894,0.3363066525278471,0.8097298537395986
ID5425,5425,77,0.12350247800350189,2648.9955504283594,1030.3229147925576,0.0,162.0,162,15.0,1,,9.436582109479305,9.0,0.0,21.0,7068.0,4.413796680481721,0.48684858161275585,1.400101630188064
ID5426,5426,5,0.19425302743911743,2372.024605246397,1227.1046794141448,0.0,162.0,162,15.0,1,,12.108144192256342,11.0,0.0,33.0,9069.0,7.590826182940068,0.5734189217035648,1.1626424722204376
ID5427,5427,6,0.13004671037197113,394.13359649880164,1344.600889914998,0.0,162.0,162,15.0,1,,13.069425901201603,13.0,5.0,22.0,9789.0,3.1364660989330173,0.47537937798370444,2.6852364757884604
ID5428,5428,9,0.1877288520336151,2342.673733817419,1556.8073692001226,0.0,162.0,162,15.0,1,,12.594125500667557,11.0,0.0,33.0,9433.0,6.725978662881214,0.5640868546566529,1.3506027830269953
ID5429,5429,11,0.13379286229610443,2697.9550763507723,1655.5469568054878,0.0,162.0,162,15.0,1,,9.38584779706275,8.0,0.0,26.0,7030.0,5.592141399919737,0.47598031943531394,1.0825146642173442
ID5430,5430,13,0.222365602850914,496.86878527185837,1734.0849630080393,0.0,162.0,162,15.0,1,,13.620827770360481,11.0,0.0,40.0,10202.0,9.533946882805022,0.5155370673172024,0.9719727805472277
ID5431,5431,80,0.1827075481414795,2764.5337182708004,1804.7637264381167,0.0,162.0,162,15.0,1,,10.949265687583445,8.0,0.0,36.0,8201.0,8.441531536040612,0.5160709342248715,0.8830465959592646
ID5432,5432,14,0.21406391263008118,2311.7766615642117,1863.8514586641872,0.0,162.0,162,15.0,1,,12.802403204272363,11.0,0.0,38.0,9589.0,8.558446095202191,0.5878821225705176,1.1076398479461516
ID5433,5433,84,0.14726082980632782,2465.281101477492,1871.1575703833435,0.0,162.0,162,15.0,1,,10.813084112149532,10.0,0.0,26.0,8099.0,5.2927444757102755,0.5098820934769701,1.379829339138741
ID5434,5434,85,0.17227905988693237,384.7471620549048,1913.6476115803766,0.0,162.0,162,15.0,1,,10.974632843791722,9.0,0.0,31.0,8220.0,7.435688441494399,0.5070249914977757,0.9931337093929643
ID5435,5435,17,0.19410169124603271,671.3991305403715,1918.522810333299,0.0,162.0,162,15.0,1,,11.489986648865154,9.0,0.0,34.0,8606.0,8.093469251102272,0.5752964049915893,1.0369174350041443
ID5440,5440,21,0.28657427430152893,383.90167764731876,412.93443738421234,0.0,163.0,163,15.0,1,,25.27636849132176,25.0,10.0,40.0,18932.0,5.0507837749242315,0.5433591662249856,3.523756494199237
ID5441,5441,,0.10014285147190094,293.7950390913267,439.78025931977106,0.0,163.0,163,15.0,1,,7.753004005340454,7.0,0.0,22.0,5807.0,4.896155009630118,0.38978902031427176,0.8882302720595615
ID5442,5442,86,0.13673655688762665,2813.725820124823,475.0514886954367,0.0,163.0,163,15.0,1,,9.846461949265688,9.0,0.0,23.0,7375.0,5.320898049046768,0.48339764894500936,1.2060691599464948
ID5443,5443,95,0.11713852733373642,1378.267622068933,559.4399603090659,0.0,163.0,163,15.0,1,,10.890520694259012,11.0,0.0,25.0,8157.0,5.527643546549718,0.3658493368947375,1.0554510269637374
ID5444,5444,2,0.22175627946853638,2836.703689996536,688.4534004867581,0.0,163.0,163,15.0,1,,13.109479305740988,10.0,0.0,46.0,9819.0,10.814492077746333,0.4662410351667954,0.7709290938983867
ID5445,5445,93,0.14246763288974762,2125.8130013140017,763.796584383682,0.0,163.0,163,15.0,1,,9.966622162883844,9.0,0.0,30.0,7465.0,6.658010088181079,0.42470198848423,0.8924703672177406
ID5446,5446,77,0.14561066031455994,2646.2267803966192,1024.4442604433575,0.0,163.0,163,15.0,1,,10.419225634178906,10.0,0.0,28.0,7804.0,5.379994030033147,0.5077831241807663,1.304436763059388
ID5447,5447,5,0.18606644868850708,2369.861005525826,1228.0122702252038,0.0,163.0,163,15.0,1,,11.692923898531376,10.0,0.0,35.0,8758.0,7.298026663239586,0.5658688761577455,1.1579987449596076
ID5448,5448,6,0.1286831796169281,394.51315852067967,1343.1619959324141,0.0,163.0,163,15.0,1,,12.727636849132177,13.0,4.0,24.0,9533.0,3.44600014533299,0.4440920426036279,2.2716456948466806
ID5449,5449,96,0.12095008045434952,705.6574029151575,1540.9992528478192,0.0,163.0,163,15.0,1,,9.583444592790388,9.0,0.0,23.0,7178.0,4.4448544295248436,0.47305867692435993,1.3848063805469935
ID5450,5450,9,0.16548876464366913,2341.865252089454,1559.4462114340822,0.0,163.0,163,15.0,1,,11.265687583444592,10.0,0.0,26.0,8438.0,6.162258789076373,0.5347629352386608,1.2739951131817508
ID5451,5451,11,0.17191006243228912,2686.791760163726,1653.8602788842088,0.0,163.0,163,15.0,1,,11.097463284379172,9.0,0.0,31.0,8312.0,7.204229036917425,0.49596235617343387,1.0213962295730665
ID5452,5452,13,0.21462666988372803,491.2342326192057,1733.612044494116,0.0,163.0,163,15.0,1,,12.830440587449933,10.0,0.0,39.0,9610.0,9.136916506941557,0.5536226516448362,1.000783682781746
ID5453,5453,80,0.16898062825202942,2765.9055345059323,1808.3839273776189,0.0,163.0,163,15.0,1,,10.174899866488651,8.0,0.0,36.0,7621.0,8.347250349208792,0.4530485706414024,0.7601185541404137
ID5454,5454,14,0.22263045608997345,2311.5363257316426,1859.2669120308,0.0,163.0,163,15.0,1,,13.22429906542056,11.0,0.0,41.0,9905.0,9.266863350650983,0.5692916888789747,1.0353830900291725
ID5455,5455,84,0.13589756190776825,2465.5424327647675,1874.3075652103666,0.0,163.0,163,15.0,1,,9.790387182910548,9.0,0.0,25.0,7333.0,4.965131195755603,0.5129926884899836,1.3371295308817257
ID5456,5456,85,0.1770055890083313,384.818362155753,1912.5367306798903,0.0,163.0,163,15.0,1,,10.044058744993324,7.0,0.0,37.0,7523.0,8.523759343396424,0.5236671709776137,0.8099781407298969
ID5457,5457,17,0.20663727819919586,670.2838377668447,1922.0052640563936,0.0,163.0,163,15.0,1,,12.121495327102803,10.0,0.0,38.0,9079.0,8.585987210020354,0.5883649788178109,1.0459055518110745
ID5436,5436,24,0.17207874357700348,1079.0196000075102,28.109056409740553,0.0,163.0,163,15.0,1,,10.376502002670227,8.0,0.0,33.0,7772.0,7.7033767888416875,0.5200474797032448,0.9216916893629187
ID5437,5437,59,0.22996139526367188,2878.9159957495685,44.758023625620346,0.0,163.0,163,15.0,1,,13.287049399198931,10.0,0.0,41.0,9952.0,10.033985323363861,0.5614492957239222,0.9522867444435715
ID5438,5438,97,0.10802701115608215,905.4909096438752,194.0691196078598,0.0,163.0,163,15.0,1,,8.389853137516688,8.0,0.0,24.0,6284.0,4.282810262953059,0.46033567925261837,1.2350298676119793
ID5439,5439,76,0.14933644235134125,2114.4668049235675,385.0355078796314,0.0,163.0,163,15.0,1,,8.863818424566087,6.0,0.0,30.0,6639.0,7.633491981959776,0.46993111377338076,0.742445895220214
ID5472,5472,11,0.17746880650520325,2691.8920349575114,1648.9170550051344,0.0,164.0,164,15.0,1,,11.500667556742323,10.0,0.0,31.0,8614.0,7.048841227845654,0.5368934555270195,1.1399338914807122
ID5473,5473,13,0.23100212216377258,488.01182938781227,1736.5690612690355,0.0,164.0,164,15.0,1,,13.801068090787718,11.0,0.0,41.0,10337.0,9.651920588679246,0.5595889165728217,1.0260958192228777
ID5474,5474,80,0.14187541604042053,2765.58701743361,1804.291041912089,0.0,164.0,164,15.0,1,,8.977303070761014,7.0,0.0,32.0,6724.0,7.03549197016835,0.4425548613186064,0.7829178378748546
ID5475,5475,14,0.21637295186519623,2304.813853005493,1855.7455691980008,0.0,164.0,164,15.0,1,,12.642189586114819,11.0,0.0,38.0,9469.0,9.204749617461562,0.5702891091165799,0.9975984696150493
ID5476,5476,84,0.14635342359542847,2460.4956427918223,1881.9107061234931,0.0,164.0,164,15.0,1,,10.925233644859814,10.0,0.0,23.0,8183.0,5.019189524358814,0.5190471549613564,1.4875195884783174
ID5477,5477,85,0.1655196249485016,384.2451600226742,1905.5609615495969,0.0,164.0,164,15.0,1,,10.061415220293725,8.0,0.0,33.0,7536.0,7.714765939579459,0.4938436794658665,0.8622846581869782
ID5478,5478,17,0.21007563173770905,672.3074873759119,1931.1365022490904,0.0,164.0,164,15.0,1,,12.437917222963952,10.0,0.0,37.0,9316.0,8.842378145680808,0.563158599025436,1.0135291642591069
ID5458,5458,24,0.1808817982673645,1079.870714367748,25.20644759542348,0.0,164.0,164,15.0,1,,10.938584779706275,9.0,0.0,35.0,8193.0,8.093304067051138,0.5221843124468121,0.9273034046284636
ID5459,5459,59,0.19826504588127136,2878.877954821298,45.24830181238669,0.0,164.0,164,15.0,1,,11.744993324432576,9.0,0.0,39.0,8797.0,8.941004929594053,0.524379605761505,0.9037516401698257
ID5460,5460,97,0.10922028124332428,905.8313408588158,195.11635656116704,0.0,164.0,164,15.0,1,,8.7369826435247,9.0,0.0,20.0,6544.0,4.102494607721368,0.45968239274842987,1.3413525819331273
ID5461,5461,76,0.13858456909656525,2114.0389961982064,385.49226992695867,0.0,164.0,164,15.0,1,,8.510013351134846,6.0,0.0,28.0,6374.0,6.799966076105467,0.45549311954934807,0.7832946411622467
ID5462,5462,21,0.27977627515792847,383.72748404384316,413.3837581684282,0.0,164.0,164,15.0,1,,24.959946595460615,25.0,11.0,38.0,18695.0,4.831491836496069,0.5370310922827802,3.610016402289535
ID5463,5463,86,0.16743727028369904,2815.583788402763,468.08959176627,0.0,164.0,164,15.0,1,,10.618157543391188,9.0,0.0,30.0,7953.0,6.809555359522256,0.553242333226257,1.110801841668405
ID5464,5464,95,0.11543118953704834,1376.3158720618724,569.7227282121526,0.0,164.0,164,15.0,1,,10.184245660881174,10.0,0.0,25.0,7628.0,5.26574213563817,0.39617403255737144,1.097604109251594
ID5465,5465,2,0.18363229930400848,2840.4235749717345,682.6827606799733,0.0,164.0,164,15.0,1,,10.651535380507344,7.0,0.0,36.0,7978.0,9.296515557802316,0.4651640379178269,0.7275148974122057
ID5466,5466,93,0.10930536687374115,2129.4352102207695,770.8440982204173,0.0,164.0,164,15.0,1,,8.057409879839787,7.0,0.0,23.0,6035.0,5.5125684512183115,0.37544863043305193,0.79795354109957
ID5467,5467,77,0.12049264460802078,2642.0789426018514,1023.142176743427,0.0,164.0,164,15.0,1,,9.296395193591454,9.0,0.0,23.0,6963.0,4.71063767539532,0.450909411219813,1.2266308244402866
ID5468,5468,5,0.19797293841838837,2358.7293141500286,1231.4022841563904,0.0,164.0,164,15.0,1,,11.903871829105475,10.0,0.0,33.0,8916.0,8.21755317451999,0.5702189302351198,1.052100281837078
ID5469,5469,6,0.12548764050006866,394.96202882075715,1342.9819365413907,0.0,164.0,164,15.0,1,,12.316421895861149,12.0,3.0,22.0,9225.0,3.159741750320389,0.4633848773612088,2.468574610158127
ID5470,5470,96,0.12617066502571106,708.7349246906078,1542.7983196867979,0.0,164.0,164,15.0,1,,9.114819759679573,9.0,0.0,21.0,6827.0,4.8515565478227085,0.4917537089736444,1.2386468456029691
ID5471,5471,9,0.1576177030801773,2338.47902671464,1558.7961446507588,0.0,164.0,164,15.0,1,,10.708945260347129,10.0,0.0,28.0,8021.0,6.142095270658423,0.5294183262298293,1.2070710292893854
ID5479,5479,24,0.18490800261497498,1080.776928130393,20.18892552085032,0.0,165.0,165,15.0,1,,10.91588785046729,8.0,0.0,35.0,8176.0,8.11627573032861,0.5850955615967173,0.9928956815847712
ID5480,5480,59,0.19785253703594208,2883.0132017978626,38.60618931850606,0.0,165.0,165,15.0,1,,11.642189586114819,9.0,0.0,39.0,8720.0,8.60000208377967,0.5654886780544053,0.978002780442892
ID5481,5481,97,0.10396076738834381,911.765979200451,195.02015330082557,0.0,165.0,165,15.0,1,,8.985313751668892,9.0,0.0,20.0,6730.0,3.8210013616117697,0.42893679034507387,1.411777738410525
ID5482,5482,76,0.1426611989736557,2113.2087634397,373.73423134631935,0.0,165.0,165,15.0,1,,9.225634178905207,7.0,0.0,29.0,6910.0,6.970034009669008,0.42488862960993934,0.7893789051296353
ID5483,5483,21,0.2807770073413849,384.1972865054832,413.9066903321765,0.0,165.0,165,15.0,1,,25.44192256341789,25.0,12.0,43.0,19056.0,4.962253729325967,0.5231320004862605,3.5218811796504426
ID5484,5484,86,0.16123414039611816,2816.4462742625833,467.80309799667003,0.0,165.0,165,15.0,1,,10.734312416555408,10.0,0.0,33.0,8040.0,6.214969010434514,0.551125447270548,1.2273510563584404
ID5485,5485,2,0.19490091502666473,2843.0498985590193,683.5382123617527,0.0,165.0,165,15.0,1,,11.489986648865154,8.0,0.0,37.0,8606.0,9.312401519406528,0.4893938546495021,0.8108430165987363
ID5486,5486,,0.10237159579992294,1059.5788027327008,687.3840422365115,0.0,165.0,165,15.0,1,,9.476635514018692,9.0,0.0,25.0,7098.0,5.237774295842808,0.3443077083464528,0.9267987722569194
ID5487,5487,,0.10669256746768951,1506.0015876723126,784.6192396308093,0.0,165.0,165,15.0,1,,10.429906542056075,10.0,0.0,27.0,7812.0,5.676856347126139,0.36379997600351954,0.9801995429069624
ID5488,5488,77,0.13361623883247375,2634.00337480876,1021.7545275039096,0.0,165.0,165,15.0,1,,9.82777036048064,9.0,0.0,27.0,7361.0,5.1260556988204025,0.50052215098315,1.279035404477901
ID5489,5489,5,0.17645570635795593,2359.755874929047,1233.7578126365843,0.0,165.0,165,15.0,1,,11.08010680907877,9.0,0.0,29.0,8299.0,6.989602054979409,0.5586707495215645,1.136378583405553
ID5490,5490,6,0.12441742420196533,394.06447562604075,1342.4380141201216,0.0,165.0,165,15.0,1,,12.586114819759679,13.0,2.0,22.0,9427.0,3.1550179864495527,0.4544516590170162,2.49291945802869
ID5491,5491,96,0.11905357986688614,712.9462840990469,1536.8391156404223,0.0,165.0,165,15.0,1,,8.819759679572764,8.0,0.0,24.0,6606.0,4.825382359505921,0.4799117197405725,1.1854426859580536
ID5492,5492,9,0.14960983395576477,2341.099473441847,1550.098632449066,0.0,165.0,165,15.0,1,,10.165554072096128,9.0,0.0,27.0,7614.0,5.727253461533472,0.5462405142098024,1.254069215227508
ID5493,5493,11,0.17035086452960968,2695.6808907584464,1647.3701032841254,0.0,165.0,165,15.0,1,,10.945260347129507,9.0,0.0,29.0,8198.0,6.983628264419911,0.5309237584587408,1.087060149259496
ID5494,5494,13,0.2118813693523407,491.5806403940451,1738.6160049651694,0.0,165.0,165,15.0,1,,13.225634178905207,10.0,0.0,40.0,9906.0,9.339330025536615,0.4936396332230984,0.9360412140234383
ID5495,5495,80,0.14351129531860352,2767.0526778629437,1799.1409782634062,0.0,165.0,165,15.0,1,,9.149532710280374,7.0,0.0,30.0,6853.0,6.969303621106386,0.4403572203606778,0.8027391278143561
ID5496,5496,14,0.20754608511924744,2302.5536216971086,1858.300260334016,0.0,165.0,165,15.0,1,,11.847797062750335,9.0,0.0,36.0,8874.0,9.099762650806191,0.5675386817196243,0.9427895021365091
ID5497,5497,84,0.15362007915973663,2468.611161795461,1888.320385421506,0.0,165.0,165,15.0,1,,11.129506008010681,11.0,0.0,26.0,8336.0,5.34309964281771,0.5324183071144537,1.4473989695283391
ID5498,5498,85,0.13204394280910492,378.6983667401168,1904.1255567342978,0.0,165.0,165,15.0,1,,9.088117489986649,8.0,0.0,25.0,6807.0,6.106911163983586,0.43639930450396264,0.904255564031388
ID5499,5499,17,0.19445860385894775,665.5717345235674,1933.523605946851,0.0,165.0,165,15.0,1,,11.429906542056075,9.0,0.0,35.0,8561.0,8.310933628179367,0.5632684779687852,0.9910709304603885
ID5504,5504,76,0.14141196012496948,2109.8513165363674,372.1950264551995,0.0,166.0,166,15.0,1,,9.005340453938585,7.0,0.0,32.0,6745.0,6.9274292673586375,0.4383570141883513,0.7923540761994445
ID5505,5505,21,0.2733566462993622,384.0563908288,412.923814118457,0.0,166.0,166,15.0,1,,24.73297730307076,25.0,10.0,37.0,18525.0,4.836718329475262,0.5219750908451639,3.5075012289850385
ID5506,5506,86,0.17480766773223877,2818.024702938533,466.40555542150423,0.0,166.0,166,15.0,1,,11.457943925233645,10.0,0.0,30.0,8582.0,6.760407428633975,0.5348196706385787,1.1811738769892282
ID5507,5507,2,0.19923846423625946,2843.4712570222055,678.6154749911719,0.0,166.0,166,15.0,1,,11.116154873164218,7.0,0.0,41.0,8326.0,10.134581986453771,0.4812768552796103,0.7127504232628465
ID5508,5508,77,0.12338033318519592,2626.387364555989,1027.0296427025335,0.0,166.0,166,15.0,1,,9.427236315086782,9.0,0.0,22.0,7061.0,4.651387634247112,0.4961211771280555,1.3441658289352159
ID5509,5509,5,0.22752705216407776,2368.116312550204,1229.5103628739528,0.0,166.0,166,15.0,1,,13.656875834445929,11.0,0.0,39.0,10229.0,9.195210411111638,0.5724617738824733,1.0813992906837666
ID5510,5510,6,0.13671988248825073,395.0073267448358,1343.474098594234,0.0,166.0,166,15.0,1,,13.484646194926569,13.0,4.0,24.0,10100.0,3.499250002004187,0.4565391051087978,2.4157412456158704
ID5511,5511,96,0.14330652356147766,718.1012045291953,1534.091685650606,0.0,166.0,166,15.0,1,,10.606141522029372,10.0,0.0,25.0,7944.0,5.232918704423998,0.5219073303966522,1.39010822661192
ID5512,5512,9,0.1845332533121109,2343.5841136941094,1541.735913641538,0.0,166.0,166,15.0,1,,11.931909212283044,11.0,0.0,31.0,8937.0,6.8074675269724265,0.5807088781556804,1.2878370961810617
ID5513,5513,11,0.16968239843845367,2699.6154625101385,1646.0406196122879,0.0,166.0,166,15.0,1,,11.29506008010681,10.0,0.0,29.0,8460.0,6.530859665540569,0.5333702038619476,1.2031781044530654
ID5514,5514,13,0.21277277171611786,493.20589905531654,1739.2425061912973,0.0,166.0,166,15.0,1,,13.073431241655541,11.0,0.0,37.0,9792.0,9.119744203311598,0.5151393667423027,0.9747855509797172
ID5515,5515,80,0.12893269956111908,2771.3958208476097,1794.5572893415645,0.0,166.0,166,15.0,1,,8.10146862483311,6.0,0.0,31.0,6068.0,6.838891651190875,0.4184693322257253,0.6989590173777795
ID5516,5516,14,0.19517666101455688,2297.852524093754,1866.8286053263234,0.0,166.0,166,15.0,1,,11.619492656875835,9.0,0.0,34.0,8703.0,8.243661915334979,0.5686174912655911,1.021880591166745
ID5517,5517,84,0.13767437636852264,2459.6105018974486,1886.1897333578404,0.0,166.0,166,15.0,1,,10.09479305740988,9.0,0.0,23.0,7561.0,4.8391603457110755,0.527171556941588,1.4401958220153268
ID5518,5518,85,0.17448024451732635,374.6769699099477,1905.4404223081128,0.0,166.0,166,15.0,1,,10.795727636849133,9.0,0.0,34.0,8086.0,7.606265564661649,0.5145810739177751,0.9644322268907594
ID5519,5519,17,0.21323943138122559,662.9867382578598,1938.3690071775327,0.0,166.0,166,15.0,1,,12.225634178905207,9.0,0.0,39.0,9157.0,9.324144082219915,0.5629081508483255,0.9444881151726706
ID5500,5500,24,0.18344388902187347,1080.4840581896578,23.19398483600605,0.0,166.0,166,15.0,1,,10.921228304405874,9.0,0.0,34.0,8180.0,8.22643713936768,0.5284792650525395,0.9180325902174772
ID5501,5501,59,0.21148085594177246,2883.434615019904,34.03359520007833,0.0,166.0,166,15.0,1,,12.408544726301736,10.0,0.0,38.0,9294.0,8.92009877659211,0.5846611791608081,1.0264765254681552
ID5502,5502,97,0.10395132005214691,916.1354915710051,199.30051532957066,0.0,166.0,166,15.0,1,,8.599465954606142,8.0,0.0,20.0,6441.0,3.9949566779627568,0.44502207120238113,1.3258563506075267
ID5503,5503,98,0.10029079020023346,2260.2840398416674,219.35384845443986,0.0,166.0,166,15.0,1,,7.267022696929239,6.0,0.0,25.0,5443.0,5.274876821510091,0.3852472315097299,0.7662781205518443
ID5536,5536,13,0.23834875226020813,486.44856544627197,1731.7471537078707,0.0,167.0,167,15.0,1,,14.826435246995995,13.0,0.0,48.0,11105.0,9.803922369457506,0.5336673280898664,1.0524617637690588
ID5537,5537,80,0.1524970680475235,2774.626656974538,1792.059913700615,0.0,167.0,167,15.0,1,,9.109479305740988,7.0,0.0,32.0,6823.0,7.708858601098049,0.4693864206027347,0.7549669999611283
ID5538,5538,14,0.15609210729599,2289.467137280997,1869.795613811727,0.0,167.0,167,15.0,1,,10.065420560747663,9.0,0.0,31.0,7539.0,6.4262365788651605,0.5485844347460936,1.1097209951949993
ID5539,5539,84,0.1382192224264145,2455.101118645246,1890.4776275540391,0.0,167.0,167,15.0,1,,10.36181575433912,9.0,0.0,24.0,7761.0,5.102288981267246,0.4921288590324845,1.3395943659042497
ID5540,5540,85,0.16641883552074432,373.07526266234555,1904.6129391855652,0.0,167.0,167,15.0,1,,10.220293724966622,8.0,0.0,36.0,7655.0,7.635990942086099,0.4958527635349095,0.8873436757338636
ID5541,5541,17,0.1853674054145813,664.460657578831,1940.1545012142367,0.0,167.0,167,15.0,1,,11.790387182910548,10.0,0.0,33.0,8831.0,7.373540895063407,0.5634831773983886,1.1525763703002132
ID5520,5520,24,0.15496546030044556,1083.1945944348413,15.825087187927409,0.0,167.0,167,15.0,1,,9.910547396528704,8.0,0.0,32.0,7423.0,7.418452088168296,0.5967075203774387,0.9985055494475603
ID5521,5521,59,0.18825702369213104,2886.9091146164496,24.687580026075768,0.0,167.0,167,15.0,1,,11.576769025367156,9.0,0.0,34.0,8671.0,8.132002188902957,0.5304494553025756,0.9868357948181488
ID5522,5522,98,0.10057205706834793,2255.147506441152,218.7535098111414,0.0,167.0,167,15.0,1,,7.761014686248331,7.0,0.0,23.0,5813.0,4.924051746280835,0.3813415201810004,0.8702397570406945
ID5523,5523,76,0.13152694702148438,2114.4906743693855,374.6470753142995,0.0,167.0,167,15.0,1,,8.687583444592791,7.0,0.0,28.0,6507.0,6.255574468680023,0.4403641026017693,0.8491832246158438
ID5524,5524,21,0.27956345677375793,383.79281469465707,413.24298483409365,0.0,167.0,167,15.0,1,,25.584779706275032,26.0,11.0,38.0,19163.0,4.616273598553266,0.5161449899193329,3.773558766476573
ID5525,5525,86,0.12087266147136688,2813.1541801428925,475.10376135268814,0.0,167.0,167,15.0,1,,8.85981308411215,8.0,0.0,23.0,6636.0,5.013655200319364,0.47548481554494276,1.1389430268764709
ID5526,5526,2,0.17501813173294067,2840.8247080193237,677.1410508685751,0.0,167.0,167,15.0,1,,10.51935914552737,7.0,0.0,33.0,7879.0,8.740538757455106,0.4335284878204702,0.7279346434202763
ID5527,5527,99,0.10949042439460754,1051.4130088914592,692.084016613757,0.0,167.0,167,15.0,1,,9.88785046728972,10.0,0.0,24.0,7406.0,5.558702220242781,0.3738211984341177,0.9680375152811329
ID5528,5528,100,0.10009267181158066,2139.4542635687935,777.8640009854114,0.0,167.0,167,15.0,1,,8.303070761014686,8.0,0.0,22.0,6219.0,4.7015475517482335,0.3998181294342204,1.008831817355758
ID5529,5529,,0.10426147282123566,1498.1455147188867,781.1710680656071,0.0,167.0,167,15.0,1,,10.216288384512684,10.0,0.0,23.0,7652.0,5.578913853823243,0.3457844348227398,0.9410299003902454
ID5530,5530,77,0.14104099571704865,2622.4817929259034,1022.6222087967618,0.0,167.0,167,15.0,1,,10.485981308411215,10.0,0.0,23.0,7854.0,4.919825494130691,0.5309445041920491,1.478356101117991
ID5531,5531,5,0.22534389793872833,2371.9439922058004,1230.5617873579824,0.0,167.0,167,15.0,1,,12.686248331108144,9.0,0.0,42.0,9502.0,9.913480556042902,0.586558710789368,0.9462205717931362
ID5532,5532,6,0.13938026130199432,393.7499321969897,1342.361559174628,0.0,167.0,167,15.0,1,,14.216288384512684,14.0,5.0,23.0,10648.0,3.2086450073252624,0.4512530544454692,2.7553169075652555
ID5533,5533,96,0.1258310079574585,714.6102505761509,1541.5285898920165,0.0,167.0,167,15.0,1,,9.652870493991989,9.0,0.0,24.0,7230.0,4.791612871990386,0.46299366896066146,1.275079777735105
ID5534,5534,9,0.16762077808380127,2347.528285882467,1542.4225734566157,0.0,167.0,167,15.0,1,,11.153538050734312,10.0,0.0,29.0,8354.0,6.487476945459493,0.5318984503393693,1.1938934500527782
ID5535,5535,11,0.18397171795368195,2705.930709138732,1647.9842280755718,0.0,167.0,167,15.0,1,,12.192256341789053,11.0,0.0,33.0,9132.0,7.626150749212151,0.49016615615213693,1.0517616251231392
ID5542,5542,24,0.14089535176753998,1076.227318382835,16.216429287217483,0.0,168.0,168,15.0,1,,9.586114819759679,9.0,0.0,28.0,7180.0,6.680814537153904,0.5743418556363601,1.0469227365980944
ID5543,5543,59,0.18066757917404175,2890.2246525576525,19.20221007442354,0.0,168.0,168,15.0,1,,11.30173564753004,9.0,0.0,35.0,8465.0,7.896202274035555,0.5690506342151868,1.0381756259454984
ID5544,5544,97,0.1054977998137474,917.8147614560922,198.46818018575425,0.0,168.0,168,15.0,1,,8.953271028037383,9.0,0.0,19.0,6706.0,3.7884154416851623,0.44661092130844304,1.459256808851539
ID5545,5545,76,0.1486029326915741,2114.6718400843583,373.3862170900464,0.0,168.0,168,15.0,1,,8.801068090787718,6.0,0.0,32.0,6592.0,7.662094974118786,0.4587579795944479,0.7224673622594739
ID5546,5546,21,0.27514851093292236,383.55211443717866,412.9680342756927,0.0,168.0,168,15.0,1,,24.63818424566088,25.0,9.0,37.0,18454.0,4.996114523806689,0.5296309192908963,3.4150179160219354
ID5547,5547,,0.11168044060468674,278.5224420778875,428.2168323257169,0.0,168.0,168,15.0,1,,8.31909212283044,7.0,0.0,24.0,6231.0,5.514775605298568,0.3711931702212758,0.8167317122573279
ID5548,5548,86,0.1446000188589096,2815.7809620298103,472.87906473850387,0.0,168.0,168,15.0,1,,9.979973297730307,9.0,0.0,26.0,7475.0,5.8926106631181385,0.5011613119008819,1.1308416663388634
ID5549,5549,2,0.171142578125,2830.456799293001,680.3653166593714,0.0,168.0,168,15.0,1,,11.125500667556743,9.0,0.0,38.0,8333.0,8.51156832614616,0.42863148915736377,0.7843390262760196
ID5550,5550,99,0.1038934588432312,1056.391769086545,692.6662002658759,0.0,168.0,168,15.0,1,,10.12283044058745,10.0,0.0,23.0,7582.0,5.400373773886563,0.3437969207406415,0.9591278010147658
ID5551,5551,100,0.10792670398950577,2136.117185737593,777.1203232131669,0.0,168.0,168,15.0,1,,8.106809078771695,7.0,0.0,25.0,6072.0,5.395266205177478,0.404883343118389,0.8660774078574084
ID5552,5552,77,0.14669036865234375,2624.334647503256,1020.4739821194134,0.0,168.0,168,15.0,1,,11.072096128170895,10.0,0.0,25.0,8293.0,4.891893710651192,0.5171217112942647,1.5429618191919428
ID5553,5553,5,0.2167167067527771,2371.815431157303,1232.4625244141864,0.0,168.0,168,15.0,1,,12.483311081441922,9.0,0.0,42.0,9350.0,9.391588097334624,0.5691832847270483,0.9642712457480264
ID5554,5554,6,0.13197192549705505,394.2692577084179,1343.247749007995,0.0,168.0,168,15.0,1,,13.445927903871828,13.0,5.0,24.0,10071.0,3.1199419129608383,0.45239904414965465,2.6847879489452264
ID5555,5555,,0.10021541267633438,1212.959583894215,1350.4279255812555,0.0,168.0,168,15.0,1,,10.437917222963952,11.0,0.0,22.0,7818.0,5.149420188386384,0.3608589276696549,1.0750034553746268
ID5556,5556,9,0.18214350938796997,2352.2608108308214,1539.0928612018117,0.0,168.0,168,15.0,1,,11.285714285714286,10.0,0.0,33.0,8453.0,7.22026051854719,0.5766388925427159,1.1433465203996278
ID5557,5557,96,0.12090277671813965,713.2543723194137,1545.6614773007527,0.0,168.0,168,15.0,1,,8.973297730307076,8.0,0.0,24.0,6721.0,4.824938828490096,0.47233497009640096,1.193256296930025
ID5558,5558,11,0.20098040997982025,2704.7664917728375,1645.8934384154086,0.0,168.0,168,15.0,1,,12.449933244325768,11.0,0.0,35.0,9325.0,8.173042660627441,0.5479804909939077,1.078481914860645
ID5559,5559,13,0.23776333034038544,483.23312230725287,1732.8362963301718,0.0,168.0,168,15.0,1,,14.516688918558078,11.0,0.0,39.0,10873.0,9.809621040484277,0.5362789072655435,1.033156193793146
ID5560,5560,80,0.13638527691364288,2774.073480449286,1785.5466000135254,0.0,168.0,168,15.0,1,,8.61415220293725,7.0,0.0,28.0,6452.0,6.797834074945711,0.4432837695142604,0.7783986593188855
ID5561,5561,14,0.20842735469341278,2287.1739486472466,1868.5981457662565,0.0,168.0,168,15.0,1,,12.5086782376502,10.0,0.0,36.0,9369.0,8.884824049146886,0.5379769340768055,0.984932387689004
ID5562,5562,84,0.13034935295581818,2446.5454269154957,1893.0551230369108,0.0,168.0,168,15.0,1,,9.823765020026702,9.0,0.0,22.0,7358.0,5.048526149972545,0.47977224400463986,1.2617798674619087
ID5563,5563,85,0.15981166064739227,377.3278318765466,1907.7293912791404,0.0,168.0,168,15.0,1,,9.81041388518024,8.0,0.0,30.0,7348.0,7.050342159150173,0.5137982292823355,0.9445647663536754
ID5564,5564,17,0.19595369696617126,664.2791187577166,1937.2385158275479,0.0,168.0,168,15.0,1,,11.293724966622163,9.0,0.0,34.0,8459.0,8.367669232157839,0.5874542509065369,0.9989310923642508
ID5568,5568,76,0.15381008386611938,2120.0328390631366,367.9542055960988,0.0,169.0,169,15.0,1,,9.121495327102803,7.0,0.0,36.0,6832.0,8.026688764388817,0.44988112352282217,0.7052205962323408
ID5569,5569,21,0.27667438983917236,384.62215584641547,412.44773538697336,0.0,169.0,169,15.0,1,,25.591455273698266,25.0,13.0,37.0,19168.0,4.903478154640552,0.5089462899840119,3.52061800034305
ID5570,5570,86,0.14496123790740967,2819.1218936270916,471.44378438207093,0.0,169.0,169,15.0,1,,9.833110814419225,9.0,0.0,25.0,7365.0,5.680219319102449,0.5453773255768484,1.2218513321046602
ID5571,5571,2,0.20931632816791534,2831.024932192023,679.7077103855331,0.0,169.0,169,15.0,1,,12.485981308411215,10.0,0.0,46.0,9352.0,10.047421171500236,0.48843352145535496,0.8155941243203598
ID5572,5572,101,0.10364149510860443,1496.2580022516502,792.3210329334213,0.0,169.0,169,15.0,1,,9.895861148197596,10.0,0.0,22.0,7412.0,5.141562473138527,0.3618770391167576,1.0228491813246752
ID5573,5573,77,0.15031708776950836,2625.252926749451,1016.5994873493139,0.0,169.0,169,15.0,1,,10.967957276368491,10.0,0.0,28.0,8215.0,5.156019141600097,0.5341991956426128,1.4813671296802362
ID5574,5574,5,0.21911342442035675,2377.133268852393,1237.1116464625254,0.0,169.0,169,15.0,1,,12.890520694259012,10.0,0.0,39.0,9655.0,8.963012431142475,0.5855877752459001,1.0623024187811427
ID5575,5575,6,0.14394602179527283,394.3162961304654,1343.0489430555995,0.0,169.0,169,15.0,1,,14.02803738317757,14.0,6.0,23.0,10507.0,3.3432051000270078,0.47671739612624414,2.7091153612428123
ID5576,5576,9,0.1650838702917099,2346.313515115403,1538.236207449005,0.0,169.0,169,15.0,1,,10.89853137516689,9.0,0.0,30.0,8163.0,6.467554603259246,0.5416779983682349,1.1841463806594636
ID5577,5577,96,0.1357479989528656,718.9691314861824,1542.2127921458132,0.0,169.0,169,15.0,1,,9.668891855807743,9.0,0.0,27.0,7242.0,5.4121428610038445,0.49423217601710645,1.1818173960570784
ID5578,5578,11,0.17001324892044067,2703.4892500794117,1647.5721995646115,0.0,169.0,169,15.0,1,,10.64886515353805,9.0,0.0,29.0,7976.0,7.156076242350804,0.545171286893659,1.0500614365344028
ID5579,5579,13,0.22982704639434814,477.50039505164114,1728.3354834538763,0.0,169.0,169,15.0,1,,14.304405874499333,12.0,0.0,39.0,10714.0,9.20652781232478,0.5496703610619252,1.1022165901781749
ID5580,5580,80,0.113957479596138,2767.7613740049,1784.6160078789992,0.0,169.0,169,15.0,1,,7.596795727636849,6.0,0.0,26.0,5690.0,5.842659857538403,0.4214744384988603,0.7710490864886115
ID5581,5581,14,0.2164868712425232,2293.589977130535,1868.2061240015878,0.0,169.0,169,15.0,1,,12.583444592790388,10.0,0.0,40.0,9425.0,9.063946525746468,0.5773858779194619,1.0163432595569162
ID5582,5582,84,0.1284961700439453,2446.5151805243186,1891.4503620940934,0.0,169.0,169,15.0,1,,9.59279038718291,9.0,0.0,22.0,7185.0,4.69907276495999,0.5148428871600175,1.387617937847724
ID5583,5583,85,0.1803055852651596,374.80606585400625,1907.5225150016124,0.0,169.0,169,15.0,1,,10.80373831775701,8.0,0.0,34.0,8092.0,8.069065966918947,0.5353542915150726,0.9337131328582228
ID5584,5584,17,0.22979584336280823,662.745215467098,1939.1984812072815,0.0,169.0,169,15.0,1,,12.702269692923899,10.0,0.0,41.0,9514.0,9.92570032426771,0.5954895032732773,0.9552792082878943
ID5565,5565,24,0.17306187748908997,1072.4582744355087,17.85672484737013,0.0,169.0,169,15.0,1,,10.303070761014686,8.0,0.0,35.0,7717.0,7.94181741290068,0.6046263414989155,0.9776646822383227
ID5566,5566,59,0.16554045677185059,2889.8732708428793,23.024723510711386,0.0,169.0,169,15.0,1,,10.911882510013351,9.0,0.0,30.0,8173.0,7.044566329230372,0.5074906496569044,1.042914803644983
ID5567,5567,97,0.1059216782450676,922.3438500291817,204.49615637412964,0.0,169.0,169,15.0,1,,8.535380507343124,8.0,0.0,21.0,6393.0,4.030683189485935,0.4546969508053836,1.3238041299589687
ID5600,5600,80,0.12856626510620117,2767.6795726810788,1794.191837455734,0.0,170.0,170,15.0,1,,8.138851802403204,6.0,0.0,29.0,6096.0,6.997283603246693,0.3852039065452155,0.6469051894695499
ID5601,5601,14,0.23181091248989105,2296.4695081001573,1872.529738291806,0.0,170.0,170,15.0,1,,13.81041388518024,11.0,0.0,41.0,10344.0,9.176746272763195,0.6031966995992853,1.1324528060498762
ID5602,5602,84,0.1341746747493744,2454.5999255579286,1890.27607983182,0.0,170.0,170,15.0,1,,10.255006675567424,10.0,0.0,24.0,7681.0,4.711218509707661,0.5038663940255081,1.4586088170663125
ID5603,5603,85,0.15365825593471527,364.68102871504857,1909.3463803122675,0.0,170.0,170,15.0,1,,9.591455273698264,8.0,0.0,29.0,7184.0,6.914971097970286,0.5093740669254712,0.9361901748036503
ID5604,5604,17,0.1932903230190277,664.5911459569776,1936.1769095985496,0.0,170.0,170,15.0,1,,11.987983978638184,10.0,0.0,36.0,8979.0,8.213632519507941,0.5184026709522224,0.9966006187790639
ID5585,5585,59,0.15707413852214813,2892.953156466818,21.67216738789625,0.0,170.0,170,15.0,1,,10.38584779706275,9.0,0.0,30.0,7779.0,6.371675497485133,0.5397916956175751,1.1428323509014093
ID5586,5586,24,0.18063776195049286,1076.0197985168952,23.339227532464694,0.0,170.0,170,15.0,1,,10.83177570093458,9.0,0.0,33.0,8113.0,7.8837478989107455,0.5466479841198353,0.9712101146705205
ID5587,5587,97,0.10138711333274841,920.5365523111092,203.62650248087547,0.0,170.0,170,15.0,1,,8.632843791722296,8.0,0.0,19.0,6466.0,4.004014035859912,0.4180068387340193,1.2711398931066458
ID5588,5588,76,0.15320158004760742,2113.828571079363,373.0716617720374,0.0,170.0,170,15.0,1,,9.344459279038718,7.0,0.0,33.0,6999.0,7.691679780272758,0.43270933338792045,0.7338396085488829
ID5589,5589,21,0.2782796323299408,383.50914032809965,413.382295989374,0.0,170.0,170,15.0,1,,24.88384512683578,25.0,9.0,39.0,18638.0,5.24033290340881,0.5240989249615562,3.2657934986732062
ID5590,5590,86,0.16450469195842743,2829.4415623231703,463.5301398515308,0.0,170.0,170,15.0,1,,10.994659546061415,10.0,0.0,29.0,8235.0,6.275320755611444,0.5413769353194694,1.2307412179356
ID5591,5591,2,0.19328813254833221,2830.0524564921852,677.5859567435851,0.0,170.0,170,15.0,1,,11.811748998664887,9.0,0.0,37.0,8847.0,9.227114818443683,0.4582468446570846,0.8045382903054832
ID5592,5592,101,0.10497734695672989,1493.148741833484,791.8212305728473,0.0,170.0,170,15.0,1,,9.881174899866489,10.0,0.0,23.0,7401.0,5.529505756564738,0.34107731036172934,0.9089736264220928
ID5593,5593,77,0.1147264689207077,2628.537961907312,1012.8822069355272,0.0,170.0,170,15.0,1,,9.257676902536716,9.0,0.0,22.0,6934.0,4.067161493891483,0.4852850669886466,1.4873997733900424
ID5594,5594,5,0.1835445612668991,2375.79594757265,1238.548613797914,0.0,170.0,170,15.0,1,,11.464619492656876,10.0,0.0,33.0,8587.0,7.371203583413109,0.5602867807664678,1.1170103102667674
ID5595,5595,6,0.12049055844545364,394.8131660962496,1343.5499592545991,0.0,170.0,170,15.0,1,,12.177570093457945,12.0,2.0,22.0,9121.0,3.373255773798969,0.42934357697892234,2.1687510234069043
ID5596,5596,96,0.1378328651189804,716.7234781631051,1545.1147907530276,0.0,170.0,170,15.0,1,,10.0347129506008,9.0,0.0,27.0,7516.0,5.35442960498736,0.47375392760475277,1.2048960595933005
ID5597,5597,9,0.18720492720603943,2347.604998207019,1545.6353382632064,0.0,170.0,170,15.0,1,,11.74766355140187,10.0,0.0,34.0,8799.0,7.276923860437766,0.573609967903569,1.1769371093440062
ID5598,5598,11,0.1893886774778366,2709.0075713524348,1653.2798027875895,0.0,170.0,170,15.0,1,,12.181575433911883,10.0,0.0,34.0,9124.0,7.514629736822353,0.5445280453361548,1.1430107679891146
ID5599,5599,13,0.2495473474264145,479.20366561138485,1724.1219175027659,0.0,170.0,170,15.0,1,,15.086782376502002,12.0,0.0,44.0,11300.0,9.878361754016645,0.5704645523850688,1.1095381008578418
